netherquark@sohams-thinkpad:~/Soham/Large_code/sources/GPU/CLBlast/build$ ./clblast_tuner_xgemm --help
./clblast_tuner_xgemm_direct --help
./clblast_tuner_routine_xgemm --help
./clblast_sample_sgemm_c --help
* (1/4) Tuning main GEMM kernel (GEMMK == 0) for fixed set of parameters

* Options given/available:
    -platform 0 [=default]
    -device 0 [=default]
    -precision 32 (single) [=default]
    -threads 1 [=default]
    -m 1024 [=default]
    -n 1024 [=default]
    -k 1024 [=default]
    -alpha 2.00 [=default]
    -beta 2.00 [=default]
    -fraction 1.00 [=default]
    -runs 2 [=default]
    -max_l2_norm 0.00 [=default]

* Found 488 configuration(s)
* Parameters explored: GEMMK MWG NWG KWG MDIMC NDIMC MDIMA NDIMB KWI VWM VWN STRM STRN SA SB KREG 

|   ID | total |                                                                           param |      local      |      global     |       compiles |         time | GFLOPS |            status |
x------x-------x---------------------------------------------------------------------------------x-----------------x-----------------x----------------x--------------x--------x-------------------x
|  ref |     - |                                                                               - |       8       8 |    1024    1024 |             OK |     78.20 ms |      - |      reference OK |
x------x-------x---------------------------------------------------------------------------------x-----------------x-----------------x----------------x--------------x--------x-------------------x
|    1 |   488 |    0   16   16   32    8    8    8    8    2    1    1    0    0    0    0    1 |       8       8 |     512     512 |   OK    127 ms |     54.37 ms |   39.5 |     results match |
|    2 |   488 |    0   16   16   32    8    8    8    8    2    1    1    0    0    1    1    1 |       8       8 |     512     512 |   OK    239 ms |     20.99 ms |  102.3 |     results match |
|    3 |   488 |    0   16   16   32    8    8    8    8    2    1    2    0    0    0    0    1 |       8       8 |     512     512 |   OK    123 ms |     58.26 ms |   36.8 |     results match |
|    4 |   488 |    0   16   16   32    8    8    8    8    2    1    2    0    0    1    1    1 |       8       8 |     512     512 |   OK    202 ms |     18.48 ms |  116.1 |     results match |
|    5 |   488 |    0   16   16   32    8    8    8    8    2    2    1    0    0    0    0    1 |       8       8 |     512     512 |   OK    119 ms |     35.78 ms |   60.0 |     results match |
|    6 |   488 |    0   16   16   32    8    8    8    8    2    2    1    0    0    1    1    1 |       8       8 |     512     512 |   OK    190 ms |     17.82 ms |  120.5 |     results match |
|    7 |   488 |    0   16   16   32    8    8    8    8    2    2    2    0    0    0    0    1 |       8       8 |     512     512 |   OK    118 ms |     41.01 ms |   52.3 |     results match |
|    8 |   488 |    0   16   16   32    8    8    8    8    2    2    2    0    0    1    1    1 |       8       8 |     512     512 |   OK    158 ms |     19.05 ms |  112.7 |     results match |
|    9 |   488 |    0   16   16   32    8   16    8   16    2    1    1    0    0    0    0    1 |       8      16 |     512    1024 |   OK    117 ms |     55.01 ms |   39.0 |     results match |
|   10 |   488 |    0   16   16   32    8   16    8   16    2    1    1    0    0    1    1    1 |       8      16 |     512    1024 |   OK    185 ms |     19.11 ms |  112.3 |     results match |
|   11 |   488 |    0   16   16   32    8   16    8   16    2    2    1    0    0    0    0    1 |       8      16 |     512    1024 |   OK    112 ms |     67.23 ms |   31.9 |     results match |
|   12 |   488 |    0   16   16   32    8   16    8   16    2    2    1    0    0    1    1    1 |       8      16 |     512    1024 |   OK    152 ms |     19.88 ms |  108.0 |     results match |
|   13 |   488 |    0   16   16   32   16    8   16    8    2    1    1    0    0    0    0    1 |      16       8 |    1024     512 |   OK    114 ms |     59.91 ms |   35.8 |     results match |
|   14 |   488 |    0   16   16   32   16    8   16    8    2    1    1    0    0    1    1    1 |      16       8 |    1024     512 |   OK    193 ms |     20.56 ms |  104.4 |     results match |
|   15 |   488 |    0   16   16   32   16    8   16    8    2    1    2    0    0    0    0    1 |      16       8 |    1024     512 |   OK    117 ms |     74.77 ms |   28.7 |     results match |
|   16 |   488 |    0   16   16   32   16    8   16    8    2    1    2    0    0    1    1    1 |      16       8 |    1024     512 |   OK    149 ms |     19.80 ms |  108.4 |     results match |
|   17 |   488 |    0   16   16   32   16   16   16   16    2    1    1    0    0    0    0    1 |      16      16 |    1024    1024 |   OK    108 ms |     56.55 ms |   38.0 |     results match |
|   18 |   488 |    0   16   16   32   16   16   16   16    2    1    1    0    0    1    1    1 |      16      16 |    1024    1024 |   OK    145 ms |     20.44 ms |  105.0 |     results match |
|   19 |   488 |    0   16   32   32    8    8    8    8    2    1    1    0    0    0    0    1 |       8       8 |     512     256 |   OK    133 ms |     25.55 ms |   84.0 |     results match |
|   20 |   488 |    0   16   32   32    8    8    8    8    2    1    1    0    0    1    1    1 |       8       8 |     512     256 |   OK    172 ms |     12.27 ms |  174.9 |     results match |
|   21 |   488 |    0   16   32   32    8    8    8    8    2    1    2    0    0    0    0    1 |       8       8 |     512     256 |   OK    133 ms |     25.33 ms |   84.8 |     results match |
|   22 |   488 |    0   16   32   32    8    8    8    8    2    1    2    0    0    1    1    1 |       8       8 |     512     256 |   OK    226 ms |     11.89 ms |  180.5 |     results match |
|   23 |   488 |    0   16   32   32    8    8    8    8    2    1    4    0    0    0    0    1 |       8       8 |     512     256 |   OK    132 ms |     24.85 ms |   86.4 |     results match |
|   24 |   488 |    0   16   32   32    8    8    8    8    2    1    4    0    0    1    1    1 |       8       8 |     512     256 |   OK    202 ms |     11.94 ms |  179.8 |     results match |
|   25 |   488 |    0   16   32   32    8    8    8    8    2    2    1    0    0    0    0    1 |       8       8 |     512     256 |   OK    129 ms |     22.95 ms |   93.5 |     results match |
|   26 |   488 |    0   16   32   32    8    8    8    8    2    2    1    0    0    1    1    1 |       8       8 |     512     256 |   OK    159 ms |     12.15 ms |  176.6 |     results match |
|   27 |   488 |    0   16   32   32    8    8    8    8    2    2    2    0    0    0    0    1 |       8       8 |     512     256 |   OK    123 ms |     27.83 ms |   77.1 |     results match |
|   28 |   488 |    0   16   32   32    8    8    8    8    2    2    2    0    0    1    1    1 |       8       8 |     512     256 |   OK    186 ms |     11.68 ms |  183.8 |     results match |
|   29 |   488 |    0   16   32   32    8    8    8    8    2    2    4    0    0    0    0    1 |       8       8 |     512     256 |   OK    120 ms |     21.21 ms |  101.2 |     results match |
|   30 |   488 |    0   16   32   32    8    8    8    8    2    2    4    0    0    1    1    1 |       8       8 |     512     256 |   OK    166 ms |     11.71 ms |  183.3 |     results match |
|   31 |   488 |    0   16   32   32    8   16    8   16    2    1    1    0    0    0    0    1 |       8      16 |     512     512 |   OK    125 ms |     51.63 ms |   41.6 |     results match |
|   32 |   488 |    0   16   32   32    8   16    8   16    2    1    1    0    0    1    1    1 |       8      16 |     512     512 |   OK    234 ms |     11.67 ms |  183.9 |     results match |
|   33 |   488 |    0   16   32   32    8   16    8   16    2    1    2    0    0    0    0    1 |       8      16 |     512     512 |   OK    125 ms |     55.57 ms |   38.6 |     results match |
|   34 |   488 |    0   16   32   32    8   16    8   16    2    1    2    0    0    1    1    1 |       8      16 |     512     512 |   OK    189 ms |     11.64 ms |  184.5 |     results match |
|   35 |   488 |    0   16   32   32    8   16    8   16    2    2    1    0    0    0    0    1 |       8      16 |     512     512 |   OK    119 ms |     29.88 ms |   71.8 |     results match |
|   36 |   488 |    0   16   32   32    8   16    8   16    2    2    1    0    0    1    1    1 |       8      16 |     512     512 |   OK    186 ms |     11.03 ms |  194.6 |     results match |
|   37 |   488 |    0   16   32   32    8   16    8   16    2    2    2    0    0    0    0    1 |       8      16 |     512     512 |   OK    116 ms |     41.27 ms |   52.0 |     results match |
|   38 |   488 |    0   16   32   32    8   16    8   16    2    2    2    0    0    1    1    1 |       8      16 |     512     512 |   OK    150 ms |     11.46 ms |  187.2 |     results match |
|   39 |   488 |    0   16   32   32    8   32    8   32    2    1    1    0    0    0    0    1 |       8      32 |     512    1024 |   OK    119 ms |     58.94 ms |   36.4 |     results match |
|   40 |   488 |    0   16   32   32    8   32    8   32    2    1    1    0    0    1    1    1 |       8      32 |     512    1024 |   OK    187 ms |     13.03 ms |  164.7 |     results match |
|   41 |   488 |    0   16   32   32    8   32    8   32    2    2    1    0    0    0    0    1 |       8      32 |     512    1024 |   OK    113 ms |     47.65 ms |   45.0 |     results match |
|   42 |   488 |    0   16   32   32    8   32    8   32    2    2    1    0    0    1    1    1 |       8      32 |     512    1024 |   OK    145 ms |     12.30 ms |  174.4 |     results match |
|   43 |   488 |    0   16   32   32   16    8   16    8    2    1    1    0    0    0    0    1 |      16       8 |    1024     256 |   OK    124 ms |     40.63 ms |   52.8 |     results match |
|   44 |   488 |    0   16   32   32   16    8   16    8    2    1    1    0    0    1    1    1 |      16       8 |    1024     256 |   OK    276 ms |     15.12 ms |  142.0 |     results match |
|   45 |   488 |    0   16   32   32   16    8   16    8    2    1    2    0    0    0    0    1 |      16       8 |    1024     256 |   OK    120 ms |     38.88 ms |   55.2 |     results match |
|   46 |   488 |    0   16   32   32   16    8   16    8    2    1    2    0    0    1    1    1 |      16       8 |    1024     256 |   OK    181 ms |     12.23 ms |  175.5 |     results match |
|   47 |   488 |    0   16   32   32   16    8   16    8    2    1    4    0    0    0    0    1 |      16       8 |    1024     256 |   OK    119 ms |     30.89 ms |   69.5 |     results match |
|   48 |   488 |    0   16   32   32   16    8   16    8    2    1    4    0    0    1    1    1 |      16       8 |    1024     256 |   OK    156 ms |     11.72 ms |  183.2 |     results match |
|   49 |   488 |    0   16   32   32   16   16   16   16    2    1    1    0    0    0    0    1 |      16      16 |    1024     512 |   OK    115 ms |     43.06 ms |   49.8 |     results match |
|   50 |   488 |    0   16   32   32   16   16   16   16    2    1    1    0    0    1    1    1 |      16      16 |    1024     512 |   OK    180 ms |     13.08 ms |  164.1 |     results match |
|   51 |   488 |    0   16   32   32   16   16   16   16    2    1    2    0    0    0    0    1 |      16      16 |    1024     512 |   OK    112 ms |     46.79 ms |   45.9 |     results match |
|   52 |   488 |    0   16   32   32   16   16   16   16    2    1    2    0    0    1    1    1 |      16      16 |    1024     512 |   OK    145 ms |     12.01 ms |  178.7 |     results match |
|   53 |   488 |    0   16   64   32    8    8    8    8    2    1    1    0    0    0    0    1 |       8       8 |     512     128 |   OK    159 ms |     16.05 ms |  133.7 |     results match |
|   54 |   488 |    0   16   64   32    8    8    8    8    2    1    1    0    0    1    1    1 |       8       8 |     512     128 |   OK    223 ms |     11.04 ms |  194.4 |     results match |
|   55 |   488 |    0   16   64   32    8    8    8    8    2    1    2    0    0    0    0    1 |       8       8 |     512     128 |   OK    161 ms |     17.07 ms |  125.7 |     results match |
|   56 |   488 |    0   16   64   32    8    8    8    8    2    1    2    0    0    1    1    1 |       8       8 |     512     128 |   OK    191 ms |      9.92 ms |  216.5 |     results match |
|   57 |   488 |    0   16   64   32    8    8    8    8    2    1    4    0    0    0    0    1 |       8       8 |     512     128 |   OK    154 ms |     13.62 ms |  157.6 |     results match |
|   58 |   488 |    0   16   64   32    8    8    8    8    2    1    4    0    0    1    1    1 |       8       8 |     512     128 |   OK    187 ms |      9.37 ms |  229.0 |     results match |
|   59 |   488 |    0   16   64   32    8    8    8    8    2    2    1    0    0    0    0    1 |       8       8 |     512     128 |   OK    152 ms |     16.77 ms |  128.0 |     results match |
|   60 |   488 |    0   16   64   32    8    8    8    8    2    2    1    0    0    1    1    1 |       8       8 |     512     128 |   OK    196 ms |     10.40 ms |  206.4 |     results match |
|   61 |   488 |    0   16   64   32    8    8    8    8    2    2    2    0    0    0    0    1 |       8       8 |     512     128 |   OK    141 ms |     16.21 ms |  132.4 |     results match |
|   62 |   488 |    0   16   64   32    8    8    8    8    2    2    2    0    0    1    1    1 |       8       8 |     512     128 |   OK    170 ms |     10.26 ms |  209.3 |     results match |
|   63 |   488 |    0   16   64   32    8    8    8    8    2    2    4    0    0    0    0    1 |       8       8 |     512     128 |   OK    139 ms |      9.49 ms |  226.1 |     results match |
|   64 |   488 |    0   16   64   32    8    8    8    8    2    2    4    0    0    1    1    1 |       8       8 |     512     128 |   OK    161 ms |      8.68 ms |  247.4 |     results match |
|   65 |   488 |    0   16   64   32    8   16    8   16    2    1    1    0    0    0    0    1 |       8      16 |     512     256 |   OK    131 ms |     30.62 ms |   70.1 |     results match |
|   66 |   488 |    0   16   64   32    8   16    8   16    2    1    1    0    0    1    1    1 |       8      16 |     512     256 |   OK    167 ms |     10.03 ms |  213.9 |     results match |
|   67 |   488 |    0   16   64   32    8   16    8   16    2    1    2    0    0    0    0    1 |       8      16 |     512     256 |   OK    134 ms |     22.26 ms |   96.4 |     results match |
|   68 |   488 |    0   16   64   32    8   16    8   16    2    1    2    0    0    1    1    1 |       8      16 |     512     256 |   OK    223 ms |     10.29 ms |  208.6 |     results match |
|   69 |   488 |    0   16   64   32    8   16    8   16    2    1    4    0    0    0    0    1 |       8      16 |     512     256 |   OK    128 ms |     24.27 ms |   88.4 |     results match |
|   70 |   488 |    0   16   64   32    8   16    8   16    2    1    4    0    0    1    1    1 |       8      16 |     512     256 |   OK    194 ms |      9.67 ms |  222.0 |     results match |
|   71 |   488 |    0   16   64   32    8   16    8   16    2    2    1    0    0    0    0    1 |       8      16 |     512     256 |   OK    134 ms |     26.10 ms |   82.2 |     results match |
|   72 |   488 |    0   16   64   32    8   16    8   16    2    2    1    0    0    1    1    1 |       8      16 |     512     256 |   OK    155 ms |      9.87 ms |  217.5 |     results match |
|   73 |   488 |    0   16   64   32    8   16    8   16    2    2    2    0    0    0    0    1 |       8      16 |     512     256 |   OK    126 ms |     20.50 ms |  104.7 |     results match |
|   74 |   488 |    0   16   64   32    8   16    8   16    2    2    2    0    0    1    1    1 |       8      16 |     512     256 |   OK    186 ms |      9.54 ms |  224.9 |     results match |
|   75 |   488 |    0   16   64   32    8   16    8   16    2    2    4    0    0    0    0    1 |       8      16 |     512     256 |   OK    120 ms |     23.39 ms |   91.7 |     results match |
|   76 |   488 |    0   16   64   32    8   16    8   16    2    2    4    0    0    1    1    1 |       8      16 |     512     256 |   OK    163 ms |      9.51 ms |  225.7 |     results match |
|   77 |   488 |    0   16   64   32    8   32    8   32    2    1    1    0    0    0    0    1 |       8      32 |     512     512 |   OK    123 ms |     43.17 ms |   49.7 |     results match |
|   78 |   488 |    0   16   64   32    8   32    8   32    2    1    1    0    0    1    1    1 |       8      32 |     512     512 |   OK    230 ms |     11.02 ms |  194.8 |     results match |
|   79 |   488 |    0   16   64   32    8   32    8   32    2    1    2    0    0    0    0    1 |       8      32 |     512     512 |   OK    130 ms |     47.27 ms |   45.4 |     results match |
|   80 |   488 |    0   16   64   32    8   32    8   32    2    1    2    0    0    1    1    1 |       8      32 |     512     512 |   OK    189 ms |      9.34 ms |  229.9 |     results match |
|   81 |   488 |    0   16   64   32    8   32    8   32    2    2    1    0    0    0    0    1 |       8      32 |     512     512 |   OK    118 ms |     34.98 ms |   61.4 |     results match |
|   82 |   488 |    0   16   64   32    8   32    8   32    2    2    1    0    0    1    1    1 |       8      32 |     512     512 |   OK    183 ms |     10.08 ms |  213.0 |     results match |
|   83 |   488 |    0   16   64   32    8   32    8   32    2    2    2    0    0    0    0    1 |       8      32 |     512     512 |   OK    118 ms |     39.43 ms |   54.4 |     results match |
|   84 |   488 |    0   16   64   32    8   32    8   32    2    2    2    0    0    1    1    1 |       8      32 |     512     512 |   OK    154 ms |      9.67 ms |  222.0 |     results match |
|   85 |   488 |    0   16   64   32   16    8   16    8    2    1    1    0    0    0    0    1 |      16       8 |    1024     128 |   OK    139 ms |     24.15 ms |   88.9 |     results match |
|   86 |   488 |    0   16   64   32   16    8   16    8    2    1    1    0    0    1    1    1 |      16       8 |    1024     128 |   OK    164 ms |     10.44 ms |  205.6 |     results match |
|   87 |   488 |    0   16   64   32   16    8   16    8    2    1    2    0    0    0    0    1 |      16       8 |    1024     128 |   OK    134 ms |     26.78 ms |   80.2 |     results match |
|   88 |   488 |    0   16   64   32   16    8   16    8    2    1    2    0    0    1    1    1 |      16       8 |    1024     128 |   OK    156 ms |      9.78 ms |  219.5 |     results match |
|   89 |   488 |    0   16   64   32   16    8   16    8    2    1    4    0    0    0    0    1 |      16       8 |    1024     128 |   OK    132 ms |     25.63 ms |   83.7 |     results match |
|   90 |   488 |    0   16   64   32   16    8   16    8    2    1    4    0    0    1    1    1 |      16       8 |    1024     128 |   OK    197 ms |      9.46 ms |  226.9 |     results match |
|   91 |   488 |    0   16   64   32   16   16   16   16    2    1    1    0    0    0    0    1 |      16      16 |    1024     256 |   OK    127 ms |     31.70 ms |   67.7 |     results match |
|   92 |   488 |    0   16   64   32   16   16   16   16    2    1    1    0    0    1    1    1 |      16      16 |    1024     256 |   OK    281 ms |     11.59 ms |  185.2 |     results match |
|   93 |   488 |    0   16   64   32   16   16   16   16    2    1    2    0    0    0    0    1 |      16      16 |    1024     256 |   OK    123 ms |     36.42 ms |   58.9 |     results match |
|   94 |   488 |    0   16   64   32   16   16   16   16    2    1    2    0    0    1    1    1 |      16      16 |    1024     256 |   OK    186 ms |     10.10 ms |  212.5 |     results match |
|   95 |   488 |    0   16   64   32   16   16   16   16    2    1    4    0    0    0    0    1 |      16      16 |    1024     256 |   OK    121 ms |     32.92 ms |   65.2 |     results match |
|   96 |   488 |    0   16   64   32   16   16   16   16    2    1    4    0    0    1    1    1 |      16      16 |    1024     256 |   OK    153 ms |      9.86 ms |  217.7 |     results match |
|   97 |   488 |    0   32   16   32    8    8    8    8    2    1    1    0    0    0    0    1 |       8       8 |     256     512 |   OK    131 ms |     27.37 ms |   78.4 |     results match |
|   98 |   488 |    0   32   16   32    8    8    8    8    2    1    1    0    0    1    1    1 |       8       8 |     256     512 |   OK    171 ms |     13.46 ms |  159.5 |     results match |
|   99 |   488 |    0   32   16   32    8    8    8    8    2    1    2    0    0    0    0    1 |       8       8 |     256     512 |   OK    141 ms |     30.31 ms |   70.8 |     results match |
|  100 |   488 |    0   32   16   32    8    8    8    8    2    1    2    0    0    1    1    1 |       8       8 |     256     512 |   OK    168 ms |     13.22 ms |  162.4 |     results match |
|  101 |   488 |    0   32   16   32    8    8    8    8    2    2    1    0    0    0    0    1 |       8       8 |     256     512 |   OK    135 ms |     21.93 ms |   97.9 |     results match |
|  102 |   488 |    0   32   16   32    8    8    8    8    2    2    1    0    0    1    1    1 |       8       8 |     256     512 |   OK    227 ms |     12.10 ms |  177.4 |     results match |
|  103 |   488 |    0   32   16   32    8    8    8    8    2    2    2    0    0    0    0    1 |       8       8 |     256     512 |   OK    124 ms |     20.79 ms |  103.3 |     results match |
|  104 |   488 |    0   32   16   32    8    8    8    8    2    2    2    0    0    1    1    1 |       8       8 |     256     512 |   OK    195 ms |     12.00 ms |  178.9 |     results match |
|  105 |   488 |    0   32   16   32    8    8    8    8    2    4    1    0    0    0    0    1 |       8       8 |     256     512 |   OK    122 ms |     19.88 ms |  108.0 |     results match |
|  106 |   488 |    0   32   16   32    8    8    8    8    2    4    1    0    0    1    1    1 |       8       8 |     256     512 |   OK    196 ms |     11.85 ms |  181.1 |     results match |
|  107 |   488 |    0   32   16   32    8    8    8    8    2    4    2    0    0    0    0    1 |       8       8 |     256     512 |   OK    119 ms |     19.69 ms |  109.0 |     results match |
|  108 |   488 |    0   32   16   32    8    8    8    8    2    4    2    0    0    1    1    1 |       8       8 |     256     512 |   OK    167 ms |     11.73 ms |  183.1 |     results match |
|  109 |   488 |    0   32   16   32    8   16    8   16    2    1    1    0    0    0    0    1 |       8      16 |     256    1024 |   OK    124 ms |     58.54 ms |   36.7 |     results match |
|  110 |   488 |    0   32   16   32    8   16    8   16    2    1    1    0    0    1    1    1 |       8      16 |     256    1024 |   OK    272 ms |     15.31 ms |  140.2 |     results match |
|  111 |   488 |    0   32   16   32    8   16    8   16    2    2    1    0    0    0    0    1 |       8      16 |     256    1024 |   OK    117 ms |     36.74 ms |   58.4 |     results match |
|  112 |   488 |    0   32   16   32    8   16    8   16    2    2    1    0    0    1    1    1 |       8      16 |     256    1024 |   OK    182 ms |     13.37 ms |  160.6 |     results match |
|  113 |   488 |    0   32   16   32    8   16    8   16    2    4    1    0    0    0    0    1 |       8      16 |     256    1024 |   OK    116 ms |     30.30 ms |   70.8 |     results match |
|  114 |   488 |    0   32   16   32    8   16    8   16    2    4    1    0    0    1    1    1 |       8      16 |     256    1024 |   OK    154 ms |     11.59 ms |  185.2 |     results match |
|  115 |   488 |    0   32   16   32   16    8   16    8    2    1    1    0    0    0    0    1 |      16       8 |     512     512 |   OK    125 ms |     50.64 ms |   42.4 |     results match |
|  116 |   488 |    0   32   16   32   16    8   16    8    2    1    1    0    0    1    1    1 |      16       8 |     512     512 |   OK    237 ms |     13.08 ms |  164.1 |     results match |
|  117 |   488 |    0   32   16   32   16    8   16    8    2    1    2    0    0    0    0    1 |      16       8 |     512     512 |   OK    122 ms |     54.87 ms |   39.1 |     results match |
|  118 |   488 |    0   32   16   32   16    8   16    8    2    1    2    0    0    1    1    1 |      16       8 |     512     512 |   OK    191 ms |     11.94 ms |  179.8 |     results match |
|  119 |   488 |    0   32   16   32   16    8   16    8    2    2    1    0    0    0    0    1 |      16       8 |     512     512 |   OK    120 ms |     47.28 ms |   45.4 |     results match |
|  120 |   488 |    0   32   16   32   16    8   16    8    2    2    1    0    0    1    1    1 |      16       8 |     512     512 |   OK    189 ms |     11.65 ms |  184.3 |     results match |
|  121 |   488 |    0   32   16   32   16    8   16    8    2    2    2    0    0    0    0    1 |      16       8 |     512     512 |   OK    121 ms |     44.03 ms |   48.7 |     results match |
|  122 |   488 |    0   32   16   32   16    8   16    8    2    2    2    0    0    1    1    1 |      16       8 |     512     512 |   OK    158 ms |     11.80 ms |  181.9 |     results match |
|  123 |   488 |    0   32   16   32   16   16   16   16    2    1    1    0    0    0    0    1 |      16      16 |     512    1024 |   OK    119 ms |     58.38 ms |   36.8 |     results match |
|  124 |   488 |    0   32   16   32   16   16   16   16    2    1    1    0    0    1    1    1 |      16      16 |     512    1024 |   OK    186 ms |     15.01 ms |  143.0 |     results match |
|  125 |   488 |    0   32   16   32   16   16   16   16    2    2    1    0    0    0    0    1 |      16      16 |     512    1024 |   OK    110 ms |     43.42 ms |   49.4 |     results match |
|  126 |   488 |    0   32   16   32   16   16   16   16    2    2    1    0    0    1    1    1 |      16      16 |     512    1024 |   OK    144 ms |     12.16 ms |  176.5 |     results match |
|  127 |   488 |    0   32   16   32   32    8   32    8    2    1    1    0    0    0    0    1 |      32       8 |    1024     512 |   OK    116 ms |     41.38 ms |   51.9 |     results match |
|  128 |   488 |    0   32   16   32   32    8   32    8    2    1    1    0    0    1    1    1 |      32       8 |    1024     512 |   OK    185 ms |     14.06 ms |  152.7 |     results match |
|  129 |   488 |    0   32   16   32   32    8   32    8    2    1    2    0    0    0    0    1 |      32       8 |    1024     512 |   OK    114 ms |     46.17 ms |   46.5 |     results match |
|  130 |   488 |    0   32   16   32   32    8   32    8    2    1    2    0    0    1    1    1 |      32       8 |    1024     512 |   OK    154 ms |     12.35 ms |  173.8 |     results match |
|  131 |   488 |    0   32   32   32    8    8    8    8    2    1    1    0    0    0    0    1 |       8       8 |     256     256 |   OK    156 ms |     15.43 ms |  139.1 |     results match |
|  132 |   488 |    0   32   32   32    8    8    8    8    2    1    1    0    0    1    1    1 |       8       8 |     256     256 |   OK    190 ms |      8.55 ms |  251.0 |     results match |
|  133 |   488 |    0   32   32   32    8    8    8    8    2    1    2    0    0    0    0    1 |       8       8 |     256     256 |   OK    152 ms |     12.09 ms |  177.5 |     results match |
|  134 |   488 |    0   32   32   32    8    8    8    8    2    1    2    0    0    1    1    1 |       8       8 |     256     256 |   OK    180 ms |      8.68 ms |  247.2 |     results match |
|  135 |   488 |    0   32   32   32    8    8    8    8    2    1    4    0    0    0    0    1 |       8       8 |     256     256 |   OK    148 ms |     13.75 ms |  156.1 |     results match |
|  136 |   488 |    0   32   32   32    8    8    8    8    2    1    4    0    0    1    1    1 |       8       8 |     256     256 |   OK    175 ms |      8.55 ms |  251.0 |     results match |
|  137 |   488 |    0   32   32   32    8    8    8    8    2    2    1    0    0    0    0    1 |       8       8 |     256     256 |   OK    138 ms |     11.94 ms |  179.8 |     results match |
|  138 |   488 |    0   32   32   32    8    8    8    8    2    2    1    0    0    1    1    1 |       8       8 |     256     256 |   OK    173 ms |      8.26 ms |  259.8 |     results match |
|  139 |   488 |    0   32   32   32    8    8    8    8    2    2    2    0    0    0    0    1 |       8       8 |     256     256 |   OK    135 ms |     11.39 ms |  188.4 |     results match |
|  140 |   488 |    0   32   32   32    8    8    8    8    2    2    2    0    0    1    1    1 |       8       8 |     256     256 |   OK    164 ms |      7.92 ms |  271.0 |     results match |
|  141 |   488 |    0   32   32   32    8    8    8    8    2    2    4    0    0    0    0    1 |       8       8 |     256     256 |   OK    138 ms |      8.45 ms |  253.9 |     results match |
|  142 |   488 |    0   32   32   32    8    8    8    8    2    2    4    0    0    1    1    1 |       8       8 |     256     256 |   OK    212 ms |      7.86 ms |  272.9 |     results match |
|  143 |   488 |    0   32   32   32    8    8    8    8    2    4    1    0    0    0    0    1 |       8       8 |     256     256 |   OK    127 ms |     10.84 ms |  198.0 |     results match |
|  144 |   488 |    0   32   32   32    8    8    8    8    2    4    1    0    0    1    1    1 |       8       8 |     256     256 |   OK    158 ms |      8.07 ms |  265.9 |     results match |
|  145 |   488 |    0   32   32   32    8    8    8    8    2    4    2    0    0    0    0    1 |       8       8 |     256     256 |   OK    133 ms |      9.44 ms |  227.4 |     results match |
|  146 |   488 |    0   32   32   32    8    8    8    8    2    4    2    0    0    1    1    1 |       8       8 |     256     256 |   OK    203 ms |      7.91 ms |  271.3 |     results match |
|  147 |   488 |    0   32   32   32    8    8    8    8    2    4    4    0    0    0    0    1 |       8       8 |     256     256 |   OK    126 ms |      8.34 ms |  257.4 |     results match |
|  148 |   488 |    0   32   32   32    8    8    8    8    2    4    4    0    0    1    1    1 |       8       8 |     256     256 |   OK    181 ms |      7.95 ms |  269.9 |     results match |
|  149 |   488 |    0   32   32   32    8   16    8   16    2    1    1    0    0    0    0    1 |       8      16 |     256     512 |   OK    134 ms |     31.67 ms |   67.8 |     results match |
|  150 |   488 |    0   32   32   32    8   16    8   16    2    1    1    0    0    1    1    1 |       8      16 |     256     512 |   OK    163 ms |      8.75 ms |  245.4 |     results match |
|  151 |   488 |    0   32   32   32    8   16    8   16    2    1    2    0    0    0    0    1 |       8      16 |     256     512 |   OK    135 ms |     33.15 ms |   64.8 |     results match |
|  152 |   488 |    0   32   32   32    8   16    8   16    2    1    2    0    0    1    1    1 |       8      16 |     256     512 |   OK    267 ms |      9.04 ms |  237.4 |     results match |
|  153 |   488 |    0   32   32   32    8   16    8   16    2    2    1    0    0    0    0    1 |       8      16 |     256     512 |   OK    130 ms |     21.47 ms |  100.0 |     results match |
|  154 |   488 |    0   32   32   32    8   16    8   16    2    2    1    0    0    1    1    1 |       8      16 |     256     512 |   OK    216 ms |      9.96 ms |  215.5 |     results match |
|  155 |   488 |    0   32   32   32    8   16    8   16    2    2    2    0    0    0    0    1 |       8      16 |     256     512 |   OK    126 ms |     19.69 ms |  109.0 |     results match |
|  156 |   488 |    0   32   32   32    8   16    8   16    2    2    2    0    0    1    1    1 |       8      16 |     256     512 |   OK    182 ms |      8.29 ms |  259.0 |     results match |
|  157 |   488 |    0   32   32   32    8   16    8   16    2    4    1    0    0    0    0    1 |       8      16 |     256     512 |   OK    119 ms |     19.38 ms |  110.8 |     results match |
|  158 |   488 |    0   32   32   32    8   16    8   16    2    4    1    0    0    1    1    1 |       8      16 |     256     512 |   OK    187 ms |      7.70 ms |  278.9 |     results match |
|  159 |   488 |    0   32   32   32    8   16    8   16    2    4    2    0    0    0    0    1 |       8      16 |     256     512 |   OK    124 ms |     21.09 ms |  101.8 |     results match |
|  160 |   488 |    0   32   32   32    8   16    8   16    2    4    2    0    0    1    1    1 |       8      16 |     256     512 |   OK    158 ms |      7.74 ms |  277.3 |     results match |
|  161 |   488 |    0   32   32   32    8   32    8   32    2    1    1    0    0    0    0    1 |       8      32 |     256    1024 |   OK    128 ms |     48.50 ms |   44.3 |     results match |
|  162 |   488 |    0   32   32   32    8   32    8   32    2    1    1    0    0    1    1    1 |       8      32 |     256    1024 |   OK    268 ms |     13.97 ms |  153.7 |     results match |
|  163 |   488 |    0   32   32   32    8   32    8   32    2    2    1    0    0    0    0    1 |       8      32 |     256    1024 |   OK    118 ms |     33.25 ms |   64.6 |     results match |
|  164 |   488 |    0   32   32   32    8   32    8   32    2    2    1    0    0    1    1    1 |       8      32 |     256    1024 |   OK    177 ms |     13.02 ms |  164.9 |     results match |
|  165 |   488 |    0   32   32   32    8   32    8   32    2    4    1    0    0    0    0    1 |       8      32 |     256    1024 |   OK    113 ms |     28.88 ms |   74.3 |     results match |
|  166 |   488 |    0   32   32   32    8   32    8   32    2    4    1    0    0    1    1    1 |       8      32 |     256    1024 |   OK    148 ms |      8.49 ms |  252.8 |     results match |
|  167 |   488 |    0   32   32   32   16    8   16    8    2    1    1    0    0    0    0    1 |      16       8 |     512     256 |   OK    133 ms |     29.99 ms |   71.6 |     results match |
|  168 |   488 |    0   32   32   32   16    8   16    8    2    1    1    0    0    1    1    1 |      16       8 |     512     256 |   OK    161 ms |      8.32 ms |  258.0 |     results match |
|  169 |   488 |    0   32   32   32   16    8   16    8    2    1    2    0    0    0    0    1 |      16       8 |     512     256 |   OK    134 ms |     20.99 ms |  102.2 |     results match |
|  170 |   488 |    0   32   32   32   16    8   16    8    2    1    2    0    0    1    1    1 |      16       8 |     512     256 |   OK    221 ms |      8.69 ms |  246.9 |     results match |
|  171 |   488 |    0   32   32   32   16    8   16    8    2    1    4    0    0    0    0    1 |      16       8 |     512     256 |   OK    129 ms |     24.22 ms |   88.6 |     results match |
|  172 |   488 |    0   32   32   32   16    8   16    8    2    1    4    0    0    1    1    1 |      16       8 |     512     256 |   OK    204 ms |      7.98 ms |  268.9 |     results match |
|  173 |   488 |    0   32   32   32   16    8   16    8    2    2    1    0    0    0    0    1 |      16       8 |     512     256 |   OK    131 ms |     26.58 ms |   80.8 |     results match |
|  174 |   488 |    0   32   32   32   16    8   16    8    2    2    1    0    0    1    1    1 |      16       8 |     512     256 |   OK    264 ms |      8.51 ms |  252.2 |     results match |
|  175 |   488 |    0   32   32   32   16    8   16    8    2    2    2    0    0    0    0    1 |      16       8 |     512     256 |   OK    125 ms |     21.86 ms |   98.2 |     results match |
|  176 |   488 |    0   32   32   32   16    8   16    8    2    2    2    0    0    1    1    1 |      16       8 |     512     256 |   OK    193 ms |      8.14 ms |  263.7 |     results match |
|  177 |   488 |    0   32   32   32   16    8   16    8    2    2    4    0    0    0    0    1 |      16       8 |     512     256 |   OK    122 ms |     22.55 ms |   95.2 |     results match |
|  178 |   488 |    0   32   32   32   16    8   16    8    2    2    4    0    0    1    1    1 |      16       8 |     512     256 |   OK    163 ms |      7.86 ms |  273.0 |     results match |
|  179 |   488 |    0   32   32   32   16   16   16   16    2    1    1    0    0    0    0    1 |      16      16 |     512     512 |   OK    123 ms |     38.28 ms |   56.1 |     results match |
|  180 |   488 |    0   32   32   32   16   16   16   16    2    1    1    0    0    1    1    1 |      16      16 |     512     512 |   OK    229 ms |      9.98 ms |  215.1 |     results match |
|  181 |   488 |    0   32   32   32   16   16   16   16    2    1    2    0    0    0    0    1 |      16      16 |     512     512 |   OK    121 ms |     43.30 ms |   49.6 |     results match |
|  182 |   488 |    0   32   32   32   16   16   16   16    2    1    2    0    0    1    1    1 |      16      16 |     512     512 |   OK    184 ms |      9.71 ms |  221.0 |     results match |
|  183 |   488 |    0   32   32   32   16   16   16   16    2    2    1    0    0    0    0    1 |      16      16 |     512     512 |   OK    118 ms |     30.20 ms |   71.1 |     results match |
|  184 |   488 |    0   32   32   32   16   16   16   16    2    2    1    0    0    1    1    1 |      16      16 |     512     512 |   OK    181 ms |      8.67 ms |  247.7 |     results match |
|  185 |   488 |    0   32   32   32   16   16   16   16    2    2    2    0    0    0    0    1 |      16      16 |     512     512 |   OK    119 ms |     36.71 ms |   58.5 |     results match |
|  186 |   488 |    0   32   32   32   16   16   16   16    2    2    2    0    0    1    1    1 |      16      16 |     512     512 |   OK    149 ms |      7.79 ms |  275.5 |     results match |
|  187 |   488 |    0   32   32   32   32    8   32    8    2    1    1    0    0    0    0    1 |      32       8 |    1024     256 |   OK    126 ms |     30.46 ms |   70.5 |     results match |
|  188 |   488 |    0   32   32   32   32    8   32    8    2    1    1    0    0    1    1    1 |      32       8 |    1024     256 |   OK    286 ms |     10.54 ms |  203.7 |     results match |
|  189 |   488 |    0   32   32   32   32    8   32    8    2    1    2    0    0    0    0    1 |      32       8 |    1024     256 |   OK    122 ms |     34.21 ms |   62.7 |     results match |
|  190 |   488 |    0   32   32   32   32    8   32    8    2    1    2    0    0    1    1    1 |      32       8 |    1024     256 |   OK    189 ms |      9.27 ms |  231.5 |     results match |
|  191 |   488 |    0   32   32   32   32    8   32    8    2    1    4    0    0    0    0    1 |      32       8 |    1024     256 |   OK    120 ms |     29.73 ms |   72.2 |     results match |
|  192 |   488 |    0   32   32   32   32    8   32    8    2    1    4    0    0    1    1    1 |      32       8 |    1024     256 |   OK    153 ms |      8.57 ms |  250.5 |     results match |
|  193 |   488 |    0   32   64   32    8    8    8    8    2    1    1    0    0    0    0    1 |       8       8 |     256     128 |   OK    198 ms |     10.70 ms |  200.5 |     results match |
|  194 |   488 |    0   32   64   32    8    8    8    8    2    1    1    0    0    1    1    1 |       8       8 |     256     128 |   OK    244 ms |      7.22 ms |  297.4 |     results match |
|  195 |   488 |    0   32   64   32    8    8    8    8    2    1    2    0    0    0    0    1 |       8       8 |     256     128 |   OK    191 ms |      9.41 ms |  228.1 |     results match |
|  196 |   488 |    0   32   64   32    8    8    8    8    2    1    2    0    0    1    1    1 |       8       8 |     256     128 |   OK    225 ms |      6.73 ms |  319.1 |     results match |
|  197 |   488 |    0   32   64   32    8    8    8    8    2    1    4    0    0    0    0    1 |       8       8 |     256     128 |   OK    185 ms |      8.69 ms |  247.1 |     results match |
|  198 |   488 |    0   32   64   32    8    8    8    8    2    1    4    0    0    1    1    1 |       8       8 |     256     128 |   OK    217 ms |      6.24 ms |  344.0 |     results match |
|  199 |   488 |    0   32   64   32    8    8    8    8    2    2    1    0    0    0    0    1 |       8       8 |     256     128 |   OK    168 ms |      9.44 ms |  227.3 |     results match |
|  200 |   488 |    0   32   64   32    8    8    8    8    2    2    1    0    0    1    1    1 |       8       8 |     256     128 |   OK    214 ms |      6.91 ms |  310.6 |     results match |
|  201 |   488 |    0   32   64   32    8    8    8    8    2    2    2    0    0    0    0    1 |       8       8 |     256     128 |   OK    160 ms |      7.33 ms |  292.9 |     results match |
|  202 |   488 |    0   32   64   32    8    8    8    8    2    2    2    0    0    1    1    1 |       8       8 |     256     128 |   OK    193 ms |      6.32 ms |  339.6 |     results match |
|  203 |   488 |    0   32   64   32    8    8    8    8    2    2    4    0    0    0    0    1 |       8       8 |     256     128 |   OK    161 ms |      5.62 ms |  382.1 |     results match |
|  204 |   488 |    0   32   64   32    8    8    8    8    2    2    4    0    0    1    1    1 |       8       8 |     256     128 |   OK    179 ms |      6.18 ms |  347.5 |     results match |
|  205 |   488 |    0   32   64   32    8    8    8    8    2    4    1    0    0    0    0    1 |       8       8 |     256     128 |   OK    150 ms |      8.94 ms |  240.2 |     results match |
|  206 |   488 |    0   32   64   32    8    8    8    8    2    4    1    0    0    1    1    1 |       8       8 |     256     128 |   OK    191 ms |      6.97 ms |  308.2 |     results match |
|  207 |   488 |    0   32   64   32    8    8    8    8    2    4    2    0    0    0    0    1 |       8       8 |     256     128 |   OK    142 ms |      7.44 ms |  288.6 |     results match |
|  208 |   488 |    0   32   64   32    8    8    8    8    2    4    2    0    0    1    1    1 |       8       8 |     256     128 |   OK    168 ms |      6.45 ms |  332.6 |     results match |
|  209 |   488 |    0   32   64   32    8    8    8    8    2    4    4    0    0    0    0    1 |       8       8 |     256     128 |   OK    138 ms |      5.65 ms |  380.0 |     results match |
|  210 |   488 |    0   32   64   32    8    8    8    8    2    4    4    0    0    1    1    1 |       8       8 |     256     128 |   OK    159 ms |      5.89 ms |  364.3 |     results match |
|  211 |   488 |    0   32   64   32    8   16    8   16    2    1    1    0    0    0    0    1 |       8      16 |     256     256 |   OK    155 ms |     14.10 ms |  152.2 |     results match |
|  212 |   488 |    0   32   64   32    8   16    8   16    2    1    1    0    0    1    1    1 |       8      16 |     256     256 |   OK    181 ms |      6.70 ms |  320.4 |     results match |
|  213 |   488 |    0   32   64   32    8   16    8   16    2    1    2    0    0    0    0    1 |       8      16 |     256     256 |   OK    156 ms |     11.96 ms |  179.5 |     results match |
|  214 |   488 |    0   32   64   32    8   16    8   16    2    1    2    0    0    1    1    1 |       8      16 |     256     256 |   OK    170 ms |      6.52 ms |  329.3 |     results match |
|  215 |   488 |    0   32   64   32    8   16    8   16    2    1    4    0    0    0    0    1 |       8      16 |     256     256 |   OK    147 ms |     10.93 ms |  196.3 |     results match |
|  216 |   488 |    0   32   64   32    8   16    8   16    2    1    4    0    0    1    1    1 |       8      16 |     256     256 |   OK    168 ms |      6.59 ms |  325.5 |     results match |
|  217 |   488 |    0   32   64   32    8   16    8   16    2    2    1    0    0    0    0    1 |       8      16 |     256     256 |   OK    137 ms |     10.97 ms |  195.7 |     results match |
|  218 |   488 |    0   32   64   32    8   16    8   16    2    2    1    0    0    1    1    1 |       8      16 |     256     256 |   OK    167 ms |      6.51 ms |  329.8 |     results match |
|  219 |   488 |    0   32   64   32    8   16    8   16    2    2    2    0    0    0    0    1 |       8      16 |     256     256 |   OK    136 ms |     12.21 ms |  175.7 |     results match |
|  220 |   488 |    0   32   64   32    8   16    8   16    2    2    2    0    0    1    1    1 |       8      16 |     256     256 |   OK    154 ms |      6.61 ms |  325.0 |     results match |
|  221 |   488 |    0   32   64   32    8   16    8   16    2    2    4    0    0    0    0    1 |       8      16 |     256     256 |   OK    138 ms |      9.33 ms |  230.1 |     results match |
|  222 |   488 |    0   32   64   32    8   16    8   16    2    2    4    0    0    1    1    1 |       8      16 |     256     256 |   OK    149 ms |      6.41 ms |  334.8 |     results match |
|  223 |   488 |    0   32   64   32    8   16    8   16    2    4    1    0    0    0    0    1 |       8      16 |     256     256 |   OK    128 ms |     10.30 ms |  208.4 |     results match |
|  224 |   488 |    0   32   64   32    8   16    8   16    2    4    1    0    0    1    1    1 |       8      16 |     256     256 |   OK    162 ms |      6.31 ms |  340.4 |     results match |
|  225 |   488 |    0   32   64   32    8   16    8   16    2    4    2    0    0    0    0    1 |       8      16 |     256     256 |   OK    131 ms |      9.74 ms |  220.4 |     results match |
|  226 |   488 |    0   32   64   32    8   16    8   16    2    4    2    0    0    1    1    1 |       8      16 |     256     256 |   OK    145 ms |      6.06 ms |  354.1 |     results match |
|  227 |   488 |    0   32   64   32    8   16    8   16    2    4    4    0    0    0    0    1 |       8      16 |     256     256 |   OK    126 ms |      7.64 ms |  281.1 |     results match |
|  228 |   488 |    0   32   64   32    8   16    8   16    2    4    4    0    0    1    1    1 |       8      16 |     256     256 |   OK    176 ms |      6.26 ms |  343.1 |     results match |
|  229 |   488 |    0   32   64   32    8   32    8   32    2    1    1    0    0    0    0    1 |       8      32 |     256     512 |   OK    132 ms |     26.39 ms |   81.3 |     results match |
|  230 |   488 |    0   32   64   32    8   32    8   32    2    1    1    0    0    1    1    1 |       8      32 |     256     512 |   OK    154 ms |      8.26 ms |  259.7 |     results match |
|  231 |   488 |    0   32   64   32    8   32    8   32    2    1    2    0    0    0    0    1 |       8      32 |     256     512 |   OK    138 ms |     28.42 ms |   75.5 |     results match |
|  232 |   488 |    0   32   64   32    8   32    8   32    2    1    2    0    0    1    1    1 |       8      32 |     256     512 |   OK    150 ms |      8.00 ms |  268.2 |     results match |
|  233 |   488 |    0   32   64   32    8   32    8   32    2    2    1    0    0    0    0    1 |       8      32 |     256     512 |   OK    128 ms |     21.35 ms |  100.5 |     results match |
|  234 |   488 |    0   32   64   32    8   32    8   32    2    2    1    0    0    1    1    1 |       8      32 |     256     512 |   OK    213 ms |      8.39 ms |  255.9 |     results match |
|  235 |   488 |    0   32   64   32    8   32    8   32    2    2    2    0    0    0    0    1 |       8      32 |     256     512 |   OK    126 ms |     18.76 ms |  114.4 |     results match |
|  236 |   488 |    0   32   64   32    8   32    8   32    2    2    2    0    0    1    1    1 |       8      32 |     256     512 |   OK    181 ms |      7.81 ms |  274.7 |     results match |
|  237 |   488 |    0   32   64   32    8   32    8   32    2    4    1    0    0    0    0    1 |       8      32 |     256     512 |   OK    121 ms |     15.17 ms |  141.5 |     results match |
|  238 |   488 |    0   32   64   32    8   32    8   32    2    4    1    0    0    1    1    1 |       8      32 |     256     512 |   OK    187 ms |      6.51 ms |  329.6 |     results match |
|  239 |   488 |    0   32   64   32    8   32    8   32    2    4    2    0    0    0    0    1 |       8      32 |     256     512 |   OK    116 ms |     19.03 ms |  112.8 |     results match |
|  240 |   488 |    0   32   64   32    8   32    8   32    2    4    2    0    0    1    1    1 |       8      32 |     256     512 |   OK    156 ms |      6.17 ms |  347.7 |     results match |
|  241 |   488 |    0   32   64   32   16    8   16    8    2    1    1    0    0    0    0    1 |      16       8 |     512     128 |   OK    159 ms |     15.87 ms |  135.3 |     results match |
|  242 |   488 |    0   32   64   32   16    8   16    8    2    1    1    0    0    1    1    1 |      16       8 |     512     128 |   OK    185 ms |      7.21 ms |  297.9 |     results match |
|  243 |   488 |    0   32   64   32   16    8   16    8    2    1    2    0    0    0    0    1 |      16       8 |     512     128 |   OK    149 ms |     13.58 ms |  158.0 |     results match |
|  244 |   488 |    0   32   64   32   16    8   16    8    2    1    2    0    0    1    1    1 |      16       8 |     512     128 |   OK    178 ms |      6.46 ms |  332.2 |     results match |
|  245 |   488 |    0   32   64   32   16    8   16    8    2    1    4    0    0    0    0    1 |      16       8 |     512     128 |   OK    148 ms |     10.34 ms |  207.5 |     results match |
|  246 |   488 |    0   32   64   32   16    8   16    8    2    1    4    0    0    1    1    1 |      16       8 |     512     128 |   OK    175 ms |      6.47 ms |  331.7 |     results match |
|  247 |   488 |    0   32   64   32   16    8   16    8    2    2    1    0    0    0    0    1 |      16       8 |     512     128 |   OK    145 ms |     14.43 ms |  148.8 |     results match |
|  248 |   488 |    0   32   64   32   16    8   16    8    2    2    1    0    0    1    1    1 |      16       8 |     512     128 |   OK    170 ms |      6.62 ms |  324.3 |     results match |
|  249 |   488 |    0   32   64   32   16    8   16    8    2    2    2    0    0    0    0    1 |      16       8 |     512     128 |   OK    135 ms |     12.37 ms |  173.6 |     results match |
|  250 |   488 |    0   32   64   32   16    8   16    8    2    2    2    0    0    1    1    1 |      16       8 |     512     128 |   OK    152 ms |      6.22 ms |  345.0 |     results match |
|  251 |   488 |    0   32   64   32   16    8   16    8    2    2    4    0    0    0    0    1 |      16       8 |     512     128 |   OK    138 ms |      9.33 ms |  230.0 |     results match |
|  252 |   488 |    0   32   64   32   16    8   16    8    2    2    4    0    0    1    1    1 |      16       8 |     512     128 |   OK    150 ms |      6.36 ms |  337.4 |     results match |
|  253 |   488 |    0   32   64   32   16   16   16   16    2    1    1    0    0    0    0    1 |      16      16 |     512     256 |   OK    132 ms |     22.76 ms |   94.3 |     results match |
|  254 |   488 |    0   32   64   32   16   16   16   16    2    1    1    0    0    1    1    1 |      16      16 |     512     256 |   OK    155 ms |      7.60 ms |  282.3 |     results match |
|  255 |   488 |    0   32   64   32   16   16   16   16    2    1    2    0    0    0    0    1 |      16      16 |     512     256 |   OK    136 ms |     24.37 ms |   88.1 |     results match |
|  256 |   488 |    0   32   64   32   16   16   16   16    2    1    2    0    0    1    1    1 |      16      16 |     512     256 |   OK    217 ms |      8.08 ms |  265.6 |     results match |
|  257 |   488 |    0   32   64   32   16   16   16   16    2    1    4    0    0    0    0    1 |      16      16 |     512     256 |   OK    132 ms |     24.83 ms |   86.5 |     results match |
|  258 |   488 |    0   32   64   32   16   16   16   16    2    1    4    0    0    1    1    1 |      16      16 |     512     256 |   OK    193 ms |      6.96 ms |  308.4 |     results match |
|  259 |   488 |    0   32   64   32   16   16   16   16    2    2    1    0    0    0    0    1 |      16      16 |     512     256 |   OK    129 ms |     20.48 ms |  104.8 |     results match |
|  260 |   488 |    0   32   64   32   16   16   16   16    2    2    1    0    0    1    1    1 |      16      16 |     512     256 |   OK    145 ms |      6.59 ms |  325.9 |     results match |
|  261 |   488 |    0   32   64   32   16   16   16   16    2    2    2    0    0    0    0    1 |      16      16 |     512     256 |   OK    123 ms |     22.05 ms |   97.4 |     results match |
|  262 |   488 |    0   32   64   32   16   16   16   16    2    2    2    0    0    1    1    1 |      16      16 |     512     256 |   OK    178 ms |      6.67 ms |  321.6 |     results match |
|  263 |   488 |    0   32   64   32   16   16   16   16    2    2    4    0    0    0    0    1 |      16      16 |     512     256 |   OK    123 ms |     20.70 ms |  103.7 |     results match |
|  264 |   488 |    0   32   64   32   16   16   16   16    2    2    4    0    0    1    1    1 |      16      16 |     512     256 |   OK    158 ms |      6.33 ms |  339.3 |     results match |
|  265 |   488 |    0   32   64   32   32    8   32    8    2    1    1    0    0    0    0    1 |      32       8 |    1024     128 |   OK    141 ms |     22.35 ms |   96.1 |     results match |
|  266 |   488 |    0   32   64   32   32    8   32    8    2    1    1    0    0    1    1    1 |      32       8 |    1024     128 |   OK    148 ms |      8.38 ms |  256.0 |     results match |
|  267 |   488 |    0   32   64   32   32    8   32    8    2    1    2    0    0    0    0    1 |      32       8 |    1024     128 |   OK    136 ms |     21.56 ms |   99.6 |     results match |
|  268 |   488 |    0   32   64   32   32    8   32    8    2    1    2    0    0    1    1    1 |      32       8 |    1024     128 |   OK    147 ms |      7.88 ms |  272.5 |     results match |
|  269 |   488 |    0   32   64   32   32    8   32    8    2    1    4    0    0    0    0    1 |      32       8 |    1024     128 |   OK    129 ms |     20.03 ms |  107.1 |     results match |
|  270 |   488 |    0   32   64   32   32    8   32    8    2    1    4    0    0    1    1    1 |      32       8 |    1024     128 |   OK    198 ms |      7.28 ms |  294.6 |     results match |
|  271 |   488 |    0   64   16   32    8    8    8    8    2    1    1    0    0    0    0    1 |       8       8 |     128     512 |   OK    162 ms |     19.22 ms |  111.7 |     results match |
|  272 |   488 |    0   64   16   32    8    8    8    8    2    1    1    0    0    1    1    1 |       8       8 |     128     512 |   OK    204 ms |     15.80 ms |  135.8 |     results match |
|  273 |   488 |    0   64   16   32    8    8    8    8    2    1    2    0    0    0    0    1 |       8       8 |     128     512 |   OK    157 ms |     20.28 ms |  105.9 |     results match |
|  274 |   488 |    0   64   16   32    8    8    8    8    2    1    2    0    0    1    1    1 |       8       8 |     128     512 |   OK    205 ms |     15.17 ms |  141.5 |     results match |
|  275 |   488 |    0   64   16   32    8    8    8    8    2    2    1    0    0    0    0    1 |       8       8 |     128     512 |   OK    140 ms |     11.26 ms |  190.6 |     results match |
|  276 |   488 |    0   64   16   32    8    8    8    8    2    2    1    0    0    1    1    1 |       8       8 |     128     512 |   OK    172 ms |     13.64 ms |  157.4 |     results match |
|  277 |   488 |    0   64   16   32    8    8    8    8    2    2    2    0    0    0    0    1 |       8       8 |     128     512 |   OK    139 ms |     13.23 ms |  162.2 |     results match |
|  278 |   488 |    0   64   16   32    8    8    8    8    2    2    2    0    0    1    1    1 |       8       8 |     128     512 |   OK    163 ms |     13.60 ms |  157.8 |     results match |
|  279 |   488 |    0   64   16   32    8    8    8    8    2    4    1    0    0    0    0    1 |       8       8 |     128     512 |   OK    129 ms |      8.88 ms |  241.6 |     results match |
|  280 |   488 |    0   64   16   32    8    8    8    8    2    4    1    0    0    1    1    1 |       8       8 |     128     512 |   OK    160 ms |     10.24 ms |  209.6 |     results match |
|  281 |   488 |    0   64   16   32    8    8    8    8    2    4    2    0    0    0    0    1 |       8       8 |     128     512 |   OK    130 ms |      8.82 ms |  243.4 |     results match |
|  282 |   488 |    0   64   16   32    8    8    8    8    2    4    2    0    0    1    1    1 |       8       8 |     128     512 |   OK    153 ms |      9.80 ms |  219.1 |     results match |
|  283 |   488 |    0   64   16   32    8   16    8   16    2    1    1    0    0    0    0    1 |       8      16 |     128    1024 |   OK    140 ms |     38.16 ms |   56.2 |     results match |
|  284 |   488 |    0   64   16   32    8   16    8   16    2    1    1    0    0    1    1    1 |       8      16 |     128    1024 |   OK    161 ms |     25.54 ms |   84.0 |     results match |
|  285 |   488 |    0   64   16   32    8   16    8   16    2    2    1    0    0    0    0    1 |       8      16 |     128    1024 |   OK    130 ms |     22.43 ms |   95.7 |     results match |
|  286 |   488 |    0   64   16   32    8   16    8   16    2    2    1    0    0    1    1    1 |       8      16 |     128    1024 |   OK    151 ms |     24.16 ms |   88.8 |     results match |
|  287 |   488 |    0   64   16   32    8   16    8   16    2    4    1    0    0    0    0    1 |       8      16 |     128    1024 |   OK    121 ms |     17.39 ms |  123.4 |     results match |
|  288 |   488 |    0   64   16   32    8   16    8   16    2    4    1    0    0    1    1    1 |       8      16 |     128    1024 |   OK    195 ms |     15.25 ms |  140.7 |     results match |
|  289 |   488 |    0   64   16   32   16    8   16    8    2    1    1    0    0    0    0    1 |      16       8 |     256     512 |   OK    136 ms |     33.04 ms |   65.0 |     results match |
|  290 |   488 |    0   64   16   32   16    8   16    8    2    1    1    0    0    1    1    1 |      16       8 |     256     512 |   OK    169 ms |     15.33 ms |  140.0 |     results match |
|  291 |   488 |    0   64   16   32   16    8   16    8    2    1    2    0    0    0    0    1 |      16       8 |     256     512 |   OK    141 ms |     34.95 ms |   61.4 |     results match |
|  292 |   488 |    0   64   16   32   16    8   16    8    2    1    2    0    0    1    1    1 |      16       8 |     256     512 |   OK    159 ms |     14.40 ms |  149.1 |     results match |
|  293 |   488 |    0   64   16   32   16    8   16    8    2    2    1    0    0    0    0    1 |      16       8 |     256     512 |   OK    131 ms |     18.59 ms |  115.5 |     results match |
|  294 |   488 |    0   64   16   32   16    8   16    8    2    2    1    0    0    1    1    1 |      16       8 |     256     512 |   OK    218 ms |     11.12 ms |  193.0 |     results match |
|  295 |   488 |    0   64   16   32   16    8   16    8    2    2    2    0    0    0    0    1 |      16       8 |     256     512 |   OK    126 ms |     18.99 ms |  113.0 |     results match |
|  296 |   488 |    0   64   16   32   16    8   16    8    2    2    2    0    0    1    1    1 |      16       8 |     256     512 |   OK    185 ms |     10.33 ms |  207.9 |     results match |
|  297 |   488 |    0   64   16   32   16    8   16    8    2    4    1    0    0    0    0    1 |      16       8 |     256     512 |   OK    119 ms |     18.78 ms |  114.3 |     results match |
|  298 |   488 |    0   64   16   32   16    8   16    8    2    4    1    0    0    1    1    1 |      16       8 |     256     512 |   OK    187 ms |      9.78 ms |  219.5 |     results match |
|  299 |   488 |    0   64   16   32   16    8   16    8    2    4    2    0    0    0    0    1 |      16       8 |     256     512 |   OK    116 ms |     18.67 ms |  114.9 |     results match |
|  300 |   488 |    0   64   16   32   16    8   16    8    2    4    2    0    0    1    1    1 |      16       8 |     256     512 |   OK    160 ms |      9.81 ms |  218.8 |     results match |
|  301 |   488 |    0   64   16   32   16   16   16   16    2    1    1    0    0    0    0    1 |      16      16 |     256    1024 |   OK    127 ms |     55.76 ms |   38.5 |     results match |
|  302 |   488 |    0   64   16   32   16   16   16   16    2    1    1    0    0    1    1    1 |      16      16 |     256    1024 |   OK    277 ms |     28.16 ms |   76.2 |     results match |
|  303 |   488 |    0   64   16   32   16   16   16   16    2    2    1    0    0    0    0    1 |      16      16 |     256    1024 |   OK    118 ms |     32.42 ms |   66.2 |     results match |
|  304 |   488 |    0   64   16   32   16   16   16   16    2    2    1    0    0    1    1    1 |      16      16 |     256    1024 |   OK    179 ms |     13.66 ms |  157.1 |     results match |
|  305 |   488 |    0   64   16   32   16   16   16   16    2    4    1    0    0    0    0    1 |      16      16 |     256    1024 |   OK    115 ms |     28.22 ms |   76.1 |     results match |
|  306 |   488 |    0   64   16   32   16   16   16   16    2    4    1    0    0    1    1    1 |      16      16 |     256    1024 |   OK    147 ms |     10.12 ms |  212.1 |     results match |
|  307 |   488 |    0   64   16   32   32    8   32    8    2    1    1    0    0    0    0    1 |      32       8 |     512     512 |   OK    124 ms |     38.85 ms |   55.2 |     results match |
|  308 |   488 |    0   64   16   32   32    8   32    8    2    1    1    0    0    1    1    1 |      32       8 |     512     512 |   OK    247 ms |     14.85 ms |  144.5 |     results match |
|  309 |   488 |    0   64   16   32   32    8   32    8    2    1    2    0    0    0    0    1 |      32       8 |     512     512 |   OK    128 ms |     41.96 ms |   51.1 |     results match |
|  310 |   488 |    0   64   16   32   32    8   32    8    2    1    2    0    0    1    1    1 |      32       8 |     512     512 |   OK    199 ms |     11.90 ms |  180.4 |     results match |
|  311 |   488 |    0   64   16   32   32    8   32    8    2    2    1    0    0    0    0    1 |      32       8 |     512     512 |   OK    120 ms |     29.20 ms |   73.5 |     results match |
|  312 |   488 |    0   64   16   32   32    8   32    8    2    2    1    0    0    1    1    1 |      32       8 |     512     512 |   OK    193 ms |     11.27 ms |  190.4 |     results match |
|  313 |   488 |    0   64   16   32   32    8   32    8    2    2    2    0    0    0    0    1 |      32       8 |     512     512 |   OK    122 ms |     34.65 ms |   62.0 |     results match |
|  314 |   488 |    0   64   16   32   32    8   32    8    2    2    2    0    0    1    1    1 |      32       8 |     512     512 |   OK    158 ms |     11.25 ms |  190.7 |     results match |
|  315 |   488 |    0   64   32   32    8    8    8    8    2    1    1    0    0    0    0    1 |       8       8 |     128     256 |   OK    214 ms |     13.33 ms |  161.0 |     results match |
|  316 |   488 |    0   64   32   32    8    8    8    8    2    1    1    0    0    1    1    1 |       8       8 |     128     256 |   OK    263 ms |     11.20 ms |  191.6 |     results match |
|  317 |   488 |    0   64   32   32    8    8    8    8    2    1    2    0    0    0    0    1 |       8       8 |     128     256 |   OK    211 ms |     11.97 ms |  179.4 |     results match |
|  318 |   488 |    0   64   32   32    8    8    8    8    2    1    2    0    0    1    1    1 |       8       8 |     128     256 |   OK    244 ms |     10.21 ms |  210.2 |     results match |
|  319 |   488 |    0   64   32   32    8    8    8    8    2    1    4    0    0    0    0    1 |       8       8 |     128     256 |   OK    208 ms |     10.96 ms |  195.9 |     results match |
|  320 |   488 |    0   64   32   32    8    8    8    8    2    1    4    0    0    1    1    1 |       8       8 |     128     256 |   OK    234 ms |      9.25 ms |  231.9 |     results match |
|  321 |   488 |    0   64   32   32    8    8    8    8    2    2    1    0    0    0    0    1 |       8       8 |     128     256 |   OK    165 ms |      8.17 ms |  262.6 |     results match |
|  322 |   488 |    0   64   32   32    8    8    8    8    2    2    1    0    0    1    1    1 |       8       8 |     128     256 |   OK    201 ms |      8.28 ms |  259.2 |     results match |
|  323 |   488 |    0   64   32   32    8    8    8    8    2    2    2    0    0    0    0    1 |       8       8 |     128     256 |   OK    163 ms |      7.26 ms |  295.6 |     results match |
|  324 |   488 |    0   64   32   32    8    8    8    8    2    2    2    0    0    1    1    1 |       8       8 |     128     256 |   OK    190 ms |      8.11 ms |  264.8 |     results match |
|  325 |   488 |    0   64   32   32    8    8    8    8    2    2    4    0    0    0    0    1 |       8       8 |     128     256 |   OK    163 ms |      9.11 ms |  235.5 |     results match |
|  326 |   488 |    0   64   32   32    8    8    8    8    2    2    4    0    0    1    1    1 |       8       8 |     128     256 |   OK    184 ms |      8.02 ms |  267.7 |     results match |
|  327 |   488 |    0   64   32   32    8    8    8    8    2    4    1    0    0    0    0    1 |       8       8 |     128     256 |   OK    151 ms |      8.49 ms |  252.7 |     results match |
|  328 |   488 |    0   64   32   32    8    8    8    8    2    4    1    0    0    1    1    1 |       8       8 |     128     256 |   OK    182 ms |      6.77 ms |  316.8 |     results match |
|  329 |   488 |    0   64   32   32    8    8    8    8    2    4    2    0    0    0    0    1 |       8       8 |     128     256 |   OK    143 ms |      7.40 ms |  290.0 |     results match |
|  330 |   488 |    0   64   32   32    8    8    8    8    2    4    2    0    0    1    1    1 |       8       8 |     128     256 |   OK    169 ms |      7.01 ms |  306.3 |     results match |
|  331 |   488 |    0   64   32   32    8    8    8    8    2    4    4    0    0    0    0    1 |       8       8 |     128     256 |   OK    139 ms |      6.56 ms |  327.2 |     results match |
|  332 |   488 |    0   64   32   32    8    8    8    8    2    4    4    0    0    1    1    1 |       8       8 |     128     256 |   OK    161 ms |      6.62 ms |  324.3 |     results match |
|  333 |   488 |    0   64   32   32    8   16    8   16    2    1    1    0    0    0    0    1 |       8      16 |     128     512 |   OK    165 ms |     19.11 ms |  112.3 |     results match |
|  334 |   488 |    0   64   32   32    8   16    8   16    2    1    1    0    0    1    1    1 |       8      16 |     128     512 |   OK    183 ms |     13.67 ms |  157.0 |     results match |
|  335 |   488 |    0   64   32   32    8   16    8   16    2    1    2    0    0    0    0    1 |       8      16 |     128     512 |   OK    159 ms |     20.33 ms |  105.6 |     results match |
|  336 |   488 |    0   64   32   32    8   16    8   16    2    1    2    0    0    1    1    1 |       8      16 |     128     512 |   OK    178 ms |     13.41 ms |  160.1 |     results match |
|  337 |   488 |    0   64   32   32    8   16    8   16    2    2    1    0    0    0    0    1 |       8      16 |     128     512 |   OK    140 ms |     11.29 ms |  190.0 |     results match |
|  338 |   488 |    0   64   32   32    8   16    8   16    2    2    1    0    0    1    1    1 |       8      16 |     128     512 |   OK    167 ms |     13.04 ms |  164.7 |     results match |
|  339 |   488 |    0   64   32   32    8   16    8   16    2    2    2    0    0    0    0    1 |       8      16 |     128     512 |   OK    142 ms |     11.73 ms |  183.0 |     results match |
|  340 |   488 |    0   64   32   32    8   16    8   16    2    2    2    0    0    1    1    1 |       8      16 |     128     512 |   OK    158 ms |     12.66 ms |  169.6 |     results match |
|  341 |   488 |    0   64   32   32    8   16    8   16    2    4    1    0    0    0    0    1 |       8      16 |     128     512 |   OK    127 ms |      8.88 ms |  241.7 |     results match |
|  342 |   488 |    0   64   32   32    8   16    8   16    2    4    1    0    0    1    1    1 |       8      16 |     128     512 |   OK    158 ms |      7.67 ms |  280.0 |     results match |
|  343 |   488 |    0   64   32   32    8   16    8   16    2    4    2    0    0    0    0    1 |       8      16 |     128     512 |   OK    131 ms |      8.78 ms |  244.5 |     results match |
|  344 |   488 |    0   64   32   32    8   16    8   16    2    4    2    0    0    1    1    1 |       8      16 |     128     512 |   OK    147 ms |      7.50 ms |  286.1 |     results match |
|  345 |   488 |    0   64   32   32    8   32    8   32    2    1    1    0    0    0    0    1 |       8      32 |     128    1024 |   OK    139 ms |     37.11 ms |   57.8 |     results match |
|  346 |   488 |    0   64   32   32    8   32    8   32    2    1    1    0    0    1    1    1 |       8      32 |     128    1024 |   OK    146 ms |     24.06 ms |   89.2 |     results match |
|  347 |   488 |    0   64   32   32    8   32    8   32    2    2    1    0    0    0    0    1 |       8      32 |     128    1024 |   OK    132 ms |     21.25 ms |  101.0 |     results match |
|  348 |   488 |    0   64   32   32    8   32    8   32    2    2    1    0    0    1    1    1 |       8      32 |     128    1024 |   OK    229 ms |     24.06 ms |   89.2 |     results match |
|  349 |   488 |    0   64   32   32    8   32    8   32    2    4    1    0    0    0    0    1 |       8      32 |     128    1024 |   OK    122 ms |     13.00 ms |  165.2 |     results match |
|  350 |   488 |    0   64   32   32    8   32    8   32    2    4    1    0    0    1    1    1 |       8      32 |     128    1024 |   OK    183 ms |     12.70 ms |  169.0 |     results match |
|  351 |   488 |    0   64   32   32   16    8   16    8    2    1    1    0    0    0    0    1 |      16       8 |     256     256 |   OK    154 ms |     16.31 ms |  131.6 |     results match |
|  352 |   488 |    0   64   32   32   16    8   16    8    2    1    1    0    0    1    1    1 |      16       8 |     256     256 |   OK    183 ms |      8.98 ms |  239.0 |     results match |
|  353 |   488 |    0   64   32   32   16    8   16    8    2    1    2    0    0    0    0    1 |      16       8 |     256     256 |   OK    152 ms |     15.45 ms |  138.9 |     results match |
|  354 |   488 |    0   64   32   32   16    8   16    8    2    1    2    0    0    1    1    1 |      16       8 |     256     256 |   OK    177 ms |      8.58 ms |  250.2 |     results match |
|  355 |   488 |    0   64   32   32   16    8   16    8    2    1    4    0    0    0    0    1 |      16       8 |     256     256 |   OK    148 ms |     14.45 ms |  148.6 |     results match |
|  356 |   488 |    0   64   32   32   16    8   16    8    2    1    4    0    0    1    1    1 |      16       8 |     256     256 |   OK    176 ms |      8.65 ms |  248.1 |     results match |
|  357 |   488 |    0   64   32   32   16    8   16    8    2    2    1    0    0    0    0    1 |      16       8 |     256     256 |   OK    140 ms |     11.23 ms |  191.1 |     results match |
|  358 |   488 |    0   64   32   32   16    8   16    8    2    2    1    0    0    1    1    1 |      16       8 |     256     256 |   OK    161 ms |      6.80 ms |  315.6 |     results match |
|  359 |   488 |    0   64   32   32   16    8   16    8    2    2    2    0    0    0    0    1 |      16       8 |     256     256 |   OK    137 ms |     11.69 ms |  183.7 |     results match |
|  360 |   488 |    0   64   32   32   16    8   16    8    2    2    2    0    0    1    1    1 |      16       8 |     256     256 |   OK    158 ms |      6.72 ms |  319.4 |     results match |
|  361 |   488 |    0   64   32   32   16    8   16    8    2    2    4    0    0    0    0    1 |      16       8 |     256     256 |   OK    138 ms |      9.57 ms |  224.3 |     results match |
|  362 |   488 |    0   64   32   32   16    8   16    8    2    2    4    0    0    1    1    1 |      16       8 |     256     256 |   OK    154 ms |      6.52 ms |  329.2 |     results match |
|  363 |   488 |    0   64   32   32   16    8   16    8    2    4    1    0    0    0    0    1 |      16       8 |     256     256 |   OK    129 ms |     10.52 ms |  203.9 |     results match |
|  364 |   488 |    0   64   32   32   16    8   16    8    2    4    1    0    0    1    1    1 |      16       8 |     256     256 |   OK    151 ms |      6.80 ms |  315.9 |     results match |
|  365 |   488 |    0   64   32   32   16    8   16    8    2    4    2    0    0    0    0    1 |      16       8 |     256     256 |   OK    133 ms |      8.82 ms |  243.3 |     results match |
|  366 |   488 |    0   64   32   32   16    8   16    8    2    4    2    0    0    1    1    1 |      16       8 |     256     256 |   OK    141 ms |      6.24 ms |  344.0 |     results match |
|  367 |   488 |    0   64   32   32   16    8   16    8    2    4    4    0    0    0    0    1 |      16       8 |     256     256 |   OK    126 ms |      7.53 ms |  285.1 |     results match |
|  368 |   488 |    0   64   32   32   16    8   16    8    2    4    4    0    0    1    1    1 |      16       8 |     256     256 |   OK    178 ms |      6.06 ms |  354.2 |     results match |
|  369 |   488 |    0   64   32   32   16   16   16   16    2    1    1    0    0    0    0    1 |      16      16 |     256     512 |   OK    135 ms |     28.20 ms |   76.1 |     results match |
|  370 |   488 |    0   64   32   32   16   16   16   16    2    1    1    0    0    1    1    1 |      16      16 |     256     512 |   OK    156 ms |     13.75 ms |  156.1 |     results match |
|  371 |   488 |    0   64   32   32   16   16   16   16    2    1    2    0    0    0    0    1 |      16      16 |     256     512 |   OK    138 ms |     30.61 ms |   70.1 |     results match |
|  372 |   488 |    0   64   32   32   16   16   16   16    2    1    2    0    0    1    1    1 |      16      16 |     256     512 |   OK    158 ms |     13.63 ms |  157.5 |     results match |
|  373 |   488 |    0   64   32   32   16   16   16   16    2    2    1    0    0    0    0    1 |      16      16 |     256     512 |   OK    129 ms |     19.11 ms |  112.3 |     results match |
|  374 |   488 |    0   64   32   32   16   16   16   16    2    2    1    0    0    1    1    1 |      16      16 |     256     512 |   OK    210 ms |      8.37 ms |  256.5 |     results match |
|  375 |   488 |    0   64   32   32   16   16   16   16    2    2    2    0    0    0    0    1 |      16      16 |     256     512 |   OK    128 ms |     19.19 ms |  111.9 |     results match |
|  376 |   488 |    0   64   32   32   16   16   16   16    2    2    2    0    0    1    1    1 |      16      16 |     256     512 |   OK    180 ms |      8.21 ms |  261.4 |     results match |
|  377 |   488 |    0   64   32   32   16   16   16   16    2    4    1    0    0    0    0    1 |      16      16 |     256     512 |   OK    122 ms |     14.60 ms |  147.0 |     results match |
|  378 |   488 |    0   64   32   32   16   16   16   16    2    4    1    0    0    1    1    1 |      16      16 |     256     512 |   OK    182 ms |      6.69 ms |  321.0 |     results match |
|  379 |   488 |    0   64   32   32   16   16   16   16    2    4    2    0    0    0    0    1 |      16      16 |     256     512 |   OK    119 ms |     17.40 ms |  123.4 |     results match |
|  380 |   488 |    0   64   32   32   16   16   16   16    2    4    2    0    0    1    1    1 |      16      16 |     256     512 |   OK    156 ms |      6.65 ms |  322.6 |     results match |
|  381 |   488 |    0   64   32   32   32    8   32    8    2    1    1    0    0    0    0    1 |      32       8 |     512     256 |   OK    133 ms |     22.72 ms |   94.5 |     results match |
|  382 |   488 |    0   64   32   32   32    8   32    8    2    1    1    0    0    1    1    1 |      32       8 |     512     256 |   OK    158 ms |      7.33 ms |  293.0 |     results match |
|  383 |   488 |    0   64   32   32   32    8   32    8    2    1    2    0    0    0    0    1 |      32       8 |     512     256 |   OK    136 ms |     21.96 ms |   97.8 |     results match |
|  384 |   488 |    0   64   32   32   32    8   32    8    2    1    2    0    0    1    1    1 |      32       8 |     512     256 |   OK    227 ms |     10.44 ms |  205.6 |     results match |
|  385 |   488 |    0   64   32   32   32    8   32    8    2    1    4    0    0    0    0    1 |      32       8 |     512     256 |   OK    132 ms |     22.33 ms |   96.1 |     results match |
|  386 |   488 |    0   64   32   32   32    8   32    8    2    1    4    0    0    1    1    1 |      32       8 |     512     256 |   OK    198 ms |      7.25 ms |  296.3 |     results match |
|  387 |   488 |    0   64   32   32   32    8   32    8    2    2    1    0    0    0    0    1 |      32       8 |     512     256 |   OK    139 ms |     19.91 ms |  107.8 |     results match |
|  388 |   488 |    0   64   32   32   32    8   32    8    2    2    1    0    0    1    1    1 |      32       8 |     512     256 |   OK    249 ms |      7.60 ms |  282.4 |     results match |
|  389 |   488 |    0   64   32   32   32    8   32    8    2    2    2    0    0    0    0    1 |      32       8 |     512     256 |   OK    125 ms |     19.81 ms |  108.4 |     results match |
|  390 |   488 |    0   64   32   32   32    8   32    8    2    2    2    0    0    1    1    1 |      32       8 |     512     256 |   OK    182 ms |      6.21 ms |  345.9 |     results match |
|  391 |   488 |    0   64   32   32   32    8   32    8    2    2    4    0    0    0    0    1 |      32       8 |     512     256 |   OK    122 ms |     16.91 ms |  127.0 |     results match |
|  392 |   488 |    0   64   32   32   32    8   32    8    2    2    4    0    0    1    1    1 |      32       8 |     512     256 |   OK    162 ms |      6.55 ms |  327.5 |     results match |
|  393 |   488 |    0   64   64   32    8    8    8    8    2    1    1    0    0    0    0    1 |       8       8 |     128     128 |   OK    285 ms |      8.01 ms |  267.8 |     results match |
|  394 |   488 |    0   64   64   32    8    8    8    8    2    1    1    0    0    1    1    1 |       8       8 |     128     128 |   OK    343 ms |      7.62 ms |  281.5 |     results match |
|  395 |   488 |    0   64   64   32    8    8    8    8    2    1    2    0    0    0    0    1 |       8       8 |     128     128 |   OK    273 ms |      7.27 ms |  295.4 |     results match |
|  396 |   488 |    0   64   64   32    8    8    8    8    2    1    2    0    0    1    1    1 |       8       8 |     128     128 |   OK    324 ms |      6.93 ms |  309.9 |     results match |
|  397 |   488 |    0   64   64   32    8    8    8    8    2    1    4    0    0    0    0    1 |       8       8 |     128     128 |   OK    274 ms |      6.27 ms |  342.2 |     results match |
|  398 |   488 |    0   64   64   32    8    8    8    8    2    1    4    0    0    1    1    1 |       8       8 |     128     128 |   OK    313 ms |      6.50 ms |  330.2 |     results match |
|  399 |   488 |    0   64   64   32    8    8    8    8    2    2    1    0    0    0    0    1 |       8       8 |     128     128 |   OK    222 ms |      6.84 ms |  313.8 |     results match |
|  400 |   488 |    0   64   64   32    8    8    8    8    2    2    1    0    0    1    1    1 |       8       8 |     128     128 |   OK    268 ms |      7.01 ms |  306.1 |     results match |
|  401 |   488 |    0   64   64   32    8    8    8    8    2    2    2    0    0    0    0    1 |       8       8 |     128     128 |   OK    210 ms |      5.46 ms |  392.8 |     results match |
|  402 |   488 |    0   64   64   32    8    8    8    8    2    2    2    0    0    1    1    1 |       8       8 |     128     128 |   OK    247 ms |      6.89 ms |  311.5 |     results match |
|  403 |   488 |    0   64   64   32    8    8    8    8    2    2    4    0    0    0    0    1 |       8       8 |     128     128 |   OK    209 ms |      5.17 ms |  415.4 |     results match |
|  404 |   488 |    0   64   64   32    8    8    8    8    2    2    4    0    0    1    1    1 |       8       8 |     128     128 |   OK    237 ms |      5.96 ms |  360.1 |     results match |
|  405 |   488 |    0   64   64   32    8    8    8    8    2    4    1    0    0    0    0    1 |       8       8 |     128     128 |   OK    183 ms |      5.83 ms |  368.5 |     results match |
|  406 |   488 |    0   64   64   32    8    8    8    8    2    4    1    0    0    1    1    1 |       8       8 |     128     128 |   OK    232 ms |      6.48 ms |  331.1 |     results match |
|  407 |   488 |    0   64   64   32    8    8    8    8    2    4    2    0    0    0    0    1 |       8       8 |     128     128 |   OK    180 ms |      4.84 ms |  443.5 |     results match |
|  408 |   488 |    0   64   64   32    8    8    8    8    2    4    2    0    0    1    1    1 |       8       8 |     128     128 |   OK    210 ms |      5.76 ms |  372.6 |     results match |
|  409 |   488 |    0   64   64   32    8    8    8    8    2    4    4    0    0    0    0    1 |       8       8 |     128     128 |   OK    173 ms |      4.51 ms |  476.1 |     results match |
|  410 |   488 |    0   64   64   32    8    8    8    8    2    4    4    0    0    1    1    1 |       8       8 |     128     128 |   OK    206 ms |      5.37 ms |  399.6 |     results match |
|  411 |   488 |    0   64   64   32    8   16    8   16    2    1    1    0    0    0    0    1 |       8      16 |     128     256 |   OK    199 ms |     11.95 ms |  179.7 |     results match |
|  412 |   488 |    0   64   64   32    8   16    8   16    2    1    1    0    0    1    1    1 |       8      16 |     128     256 |   OK    228 ms |      8.11 ms |  264.8 |     results match |
|  413 |   488 |    0   64   64   32    8   16    8   16    2    1    2    0    0    0    0    1 |       8      16 |     128     256 |   OK    195 ms |     11.05 ms |  194.3 |     results match |
|  414 |   488 |    0   64   64   32    8   16    8   16    2    1    2    0    0    1    1    1 |       8      16 |     128     256 |   OK    216 ms |      7.62 ms |  281.6 |     results match |
|  415 |   488 |    0   64   64   32    8   16    8   16    2    1    4    0    0    0    0    1 |       8      16 |     128     256 |   OK    193 ms |     10.75 ms |  199.7 |     results match |
|  416 |   488 |    0   64   64   32    8   16    8   16    2    1    4    0    0    1    1    1 |       8      16 |     128     256 |   OK    212 ms |      7.52 ms |  285.6 |     results match |
|  417 |   488 |    0   64   64   32    8   16    8   16    2    2    1    0    0    0    0    1 |       8      16 |     128     256 |   OK    168 ms |      8.21 ms |  261.3 |     results match |
|  418 |   488 |    0   64   64   32    8   16    8   16    2    2    1    0    0    1    1    1 |       8      16 |     128     256 |   OK    194 ms |      7.66 ms |  280.2 |     results match |
|  419 |   488 |    0   64   64   32    8   16    8   16    2    2    2    0    0    0    0    1 |       8      16 |     128     256 |   OK    163 ms |      7.21 ms |  297.7 |     results match |
|  420 |   488 |    0   64   64   32    8   16    8   16    2    2    2    0    0    1    1    1 |       8      16 |     128     256 |   OK    181 ms |      7.14 ms |  300.8 |     results match |
|  421 |   488 |    0   64   64   32    8   16    8   16    2    2    4    0    0    0    0    1 |       8      16 |     128     256 |   OK    161 ms |      9.89 ms |  217.0 |     results match |
|  422 |   488 |    0   64   64   32    8   16    8   16    2    2    4    0    0    1    1    1 |       8      16 |     128     256 |   OK    173 ms |      7.35 ms |  292.2 |     results match |
|  423 |   488 |    0   64   64   32    8   16    8   16    2    4    1    0    0    0    0    1 |       8      16 |     128     256 |   OK    148 ms |      8.41 ms |  255.1 |     results match |
|  424 |   488 |    0   64   64   32    8   16    8   16    2    4    1    0    0    1    1    1 |       8      16 |     128     256 |   OK    176 ms |      5.56 ms |  386.2 |     results match |
|  425 |   488 |    0   64   64   32    8   16    8   16    2    4    2    0    0    0    0    1 |       8      16 |     128     256 |   OK    142 ms |      7.30 ms |  294.2 |     results match |
|  426 |   488 |    0   64   64   32    8   16    8   16    2    4    2    0    0    1    1    1 |       8      16 |     128     256 |   OK    163 ms |      5.23 ms |  410.4 |     results match |
|  427 |   488 |    0   64   64   32    8   16    8   16    2    4    4    0    0    0    0    1 |       8      16 |     128     256 |   OK    141 ms |      6.64 ms |  323.5 |     results match |
|  428 |   488 |    0   64   64   32    8   16    8   16    2    4    4    0    0    1    1    1 |       8      16 |     128     256 |   OK    154 ms |      5.13 ms |  418.3 |     results match |
|  429 |   488 |    0   64   64   32    8   32    8   32    2    1    1    0    0    0    0    1 |       8      32 |     128     512 |   OK    163 ms |     19.73 ms |  108.8 |     results match |
|  430 |   488 |    0   64   64   32    8   32    8   32    2    1    1    0    0    1    1    1 |       8      32 |     128     512 |   OK    172 ms |     12.96 ms |  165.6 |     results match |
|  431 |   488 |    0   64   64   32    8   32    8   32    2    1    2    0    0    0    0    1 |       8      32 |     128     512 |   OK    160 ms |     20.08 ms |  106.9 |     results match |
|  432 |   488 |    0   64   64   32    8   32    8   32    2    1    2    0    0    1    1    1 |       8      32 |     128     512 |   OK    169 ms |     12.98 ms |  165.3 |     results match |
|  433 |   488 |    0   64   64   32    8   32    8   32    2    2    1    0    0    0    0    1 |       8      32 |     128     512 |   OK    140 ms |     10.76 ms |  199.4 |     results match |
|  434 |   488 |    0   64   64   32    8   32    8   32    2    2    1    0    0    1    1    1 |       8      32 |     128     512 |   OK    153 ms |     12.50 ms |  171.7 |     results match |
|  435 |   488 |    0   64   64   32    8   32    8   32    2    2    2    0    0    0    0    1 |       8      32 |     128     512 |   OK    137 ms |     13.21 ms |  162.5 |     results match |
|  436 |   488 |    0   64   64   32    8   32    8   32    2    2    2    0    0    1    1    1 |       8      32 |     128     512 |   OK    147 ms |     12.96 ms |  165.6 |     results match |
|  437 |   488 |    0   64   64   32    8   32    8   32    2    4    1    0    0    0    0    1 |       8      32 |     128     512 |   OK    128 ms |      8.90 ms |  241.2 |     results match |
|  438 |   488 |    0   64   64   32    8   32    8   32    2    4    1    0    0    1    1    1 |       8      32 |     128     512 |   OK    144 ms |      7.22 ms |  297.4 |     results match |
|  439 |   488 |    0   64   64   32    8   32    8   32    2    4    2    0    0    0    0    1 |       8      32 |     128     512 |   OK    130 ms |      8.95 ms |  239.9 |     results match |
|  440 |   488 |    0   64   64   32    8   32    8   32    2    4    2    0    0    1    1    1 |       8      32 |     128     512 |   OK    198 ms |      7.51 ms |  285.9 |     results match |
|  441 |   488 |    0   64   64   32   16    8   16    8    2    1    1    0    0    0    0    1 |      16       8 |     256     128 |   OK    201 ms |     11.48 ms |  187.0 |     results match |
|  442 |   488 |    0   64   64   32   16    8   16    8    2    1    1    0    0    1    1    1 |      16       8 |     256     128 |   OK    227 ms |      6.45 ms |  333.0 |     results match |
|  443 |   488 |    0   64   64   32   16    8   16    8    2    1    2    0    0    0    0    1 |      16       8 |     256     128 |   OK    190 ms |     10.14 ms |  211.7 |     results match |
|  444 |   488 |    0   64   64   32   16    8   16    8    2    1    2    0    0    1    1    1 |      16       8 |     256     128 |   OK    214 ms |      5.88 ms |  364.9 |     results match |
|  445 |   488 |    0   64   64   32   16    8   16    8    2    1    4    0    0    0    0    1 |      16       8 |     256     128 |   OK    187 ms |      9.41 ms |  228.1 |     results match |
|  446 |   488 |    0   64   64   32   16    8   16    8    2    1    4    0    0    1    1    1 |      16       8 |     256     128 |   OK    209 ms |      6.06 ms |  354.2 |     results match |
|  447 |   488 |    0   64   64   32   16    8   16    8    2    2    1    0    0    0    0    1 |      16       8 |     256     128 |   OK    171 ms |      9.74 ms |  220.4 |     results match |
|  448 |   488 |    0   64   64   32   16    8   16    8    2    2    1    0    0    1    1    1 |      16       8 |     256     128 |   OK    192 ms |      6.33 ms |  339.3 |     results match |
|  449 |   488 |    0   64   64   32   16    8   16    8    2    2    2    0    0    0    0    1 |      16       8 |     256     128 |   OK    161 ms |      7.00 ms |  306.8 |     results match |
|  450 |   488 |    0   64   64   32   16    8   16    8    2    2    2    0    0    1    1    1 |      16       8 |     256     128 |   OK    184 ms |      5.23 ms |  410.8 |     results match |
|  451 |   488 |    0   64   64   32   16    8   16    8    2    2    4    0    0    0    0    1 |      16       8 |     256     128 |   OK    159 ms |      5.91 ms |  363.3 |     results match |
|  452 |   488 |    0   64   64   32   16    8   16    8    2    2    4    0    0    1    1    1 |      16       8 |     256     128 |   OK    174 ms |      5.12 ms |  419.6 |     results match |
|  453 |   488 |    0   64   64   32   16    8   16    8    2    4    1    0    0    0    0    1 |      16       8 |     256     128 |   OK    152 ms |      9.54 ms |  225.0 |     results match |
|  454 |   488 |    0   64   64   32   16    8   16    8    2    4    1    0    0    1    1    1 |      16       8 |     256     128 |   OK    171 ms |      5.13 ms |  418.1 |     results match |
|  455 |   488 |    0   64   64   32   16    8   16    8    2    4    2    0    0    0    0    1 |      16       8 |     256     128 |   OK    144 ms |      7.92 ms |  270.8 |     results match |
|  456 |   488 |    0   64   64   32   16    8   16    8    2    4    2    0    0    1    1    1 |      16       8 |     256     128 |   OK    160 ms |      4.88 ms |  439.9 |     results match |
|  457 |   488 |    0   64   64   32   16    8   16    8    2    4    4    0    0    0    0    1 |      16       8 |     256     128 |   OK    141 ms |      5.58 ms |  384.7 |     results match |
|  458 |   488 |    0   64   64   32   16    8   16    8    2    4    4    0    0    1    1    1 |      16       8 |     256     128 |   OK    154 ms |      4.58 ms |  469.0 |     results match |
|  459 |   488 |    0   64   64   32   16   16   16   16    2    1    1    0    0    0    0    1 |      16      16 |     256     256 |   OK    155 ms |     15.95 ms |  134.5 |     results match |
|  460 |   488 |    0   64   64   32   16   16   16   16    2    1    1    0    0    1    1    1 |      16      16 |     256     256 |   OK    172 ms |      8.41 ms |  255.3 |     results match |
|  461 |   488 |    0   64   64   32   16   16   16   16    2    1    2    0    0    0    0    1 |      16      16 |     256     256 |   OK    153 ms |     15.51 ms |  138.4 |     results match |
|  462 |   488 |    0   64   64   32   16   16   16   16    2    1    2    0    0    1    1    1 |      16      16 |     256     256 |   OK    166 ms |      9.06 ms |  237.0 |     results match |
|  463 |   488 |    0   64   64   32   16   16   16   16    2    1    4    0    0    0    0    1 |      16      16 |     256     256 |   OK    149 ms |     14.89 ms |  144.1 |     results match |
|  464 |   488 |    0   64   64   32   16   16   16   16    2    1    4    0    0    1    1    1 |      16      16 |     256     256 |   OK    163 ms |      7.89 ms |  272.0 |     results match |
|  465 |   488 |    0   64   64   32   16   16   16   16    2    2    1    0    0    0    0    1 |      16      16 |     256     256 |   OK    140 ms |     12.05 ms |  178.2 |     results match |
|  466 |   488 |    0   64   64   32   16   16   16   16    2    2    1    0    0    1    1    1 |      16      16 |     256     256 |   OK    155 ms |      5.85 ms |  366.9 |     results match |
|  467 |   488 |    0   64   64   32   16   16   16   16    2    2    2    0    0    0    0    1 |      16      16 |     256     256 |   OK    138 ms |     10.18 ms |  210.8 |     results match |
|  468 |   488 |    0   64   64   32   16   16   16   16    2    2    2    0    0    1    1    1 |      16      16 |     256     256 |   OK    150 ms |      5.51 ms |  389.8 |     results match |
|  469 |   488 |    0   64   64   32   16   16   16   16    2    2    4    0    0    0    0    1 |      16      16 |     256     256 |   OK    138 ms |      9.18 ms |  233.9 |     results match |
|  470 |   488 |    0   64   64   32   16   16   16   16    2    2    4    0    0    1    1    1 |      16      16 |     256     256 |   OK    200 ms |      5.81 ms |  369.3 |     results match |
|  471 |   488 |    0   64   64   32   16   16   16   16    2    4    1    0    0    0    0    1 |      16      16 |     256     256 |   OK    130 ms |     13.93 ms |  154.0 |     results match |
|  472 |   488 |    0   64   64   32   16   16   16   16    2    4    1    0    0    1    1    1 |      16      16 |     256     256 |   OK    142 ms |      5.48 ms |  391.9 |     results match |
|  473 |   488 |    0   64   64   32   16   16   16   16    2    4    2    0    0    0    0    1 |      16      16 |     256     256 |   OK    130 ms |      8.35 ms |  257.1 |     results match |
|  474 |   488 |    0   64   64   32   16   16   16   16    2    4    2    0    0    1    1    1 |      16      16 |     256     256 |   OK    189 ms |      5.19 ms |  413.9 |     results match |
|  475 |   488 |    0   64   64   32   16   16   16   16    2    4    4    0    0    0    0    1 |      16      16 |     256     256 |   OK    126 ms |      7.69 ms |  279.2 |     results match |
|  476 |   488 |    0   64   64   32   16   16   16   16    2    4    4    0    0    1    1    1 |      16      16 |     256     256 |   OK    174 ms |      4.87 ms |  441.0 |     results match |
|  477 |   488 |    0   64   64   32   32    8   32    8    2    1    1    0    0    0    0    1 |      32       8 |     512     128 |   OK    162 ms |     15.31 ms |  140.2 |     results match |
|  478 |   488 |    0   64   64   32   32    8   32    8    2    1    1    0    0    1    1    1 |      32       8 |     512     128 |   OK    173 ms |      6.37 ms |  337.2 |     results match |
|  479 |   488 |    0   64   64   32   32    8   32    8    2    1    2    0    0    0    0    1 |      32       8 |     512     128 |   OK    151 ms |     13.44 ms |  159.7 |     results match |
|  480 |   488 |    0   64   64   32   32    8   32    8    2    1    2    0    0    1    1    1 |      32       8 |     512     128 |   OK    166 ms |      5.77 ms |  371.9 |     results match |
|  481 |   488 |    0   64   64   32   32    8   32    8    2    1    4    0    0    0    0    1 |      32       8 |     512     128 |   OK    147 ms |     12.11 ms |  177.2 |     results match |
|  482 |   488 |    0   64   64   32   32    8   32    8    2    1    4    0    0    1    1    1 |      32       8 |     512     128 |   OK    168 ms |      5.64 ms |  380.6 |     results match |
|  483 |   488 |    0   64   64   32   32    8   32    8    2    2    1    0    0    0    0    1 |      32       8 |     512     128 |   OK    150 ms |     13.25 ms |  162.0 |     results match |
|  484 |   488 |    0   64   64   32   32    8   32    8    2    2    1    0    0    1    1    1 |      32       8 |     512     128 |   OK    152 ms |      5.73 ms |  374.4 |     results match |
|  485 |   488 |    0   64   64   32   32    8   32    8    2    2    2    0    0    0    0    1 |      32       8 |     512     128 |   OK    144 ms |     11.48 ms |  187.0 |     results match |
|  486 |   488 |    0   64   64   32   32    8   32    8    2    2    2    0    0    1    1    1 |      32       8 |     512     128 |   OK    146 ms |      5.33 ms |  402.8 |     results match |
|  487 |   488 |    0   64   64   32   32    8   32    8    2    2    4    0    0    0    0    1 |      32       8 |     512     128 |   OK    136 ms |      9.77 ms |  219.6 |     results match |
|  488 |   488 |    0   64   64   32   32    8   32    8    2    2    4    0    0    1    1    1 |      32       8 |     512     128 |   OK    217 ms |      5.29 ms |  405.9 |     results match |
x------x-------x---------------------------------------------------------------------------------x-----------------x-----------------x----------------x--------------x--------x-------------------x


* Got average result of 15.78 ms: 136.0 GFLOPS
* Found best result 4.51 ms: 476.1 GFLOPS
* Best parameters: GEMMK=0 KREG=1 KWG=32 KWI=2 MDIMA=8 MDIMC=8 MWG=64 NDIMB=8 NDIMC=8 NWG=64 PRECISION=32 SA=0 SB=0 STRM=0 STRN=0 VWM=4 VWN=4

* Writing a total of 488 results to 'clblast_xgemm_1_32.json'
* Completed tuning process

* (2/4) Tuning main GEMM kernel (GEMMK == 0) for random parameters out of larger set

* Options given/available:
    -platform 0 [=default]
    -device 0 [=default]
    -precision 32 (single) [=default]
    -threads 1 [=default]
    -m 1024 [=default]
    -n 1024 [=default]
    -k 1024 [=default]
    -alpha 2.00 [=default]
    -beta 2.00 [=default]
    -fraction 512.00 [=default]
    -runs 2 [=default]
    -max_l2_norm 0.00 [=default]

* Found 112928 configuration(s)
* Exploring a random subset of 220 configuration(s)
* Parameters explored: GEMMK MWG NWG KWG MDIMC NDIMC MDIMA NDIMB KWI VWM VWN STRM STRN SA SB KREG 

|   ID | total |                                                                           param |      local      |      global     |       compiles |         time | GFLOPS |            status |
x------x-------x---------------------------------------------------------------------------------x-----------------x-----------------x----------------x--------------x--------x-------------------x
|  ref |     - |                                                                               - |       8       8 |    1024    1024 |             OK |     51.21 ms |      - |      reference OK |
x------x-------x---------------------------------------------------------------------------------x-----------------x-----------------x----------------x--------------x--------x-------------------x
|    1 |   220 |    0  128   64   32   16    8    8   16    2    8    1    1    0    0    0    1 |      16       8 |     128     128 |   OK    166 ms |      5.36 ms |  400.8 |     results match |
|    2 |   220 |    0   32   64   16    8    8    8    8    2    2    8    1    0    1    0    1 |       8       8 |     256     128 |   OK    199 ms |      5.00 ms |  429.3 |     results match |
|    3 |   220 |    0   64  128   32    8    8    8    8    2    4    4    0    0    0    1    1 |       8       8 |     128      64 |   OK    258 ms |      4.55 ms |  472.2 |     results match |
|    4 |   220 |    0  128  128   32    8   32   32   16    2    1    2    0    1    1    0    1 |       8      32 |      64     256 |   OK    293 ms |     12.56 ms |  170.9 |     results match |
|    5 |   220 |    0  128   16   32    8    8    8   16    2    2    1    0    1    0    1    1 |       8       8 |      64     512 |   OK    184 ms |     17.87 ms |  120.1 |     results match |
|    6 |   220 |    0   64   64   32    8    8    8    8    2    8    8    1    0    0    0    1 |       8       8 |     128     128 |   OK    154 ms |      4.08 ms |  526.7 |     results match |
|    7 |   220 |    0   16   64   16    8   16   16    8    2    1    2    1    0    1    0    1 |       8      16 |     512     256 |   OK    163 ms |     10.30 ms |  208.5 |     results match |
|    8 |   220 |    0   64   32   32   16    8   32   16    2    1    2    0    0    1    1    1 |      16       8 |     256     256 |   OK    178 ms |      8.52 ms |  251.8 |     results match |
|    9 |   220 |    0   32   16   32   16   16   16    8    2    1    1    0    1    1    0    1 |      16      16 |     512    1024 |   OK    128 ms |     22.79 ms |   94.2 |     results match |
|   10 |   220 |    0  128  128   16   16    8   16    8    2    2    4    0    1    0    0    1 |      16       8 |     128      64 |   OK    313 ms |      7.11 ms |  301.7 |     results match |
|   11 |   220 |    0   64  128   16    8    8   16   16    2    2    1    0    1    1    1    1 |       8       8 |     128      64 |   OK    369 ms |      5.99 ms |  358.4 |     results match |
|   12 |   220 |    0  128  128   32    8   16   32    8    2    4    4    0    1    1    0    1 |       8      16 |      64     128 |   OK    249 ms |      6.08 ms |  352.9 |     results match |
|   13 |   220 |    0   64   16   16   16    8    8   16    2    4    1    1    0    1    1    1 |      16       8 |     256     512 |   OK    144 ms |      8.22 ms |  261.2 |     results match |
|   14 |   220 |    0   64  128   32   16    8   16   32    2    2    1    0    1    1    1    1 |      16       8 |     256      64 |   OK    270 ms |      4.48 ms |  478.8 |     results match |
|   15 |   220 |    0   64  128   32    8   32   32    8    2    1    1    1    0    0    0    1 |       8      32 |     128     256 |   OK    194 ms |      9.76 ms |  219.9 |     results match |
|   16 |   220 |    0  128   64   16    8    8   32   32    2    1    1    1    0    0    1    1 |       8       8 |      64     128 |   OK    501 ms |      9.19 ms |  233.6 |     results match |
|   17 |   220 |    0   64  128   32    8   16   32   16    2    1    8    0    0    1    0    1 |       8      16 |     128     128 |   OK    285 ms |      4.14 ms |  518.0 |     results match |
|   18 |   220 |    0  128  128   32    8   16    8   32    2    4    4    1    1    1    1    1 |       8      16 |      64     128 |   OK    253 ms |      3.56 ms |  602.7 |     results match |
|   19 |   220 |    0  128  128   32    8   32   16   32    2    2    4    1    1    1    1    1 |       8      32 |      64     256 |   OK    220 ms |      3.51 ms |  611.3 |     results match |
|   20 |   220 |    0  128   32   16    8   16   32    8    2    2    2    0    1    1    1    1 |       8      16 |      64     512 |   OK    177 ms |     22.71 ms |   94.5 |     results match |
|   21 |   220 |    0   64   16   32    8   16    8   16    2    8    1    0    1    1    0    1 |       8      16 |     128    1024 |   OK    125 ms |     15.81 ms |  135.8 |     results match |
|   22 |   220 |    0   16  128   32    8   16    8   32    2    1    2    0    1    1    1    1 |       8      16 |     512     128 |   OK    181 ms |      8.35 ms |  257.1 |     results match |
|   23 |   220 |    0  128   64   16    8   16    8   32    2    2    2    0    0    1    1    1 |       8      16 |      64     256 |   OK    223 ms |     13.46 ms |  159.5 |     results match |
|   24 |   220 |    0   16   64   16    8   16    8   16    2    1    4    0    1    0    0    1 |       8      16 |     512     256 |   OK    134 ms |     11.92 ms |  180.1 |     results match |
|   25 |   220 |    0  128  128   32    8   32    8   16    2    4    2    1    1    1    1    1 |       8      32 |      64     256 |   OK    189 ms |      3.78 ms |  567.8 |     results match |
|   26 |   220 |    0   64   32   32   32    8   16   16    2    2    1    0    1    0    1    1 |      32       8 |     512     256 |   OK    228 ms |      7.34 ms |  292.3 |     results match |
|   27 |   220 |    0   64  128   32   16    8   32   16    2    1    2    0    0    1    0    1 |      16       8 |     256      64 |   OK    302 ms |      5.98 ms |  359.0 |     results match |
|   28 |   220 |    0   32   16   32    8    8    8    8    2    4    2    0    0    1    1    1 |       8       8 |     256     512 |   OK    168 ms |     10.99 ms |  195.3 |     results match |
|   29 |   220 |    0   32   32   32   16   16    8   16    2    1    1    1    1    0    1    1 |      16      16 |     512     512 |   OK    198 ms |     14.82 ms |  144.8 |     results match |
|   30 |   220 |    0   64   64   32   32    8   32   16    2    2    2    1    0    0    1    1 |      32       8 |     512     128 |   OK    154 ms |      5.18 ms |  414.4 |     results match |
|   31 |   220 |    0   64   16   32   16    8   16    8    2    4    2    0    1    0    0    1 |      16       8 |     256     512 |   OK    117 ms |     10.39 ms |  206.7 |     results match |
|   32 |   220 |    0   64  128   32    8   16   32    8    2    2    1    0    0    1    0    1 |       8      16 |     128     128 |   OK    228 ms |      5.68 ms |  377.9 |     results match |
|   33 |   220 |    0   32   32   32    8    8   16   16    2    2    2    0    1    0    1    1 |       8       8 |     256     256 |   OK    152 ms |      8.24 ms |  260.3 |     results match |
|   34 |   220 |    0   64   16   32   16    8    8   16    2    2    1    1    1    1    0    1 |      16       8 |     256     512 |   OK    210 ms |     13.91 ms |  154.3 |     results match |
|   35 |   220 |    0   64   64   16   16    8    8   32    2    2    1    0    0    1    1    1 |      16       8 |     256     128 |   OK    179 ms |      4.30 ms |  499.0 |     results match |
|   36 |   220 |    0  128  128   16    8   16    8   32    2    4    4    0    0    1    1    1 |       8      16 |      64     128 |   OK    249 ms |      4.62 ms |  464.6 |     results match |
|   37 |   220 |    0   16   64   32   16    8    8   32    2    1    2    1    0    0    1    1 |      16       8 |    1024     128 |   OK    142 ms |     11.42 ms |  187.9 |     results match |
|   38 |   220 |    0   64   32   32   16   16   32   16    2    2    2    0    1    0    0    1 |      16      16 |     256     512 |   OK    126 ms |     12.00 ms |  178.8 |     results match |
|   39 |   220 |    0  128   64   16    8   16    8   32    2    1    2    1    1    0    0    1 |       8      16 |      64     256 |   OK    291 ms |     12.05 ms |  178.1 |     results match |
|   40 |   220 |    0  128   64   32   16   16   16   32    2    4    2    1    1    1    0    1 |      16      16 |     128     256 |   OK    147 ms |      5.35 ms |  401.5 |     results match |
|   41 |   220 |    0   64   64   32   16   16    8    8    2    4    1    1    1    0    1    1 |      16      16 |     256     256 |   OK    143 ms |      5.43 ms |  395.6 |     results match |
|   42 |   220 |    0   64   64   32    8    8   16    8    2    1    2    1    1    1    0    1 |       8       8 |     128     128 |   OK    309 ms |      7.05 ms |  304.5 |     results match |
|   43 |   220 |    0   64  128   16    8   16   32    8    2    2    8    0    1    1    0    1 |       8      16 |     128     128 |   OK    214 ms |      4.41 ms |  486.8 |     results match |
|   44 |   220 |    0   32  128   32    8   16    8    8    2    4    1    0    1    1    0    1 |       8      16 |     256     128 |   OK    157 ms |      8.26 ms |  260.0 |     results match |
|   45 |   220 |    0   32   64   16   16    8   16   16    2    1    4    0    1    0    0    1 |      16       8 |     512     128 |   OK    150 ms |     10.31 ms |  208.2 |     results match |
|   46 |   220 |    0   32   64   16    8   16    8   16    2    1    4    1    0    1    0    1 |       8      16 |     256     256 |   OK    186 ms |      5.36 ms |  400.3 |     results match |
|   47 |   220 |    0  128   64   16   16    8    8    8    2    4    1    1    0    0    0    1 |      16       8 |     128     128 |   OK    187 ms |      5.49 ms |  391.2 |     results match |
|   48 |   220 |    0  128   32   16    8   32   16   32    2    8    1    1    1    0    1    1 |       8      32 |      64    1024 |   OK    160 ms |     12.42 ms |  172.8 |     results match |
|   49 |   220 |    0  128   64   16    8   32   32   16    2    2    2    0    1    0    1    1 |       8      32 |      64     512 |   OK    178 ms |     19.28 ms |  111.3 |     results match |
|   50 |   220 |    0   64   32   32   32    8   16    8    2    2    2    0    1    0    1    1 |      32       8 |     512     256 |   OK    162 ms |      7.27 ms |  295.3 |     results match |
|   51 |   220 |    0   64  128   32    8    8   16   16    2    2    2    0    1    0    0    1 |       8       8 |     128      64 |   OK    313 ms |      8.57 ms |  250.4 |     results match |
|   52 |   220 |    0  128  128   16    8    8   16    8    2    8    8    1    1    0    0    1 |       8       8 |      64      64 |   OK   1032 ms |     42.99 ms |   49.9 |     results match |
|   53 |   220 |    0   16  128   16    8   16    8    8    2    1    2    1    1    0    0    1 |       8      16 |     512     128 |   OK    153 ms |     11.12 ms |  193.0 |     results match |
|   54 |   220 |    0   16   64   32    8   16   16   32    2    1    2    1    1    0    1    1 |       8      16 |     512     256 |   OK    212 ms |     13.91 ms |  154.4 |     results match |
|   55 |   220 |    0  128  128   16    8   32   16   32    2    2    4    0    0    0    1    1 |       8      32 |      64     256 |   OK    222 ms |     10.12 ms |  212.2 |     results match |
|   56 |   220 |    0   64   64   16   16    8   16   16    2    4    1    0    1    1    1    1 |      16       8 |     256     128 |   OK    159 ms |      5.01 ms |  428.7 |     results match |
|   57 |   220 |    0   32   32   16   16    8    8   16    2    1    2    0    1    1    0    1 |      16       8 |     512     256 |   OK    141 ms |     12.70 ms |  169.0 |     results match |
|   58 |   220 |    0  128  128   32    8   16    8   16    2    4    1    0    1    1    0    1 |       8      16 |      64     128 |   OK    257 ms |      7.39 ms |  290.4 |     results match |
|   59 |   220 |    0   32   32   32    8    8   32   32    2    1    1    0    0    0    0    1 |       8       8 |     256     256 |   OK    156 ms |     12.11 ms |  177.3 |     results match |
|   60 |   220 |    0  128  128   32   16   16    8   16    2    8    8    1    0    1    1    1 |      16      16 |     128     128 |   OK    160 ms |      3.54 ms |  606.9 |     results match |
|   61 |   220 |    0   32   32   32    8   16   32   32    2    1    1    1    0    0    1    1 |       8      16 |     256     512 |   OK    153 ms |     12.90 ms |  166.4 |     results match |
|   62 |   220 |    0  128   32   32   16    8   16    8    2    8    1    0    0    0    1    1 |      16       8 |     128     256 |   OK    145 ms |      4.64 ms |  462.9 |     results match |
|   63 |   220 |    0   64   64   32    8    8   32    8    2    1    4    1    1    0    1    1 |       8       8 |     128     128 |   OK    293 ms |      8.10 ms |  264.9 |     results match |
|   64 |   220 |    0   64   32   16    8    8   16    8    2    1    2    0    0    0    1    1 |       8       8 |     128     256 |   OK    220 ms |     14.27 ms |  150.5 |     results match |
|   65 |   220 |    0  128  128   16   16   16   16   16    2    4    1    1    0    1    0    1 |      16      16 |     128     128 |   OK    195 ms |      7.64 ms |  280.9 |     results match |
|   66 |   220 |    0  128   64   32   32    8   16   16    2    1    1    0    0    1    1    1 |      32       8 |     256     128 |   OK    219 ms |      7.08 ms |  303.1 |     results match |
|   67 |   220 |    0   64  128   32    8    8   32   16    2    1    4    0    0    0    0    1 |       8       8 |     128      64 |   OK    441 ms |      8.76 ms |  245.2 |     results match |
|   68 |   220 |    0   64  128   32   32    8   16   32    2    2    2    0    1    0    0    1 |      32       8 |     512      64 |   OK    166 ms |      9.98 ms |  215.1 |     results match |
|   69 |   220 |    0  128  128   32    8    8   32   32    2    2    4    1    1    0    1    1 |       8       8 |      64      64 |   OK    791 ms |     23.11 ms |   92.9 |     results match |
|   70 |   220 |    0  128   64   32   32    8   32    8    2    4    8    0    0    1    1    1 |      32       8 |     256     128 |   OK    146 ms |      4.03 ms |  533.1 |     results match |
|   71 |   220 |    0   64   64   32   16    8   16    8    2    4    4    0    0    1    1    1 |      16       8 |     256     128 |   OK    155 ms |      4.63 ms |  463.3 |     results match |
|   72 |   220 |    0  128   64   16   16   16   16   32    2    8    1    1    1    1    0    1 |      16      16 |     128     256 |   OK    144 ms |      6.02 ms |  356.7 |     results match |
|   73 |   220 |    0  128   16   16   16    8   16   16    2    1    1    0    1    1    1    1 |      16       8 |     128     512 |   OK    299 ms |     25.83 ms |   83.1 |     results match |
|   74 |   220 |    0   32   64   32    8   16    8    8    2    4    1    1    1    0    0    1 |       8      16 |     256     256 |   OK    129 ms |      8.23 ms |  260.7 |     results match |
|   75 |   220 |    0   32  128   16    8   16    8   32    2    2    2    1    1    1    1    1 |       8      16 |     256     128 |   OK    232 ms |      5.09 ms |  421.3 |     results match |
|   76 |   220 |    0  128  128   16    8   16   16   32    2    4    2    0    1    0    1    1 |       8      16 |      64     128 |   OK    256 ms |      6.31 ms |  340.3 |     results match |
|   77 |   220 |    0   64  128   32   16   16   16   32    2    4    4    1    0    0    0    1 |      16      16 |     256     128 |   OK    140 ms |      5.18 ms |  414.4 |     results match |
|   78 |   220 |    0   32   64   16    8   16    8    8    2    4    4    0    0    0    1    1 |       8      16 |     256     256 |   OK    133 ms |      6.99 ms |  306.9 |     results match |
|   79 |   220 |    0   32  128   16   16   16   16   16    2    1    2    0    0    1    0    1 |      16      16 |     512     128 |   OK    159 ms |      8.74 ms |  245.6 |     results match |
|   80 |   220 |    0   64   32   16    8   16   32   16    2    2    2    1    0    0    1    1 |       8      16 |     128     512 |   OK    147 ms |      9.48 ms |  226.5 |     results match |
|   81 |   220 |    0   32   32   16    8    8   32    8    2    1    4    1    0    0    0    1 |       8       8 |     256     256 |   OK    152 ms |      9.70 ms |  221.2 |     results match |
|   82 |   220 |    0   64  128   32   16    8    8    8    2    1    2    0    0    1    1    1 |      16       8 |     256      64 |   OK    302 ms |      5.84 ms |  367.7 |     results match |
|   83 |   220 |    0  128  128   16    8    8   16   16    2    2    8    0    0    0    0    1 |       8       8 |      64      64 |   OK   1047 ms |     39.80 ms |   53.9 |     results match |
|   84 |   220 |    0  128   64   16    8    8    8   32    2    4    1    1    1    1    0    1 |       8       8 |      64     128 |   OK    259 ms |      6.10 ms |  351.8 |     results match |
|   85 |   220 |    0  128   32   16    8    8    8   32    2    4    1    0    0    1    1    1 |       8       8 |      64     256 |   OK    205 ms |      7.01 ms |  306.2 |     results match |
|   86 |   220 |    0  128  128   16   16   16   32   32    2    1    4    0    1    1    0    1 |      16      16 |     128     128 |   OK    274 ms |      6.76 ms |  317.7 |     results match |
|   87 |   220 |    0  128   64   16    8   16   16   16    2    8    4    0    0    0    1    1 |       8      16 |      64     256 |   OK    167 ms |      7.34 ms |  292.4 |     results match |
|   88 |   220 |    0   64   64   32   16   16   16   32    2    4    1    1    1    0    1    1 |      16      16 |     256     256 |   OK    144 ms |      5.31 ms |  404.5 |     results match |
|   89 |   220 |    0  128   32   32    8    8    8   16    2    8    1    0    0    1    1    1 |       8       8 |      64     256 |   OK    203 ms |      7.91 ms |  271.4 |     results match |
|   90 |   220 |    0  128   64   32   32    8   16   16    2    1    1    1    0    1    1    1 |      32       8 |     256     128 |   OK    222 ms |      4.87 ms |  440.5 |     results match |
|   91 |   220 |    0   64  128   32   16   16   16    8    2    2    4    1    0    0    0    1 |      16      16 |     256     128 |   OK    158 ms |      5.59 ms |  384.3 |     results match |
|   92 |   220 |    0   32   64   16   16    8   16   32    2    1    2    0    0    1    0    1 |      16       8 |     512     128 |   OK    166 ms |      8.67 ms |  247.5 |     results match |
|   93 |   220 |    0  128  128   32    8    8   32   16    2    1    4    1    0    1    1    1 |       8       8 |      64      64 |   OK   1366 ms |    278.04 ms |    7.7 |     results match |
|   94 |   220 |    0   64   64   32   16    8    8    8    2    4    1    0    0    0    0    1 |      16       8 |     256     128 |   OK    153 ms |      7.60 ms |  282.5 |     results match |
|   95 |   220 |    0  128  128   32    8   32   32    8    2    2    1    0    0    0    1    1 |       8      32 |      64     256 |   OK    238 ms |     10.87 ms |  197.5 |     results match |
|   96 |   220 |    0  128  128   16    8   16    8    8    2    1    1    0    0    0    1    1 |       8      16 |      64     128 |   OK    491 ms |      9.17 ms |  234.0 |     results match |
|   97 |   220 |    0   16  128   32    8   16   16   16    2    1    2    0    1    1    0    1 |       8      16 |     512     128 |   OK    162 ms |     10.77 ms |  199.2 |     results match |
|   98 |   220 |    0   32   64   32   16   16    8    8    2    2    4    0    1    1    0    1 |      16      16 |     512     256 |   OK    133 ms |      8.31 ms |  258.4 |     results match |
|   99 |   220 |    0   32   64   32    8   32   32    8    2    1    2    1    0    0    1    1 |       8      32 |     256     512 |   OK    145 ms |     14.19 ms |  151.2 |     results match |
|  100 |   220 |    0  128  128   32    8   16   32    8    2    2    4    1    0    0    1    1 |       8      16 |      64     128 |   OK    327 ms |      8.05 ms |  266.8 |     results match |
|  101 |   220 |    0   32   16   32    8    8   16    8    2    1    2    0    1    0    1    1 |       8       8 |     256     512 |   OK    147 ms |     16.61 ms |  129.2 |     results match |
|  102 |   220 |    0   16   16   32   16    8   16    8    2    1    1    1    1    0    0    1 |      16       8 |    1024     512 |   OK    114 ms |     26.74 ms |   80.3 |     results match |
|  103 |   220 |    0  128  128   32    8    8   16   32    2    8    2    0    1    1    0    1 |       8       8 |      64      64 |   OK    578 ms |     33.20 ms |   64.6 |     results match |
|  104 |   220 |    0   64  128   32    8    8   16   16    2    1    2    1    0    0    0    1 |       8       8 |     128      64 |   OK    429 ms |      9.13 ms |  235.2 |     results match |
|  105 |   220 |    0   64   16   32    8    8    8    8    2    4    1    0    1    0    0    1 |       8       8 |     128     512 |   OK    129 ms |      7.71 ms |  278.3 |     results match |
|  106 |   220 |    0  128   32   32    8   32   16    8    2    2    1    0    0    0    0    1 |       8      32 |      64    1024 |   OK    147 ms |     33.49 ms |   64.1 |     results match |
|  107 |   220 |    0   64  128   32    8   16    8   16    2    8    4    0    0    1    0    1 |       8      16 |     128     128 |   OK    161 ms |      4.10 ms |  523.3 |     results match |
|  108 |   220 |    0   64   64   32   16    8    8    8    2    1    2    1    0    0    0    1 |      16       8 |     256     128 |   OK    188 ms |      7.85 ms |  273.5 |     results match |
|  109 |   220 |    0   64  128   32   16   16    8   16    2    1    1    0    1    0    0    1 |      16      16 |     256     128 |   OK    201 ms |     10.71 ms |  200.4 |     results match |
|  110 |   220 |    0   64   64   16    8   16    8    8    2    8    4    1    1    0    1    1 |       8      16 |     128     256 |   OK    139 ms |      4.96 ms |  432.4 |     results match |
|  111 |   220 |    0  128   64   16   16    8    8   16    2    8    4    0    1    0    1    1 |      16       8 |     128     128 |   OK    165 ms |      4.09 ms |  525.3 |     results match |
|  112 |   220 |    0  128   64   32    8    8    8    8    2    8    2    1    0    0    0    1 |       8       8 |      64     128 |   OK    206 ms |      5.71 ms |  375.8 |     results match |
|  113 |   220 |    0   64   32   32    8   32    8    8    2    1    1    0    0    0    0    1 |       8      32 |     128    1024 |   OK    139 ms |     33.94 ms |   63.2 |     results match |
|  114 |   220 |    0  128  128   32    8   16    8   16    2    2    8    1    0    0    0    1 |       8      16 |      64     128 |   OK    299 ms |      7.76 ms |  276.5 |     results match |
|  115 |   220 |    0   16   64   32    8   16    8   16    2    2    1    1    0    1    1    1 |       8      16 |     512     256 |   OK    159 ms |     10.00 ms |  214.7 |     results match |
|  116 |   220 |    0   32   64   16   16    8   16   16    2    1    4    0    0    0    1    1 |      16       8 |     512     128 |   OK    156 ms |      7.06 ms |  304.0 |     results match |
|  117 |   220 |    0   64   32   32   16   16   16   16    2    2    2    0    0    0    1    1 |      16      16 |     256     512 |   OK    131 ms |      9.26 ms |  231.8 |     results match |
|  118 |   220 |    0   32  128   32   16    8    8    8    2    2    4    1    1    0    1    1 |      16       8 |     512      64 |   OK    166 ms |      5.76 ms |  372.4 |     results match |
|  119 |   220 |    0   32   16   32   16    8   16   16    2    2    1    0    1    0    1    1 |      16       8 |     512     512 |   OK    154 ms |     15.45 ms |  139.0 |     results match |
|  120 |   220 |    0   64   64   32    8   32    8    8    2    8    1    1    1    0    1    1 |       8      32 |     128     512 |   OK    183 ms |      8.60 ms |  249.7 |     results match |
|  121 |   220 |    0   32   32   16    8   16   32   16    2    1    1    0    0    1    1    1 |       8      16 |     256     512 |   OK    204 ms |      9.03 ms |  237.8 |     results match |
|  122 |   220 |    0   64   32   32   16    8   16    8    2    4    4    1    0    0    1    1 |      16       8 |     256     256 |   OK    139 ms |      6.23 ms |  344.5 |     results match |
|  123 |   220 |    0  128  128   32    8    8   32    8    2    2    2    1    1    0    0    1 |       8       8 |      64      64 |   OK    952 ms |     50.78 ms |   42.3 |     results match |
|  124 |   220 |    0   32   16   32   16    8   16    8    2    2    1    0    0    1    1    1 |      16       8 |     512     512 |   OK    183 ms |     11.37 ms |  188.8 |     results match |
|  125 |   220 |    0   64  128   32   16   16   32   16    2    2    1    0    0    1    1    1 |      16      16 |     256     128 |   OK    190 ms |      5.04 ms |  426.1 |     results match |
|  126 |   220 |    0   32  128   32    8   16   16   32    2    2    1    0    1    1    0    1 |       8      16 |     256     128 |   OK    178 ms |      9.42 ms |  227.8 |     results match |
|  127 |   220 |    0   32  128   16    8   32   32   16    2    1    4    1    0    0    1    1 |       8      32 |     256     256 |   OK    156 ms |      8.65 ms |  248.2 |     results match |
|  128 |   220 |    0   16  128   32    8   16    8   32    2    1    1    1    1    0    1    1 |       8      16 |     512     128 |   OK    195 ms |     11.13 ms |  192.9 |     results match |
|  129 |   220 |    0   32  128   32    8   32    8    8    2    4    2    0    1    1    1    1 |       8      32 |     256     256 |   OK    196 ms |      6.07 ms |  353.3 |     results match |
|  130 |   220 |    0   64  128   16    8   16    8    8    2    4    1    0    1    0    1    1 |       8      16 |     128     128 |   OK    204 ms |      4.68 ms |  459.0 |     results match |
|  131 |   220 |    0   16  128   32    8   32    8   16    2    2    4    1    1    0    1    1 |       8      32 |     512     256 |   OK    134 ms |      9.85 ms |  218.0 |     results match |
|  132 |   220 |    0   64   32   32   16    8    8    8    2    4    1    0    1    0    1    1 |      16       8 |     256     256 |   OK    140 ms |      5.99 ms |  358.2 |     results match |
|  133 |   220 |    0   64  128   32    8    8   16    8    2    2    4    0    0    1    1    1 |       8       8 |     128      64 |   OK    354 ms |      9.31 ms |  230.5 |     results match |
|  134 |   220 |    0  128   16   16    8    8   16    8    2    8    1    0    0    1    1    1 |       8       8 |      64     512 |   OK    197 ms |     12.30 ms |  174.5 |     results match |
|  135 |   220 |    0   32  128   16   16    8   32   16    2    1    2    0    0    0    1    1 |      16       8 |     512      64 |   OK    199 ms |      5.69 ms |  377.2 |     results match |
|  136 |   220 |    0  128  128   32   16    8   32    8    2    4    2    0    0    1    1    1 |      16       8 |     128      64 |   OK    268 ms |      5.09 ms |  421.5 |     results match |
|  137 |   220 |    0   64  128   32    8   32   32    8    2    1    1    0    0    1    0    1 |       8      32 |     128     256 |   OK    202 ms |      8.00 ms |  268.4 |     results match |
|  138 |   220 |    0  128   32   16    8   16    8   16    2    8    1    1    1    0    1    1 |       8      16 |      64     512 |   OK    184 ms |      8.01 ms |  267.8 |     results match |
|  139 |   220 |    0   16   64   32    8   16    8   32    2    1    1    0    1    1    0    1 |       8      16 |     512     256 |   OK    146 ms |     13.03 ms |  164.7 |     results match |
|  140 |   220 |    0   32  128   32   16    8    8    8    2    2    1    0    0    0    0    1 |      16       8 |     512      64 |   OK    185 ms |     13.18 ms |  162.9 |     results match |
|  141 |   220 |    0  128   64   32    8   16   32   16    2    4    4    1    0    1    0    1 |       8      16 |      64     256 |   OK    183 ms |      4.07 ms |  527.7 |     results match |
|  142 |   220 |    0   32  128   16   16    8    8    8    2    2    8    1    0    0    1    1 |      16       8 |     512      64 |   OK    165 ms |      5.21 ms |  411.9 |     results match |
|  143 |   220 |    0  128   32   16    8    8    8    8    2    4    4    0    1    0    1    1 |       8       8 |      64     256 |   OK    184 ms |      6.75 ms |  317.8 |     results match |
|  144 |   220 |    0   64   32   32   32    8   16    8    2    2    1    0    1    1    0    1 |      32       8 |     512     256 |   OK    138 ms |     14.26 ms |  150.5 |     results match |
|  145 |   220 |    0   64   32   16   16    8   16    8    2    2    2    0    0    0    1    1 |      16       8 |     256     256 |   OK    147 ms |      7.09 ms |  302.7 |     results match |
|  146 |   220 |    0   16   32   16    8   16    8    8    2    1    2    0    1    0    1    1 |       8      16 |     512     512 |   OK    148 ms |     25.12 ms |   85.5 |     results match |
|  147 |   220 |    0   64   64   16    8    8   16   16    2    4    1    0    1    0    1    1 |       8       8 |     128     128 |   OK    204 ms |      4.94 ms |  434.4 |     results match |
|  148 |   220 |    0   64   32   32    8   32    8    8    2    8    1    1    0    0    1    1 |       8      32 |     128    1024 |   OK    127 ms |     14.25 ms |  150.6 |     results match |
|  149 |   220 |    0   64   32   32   16   16   16   16    2    2    1    0    0    1    1    1 |      16      16 |     256     512 |   OK    206 ms |      8.55 ms |  251.0 |     results match |
|  150 |   220 |    0  128   32   32    8    8    8    8    2    2    1    0    1    1    1    1 |       8       8 |      64     256 |   OK    275 ms |     13.23 ms |  162.2 |     results match |
|  151 |   220 |    0   16   64   32   16    8   16   32    2    1    1    1    0    0    1    1 |      16       8 |    1024     128 |   OK    156 ms |     10.93 ms |  196.4 |     results match |
|  152 |   220 |    0  128   64   16    8   16   16   32    2    2    2    1    1    1    1    1 |       8      16 |      64     256 |   OK    224 ms |      3.97 ms |  540.8 |     results match |
|  153 |   220 |    0   32   64   16   16    8   32    8    2    1    4    1    0    1    0    1 |      16       8 |     512     128 |   OK    186 ms |      7.56 ms |  283.9 |     results match |
|  154 |   220 |    0  128  128   16    8    8    8    8    2    1    1    1    1    1    0    1 |       8       8 |      64      64 |   OK   1236 ms |    248.06 ms |    8.7 |     results match |
|  155 |   220 |    0   64  128   32    8   32    8   32    2    1    4    0    0    0    1    1 |       8      32 |     128     256 |   OK    201 ms |     11.54 ms |  186.0 |     results match |
|  156 |   220 |    0  128  128   32    8   32   32   16    2    4    1    1    0    0    0    1 |       8      32 |      64     256 |   OK    179 ms |      6.02 ms |  356.6 |     results match |
|  157 |   220 |    0   64  128   32    8    8   32   32    2    1    2    0    1    1    0    1 |       8       8 |     128      64 |   OK    486 ms |      9.30 ms |  230.8 |     results match |
|  158 |   220 |    0  128  128   32    8   32   16   32    2    1    4    0    0    0    1    1 |       8      32 |      64     256 |   OK    300 ms |     13.15 ms |  163.2 |     results match |
|  159 |   220 |    0  128   64   16    8   16    8    8    2    4    2    0    1    0    1    1 |       8      16 |      64     256 |   OK    188 ms |      6.78 ms |  316.7 |     results match |
|  160 |   220 |    0   16   64   16    8    8    8    8    2    1    2    1    0    0    1    1 |       8       8 |     512     128 |   OK    165 ms |      7.16 ms |  300.0 |     results match |
|  161 |   220 |    0  128  128   16    8   16   32    8    2    2    2    1    0    0    0    1 |       8      16 |      64     128 |   OK    313 ms |      9.67 ms |  222.0 |     results match |
|  162 |   220 |    0  128   64   32   16    8   16    8    2    8    8    1    1    0    0    1 |      16       8 |     128     128 |   OK    153 ms |      4.36 ms |  492.2 |     results match |
|  163 |   220 |    0  128   32   32   16   16    8   32    2    2    1    1    1    1    0    1 |      16      16 |     128     512 |   OK    146 ms |      7.47 ms |  287.3 |     results match |
|  164 |   220 |    0   32  128   32   16    8   16   32    2    1    1    1    1    1    1    1 |      16       8 |     512      64 |   OK    248 ms |      6.39 ms |  335.7 |     results match |
|  165 |   220 |    0  128   32   16    8   16    8   16    2    2    2    1    0    0    1    1 |       8      16 |      64     512 |   OK    181 ms |     10.81 ms |  198.6 |     results match |
|  166 |   220 |    0   32  128   32   16    8   16   16    2    2    8    1    0    0    0    1 |      16       8 |     512      64 |   OK    155 ms |      6.29 ms |  341.0 |     results match |
|  167 |   220 |    0  128   32   16    8    8   16    8    2    8    2    1    1    0    0    1 |       8       8 |      64     256 |   OK    160 ms |      7.70 ms |  278.7 |     results match |
|  168 |   220 |    0  128   64   32   16    8    8    8    2    8    1    0    0    0    1    1 |      16       8 |     128     128 |   OK    182 ms |      4.32 ms |  497.0 |     results match |
|  169 |   220 |    0   64  128   32    8   16   16    8    2    4    2    1    1    0    1    1 |       8      16 |     128     128 |   OK    196 ms |      4.12 ms |  521.6 |     results match |
|  170 |   220 |    0   64   64   16    8    8   16    8    2    2    2    0    1    1    1    1 |       8       8 |     128     128 |   OK    232 ms |      5.56 ms |  385.9 |     results match |
|  171 |   220 |    0   64  128   32    8   16   32   16    2    2    2    0    0    0    1    1 |       8      16 |     128     128 |   OK    229 ms |      4.88 ms |  439.6 |     results match |
|  172 |   220 |    0   32  128   16   16    8    8   32    2    2    1    0    0    1    1    1 |      16       8 |     512      64 |   OK    187 ms |      5.66 ms |  379.3 |     results match |
|  173 |   220 |    0   64   64   16    8    8    8   16    2    4    4    1    1    0    1    1 |       8       8 |     128     128 |   OK    185 ms |      4.46 ms |  481.7 |     results match |
|  174 |   220 |    0   32   64   32    8   16   16   32    2    2    1    0    1    0    1    1 |       8      16 |     256     256 |   OK    162 ms |      7.88 ms |  272.2 |     results match |
|  175 |   220 |    0   64   32   32   16    8    8    8    2    4    2    1    0    0    1    1 |      16       8 |     256     256 |   OK    136 ms |      5.78 ms |  371.4 |     results match |
|  176 |   220 |    0   64   16   32   16    8    8    8    2    2    2    1    1    0    1    1 |      16       8 |     256     512 |   OK    130 ms |     12.69 ms |  169.1 |     results match |
|  177 |   220 |    0   64   64   16    8    8   16    8    2    1    4    0    0    0    0    1 |       8       8 |     128     128 |   OK    283 ms |      6.66 ms |  322.1 |     results match |
|  178 |   220 |    0  128   32   32   16    8   16   16    2    1    2    1    0    1    0    1 |      16       8 |     128     256 |   OK    230 ms |      7.64 ms |  280.8 |     results match |
|  179 |   220 |    0   64   64   32   32    8    8   32    2    1    2    0    0    1    0    1 |      32       8 |     512     128 |   OK    164 ms |      9.86 ms |  217.8 |     results match |
|  180 |   220 |    0  128   64   16    8    8   16   16    2    8    1    0    1    1    0    1 |       8       8 |      64     128 |   OK    227 ms |      7.32 ms |  293.2 |     results match |
|  181 |   220 |    0   64   16   32   16    8    8    8    2    1    1    1    0    1    1    1 |      16       8 |     256     512 |   OK    309 ms |      9.98 ms |  215.0 |     results match |
|  182 |   220 |    0   64   64   32    8   32    8   32    2    4    2    1    0    1    1    1 |       8      32 |     128     512 |   OK    193 ms |      4.89 ms |  439.2 |     results match |
|  183 |   220 |    0   32   64   32    8   16    8    8    2    1    4    1    0    1    1    1 |       8      16 |     256     256 |   OK    260 ms |      6.15 ms |  349.2 |     results match |
|  184 |   220 |    0  128  128   32    8   32   32   16    2    2    1    1    1    0    0    1 |       8      32 |      64     256 |   OK    215 ms |      7.89 ms |  272.1 |     results match |
|  185 |   220 |    0   32   64   32    8   16    8    8    2    4    4    1    1    1    0    1 |       8      16 |     256     256 |   OK    131 ms |      6.23 ms |  344.4 |     results match |
|  186 |   220 |    0   64  128   16    8    8    8    8    2    2    1    1    0    1    1    1 |       8       8 |     128      64 |   OK    369 ms |      6.71 ms |  320.1 |     results match |
|  187 |   220 |    0   16   64   32    8   32   16   16    2    1    1    0    0    1    1    1 |       8      32 |     512     512 |   OK    236 ms |     11.63 ms |  184.5 |     results match |
|  188 |   220 |    0  128   64   16    8   16   16   16    2    2    1    1    0    0    0    1 |       8      16 |      64     256 |   OK    226 ms |      7.58 ms |  283.3 |     results match |
|  189 |   220 |    0  128   64   32   32    8   32   16    2    4    1    0    0    0    1    1 |      32       8 |     256     128 |   OK    154 ms |      5.36 ms |  400.6 |     results match |
|  190 |   220 |    0   32   64   32    8   32   16   32    2    1    2    1    1    1    0    1 |       8      32 |     256     512 |   OK    237 ms |      8.43 ms |  254.8 |     results match |
|  191 |   220 |    0   32   16   16   16    8    8   16    2    2    1    1    0    1    1    1 |      16       8 |     512     512 |   OK    144 ms |     10.40 ms |  206.5 |     results match |
|  192 |   220 |    0   64   64   32   32    8   32   16    2    1    1    0    0    0    1    1 |      32       8 |     512     128 |   OK    161 ms |      6.24 ms |  344.1 |     results match |
|  193 |   220 |    0  128   64   32    8   16    8   16    2    2    1    1    1    1    1    1 |       8      16 |      64     256 |   OK    254 ms |      4.91 ms |  437.0 |     results match |
|  194 |   220 |    0   64  128   16    8    8   32   16    2    1    8    0    1    1    0    1 |       8       8 |     128      64 |   OK    457 ms |      7.14 ms |  300.6 |     results match |
|  195 |   220 |    0  128  128   32   16   16   32    8    2    1    8    1    0    0    0    1 |      16      16 |     128     128 |   OK    262 ms |      6.07 ms |  353.5 |     results match |
|  196 |   220 |    0  128  128   16    8    8   16    8    2    2    1    0    0    0    1    1 |       8       8 |      64      64 |   OK    810 ms |     28.60 ms |   75.1 |     results match |
|  197 |   220 |    0   32   32   32   32    8    8    8    2    1    4    1    0    0    1    1 |      32       8 |    1024     256 |   OK    134 ms |     12.97 ms |  165.5 |     results match |
|  198 |   220 |    0  128  128   32   16   16    8    8    2    2    4    1    0    1    0    1 |      16      16 |     128     128 |   OK    217 ms |      4.26 ms |  504.4 |     results match |
|  199 |   220 |    0   64   16   32    8    8    8    8    2    8    1    0    1    1    0    1 |       8       8 |     128     512 |   OK    136 ms |     10.81 ms |  198.6 |     results match |
|  200 |   220 |    0   32  128   32   16   16   32   16    2    1    4    1    0    0    1    1 |      16      16 |     512     128 |   OK    159 ms |      8.59 ms |  249.9 |     results match |
|  201 |   220 |    0   32   32   32    8    8   16   16    2    2    1    1    1    0    1    1 |       8       8 |     256     256 |   OK    161 ms |      8.41 ms |  255.4 |     results match |
|  202 |   220 |    0   64   64   16    8   16   32    8    2    1    2    0    0    0    1    1 |       8      16 |     128     256 |   OK    207 ms |     10.44 ms |  205.6 |     results match |
|  203 |   220 |    0   32   16   16   16    8    8    8    2    2    2    0    0    0    0    1 |      16       8 |     512     512 |   OK    127 ms |     19.02 ms |  112.8 |     results match |
|  204 |   220 |    0  128  128   32   32    8    8   16    2    1    4    1    0    1    0    1 |      32       8 |     256      64 |   OK    292 ms |      5.22 ms |  411.6 |     results match |
|  205 |   220 |    0   64   64   32   16    8   16   32    2    1    2    0    0    0    1    1 |      16       8 |     256     128 |   OK    199 ms |      8.02 ms |  267.5 |     results match |
|  206 |   220 |    0   64  128   32   16    8   16   16    2    2    1    0    1    1    1    1 |      16       8 |     256      64 |   OK    267 ms |      4.75 ms |  451.9 |     results match |
|  207 |   220 |    0  128  128   32    8   16   16   32    2    1    2    1    1    0    0    1 |       8      16 |      64     128 |   OK    438 ms |      8.35 ms |  257.0 |     results match |
|  208 |   220 |    0   32  128   16   32    8   32   32    2    1    2    1    0    1    1    1 |      32       8 |    1024      64 |   OK    262 ms |      7.91 ms |  271.4 |     results match |
|  209 |   220 |    0   64   32   16    8    8   16    8    2    4    4    1    0    0    1    1 |       8       8 |     128     256 |   OK    154 ms |      5.76 ms |  372.5 |     results match |
|  210 |   220 |    0  128   32   16   16    8    8    8    2    2    1    0    1    0    0    1 |      16       8 |     128     256 |   OK    168 ms |      7.76 ms |  276.5 |     results match |
|  211 |   220 |    0  128  128   32    8   16   16   16    2    1    8    0    0    1    0    1 |       8      16 |      64     128 |   OK    481 ms |      7.66 ms |  280.2 |     results match |
|  212 |   220 |    0  128   32   32    8   16   16    8    2    4    1    0    0    0    1    1 |       8      16 |      64     512 |   OK    158 ms |     12.66 ms |  169.5 |     results match |
|  213 |   220 |    0  128   64   32   16   16   32   16    2    2    4    1    1    1    1    1 |      16      16 |     128     256 |   OK    171 ms |      4.45 ms |  482.5 |     results match |
|  214 |   220 |    0  128   64   32   32    8   16   32    2    4    1    1    1    0    0    1 |      32       8 |     256     128 |   OK    152 ms |      8.62 ms |  248.9 |     results match |
|  215 |   220 |    0  128   64   32   16    8   16   16    2    2    1    0    1    0    0    1 |      16       8 |     128     128 |   OK    221 ms |      9.78 ms |  219.6 |     results match |
|  216 |   220 |    0   16   64   32   16    8   16    8    2    1    4    0    0    1    1    1 |      16       8 |    1024     128 |   OK    202 ms |      9.78 ms |  219.4 |     results match |
|  217 |   220 |    0   16   16   16   16    8   16    8    2    1    2    0    1    0    1    1 |      16       8 |    1024     512 |   OK    134 ms |     26.34 ms |   81.5 |     results match |
|  218 |   220 |    0   64  128   32    8   32    8    8    2    4    4    0    1    1    1    1 |       8      32 |     128     256 |   OK    148 ms |      5.11 ms |  419.8 |     results match |
|  219 |   220 |    0  128   64   32   16   16   32    8    2    4    2    1    1    0    0    1 |      16      16 |     128     256 |   OK    143 ms |      5.62 ms |  381.8 |     results match |
|  220 |   220 |    0  128   64   32    8   16   16   16    2    4    1    0    0    0    1    1 |       8      16 |      64     256 |   OK    202 ms |      6.84 ms |  313.7 |     results match |
x------x-------x---------------------------------------------------------------------------------x-----------------x-----------------x----------------x--------------x--------x-------------------x


* Got average result of 11.92 ms: 180.0 GFLOPS
* Found best result 3.51 ms: 611.3 GFLOPS
* Best parameters: GEMMK=0 KREG=1 KWG=32 KWI=2 MDIMA=16 MDIMC=8 MWG=128 NDIMB=32 NDIMC=32 NWG=128 PRECISION=32 SA=1 SB=1 STRM=1 STRN=1 VWM=2 VWN=4

* Writing a total of 220 results to 'clblast_xgemm_2_32.json'
* Completed tuning process

* (3/4) Tuning secondary GEMM kernel (GEMMK == 1) for fixed set of parameters

* Options given/available:
    -platform 0 [=default]
    -device 0 [=default]
    -precision 32 (single) [=default]
    -threads 1 [=default]
    -m 1024 [=default]
    -n 1024 [=default]
    -k 1024 [=default]
    -alpha 2.00 [=default]
    -beta 2.00 [=default]
    -fraction 1.00 [=default]
    -runs 2 [=default]
    -max_l2_norm 0.00 [=default]

* Found 407 configuration(s)
* Parameters explored: GEMMK MWG NWG KWG MDIMC NDIMC MDIMA NDIMB KWI VWM VWN STRM STRN SA SB KREG 

|   ID | total |                                                                           param |      local      |      global     |       compiles |         time | GFLOPS |            status |
x------x-------x---------------------------------------------------------------------------------x-----------------x-----------------x----------------x--------------x--------x-------------------x
|  ref |     - |                                                                               - |       8       8 |    1024    1024 |             OK |     39.59 ms |      - |      reference OK |
x------x-------x---------------------------------------------------------------------------------x-----------------x-----------------x----------------x--------------x--------x-------------------x
|    1 |   407 |    1   16   16    1    4    4    4    4    1    1    1    0    0    0    0    1 |       4       4 |     256     256 |   OK    140 ms |     55.23 ms |   38.9 |     results match |
|    2 |   407 |    1   16   16    1    4    4    4    4    1    1    1    0    0    0    0    2 |       4       4 |     256     256 |   OK    144 ms |     38.53 ms |   55.7 |     results match |
|    3 |   407 |    1   16   16    1    4    4    4    4    1    1    1    0    0    0    0    4 |       4       4 |     256     256 |   OK    157 ms |     30.07 ms |   71.4 |     results match |
|    4 |   407 |    1   16   16    1    4    4    4    4    1    2    2    0    0    0    0    2 |       4       4 |     256     256 |   OK    131 ms |     37.73 ms |   56.9 |     results match |
|    5 |   407 |    1   16   16    1    4    4    4    4    1    2    2    0    0    0    0    4 |       4       4 |     256     256 |   OK    138 ms |     25.82 ms |   83.1 |     results match |
|    6 |   407 |    1   16   16    1    4    4    4    4    1    4    4    0    0    0    0    4 |       4       4 |     256     256 |   OK    125 ms |     22.35 ms |   96.1 |     results match |
|    7 |   407 |    1   16   16    1    4    8    4    8    1    1    1    0    0    0    0    1 |       4       8 |     256     512 |   OK    121 ms |     55.21 ms |   38.9 |     results match |
|    8 |   407 |    1   16   16    1    4    8    4    8    1    1    1    0    0    0    0    2 |       4       8 |     256     512 |   OK    126 ms |     36.48 ms |   58.8 |     results match |
|    9 |   407 |    1   16   16    1    4    8    4    8    1    1    1    0    0    0    0    4 |       4       8 |     256     512 |   OK    133 ms |     26.00 ms |   82.5 |     results match |
|   10 |   407 |    1   16   16    1    4    8    4    8    1    2    2    0    0    0    0    2 |       4       8 |     256     512 |   OK    120 ms |     33.97 ms |   63.2 |     results match |
|   11 |   407 |    1   16   16    1    4    8    4    8    1    2    2    0    0    0    0    4 |       4       8 |     256     512 |   OK    125 ms |     23.59 ms |   91.0 |     results match |
|   12 |   407 |    1   16   16    1    4   16    4   16    1    1    1    0    0    0    0    1 |       4      16 |     256    1024 |   OK    111 ms |     55.50 ms |   38.7 |     results match |
|   13 |   407 |    1   16   16    1    4   16    4   16    1    1    1    0    0    0    0    2 |       4      16 |     256    1024 |   OK    117 ms |     40.54 ms |   52.9 |     results match |
|   14 |   407 |    1   16   16    1    4   16    4   16    1    1    1    0    0    0    0    4 |       4      16 |     256    1024 |   OK    122 ms |     34.98 ms |   61.4 |     results match |
|   15 |   407 |    1   16   16    1    8    4    8    4    1    1    1    0    0    0    0    1 |       8       4 |     512     256 |   OK    122 ms |     54.83 ms |   39.1 |     results match |
|   16 |   407 |    1   16   16    1    8    4    8    4    1    1    1    0    0    0    0    2 |       8       4 |     512     256 |   OK    125 ms |     31.65 ms |   67.8 |     results match |
|   17 |   407 |    1   16   16    1    8    4    8    4    1    1    1    0    0    0    0    4 |       8       4 |     512     256 |   OK    133 ms |     21.51 ms |   99.8 |     results match |
|   18 |   407 |    1   16   16    1    8    4    8    4    1    2    2    0    0    0    0    2 |       8       4 |     512     256 |   OK    118 ms |     30.46 ms |   70.5 |     results match |
|   19 |   407 |    1   16   16    1    8    4    8    4    1    2    2    0    0    0    0    4 |       8       4 |     512     256 |   OK    121 ms |     19.90 ms |  107.9 |     results match |
|   20 |   407 |    1   16   16    1    8    8    8    8    1    1    1    0    0    0    0    1 |       8       8 |     512     512 |   OK    112 ms |     55.25 ms |   38.9 |     results match |
|   21 |   407 |    1   16   16    1    8    8    8    8    1    1    1    0    0    0    0    2 |       8       8 |     512     512 |   OK    118 ms |     31.53 ms |   68.1 |     results match |
|   22 |   407 |    1   16   16    1    8    8    8    8    1    1    1    0    0    0    0    4 |       8       8 |     512     512 |   OK    120 ms |     22.90 ms |   93.7 |     results match |
|   23 |   407 |    1   16   16    1    8    8    8    8    1    2    2    0    0    0    0    2 |       8       8 |     512     512 |   OK    110 ms |     29.39 ms |   73.0 |     results match |
|   24 |   407 |    1   16   16    1    8    8    8    8    1    2    2    0    0    0    0    4 |       8       8 |     512     512 |   OK    114 ms |     17.90 ms |  119.9 |     results match |
|   25 |   407 |    1   16   16    1    8   16    8   16    1    1    1    0    0    0    0    1 |       8      16 |     512    1024 |   OK    104 ms |     58.10 ms |   36.9 |     results match |
|   26 |   407 |    1   16   16    1    8   16    8   16    1    1    1    0    0    0    0    2 |       8      16 |     512    1024 |   OK    119 ms |     40.10 ms |   53.5 |     results match |
|   27 |   407 |    1   16   16    1    8   16    8   16    1    1    1    0    0    0    0    4 |       8      16 |     512    1024 |   OK    112 ms |     35.77 ms |   60.0 |     results match |
|   28 |   407 |    1   16   16    1   16    4   16    4    1    1    1    0    0    0    0    1 |      16       4 |    1024     256 |   OK    104 ms |     55.03 ms |   39.0 |     results match |
|   29 |   407 |    1   16   16    1   16    4   16    4    1    1    1    0    0    0    0    2 |      16       4 |    1024     256 |   OK    107 ms |     29.36 ms |   73.1 |     results match |
|   30 |   407 |    1   16   16    1   16    4   16    4    1    1    1    0    0    0    0    4 |      16       4 |    1024     256 |   OK    114 ms |     16.78 ms |  127.9 |     results match |
|   31 |   407 |    1   16   16    1   16    8   16    8    1    1    1    0    0    0    0    1 |      16       8 |    1024     512 |   OK     96 ms |     57.93 ms |   37.1 |     results match |
|   32 |   407 |    1   16   16    1   16    8   16    8    1    1    1    0    0    0    0    2 |      16       8 |    1024     512 |   OK    101 ms |     32.26 ms |   66.5 |     results match |
|   33 |   407 |    1   16   16    1   16    8   16    8    1    1    1    0    0    0    0    4 |      16       8 |    1024     512 |   OK    104 ms |     20.08 ms |  106.9 |     results match |
|   34 |   407 |    1   16   16    1   16   16   16   16    1    1    1    0    0    0    0    1 |      16      16 |    1024    1024 |   OK     91 ms |     58.91 ms |   36.4 |     results match |
|   35 |   407 |    1   16   16    1   16   16   16   16    1    1    1    0    0    0    0    2 |      16      16 |    1024    1024 |   OK     94 ms |     35.84 ms |   59.9 |     results match |
|   36 |   407 |    1   16   16    1   16   16   16   16    1    1    1    0    0    0    0    4 |      16      16 |    1024    1024 |   OK     96 ms |     24.37 ms |   88.1 |     results match |
|   37 |   407 |    1   16   32    1    4    4    4    4    1    1    1    0    0    0    0    1 |       4       4 |     256     128 |   OK    176 ms |     53.27 ms |   40.3 |     results match |
|   38 |   407 |    1   16   32    1    4    4    4    4    1    1    1    0    0    0    0    2 |       4       4 |     256     128 |   OK    184 ms |     31.30 ms |   68.6 |     results match |
|   39 |   407 |    1   16   32    1    4    4    4    4    1    1    1    0    0    0    0    4 |       4       4 |     256     128 |   OK    208 ms |     28.35 ms |   75.7 |     results match |
|   40 |   407 |    1   16   32    1    4    4    4    4    1    2    2    0    0    0    0    2 |       4       4 |     256     128 |   OK    155 ms |     30.46 ms |   70.5 |     results match |
|   41 |   407 |    1   16   32    1    4    4    4    4    1    2    2    0    0    0    0    4 |       4       4 |     256     128 |   OK    169 ms |     20.68 ms |  103.8 |     results match |
|   42 |   407 |    1   16   32    1    4    4    4    4    1    4    4    0    0    0    0    4 |       4       4 |     256     128 |   OK    140 ms |     18.44 ms |  116.4 |     results match |
|   43 |   407 |    1   16   32    1    4    8    4    8    1    1    1    0    0    0    0    1 |       4       8 |     256     256 |   OK    137 ms |     53.47 ms |   40.1 |     results match |
|   44 |   407 |    1   16   32    1    4    8    4    8    1    1    1    0    0    0    0    2 |       4       8 |     256     256 |   OK    146 ms |     30.86 ms |   69.6 |     results match |
|   45 |   407 |    1   16   32    1    4    8    4    8    1    1    1    0    0    0    0    4 |       4       8 |     256     256 |   OK    158 ms |     18.56 ms |  115.7 |     results match |
|   46 |   407 |    1   16   32    1    4    8    4    8    1    2    2    0    0    0    0    2 |       4       8 |     256     256 |   OK    130 ms |     29.23 ms |   73.4 |     results match |
|   47 |   407 |    1   16   32    1    4    8    4    8    1    2    2    0    0    0    0    4 |       4       8 |     256     256 |   OK    138 ms |     15.92 ms |  134.8 |     results match |
|   48 |   407 |    1   16   32    1    4    8    4    8    1    4    4    0    0    0    0    4 |       4       8 |     256     256 |   OK    126 ms |     15.42 ms |  139.2 |     results match |
|   49 |   407 |    1   16   32    1    4   16    4   16    1    1    1    0    0    0    0    1 |       4      16 |     256     512 |   OK    128 ms |     53.35 ms |   40.2 |     results match |
|   50 |   407 |    1   16   32    1    4   16    4   16    1    1    1    0    0    0    0    2 |       4      16 |     256     512 |   OK    125 ms |     31.39 ms |   68.4 |     results match |
|   51 |   407 |    1   16   32    1    4   16    4   16    1    1    1    0    0    0    0    4 |       4      16 |     256     512 |   OK    142 ms |     21.16 ms |  101.4 |     results match |
|   52 |   407 |    1   16   32    1    4   16    4   16    1    2    2    0    0    0    0    2 |       4      16 |     256     512 |   OK    118 ms |     29.63 ms |   72.4 |     results match |
|   53 |   407 |    1   16   32    1    4   16    4   16    1    2    2    0    0    0    0    4 |       4      16 |     256     512 |   OK    127 ms |     17.69 ms |  121.4 |     results match |
|   54 |   407 |    1   16   32    1    8    4    8    4    1    1    1    0    0    0    0    1 |       8       4 |     512     128 |   OK    140 ms |     52.61 ms |   40.8 |     results match |
|   55 |   407 |    1   16   32    1    8    4    8    4    1    1    1    0    0    0    0    2 |       8       4 |     512     128 |   OK    149 ms |     28.96 ms |   74.1 |     results match |
|   56 |   407 |    1   16   32    1    8    4    8    4    1    1    1    0    0    0    0    4 |       8       4 |     512     128 |   OK    164 ms |     17.19 ms |  124.8 |     results match |
|   57 |   407 |    1   16   32    1    8    4    8    4    1    2    2    0    0    0    0    2 |       8       4 |     512     128 |   OK    129 ms |     27.81 ms |   77.2 |     results match |
|   58 |   407 |    1   16   32    1    8    4    8    4    1    2    2    0    0    0    0    4 |       8       4 |     512     128 |   OK    137 ms |     16.91 ms |  126.9 |     results match |
|   59 |   407 |    1   16   32    1    8    8    8    8    1    1    1    0    0    0    0    1 |       8       8 |     512     256 |   OK    121 ms |     53.31 ms |   40.3 |     results match |
|   60 |   407 |    1   16   32    1    8    8    8    8    1    1    1    0    0    0    0    2 |       8       8 |     512     256 |   OK    125 ms |     28.23 ms |   76.0 |     results match |
|   61 |   407 |    1   16   32    1    8    8    8    8    1    1    1    0    0    0    0    4 |       8       8 |     512     256 |   OK    132 ms |     16.13 ms |  133.1 |     results match |
|   62 |   407 |    1   16   32    1    8    8    8    8    1    2    2    0    0    0    0    2 |       8       8 |     512     256 |   OK    119 ms |     27.67 ms |   77.6 |     results match |
|   63 |   407 |    1   16   32    1    8    8    8    8    1    2    2    0    0    0    0    4 |       8       8 |     512     256 |   OK    123 ms |     15.31 ms |  140.2 |     results match |
|   64 |   407 |    1   16   32    1    8   16    8   16    1    1    1    0    0    0    0    1 |       8      16 |     512     512 |   OK    113 ms |     54.69 ms |   39.2 |     results match |
|   65 |   407 |    1   16   32    1    8   16    8   16    1    1    1    0    0    0    0    2 |       8      16 |     512     512 |   OK    119 ms |     40.58 ms |   52.9 |     results match |
|   66 |   407 |    1   16   32    1    8   16    8   16    1    1    1    0    0    0    0    4 |       8      16 |     512     512 |   OK    123 ms |     31.72 ms |   67.7 |     results match |
|   67 |   407 |    1   16   32    1    8   16    8   16    1    2    2    0    0    0    0    2 |       8      16 |     512     512 |   OK    112 ms |     38.46 ms |   55.8 |     results match |
|   68 |   407 |    1   16   32    1    8   16    8   16    1    2    2    0    0    0    0    4 |       8      16 |     512     512 |   OK    114 ms |     17.30 ms |  124.1 |     results match |
|   69 |   407 |    1   16   32    1   16    4   16    4    1    1    1    0    0    0    0    1 |      16       4 |    1024     128 |   OK    114 ms |     53.05 ms |   40.5 |     results match |
|   70 |   407 |    1   16   32    1   16    4   16    4    1    1    1    0    0    0    0    2 |      16       4 |    1024     128 |   OK    120 ms |     27.65 ms |   77.6 |     results match |
|   71 |   407 |    1   16   32    1   16    4   16    4    1    1    1    0    0    0    0    4 |      16       4 |    1024     128 |   OK    136 ms |     15.32 ms |  140.1 |     results match |
|   72 |   407 |    1   16   32    1   16    8   16    8    1    1    1    0    0    0    0    1 |      16       8 |    1024     256 |   OK    105 ms |     54.42 ms |   39.4 |     results match |
|   73 |   407 |    1   16   32    1   16    8   16    8    1    1    1    0    0    0    0    2 |      16       8 |    1024     256 |   OK    109 ms |     29.20 ms |   73.5 |     results match |
|   74 |   407 |    1   16   32    1   16    8   16    8    1    1    1    0    0    0    0    4 |      16       8 |    1024     256 |   OK    113 ms |     16.93 ms |  126.8 |     results match |
|   75 |   407 |    1   16   32    1   16   16   16   16    1    1    1    0    0    0    0    1 |      16      16 |    1024     512 |   OK     96 ms |     55.70 ms |   38.5 |     results match |
|   76 |   407 |    1   16   32    1   16   16   16   16    1    1    1    0    0    0    0    2 |      16      16 |    1024     512 |   OK    101 ms |     31.41 ms |   68.3 |     results match |
|   77 |   407 |    1   16   32    1   16   16   16   16    1    1    1    0    0    0    0    4 |      16      16 |    1024     512 |   OK    103 ms |     19.03 ms |  112.8 |     results match |
|   78 |   407 |    1   16   64    1    4    4    4    4    1    1    1    0    0    0    0    1 |       4       4 |     256      64 |   OK    250 ms |     52.81 ms |   40.6 |     results match |
|   79 |   407 |    1   16   64    1    4    4    4    4    1    1    1    0    0    0    0    2 |       4       4 |     256      64 |   OK    277 ms |     33.41 ms |   64.2 |     results match |
|   80 |   407 |    1   16   64    1    4    4    4    4    1    1    1    0    0    0    0    4 |       4       4 |     256      64 |   OK    323 ms |     35.99 ms |   59.6 |     results match |
|   81 |   407 |    1   16   64    1    4    4    4    4    1    2    2    0    0    0    0    2 |       4       4 |     256      64 |   OK    204 ms |     32.05 ms |   67.0 |     results match |
|   82 |   407 |    1   16   64    1    4    4    4    4    1    2    2    0    0    0    0    4 |       4       4 |     256      64 |   OK    233 ms |     21.71 ms |   98.9 |     results match |
|   83 |   407 |    1   16   64    1    4    4    4    4    1    4    4    0    0    0    0    4 |       4       4 |     256      64 |   OK    180 ms |     21.07 ms |  101.9 |     results match |
|   84 |   407 |    1   16   64    1    4    8    4    8    1    1    1    0    0    0    0    1 |       4       8 |     256     128 |   OK    177 ms |     52.46 ms |   40.9 |     results match |
|   85 |   407 |    1   16   64    1    4    8    4    8    1    1    1    0    0    0    0    2 |       4       8 |     256     128 |   OK    186 ms |     27.52 ms |   78.0 |     results match |
|   86 |   407 |    1   16   64    1    4    8    4    8    1    1    1    0    0    0    0    4 |       4       8 |     256     128 |   OK    207 ms |     16.47 ms |  130.3 |     results match |
|   87 |   407 |    1   16   64    1    4    8    4    8    1    2    2    0    0    0    0    2 |       4       8 |     256     128 |   OK    156 ms |     28.08 ms |   76.4 |     results match |
|   88 |   407 |    1   16   64    1    4    8    4    8    1    2    2    0    0    0    0    4 |       4       8 |     256     128 |   OK    164 ms |     14.88 ms |  144.2 |     results match |
|   89 |   407 |    1   16   64    1    4    8    4    8    1    4    4    0    0    0    0    4 |       4       8 |     256     128 |   OK    142 ms |     14.50 ms |  148.0 |     results match |
|   90 |   407 |    1   16   64    1    4   16    4   16    1    1    1    0    0    0    0    1 |       4      16 |     256     256 |   OK    140 ms |     55.87 ms |   38.4 |     results match |
|   91 |   407 |    1   16   64    1    4   16    4   16    1    1    1    0    0    0    0    2 |       4      16 |     256     256 |   OK    145 ms |     29.33 ms |   73.2 |     results match |
|   92 |   407 |    1   16   64    1    4   16    4   16    1    1    1    0    0    0    0    4 |       4      16 |     256     256 |   OK    157 ms |     16.37 ms |  131.1 |     results match |
|   93 |   407 |    1   16   64    1    4   16    4   16    1    2    2    0    0    0    0    2 |       4      16 |     256     256 |   OK    130 ms |     28.05 ms |   76.5 |     results match |
|   94 |   407 |    1   16   64    1    4   16    4   16    1    2    2    0    0    0    0    4 |       4      16 |     256     256 |   OK    138 ms |     14.47 ms |  148.3 |     results match |
|   95 |   407 |    1   16   64    1    4   16    4   16    1    4    4    0    0    0    0    4 |       4      16 |     256     256 |   OK    124 ms |     14.63 ms |  146.7 |     results match |
|   96 |   407 |    1   16   64    1    8    4    8    4    1    1    1    0    0    0    0    1 |       8       4 |     512      64 |   OK    182 ms |     52.58 ms |   40.8 |     results match |
|   97 |   407 |    1   16   64    1    8    4    8    4    1    1    1    0    0    0    0    2 |       8       4 |     512      64 |   OK    198 ms |     27.05 ms |   79.4 |     results match |
|   98 |   407 |    1   16   64    1    8    4    8    4    1    1    1    0    0    0    0    4 |       8       4 |     512      64 |   OK    242 ms |     17.12 ms |  125.4 |     results match |
|   99 |   407 |    1   16   64    1    8    4    8    4    1    2    2    0    0    0    0    2 |       8       4 |     512      64 |   OK    163 ms |     27.25 ms |   78.8 |     results match |
|  100 |   407 |    1   16   64    1    8    4    8    4    1    2    2    0    0    0    0    4 |       8       4 |     512      64 |   OK    175 ms |     15.08 ms |  142.3 |     results match |
|  101 |   407 |    1   16   64    1    8    8    8    8    1    1    1    0    0    0    0    1 |       8       8 |     512     128 |   OK    141 ms |     51.94 ms |   41.3 |     results match |
|  102 |   407 |    1   16   64    1    8    8    8    8    1    1    1    0    0    0    0    2 |       8       8 |     512     128 |   OK    148 ms |     27.87 ms |   77.0 |     results match |
|  103 |   407 |    1   16   64    1    8    8    8    8    1    1    1    0    0    0    0    4 |       8       8 |     512     128 |   OK    165 ms |     15.00 ms |  143.1 |     results match |
|  104 |   407 |    1   16   64    1    8    8    8    8    1    2    2    0    0    0    0    2 |       8       8 |     512     128 |   OK    128 ms |     26.80 ms |   80.1 |     results match |
|  105 |   407 |    1   16   64    1    8    8    8    8    1    2    2    0    0    0    0    4 |       8       8 |     512     128 |   OK    137 ms |     14.44 ms |  148.7 |     results match |
|  106 |   407 |    1   16   64    1    8   16    8   16    1    1    1    0    0    0    0    1 |       8      16 |     512     256 |   OK    123 ms |     52.90 ms |   40.6 |     results match |
|  107 |   407 |    1   16   64    1    8   16    8   16    1    1    1    0    0    0    0    2 |       8      16 |     512     256 |   OK    126 ms |     28.22 ms |   76.0 |     results match |
|  108 |   407 |    1   16   64    1    8   16    8   16    1    1    1    0    0    0    0    4 |       8      16 |     512     256 |   OK    134 ms |     16.24 ms |  132.2 |     results match |
|  109 |   407 |    1   16   64    1    8   16    8   16    1    2    2    0    0    0    0    2 |       8      16 |     512     256 |   OK    116 ms |     27.60 ms |   77.8 |     results match |
|  110 |   407 |    1   16   64    1    8   16    8   16    1    2    2    0    0    0    0    4 |       8      16 |     512     256 |   OK    127 ms |     15.08 ms |  142.4 |     results match |
|  111 |   407 |    1   16   64    1   16    4   16    4    1    1    1    0    0    0    0    1 |      16       4 |    1024      64 |   OK    140 ms |     51.78 ms |   41.5 |     results match |
|  112 |   407 |    1   16   64    1   16    4   16    4    1    1    1    0    0    0    0    2 |      16       4 |    1024      64 |   OK    157 ms |     27.28 ms |   78.7 |     results match |
|  113 |   407 |    1   16   64    1   16    4   16    4    1    1    1    0    0    0    0    4 |      16       4 |    1024      64 |   OK    186 ms |     15.48 ms |  138.7 |     results match |
|  114 |   407 |    1   16   64    1   16    8   16    8    1    1    1    0    0    0    0    1 |      16       8 |    1024     128 |   OK    114 ms |     52.86 ms |   40.6 |     results match |
|  115 |   407 |    1   16   64    1   16    8   16    8    1    1    1    0    0    0    0    2 |      16       8 |    1024     128 |   OK    120 ms |     27.52 ms |   78.0 |     results match |
|  116 |   407 |    1   16   64    1   16    8   16    8    1    1    1    0    0    0    0    4 |      16       8 |    1024     128 |   OK    134 ms |     15.01 ms |  143.0 |     results match |
|  117 |   407 |    1   16   64    1   16   16   16   16    1    1    1    0    0    0    0    1 |      16      16 |    1024     256 |   OK    105 ms |     55.25 ms |   38.8 |     results match |
|  118 |   407 |    1   16   64    1   16   16   16   16    1    1    1    0    0    0    0    2 |      16      16 |    1024     256 |   OK    109 ms |     28.96 ms |   74.1 |     results match |
|  119 |   407 |    1   16   64    1   16   16   16   16    1    1    1    0    0    0    0    4 |      16      16 |    1024     256 |   OK    116 ms |     16.62 ms |  129.1 |     results match |
|  120 |   407 |    1   32   16    1    4    4    4    4    1    1    1    0    0    0    0    1 |       4       4 |     128     256 |   OK    170 ms |     28.42 ms |   75.5 |     results match |
|  121 |   407 |    1   32   16    1    4    4    4    4    1    1    1    0    0    0    0    2 |       4       4 |     128     256 |   OK    183 ms |     28.79 ms |   74.5 |     results match |
|  122 |   407 |    1   32   16    1    4    4    4    4    1    1    1    0    0    0    0    4 |       4       4 |     128     256 |   OK    211 ms |     28.32 ms |   75.8 |     results match |
|  123 |   407 |    1   32   16    1    4    4    4    4    1    2    2    0    0    0    0    2 |       4       4 |     128     256 |   OK    155 ms |     27.51 ms |   78.0 |     results match |
|  124 |   407 |    1   32   16    1    4    4    4    4    1    2    2    0    0    0    0    4 |       4       4 |     128     256 |   OK    172 ms |     28.84 ms |   74.4 |     results match |
|  125 |   407 |    1   32   16    1    4    4    4    4    1    4    4    0    0    0    0    4 |       4       4 |     128     256 |   OK    143 ms |     22.40 ms |   95.8 |     results match |
|  126 |   407 |    1   32   16    1    4    8    4    8    1    1    1    0    0    0    0    1 |       4       8 |     128     512 |   OK    138 ms |     29.82 ms |   72.0 |     results match |
|  127 |   407 |    1   32   16    1    4    8    4    8    1    1    1    0    0    0    0    2 |       4       8 |     128     512 |   OK    152 ms |     26.00 ms |   82.6 |     results match |
|  128 |   407 |    1   32   16    1    4    8    4    8    1    1    1    0    0    0    0    4 |       4       8 |     128     512 |   OK    174 ms |     21.92 ms |   97.9 |     results match |
|  129 |   407 |    1   32   16    1    4    8    4    8    1    2    2    0    0    0    0    2 |       4       8 |     128     512 |   OK    131 ms |     23.51 ms |   91.3 |     results match |
|  130 |   407 |    1   32   16    1    4    8    4    8    1    2    2    0    0    0    0    4 |       4       8 |     128     512 |   OK    141 ms |     19.73 ms |  108.8 |     results match |
|  131 |   407 |    1   32   16    1    4   16    4   16    1    1    1    0    0    0    0    1 |       4      16 |     128    1024 |   OK    117 ms |     29.94 ms |   71.7 |     results match |
|  132 |   407 |    1   32   16    1    4   16    4   16    1    1    1    0    0    0    0    2 |       4      16 |     128    1024 |   OK    128 ms |     32.70 ms |   65.6 |     results match |
|  133 |   407 |    1   32   16    1    4   16    4   16    1    1    1    0    0    0    0    4 |       4      16 |     128    1024 |   OK    150 ms |     32.05 ms |   67.0 |     results match |
|  134 |   407 |    1   32   16    1    8    4    8    4    1    1    1    0    0    0    0    1 |       8       4 |     256     256 |   OK    138 ms |     27.67 ms |   77.6 |     results match |
|  135 |   407 |    1   32   16    1    8    4    8    4    1    1    1    0    0    0    0    2 |       8       4 |     256     256 |   OK    144 ms |     21.31 ms |  100.7 |     results match |
|  136 |   407 |    1   32   16    1    8    4    8    4    1    1    1    0    0    0    0    4 |       8       4 |     256     256 |   OK    160 ms |     16.95 ms |  126.6 |     results match |
|  137 |   407 |    1   32   16    1    8    4    8    4    1    2    2    0    0    0    0    2 |       8       4 |     256     256 |   OK    134 ms |     19.11 ms |  112.3 |     results match |
|  138 |   407 |    1   32   16    1    8    4    8    4    1    2    2    0    0    0    0    4 |       8       4 |     256     256 |   OK    136 ms |     13.64 ms |  157.3 |     results match |
|  139 |   407 |    1   32   16    1    8    4    8    4    1    4    4    0    0    0    0    4 |       8       4 |     256     256 |   OK    124 ms |     12.05 ms |  178.1 |     results match |
|  140 |   407 |    1   32   16    1    8    8    8    8    1    1    1    0    0    0    0    1 |       8       8 |     256     512 |   OK    122 ms |     28.13 ms |   76.3 |     results match |
|  141 |   407 |    1   32   16    1    8    8    8    8    1    1    1    0    0    0    0    2 |       8       8 |     256     512 |   OK    133 ms |     20.70 ms |  103.7 |     results match |
|  142 |   407 |    1   32   16    1    8    8    8    8    1    1    1    0    0    0    0    4 |       8       8 |     256     512 |   OK    137 ms |     19.39 ms |  110.7 |     results match |
|  143 |   407 |    1   32   16    1    8    8    8    8    1    2    2    0    0    0    0    2 |       8       8 |     256     512 |   OK    120 ms |     17.35 ms |  123.7 |     results match |
|  144 |   407 |    1   32   16    1    8    8    8    8    1    2    2    0    0    0    0    4 |       8       8 |     256     512 |   OK    124 ms |     12.33 ms |  174.0 |     results match |
|  145 |   407 |    1   32   16    1    8   16    8   16    1    1    1    0    0    0    0    1 |       8      16 |     256    1024 |   OK    110 ms |     29.44 ms |   72.9 |     results match |
|  146 |   407 |    1   32   16    1    8   16    8   16    1    1    1    0    0    0    0    2 |       8      16 |     256    1024 |   OK    117 ms |     33.25 ms |   64.6 |     results match |
|  147 |   407 |    1   32   16    1    8   16    8   16    1    1    1    0    0    0    0    4 |       8      16 |     256    1024 |   OK    123 ms |     35.79 ms |   60.0 |     results match |
|  148 |   407 |    1   32   16    1   16    4   16    4    1    1    1    0    0    0    0    1 |      16       4 |     512     256 |   OK    119 ms |     27.61 ms |   77.8 |     results match |
|  149 |   407 |    1   32   16    1   16    4   16    4    1    1    1    0    0    0    0    2 |      16       4 |     512     256 |   OK    125 ms |     18.19 ms |  118.0 |     results match |
|  150 |   407 |    1   32   16    1   16    4   16    4    1    1    1    0    0    0    0    4 |      16       4 |     512     256 |   OK    135 ms |     13.68 ms |  156.9 |     results match |
|  151 |   407 |    1   32   16    1   16    4   16    4    1    2    2    0    0    0    0    2 |      16       4 |     512     256 |   OK    119 ms |     15.92 ms |  134.8 |     results match |
|  152 |   407 |    1   32   16    1   16    4   16    4    1    2    2    0    0    0    0    4 |      16       4 |     512     256 |   OK    122 ms |     12.94 ms |  165.9 |     results match |
|  153 |   407 |    1   32   16    1   16    8   16    8    1    1    1    0    0    0    0    1 |      16       8 |     512     512 |   OK    113 ms |     29.31 ms |   73.2 |     results match |
|  154 |   407 |    1   32   16    1   16    8   16    8    1    1    1    0    0    0    0    2 |      16       8 |     512     512 |   OK    120 ms |     23.49 ms |   91.4 |     results match |
|  155 |   407 |    1   32   16    1   16    8   16    8    1    1    1    0    0    0    0    4 |      16       8 |     512     512 |   OK    124 ms |     21.67 ms |   99.0 |     results match |
|  156 |   407 |    1   32   16    1   16    8   16    8    1    2    2    0    0    0    0    2 |      16       8 |     512     512 |   OK    109 ms |     19.75 ms |  108.7 |     results match |
|  157 |   407 |    1   32   16    1   16    8   16    8    1    2    2    0    0    0    0    4 |      16       8 |     512     512 |   OK    114 ms |     14.76 ms |  145.4 |     results match |
|  158 |   407 |    1   32   16    1   16   16   16   16    1    1    1    0    0    0    0    1 |      16      16 |     512    1024 |   OK    106 ms |     30.29 ms |   70.9 |     results match |
|  159 |   407 |    1   32   16    1   16   16   16   16    1    1    1    0    0    0    0    2 |      16      16 |     512    1024 |   OK    107 ms |     36.36 ms |   59.0 |     results match |
|  160 |   407 |    1   32   16    1   16   16   16   16    1    1    1    0    0    0    0    4 |      16      16 |     512    1024 |   OK    111 ms |     38.65 ms |   55.5 |     results match |
|  161 |   407 |    1   32   32    1    4    4    4    4    1    1    1    0    0    0    0    1 |       4       4 |     128     128 |   OK    245 ms |     29.51 ms |   72.7 |     results match |
|  162 |   407 |    1   32   32    1    4    4    4    4    1    1    1    0    0    0    0    2 |       4       4 |     128     128 |   OK    263 ms |     39.58 ms |   54.2 |     results match |
|  163 |   407 |    1   32   32    1    4    4    4    4    1    1    1    0    0    0    0    4 |       4       4 |     128     128 |   OK    314 ms |     33.86 ms |   63.4 |     results match |
|  164 |   407 |    1   32   32    1    4    4    4    4    1    2    2    0    0    0    0    2 |       4       4 |     128     128 |   OK    204 ms |     24.30 ms |   88.3 |     results match |
|  165 |   407 |    1   32   32    1    4    4    4    4    1    2    2    0    0    0    0    4 |       4       4 |     128     128 |   OK    218 ms |     20.17 ms |  106.4 |     results match |
|  166 |   407 |    1   32   32    1    4    4    4    4    1    4    4    0    0    0    0    4 |       4       4 |     128     128 |   OK    180 ms |     17.17 ms |  125.0 |     results match |
|  167 |   407 |    1   32   32    1    4    8    4    8    1    1    1    0    0    0    0    1 |       4       8 |     128     256 |   OK    175 ms |     27.21 ms |   78.9 |     results match |
|  168 |   407 |    1   32   32    1    4    8    4    8    1    1    1    0    0    0    0    2 |       4       8 |     128     256 |   OK    186 ms |     17.61 ms |  121.9 |     results match |
|  169 |   407 |    1   32   32    1    4    8    4    8    1    1    1    0    0    0    0    4 |       4       8 |     128     256 |   OK    214 ms |     15.96 ms |  134.5 |     results match |
|  170 |   407 |    1   32   32    1    4    8    4    8    1    2    2    0    0    0    0    2 |       4       8 |     128     256 |   OK    152 ms |     16.88 ms |  127.2 |     results match |
|  171 |   407 |    1   32   32    1    4    8    4    8    1    2    2    0    0    0    0    4 |       4       8 |     128     256 |   OK    167 ms |     15.54 ms |  138.1 |     results match |
|  172 |   407 |    1   32   32    1    4    8    4    8    1    4    4    0    0    0    0    4 |       4       8 |     128     256 |   OK    143 ms |     12.87 ms |  166.8 |     results match |
|  173 |   407 |    1   32   32    1    4   16    4   16    1    1    1    0    0    0    0    1 |       4      16 |     128     512 |   OK    137 ms |     28.28 ms |   75.9 |     results match |
|  174 |   407 |    1   32   32    1    4   16    4   16    1    1    1    0    0    0    0    2 |       4      16 |     128     512 |   OK    149 ms |     20.04 ms |  107.1 |     results match |
|  175 |   407 |    1   32   32    1    4   16    4   16    1    1    1    0    0    0    0    4 |       4      16 |     128     512 |   OK    173 ms |     16.75 ms |  128.1 |     results match |
|  176 |   407 |    1   32   32    1    4   16    4   16    1    2    2    0    0    0    0    2 |       4      16 |     128     512 |   OK    133 ms |     16.68 ms |  128.7 |     results match |
|  177 |   407 |    1   32   32    1    4   16    4   16    1    2    2    0    0    0    0    4 |       4      16 |     128     512 |   OK    149 ms |     12.69 ms |  169.1 |     results match |
|  178 |   407 |    1   32   32    1    8    4    8    4    1    1    1    0    0    0    0    1 |       8       4 |     256     128 |   OK    175 ms |     27.11 ms |   79.2 |     results match |
|  179 |   407 |    1   32   32    1    8    4    8    4    1    1    1    0    0    0    0    2 |       8       4 |     256     128 |   OK    185 ms |     16.71 ms |  128.4 |     results match |
|  180 |   407 |    1   32   32    1    8    4    8    4    1    1    1    0    0    0    0    4 |       8       4 |     256     128 |   OK    210 ms |     15.58 ms |  137.7 |     results match |
|  181 |   407 |    1   32   32    1    8    4    8    4    1    2    2    0    0    0    0    2 |       8       4 |     256     128 |   OK    156 ms |     16.34 ms |  131.3 |     results match |
|  182 |   407 |    1   32   32    1    8    4    8    4    1    2    2    0    0    0    0    4 |       8       4 |     256     128 |   OK    168 ms |     11.26 ms |  190.7 |     results match |
|  183 |   407 |    1   32   32    1    8    4    8    4    1    4    4    0    0    0    0    4 |       8       4 |     256     128 |   OK    140 ms |      9.96 ms |  215.6 |     results match |
|  184 |   407 |    1   32   32    1    8    8    8    8    1    1    1    0    0    0    0    1 |       8       8 |     256     256 |   OK    139 ms |     26.73 ms |   80.3 |     results match |
|  185 |   407 |    1   32   32    1    8    8    8    8    1    1    1    0    0    0    0    2 |       8       8 |     256     256 |   OK    150 ms |     16.46 ms |  130.4 |     results match |
|  186 |   407 |    1   32   32    1    8    8    8    8    1    1    1    0    0    0    0    4 |       8       8 |     256     256 |   OK    161 ms |     11.65 ms |  184.3 |     results match |
|  187 |   407 |    1   32   32    1    8    8    8    8    1    2    2    0    0    0    0    2 |       8       8 |     256     256 |   OK    130 ms |     15.01 ms |  143.0 |     results match |
|  188 |   407 |    1   32   32    1    8    8    8    8    1    2    2    0    0    0    0    4 |       8       8 |     256     256 |   OK    137 ms |      8.88 ms |  241.7 |     results match |
|  189 |   407 |    1   32   32    1    8    8    8    8    1    4    4    0    0    0    0    4 |       8       8 |     256     256 |   OK    126 ms |      8.28 ms |  259.1 |     results match |
|  190 |   407 |    1   32   32    1    8   16    8   16    1    1    1    0    0    0    0    1 |       8      16 |     256     512 |   OK    121 ms |     27.95 ms |   76.8 |     results match |
|  191 |   407 |    1   32   32    1    8   16    8   16    1    1    1    0    0    0    0    2 |       8      16 |     256     512 |   OK    127 ms |     23.03 ms |   93.2 |     results match |
|  192 |   407 |    1   32   32    1    8   16    8   16    1    1    1    0    0    0    0    4 |       8      16 |     256     512 |   OK    135 ms |     19.16 ms |  112.0 |     results match |
|  193 |   407 |    1   32   32    1    8   16    8   16    1    2    2    0    0    0    0    2 |       8      16 |     256     512 |   OK    119 ms |     17.49 ms |  122.7 |     results match |
|  194 |   407 |    1   32   32    1    8   16    8   16    1    2    2    0    0    0    0    4 |       8      16 |     256     512 |   OK    126 ms |     11.55 ms |  185.9 |     results match |
|  195 |   407 |    1   32   32    1   16    4   16    4    1    1    1    0    0    0    0    1 |      16       4 |     512     128 |   OK    142 ms |     26.86 ms |   79.9 |     results match |
|  196 |   407 |    1   32   32    1   16    4   16    4    1    1    1    0    0    0    0    2 |      16       4 |     512     128 |   OK    150 ms |     15.89 ms |  135.0 |     results match |
|  197 |   407 |    1   32   32    1   16    4   16    4    1    1    1    0    0    0    0    4 |      16       4 |     512     128 |   OK    166 ms |     10.95 ms |  196.0 |     results match |
|  198 |   407 |    1   32   32    1   16    4   16    4    1    2    2    0    0    0    0    2 |      16       4 |     512     128 |   OK    128 ms |     14.60 ms |  147.0 |     results match |
|  199 |   407 |    1   32   32    1   16    4   16    4    1    2    2    0    0    0    0    4 |      16       4 |     512     128 |   OK    137 ms |      8.92 ms |  240.6 |     results match |
|  200 |   407 |    1   32   32    1   16    8   16    8    1    1    1    0    0    0    0    1 |      16       8 |     512     256 |   OK    121 ms |     27.52 ms |   78.0 |     results match |
|  201 |   407 |    1   32   32    1   16    8   16    8    1    1    1    0    0    0    0    2 |      16       8 |     512     256 |   OK    128 ms |     17.42 ms |  123.2 |     results match |
|  202 |   407 |    1   32   32    1   16    8   16    8    1    1    1    0    0    0    0    4 |      16       8 |     512     256 |   OK    134 ms |     13.50 ms |  158.9 |     results match |
|  203 |   407 |    1   32   32    1   16    8   16    8    1    2    2    0    0    0    0    2 |      16       8 |     512     256 |   OK    117 ms |     16.89 ms |  127.1 |     results match |
|  204 |   407 |    1   32   32    1   16    8   16    8    1    2    2    0    0    0    0    4 |      16       8 |     512     256 |   OK    124 ms |     10.50 ms |  204.3 |     results match |
|  205 |   407 |    1   32   32    1   16   16   16   16    1    1    1    0    0    0    0    1 |      16      16 |     512     512 |   OK    113 ms |     27.86 ms |   77.0 |     results match |
|  206 |   407 |    1   32   32    1   16   16   16   16    1    1    1    0    0    0    0    2 |      16      16 |     512     512 |   OK    118 ms |     23.68 ms |   90.6 |     results match |
|  207 |   407 |    1   32   32    1   16   16   16   16    1    1    1    0    0    0    0    4 |      16      16 |     512     512 |   OK    126 ms |     21.50 ms |   99.8 |     results match |
|  208 |   407 |    1   32   32    1   16   16   16   16    1    2    2    0    0    0    0    2 |      16      16 |     512     512 |   OK    108 ms |     19.25 ms |  111.5 |     results match |
|  209 |   407 |    1   32   32    1   16   16   16   16    1    2    2    0    0    0    0    4 |      16      16 |     512     512 |   OK    112 ms |     14.63 ms |  146.7 |     results match |
|  210 |   407 |    1   32   64    1    4    4    4    4    1    1    1    0    0    0    0    1 |       4       4 |     128      64 |   OK    415 ms |     47.97 ms |   44.7 |     results match |
|  211 |   407 |    1   32   64    1    4    4    4    4    1    1    1    0    0    0    0    2 |       4       4 |     128      64 |   OK    448 ms |     39.41 ms |   54.5 |     results match |
|  212 |   407 |    1   32   64    1    4    4    4    4    1    1    1    0    0    0    0    4 |       4       4 |     128      64 |   OK    525 ms |     26.39 ms |   81.3 |     results match |
|  213 |   407 |    1   32   64    1    4    4    4    4    1    2    2    0    0    0    0    2 |       4       4 |     128      64 |   OK    297 ms |     38.97 ms |   55.1 |     results match |
|  214 |   407 |    1   32   64    1    4    4    4    4    1    2    2    0    0    0    0    4 |       4       4 |     128      64 |   OK    344 ms |     24.55 ms |   87.4 |     results match |
|  215 |   407 |    1   32   64    1    4    4    4    4    1    4    4    0    0    0    0    4 |       4       4 |     128      64 |   OK    252 ms |     21.95 ms |   97.8 |     results match |
|  216 |   407 |    1   32   64    1    4    8    4    8    1    1    1    0    0    0    0    1 |       4       8 |     128     128 |   OK    247 ms |     27.49 ms |   78.1 |     results match |
|  217 |   407 |    1   32   64    1    4    8    4    8    1    1    1    0    0    0    0    2 |       4       8 |     128     128 |   OK    270 ms |     22.29 ms |   96.3 |     results match |
|  218 |   407 |    1   32   64    1    4    8    4    8    1    1    1    0    0    0    0    4 |       4       8 |     128     128 |   OK    308 ms |     18.49 ms |  116.1 |     results match |
|  219 |   407 |    1   32   64    1    4    8    4    8    1    2    2    0    0    0    0    2 |       4       8 |     128     128 |   OK    202 ms |     15.32 ms |  140.1 |     results match |
|  220 |   407 |    1   32   64    1    4    8    4    8    1    2    2    0    0    0    0    4 |       4       8 |     128     128 |   OK    224 ms |     10.87 ms |  197.4 |     results match |
|  221 |   407 |    1   32   64    1    4    8    4    8    1    4    4    0    0    0    0    4 |       4       8 |     128     128 |   OK    179 ms |      9.35 ms |  229.6 |     results match |
|  222 |   407 |    1   32   64    1    4   16    4   16    1    1    1    0    0    0    0    1 |       4      16 |     128     256 |   OK    171 ms |     30.12 ms |   71.3 |     results match |
|  223 |   407 |    1   32   64    1    4   16    4   16    1    1    1    0    0    0    0    2 |       4      16 |     128     256 |   OK    186 ms |     15.97 ms |  134.4 |     results match |
|  224 |   407 |    1   32   64    1    4   16    4   16    1    1    1    0    0    0    0    4 |       4      16 |     128     256 |   OK    224 ms |     12.33 ms |  174.0 |     results match |
|  225 |   407 |    1   32   64    1    4   16    4   16    1    2    2    0    0    0    0    2 |       4      16 |     128     256 |   OK    163 ms |     15.08 ms |  142.4 |     results match |
|  226 |   407 |    1   32   64    1    4   16    4   16    1    2    2    0    0    0    0    4 |       4      16 |     128     256 |   OK    167 ms |      9.54 ms |  225.1 |     results match |
|  227 |   407 |    1   32   64    1    4   16    4   16    1    4    4    0    0    0    0    4 |       4      16 |     128     256 |   OK    145 ms |      8.66 ms |  247.9 |     results match |
|  228 |   407 |    1   32   64    1    8    4    8    4    1    1    1    0    0    0    0    1 |       8       4 |     256      64 |   OK    254 ms |     27.39 ms |   78.4 |     results match |
|  229 |   407 |    1   32   64    1    8    4    8    4    1    1    1    0    0    0    0    2 |       8       4 |     256      64 |   OK    279 ms |     17.66 ms |  121.5 |     results match |
|  230 |   407 |    1   32   64    1    8    4    8    4    1    1    1    0    0    0    0    4 |       8       4 |     256      64 |   OK    323 ms |     18.93 ms |  113.4 |     results match |
|  231 |   407 |    1   32   64    1    8    4    8    4    1    2    2    0    0    0    0    2 |       8       4 |     256      64 |   OK    208 ms |     17.28 ms |  124.2 |     results match |
|  232 |   407 |    1   32   64    1    8    4    8    4    1    2    2    0    0    0    0    4 |       8       4 |     256      64 |   OK    232 ms |     11.93 ms |  179.9 |     results match |
|  233 |   407 |    1   32   64    1    8    4    8    4    1    4    4    0    0    0    0    4 |       8       4 |     256      64 |   OK    181 ms |     11.46 ms |  187.3 |     results match |
|  234 |   407 |    1   32   64    1    8    8    8    8    1    1    1    0    0    0    0    1 |       8       8 |     256     128 |   OK    174 ms |     26.30 ms |   81.6 |     results match |
|  235 |   407 |    1   32   64    1    8    8    8    8    1    1    1    0    0    0    0    2 |       8       8 |     256     128 |   OK    189 ms |     14.50 ms |  148.1 |     results match |
|  236 |   407 |    1   32   64    1    8    8    8    8    1    1    1    0    0    0    0    4 |       8       8 |     256     128 |   OK    215 ms |      9.73 ms |  220.5 |     results match |
|  237 |   407 |    1   32   64    1    8    8    8    8    1    2    2    0    0    0    0    2 |       8       8 |     256     128 |   OK    153 ms |     15.02 ms |  142.9 |     results match |
|  238 |   407 |    1   32   64    1    8    8    8    8    1    2    2    0    0    0    0    4 |       8       8 |     256     128 |   OK    168 ms |      7.77 ms |  276.1 |     results match |
|  239 |   407 |    1   32   64    1    8    8    8    8    1    4    4    0    0    0    0    4 |       8       8 |     256     128 |   OK    142 ms |      7.50 ms |  286.0 |     results match |
|  240 |   407 |    1   32   64    1    8   16    8   16    1    1    1    0    0    0    0    1 |       8      16 |     256     256 |   OK    139 ms |     27.04 ms |   79.4 |     results match |
|  241 |   407 |    1   32   64    1    8   16    8   16    1    1    1    0    0    0    0    2 |       8      16 |     256     256 |   OK    148 ms |     16.94 ms |  126.7 |     results match |
|  242 |   407 |    1   32   64    1    8   16    8   16    1    1    1    0    0    0    0    4 |       8      16 |     256     256 |   OK    158 ms |     11.47 ms |  187.2 |     results match |
|  243 |   407 |    1   32   64    1    8   16    8   16    1    2    2    0    0    0    0    2 |       8      16 |     256     256 |   OK    130 ms |     15.45 ms |  138.9 |     results match |
|  244 |   407 |    1   32   64    1    8   16    8   16    1    2    2    0    0    0    0    4 |       8      16 |     256     256 |   OK    138 ms |      8.88 ms |  241.8 |     results match |
|  245 |   407 |    1   32   64    1    8   16    8   16    1    4    4    0    0    0    0    4 |       8      16 |     256     256 |   OK    126 ms |      8.33 ms |  257.7 |     results match |
|  246 |   407 |    1   32   64    1   16    4   16    4    1    1    1    0    0    0    0    1 |      16       4 |     512      64 |   OK    184 ms |     27.27 ms |   78.7 |     results match |
|  247 |   407 |    1   32   64    1   16    4   16    4    1    1    1    0    0    0    0    2 |      16       4 |     512      64 |   OK    202 ms |     14.78 ms |  145.2 |     results match |
|  248 |   407 |    1   32   64    1   16    4   16    4    1    1    1    0    0    0    0    4 |      16       4 |     512      64 |   OK    239 ms |     10.16 ms |  211.2 |     results match |
|  249 |   407 |    1   32   64    1   16    4   16    4    1    2    2    0    0    0    0    2 |      16       4 |     512      64 |   OK    160 ms |     14.44 ms |  148.7 |     results match |
|  250 |   407 |    1   32   64    1   16    4   16    4    1    2    2    0    0    0    0    4 |      16       4 |     512      64 |   OK    182 ms |      8.62 ms |  249.1 |     results match |
|  251 |   407 |    1   32   64    1   16    8   16    8    1    1    1    0    0    0    0    1 |      16       8 |     512     128 |   OK    140 ms |     26.80 ms |   80.1 |     results match |
|  252 |   407 |    1   32   64    1   16    8   16    8    1    1    1    0    0    0    0    2 |      16       8 |     512     128 |   OK    149 ms |     15.32 ms |  140.1 |     results match |
|  253 |   407 |    1   32   64    1   16    8   16    8    1    1    1    0    0    0    0    4 |      16       8 |     512     128 |   OK    166 ms |     10.38 ms |  206.7 |     results match |
|  254 |   407 |    1   32   64    1   16    8   16    8    1    2    2    0    0    0    0    2 |      16       8 |     512     128 |   OK    129 ms |     16.03 ms |  133.9 |     results match |
|  255 |   407 |    1   32   64    1   16    8   16    8    1    2    2    0    0    0    0    4 |      16       8 |     512     128 |   OK    139 ms |      8.93 ms |  240.3 |     results match |
|  256 |   407 |    1   32   64    1   16   16   16   16    1    1    1    0    0    0    0    1 |      16      16 |     512     256 |   OK    124 ms |     27.93 ms |   76.9 |     results match |
|  257 |   407 |    1   32   64    1   16   16   16   16    1    1    1    0    0    0    0    2 |      16      16 |     512     256 |   OK    127 ms |     16.84 ms |  127.4 |     results match |
|  258 |   407 |    1   32   64    1   16   16   16   16    1    1    1    0    0    0    0    4 |      16      16 |     512     256 |   OK    135 ms |     13.62 ms |  157.6 |     results match |
|  259 |   407 |    1   32   64    1   16   16   16   16    1    2    2    0    0    0    0    2 |      16      16 |     512     256 |   OK    119 ms |     15.72 ms |  136.5 |     results match |
|  260 |   407 |    1   32   64    1   16   16   16   16    1    2    2    0    0    0    0    4 |      16      16 |     512     256 |   OK    123 ms |     10.36 ms |  207.2 |     results match |
|  261 |   407 |    1   64   16    1    4    4    4    4    1    1    1    0    0    0    0    1 |       4       4 |      64     256 |   OK    247 ms |     27.04 ms |   79.4 |     results match |
|  262 |   407 |    1   64   16    1    4    4    4    4    1    1    1    0    0    0    0    2 |       4       4 |      64     256 |   OK    279 ms |     39.86 ms |   53.8 |     results match |
|  263 |   407 |    1   64   16    1    4    4    4    4    1    1    1    0    0    0    0    4 |       4       4 |      64     256 |   OK    350 ms |     53.31 ms |   40.3 |     results match |
|  264 |   407 |    1   64   16    1    4    4    4    4    1    2    2    0    0    0    0    2 |       4       4 |      64     256 |   OK    204 ms |     27.00 ms |   79.5 |     results match |
|  265 |   407 |    1   64   16    1    4    4    4    4    1    2    2    0    0    0    0    4 |       4       4 |      64     256 |   OK    235 ms |     38.43 ms |   55.8 |     results match |
|  266 |   407 |    1   64   16    1    4    4    4    4    1    4    4    0    0    0    0    4 |       4       4 |      64     256 |   OK    189 ms |     26.21 ms |   81.9 |     results match |
|  267 |   407 |    1   64   16    1    4    8    4    8    1    1    1    0    0    0    0    1 |       4       8 |      64     512 |   OK    173 ms |     19.75 ms |  108.7 |     results match |
|  268 |   407 |    1   64   16    1    4    8    4    8    1    1    1    0    0    0    0    2 |       4       8 |      64     512 |   OK    203 ms |     25.31 ms |   84.8 |     results match |
|  269 |   407 |    1   64   16    1    4    8    4    8    1    1    1    0    0    0    0    4 |       4       8 |      64     512 |   OK    260 ms |     36.16 ms |   59.4 |     results match |
|  270 |   407 |    1   64   16    1    4    8    4    8    1    2    2    0    0    0    0    2 |       4       8 |      64     512 |   OK    161 ms |     29.43 ms |   72.9 |     results match |
|  271 |   407 |    1   64   16    1    4    8    4    8    1    2    2    0    0    0    0    4 |       4       8 |      64     512 |   OK    185 ms |     25.08 ms |   85.6 |     results match |
|  272 |   407 |    1   64   16    1    4   16    4   16    1    1    1    0    0    0    0    1 |       4      16 |      64    1024 |   OK    135 ms |     23.86 ms |   89.9 |     results match |
|  273 |   407 |    1   64   16    1    4   16    4   16    1    1    1    0    0    0    0    2 |       4      16 |      64    1024 |   OK    172 ms |     34.41 ms |   62.4 |     results match |
|  274 |   407 |    1   64   16    1    4   16    4   16    1    1    1    0    0    0    0    4 |       4      16 |      64    1024 |   OK    215 ms |     37.78 ms |   56.8 |     results match |
|  275 |   407 |    1   64   16    1    8    4    8    4    1    1    1    0    0    0    0    1 |       8       4 |     128     256 |   OK    174 ms |     14.93 ms |  143.7 |     results match |
|  276 |   407 |    1   64   16    1    8    4    8    4    1    1    1    0    0    0    0    2 |       8       4 |     128     256 |   OK    187 ms |     16.53 ms |  129.8 |     results match |
|  277 |   407 |    1   64   16    1    8    4    8    4    1    1    1    0    0    0    0    4 |       8       4 |     128     256 |   OK    219 ms |     16.77 ms |  128.0 |     results match |
|  278 |   407 |    1   64   16    1    8    4    8    4    1    2    2    0    0    0    0    2 |       8       4 |     128     256 |   OK    153 ms |     14.56 ms |  147.4 |     results match |
|  279 |   407 |    1   64   16    1    8    4    8    4    1    2    2    0    0    0    0    4 |       8       4 |     128     256 |   OK    168 ms |     15.24 ms |  140.9 |     results match |
|  280 |   407 |    1   64   16    1    8    4    8    4    1    4    4    0    0    0    0    4 |       8       4 |     128     256 |   OK    146 ms |     11.79 ms |  182.0 |     results match |
|  281 |   407 |    1   64   16    1    8    8    8    8    1    1    1    0    0    0    0    1 |       8       8 |     128     512 |   OK    139 ms |     15.79 ms |  135.9 |     results match |
|  282 |   407 |    1   64   16    1    8    8    8    8    1    1    1    0    0    0    0    2 |       8       8 |     128     512 |   OK    152 ms |     18.57 ms |  115.6 |     results match |
|  283 |   407 |    1   64   16    1    8    8    8    8    1    1    1    0    0    0    0    4 |       8       8 |     128     512 |   OK    172 ms |     19.05 ms |  112.7 |     results match |
|  284 |   407 |    1   64   16    1    8    8    8    8    1    2    2    0    0    0    0    2 |       8       8 |     128     512 |   OK    133 ms |     13.11 ms |  163.7 |     results match |
|  285 |   407 |    1   64   16    1    8    8    8    8    1    2    2    0    0    0    0    4 |       8       8 |     128     512 |   OK    142 ms |     11.75 ms |  182.7 |     results match |
|  286 |   407 |    1   64   16    1    8   16    8   16    1    1    1    0    0    0    0    1 |       8      16 |     128    1024 |   OK    122 ms |     16.47 ms |  130.3 |     results match |
|  287 |   407 |    1   64   16    1    8   16    8   16    1    1    1    0    0    0    0    2 |       8      16 |     128    1024 |   OK    131 ms |     34.51 ms |   62.2 |     results match |
|  288 |   407 |    1   64   16    1    8   16    8   16    1    1    1    0    0    0    0    4 |       8      16 |     128    1024 |   OK    148 ms |     36.20 ms |   59.3 |     results match |
|  289 |   407 |    1   64   16    1   16    4   16    4    1    1    1    0    0    0    0    1 |      16       4 |     256     256 |   OK    139 ms |     14.47 ms |  148.3 |     results match |
|  290 |   407 |    1   64   16    1   16    4   16    4    1    1    1    0    0    0    0    2 |      16       4 |     256     256 |   OK    145 ms |     15.74 ms |  136.3 |     results match |
|  291 |   407 |    1   64   16    1   16    4   16    4    1    1    1    0    0    0    0    4 |      16       4 |     256     256 |   OK    164 ms |     18.73 ms |  114.6 |     results match |
|  292 |   407 |    1   64   16    1   16    4   16    4    1    2    2    0    0    0    0    2 |      16       4 |     256     256 |   OK    130 ms |     10.69 ms |  200.8 |     results match |
|  293 |   407 |    1   64   16    1   16    4   16    4    1    2    2    0    0    0    0    4 |      16       4 |     256     256 |   OK    137 ms |      8.45 ms |  254.0 |     results match |
|  294 |   407 |    1   64   16    1   16    4   16    4    1    4    4    0    0    0    0    4 |      16       4 |     256     256 |   OK    125 ms |      7.76 ms |  276.7 |     results match |
|  295 |   407 |    1   64   16    1   16    8   16    8    1    1    1    0    0    0    0    1 |      16       8 |     256     512 |   OK    125 ms |     15.30 ms |  140.3 |     results match |
|  296 |   407 |    1   64   16    1   16    8   16    8    1    1    1    0    0    0    0    2 |      16       8 |     256     512 |   OK    127 ms |     27.58 ms |   77.8 |     results match |
|  297 |   407 |    1   64   16    1   16    8   16    8    1    1    1    0    0    0    0    4 |      16       8 |     256     512 |   OK    138 ms |     34.93 ms |   61.4 |     results match |
|  298 |   407 |    1   64   16    1   16    8   16    8    1    2    2    0    0    0    0    2 |      16       8 |     256     512 |   OK    120 ms |     14.45 ms |  148.6 |     results match |
|  299 |   407 |    1   64   16    1   16    8   16    8    1    2    2    0    0    0    0    4 |      16       8 |     256     512 |   OK    126 ms |     11.11 ms |  193.3 |     results match |
|  300 |   407 |    1   64   16    1   16   16   16   16    1    1    1    0    0    0    0    1 |      16      16 |     256    1024 |   OK    110 ms |     16.07 ms |  133.6 |     results match |
|  301 |   407 |    1   64   16    1   16   16   16   16    1    1    1    0    0    0    0    2 |      16      16 |     256    1024 |   OK    116 ms |     51.71 ms |   41.5 |     results match |
|  302 |   407 |    1   64   16    1   16   16   16   16    1    1    1    0    0    0    0    4 |      16      16 |     256    1024 |   OK    127 ms |     67.64 ms |   31.7 |     results match |
|  303 |   407 |    1   64   32    1    4    4    4    4    1    1    1    0    0    0    0    1 |       4       4 |      64     128 |   OK    409 ms |     35.53 ms |   60.4 |     results match |
|  304 |   407 |    1   64   32    1    4    4    4    4    1    1    1    0    0    0    0    2 |       4       4 |      64     128 |   OK    458 ms |     38.71 ms |   55.5 |     results match |
|  305 |   407 |    1   64   32    1    4    4    4    4    1    1    1    0    0    0    0    4 |       4       4 |      64     128 |   OK    560 ms |     36.65 ms |   58.6 |     results match |
|  306 |   407 |    1   64   32    1    4    4    4    4    1    2    2    0    0    0    0    2 |       4       4 |      64     128 |   OK    299 ms |     37.55 ms |   57.2 |     results match |
|  307 |   407 |    1   64   32    1    4    4    4    4    1    2    2    0    0    0    0    4 |       4       4 |      64     128 |   OK    347 ms |     25.19 ms |   85.2 |     results match |
|  308 |   407 |    1   64   32    1    4    4    4    4    1    4    4    0    0    0    0    4 |       4       4 |      64     128 |   OK    260 ms |     30.28 ms |   70.9 |     results match |
|  309 |   407 |    1   64   32    1    4    8    4    8    1    1    1    0    0    0    0    1 |       4       8 |      64     256 |   OK    253 ms |     22.35 ms |   96.0 |     results match |
|  310 |   407 |    1   64   32    1    4    8    4    8    1    1    1    0    0    0    0    2 |       4       8 |      64     256 |   OK    285 ms |     22.19 ms |   96.7 |     results match |
|  311 |   407 |    1   64   32    1    4    8    4    8    1    1    1    0    0    0    0    4 |       4       8 |      64     256 |   OK    360 ms |     32.58 ms |   65.9 |     results match |
|  312 |   407 |    1   64   32    1    4    8    4    8    1    2    2    0    0    0    0    2 |       4       8 |      64     256 |   OK    207 ms |     16.66 ms |  128.8 |     results match |
|  313 |   407 |    1   64   32    1    4    8    4    8    1    2    2    0    0    0    0    4 |       4       8 |      64     256 |   OK    237 ms |     28.29 ms |   75.9 |     results match |
|  314 |   407 |    1   64   32    1    4    8    4    8    1    4    4    0    0    0    0    4 |       4       8 |      64     256 |   OK    186 ms |     21.47 ms |  100.0 |     results match |
|  315 |   407 |    1   64   32    1    4   16    4   16    1    1    1    0    0    0    0    1 |       4      16 |      64     512 |   OK    175 ms |     17.12 ms |  125.4 |     results match |
|  316 |   407 |    1   64   32    1    4   16    4   16    1    1    1    0    0    0    0    2 |       4      16 |      64     512 |   OK    203 ms |     18.55 ms |  115.7 |     results match |
|  317 |   407 |    1   64   32    1    4   16    4   16    1    1    1    0    0    0    0    4 |       4      16 |      64     512 |   OK    268 ms |     21.32 ms |  100.7 |     results match |
|  318 |   407 |    1   64   32    1    4   16    4   16    1    2    2    0    0    0    0    2 |       4      16 |      64     512 |   OK    160 ms |     23.55 ms |   91.1 |     results match |
|  319 |   407 |    1   64   32    1    4   16    4   16    1    2    2    0    0    0    0    4 |       4      16 |      64     512 |   OK    185 ms |     20.15 ms |  106.5 |     results match |
|  320 |   407 |    1   64   32    1    8    4    8    4    1    1    1    0    0    0    0    1 |       8       4 |     128     128 |   OK    245 ms |     15.77 ms |  136.1 |     results match |
|  321 |   407 |    1   64   32    1    8    4    8    4    1    1    1    0    0    0    0    2 |       8       4 |     128     128 |   OK    269 ms |     21.20 ms |  101.3 |     results match |
|  322 |   407 |    1   64   32    1    8    4    8    4    1    1    1    0    0    0    0    4 |       8       4 |     128     128 |   OK    310 ms |     17.91 ms |  119.9 |     results match |
|  323 |   407 |    1   64   32    1    8    4    8    4    1    2    2    0    0    0    0    2 |       8       4 |     128     128 |   OK    204 ms |     13.43 ms |  159.8 |     results match |
|  324 |   407 |    1   64   32    1    8    4    8    4    1    2    2    0    0    0    0    4 |       8       4 |     128     128 |   OK    223 ms |     10.58 ms |  202.9 |     results match |
|  325 |   407 |    1   64   32    1    8    4    8    4    1    4    4    0    0    0    0    4 |       8       4 |     128     128 |   OK    182 ms |      9.65 ms |  222.5 |     results match |
|  326 |   407 |    1   64   32    1    8    8    8    8    1    1    1    0    0    0    0    1 |       8       8 |     128     256 |   OK    171 ms |     13.92 ms |  154.2 |     results match |
|  327 |   407 |    1   64   32    1    8    8    8    8    1    1    1    0    0    0    0    2 |       8       8 |     128     256 |   OK    185 ms |     11.13 ms |  192.9 |     results match |
|  328 |   407 |    1   64   32    1    8    8    8    8    1    1    1    0    0    0    0    4 |       8       8 |     128     256 |   OK    220 ms |     16.99 ms |  126.3 |     results match |
|  329 |   407 |    1   64   32    1    8    8    8    8    1    2    2    0    0    0    0    2 |       8       8 |     128     256 |   OK    173 ms |     11.06 ms |  194.0 |     results match |
|  330 |   407 |    1   64   32    1    8    8    8    8    1    2    2    0    0    0    0    4 |       8       8 |     128     256 |   OK    174 ms |      8.95 ms |  239.8 |     results match |
|  331 |   407 |    1   64   32    1    8    8    8    8    1    4    4    0    0    0    0    4 |       8       8 |     128     256 |   OK    145 ms |      6.97 ms |  308.0 |     results match |
|  332 |   407 |    1   64   32    1    8   16    8   16    1    1    1    0    0    0    0    1 |       8      16 |     128     512 |   OK    139 ms |     15.00 ms |  143.1 |     results match |
|  333 |   407 |    1   64   32    1    8   16    8   16    1    1    1    0    0    0    0    2 |       8      16 |     128     512 |   OK    150 ms |     19.32 ms |  111.1 |     results match |
|  334 |   407 |    1   64   32    1    8   16    8   16    1    1    1    0    0    0    0    4 |       8      16 |     128     512 |   OK    175 ms |     19.32 ms |  111.1 |     results match |
|  335 |   407 |    1   64   32    1    8   16    8   16    1    2    2    0    0    0    0    2 |       8      16 |     128     512 |   OK    134 ms |     13.18 ms |  162.9 |     results match |
|  336 |   407 |    1   64   32    1    8   16    8   16    1    2    2    0    0    0    0    4 |       8      16 |     128     512 |   OK    143 ms |     11.54 ms |  186.0 |     results match |
|  337 |   407 |    1   64   32    1   16    4   16    4    1    1    1    0    0    0    0    1 |      16       4 |     256     128 |   OK    174 ms |     14.24 ms |  150.7 |     results match |
|  338 |   407 |    1   64   32    1   16    4   16    4    1    1    1    0    0    0    0    2 |      16       4 |     256     128 |   OK    188 ms |     10.55 ms |  203.5 |     results match |
|  339 |   407 |    1   64   32    1   16    4   16    4    1    1    1    0    0    0    0    4 |      16       4 |     256     128 |   OK    234 ms |     13.16 ms |  163.0 |     results match |
|  340 |   407 |    1   64   32    1   16    4   16    4    1    2    2    0    0    0    0    2 |      16       4 |     256     128 |   OK    160 ms |      8.76 ms |  244.9 |     results match |
|  341 |   407 |    1   64   32    1   16    4   16    4    1    2    2    0    0    0    0    4 |      16       4 |     256     128 |   OK    176 ms |      6.75 ms |  318.2 |     results match |
|  342 |   407 |    1   64   32    1   16    4   16    4    1    4    4    0    0    0    0    4 |      16       4 |     256     128 |   OK    145 ms |      5.89 ms |  364.4 |     results match |
|  343 |   407 |    1   64   32    1   16    8   16    8    1    1    1    0    0    0    0    1 |      16       8 |     256     256 |   OK    143 ms |     14.48 ms |  148.3 |     results match |
|  344 |   407 |    1   64   32    1   16    8   16    8    1    1    1    0    0    0    0    2 |      16       8 |     256     256 |   OK    151 ms |     17.54 ms |  122.4 |     results match |
|  345 |   407 |    1   64   32    1   16    8   16    8    1    1    1    0    0    0    0    4 |      16       8 |     256     256 |   OK    185 ms |     24.72 ms |   86.8 |     results match |
|  346 |   407 |    1   64   32    1   16    8   16    8    1    2    2    0    0    0    0    2 |      16       8 |     256     256 |   OK    142 ms |     10.58 ms |  202.9 |     results match |
|  347 |   407 |    1   64   32    1   16    8   16    8    1    2    2    0    0    0    0    4 |      16       8 |     256     256 |   OK    143 ms |      7.62 ms |  281.7 |     results match |
|  348 |   407 |    1   64   32    1   16    8   16    8    1    4    4    0    0    0    0    4 |      16       8 |     256     256 |   OK    130 ms |      6.90 ms |  311.1 |     results match |
|  349 |   407 |    1   64   32    1   16   16   16   16    1    1    1    0    0    0    0    1 |      16      16 |     256     512 |   OK    126 ms |     15.34 ms |  139.9 |     results match |
|  350 |   407 |    1   64   32    1   16   16   16   16    1    1    1    0    0    0    0    2 |      16      16 |     256     512 |   OK    131 ms |     27.59 ms |   77.8 |     results match |
|  351 |   407 |    1   64   32    1   16   16   16   16    1    1    1    0    0    0    0    4 |      16      16 |     256     512 |   OK    141 ms |     34.97 ms |   61.4 |     results match |
|  352 |   407 |    1   64   32    1   16   16   16   16    1    2    2    0    0    0    0    2 |      16      16 |     256     512 |   OK    123 ms |     14.36 ms |  149.5 |     results match |
|  353 |   407 |    1   64   32    1   16   16   16   16    1    2    2    0    0    0    0    4 |      16      16 |     256     512 |   OK    130 ms |     11.62 ms |  184.7 |     results match |
|  354 |   407 |    1   64   64    1    4    4    4    4    1    1    1    0    0    0    0    1 |       4       4 |      64      64 |   OK    894 ms |    432.27 ms |    5.0 |     results match |
|  355 |   407 |    1   64   64    1    4    4    4    4    1    1    1    0    0    0    0    2 |       4       4 |      64      64 |   OK    972 ms |    242.33 ms |    8.9 |     results match |
|  356 |   407 |    1   64   64    1    4    4    4    4    1    1    1    0    0    0    0    4 |       4       4 |      64      64 |   OK   1006 ms |    131.32 ms |   16.3 |     results match |
|  357 |   407 |    1   64   64    1    4    4    4    4    1    2    2    0    0    0    0    2 |       4       4 |      64      64 |   OK    949 ms |     75.54 ms |   28.4 |     results match |
|  358 |   407 |    1   64   64    1    4    4    4    4    1    2    2    0    0    0    0    4 |       4       4 |      64      64 |   OK   1111 ms |     54.88 ms |   39.1 |     results match |
|  359 |   407 |    1   64   64    1    4    4    4    4    1    4    4    0    0    0    0    4 |       4       4 |      64      64 |   OK    693 ms |     45.27 ms |   47.4 |     results match |
|  360 |   407 |    1   64   64    1    4    8    4    8    1    1    1    0    0    0    0    1 |       4       8 |      64     128 |   OK    411 ms |     23.05 ms |   93.1 |     results match |
|  361 |   407 |    1   64   64    1    4    8    4    8    1    1    1    0    0    0    0    2 |       4       8 |      64     128 |   OK    464 ms |     21.07 ms |  101.9 |     results match |
|  362 |   407 |    1   64   64    1    4    8    4    8    1    1    1    0    0    0    0    4 |       4       8 |      64     128 |   OK    561 ms |     20.58 ms |  104.3 |     results match |
|  363 |   407 |    1   64   64    1    4    8    4    8    1    2    2    0    0    0    0    2 |       4       8 |      64     128 |   OK    300 ms |     20.54 ms |  104.5 |     results match |
|  364 |   407 |    1   64   64    1    4    8    4    8    1    2    2    0    0    0    0    4 |       4       8 |      64     128 |   OK    343 ms |     15.07 ms |  142.4 |     results match |
|  365 |   407 |    1   64   64    1    4    8    4    8    1    4    4    0    0    0    0    4 |       4       8 |      64     128 |   OK    253 ms |     11.78 ms |  182.2 |     results match |
|  366 |   407 |    1   64   64    1    4   16    4   16    1    1    1    0    0    0    0    1 |       4      16 |      64     256 |   OK    251 ms |     16.51 ms |  130.0 |     results match |
|  367 |   407 |    1   64   64    1    4   16    4   16    1    1    1    0    0    0    0    2 |       4      16 |      64     256 |   OK    279 ms |     13.35 ms |  160.8 |     results match |
|  368 |   407 |    1   64   64    1    4   16    4   16    1    1    1    0    0    0    0    4 |       4      16 |      64     256 |   OK    345 ms |     14.28 ms |  150.3 |     results match |
|  369 |   407 |    1   64   64    1    4   16    4   16    1    2    2    0    0    0    0    2 |       4      16 |      64     256 |   OK    215 ms |     13.41 ms |  160.0 |     results match |
|  370 |   407 |    1   64   64    1    4   16    4   16    1    2    2    0    0    0    0    4 |       4      16 |      64     256 |   OK    236 ms |     13.77 ms |  155.9 |     results match |
|  371 |   407 |    1   64   64    1    4   16    4   16    1    4    4    0    0    0    0    4 |       4      16 |      64     256 |   OK    189 ms |     10.04 ms |  213.8 |     results match |
|  372 |   407 |    1   64   64    1    8    4    8    4    1    1    1    0    0    0    0    1 |       8       4 |     128      64 |   OK    417 ms |     25.32 ms |   84.8 |     results match |
|  373 |   407 |    1   64   64    1    8    4    8    4    1    1    1    0    0    0    0    2 |       8       4 |     128      64 |   OK    457 ms |     20.91 ms |  102.7 |     results match |
|  374 |   407 |    1   64   64    1    8    4    8    4    1    1    1    0    0    0    0    4 |       8       4 |     128      64 |   OK    528 ms |     14.58 ms |  147.2 |     results match |
|  375 |   407 |    1   64   64    1    8    4    8    4    1    2    2    0    0    0    0    2 |       8       4 |     128      64 |   OK    304 ms |     20.86 ms |  102.9 |     results match |
|  376 |   407 |    1   64   64    1    8    4    8    4    1    2    2    0    0    0    0    4 |       8       4 |     128      64 |   OK    338 ms |     13.51 ms |  158.9 |     results match |
|  377 |   407 |    1   64   64    1    8    4    8    4    1    4    4    0    0    0    0    4 |       8       4 |     128      64 |   OK    262 ms |     11.63 ms |  184.6 |     results match |
|  378 |   407 |    1   64   64    1    8    8    8    8    1    1    1    0    0    0    0    1 |       8       8 |     128     128 |   OK    249 ms |     13.86 ms |  154.8 |     results match |
|  379 |   407 |    1   64   64    1    8    8    8    8    1    1    1    0    0    0    0    2 |       8       8 |     128     128 |   OK    266 ms |     13.10 ms |  163.9 |     results match |
|  380 |   407 |    1   64   64    1    8    8    8    8    1    1    1    0    0    0    0    4 |       8       8 |     128     128 |   OK    312 ms |     10.90 ms |  196.9 |     results match |
|  381 |   407 |    1   64   64    1    8    8    8    8    1    2    2    0    0    0    0    2 |       8       8 |     128     128 |   OK    203 ms |      8.11 ms |  264.5 |     results match |
|  382 |   407 |    1   64   64    1    8    8    8    8    1    2    2    0    0    0    0    4 |       8       8 |     128     128 |   OK    223 ms |      6.56 ms |  327.3 |     results match |
|  383 |   407 |    1   64   64    1    8    8    8    8    1    4    4    0    0    0    0    4 |       8       8 |     128     128 |   OK    181 ms |      5.68 ms |  378.1 |     results match |
|  384 |   407 |    1   64   64    1    8   16    8   16    1    1    1    0    0    0    0    1 |       8      16 |     128     256 |   OK    175 ms |     14.27 ms |  150.5 |     results match |
|  385 |   407 |    1   64   64    1    8   16    8   16    1    1    1    0    0    0    0    2 |       8      16 |     128     256 |   OK    186 ms |     10.98 ms |  195.4 |     results match |
|  386 |   407 |    1   64   64    1    8   16    8   16    1    1    1    0    0    0    0    4 |       8      16 |     128     256 |   OK    216 ms |     11.27 ms |  190.4 |     results match |
|  387 |   407 |    1   64   64    1    8   16    8   16    1    2    2    0    0    0    0    2 |       8      16 |     128     256 |   OK    155 ms |      8.65 ms |  248.2 |     results match |
|  388 |   407 |    1   64   64    1    8   16    8   16    1    2    2    0    0    0    0    4 |       8      16 |     128     256 |   OK    170 ms |      8.33 ms |  257.7 |     results match |
|  389 |   407 |    1   64   64    1    8   16    8   16    1    4    4    0    0    0    0    4 |       8      16 |     128     256 |   OK    147 ms |      7.35 ms |  291.9 |     results match |
|  390 |   407 |    1   64   64    1   16    4   16    4    1    1    1    0    0    0    0    1 |      16       4 |     256      64 |   OK    254 ms |     14.33 ms |  149.8 |     results match |
|  391 |   407 |    1   64   64    1   16    4   16    4    1    1    1    0    0    0    0    2 |      16       4 |     256      64 |   OK    279 ms |      9.96 ms |  215.5 |     results match |
|  392 |   407 |    1   64   64    1   16    4   16    4    1    1    1    0    0    0    0    4 |      16       4 |     256      64 |   OK    328 ms |     10.86 ms |  197.7 |     results match |
|  393 |   407 |    1   64   64    1   16    4   16    4    1    2    2    0    0    0    0    2 |      16       4 |     256      64 |   OK    210 ms |      9.10 ms |  235.9 |     results match |
|  394 |   407 |    1   64   64    1   16    4   16    4    1    2    2    0    0    0    0    4 |      16       4 |     256      64 |   OK    233 ms |      6.82 ms |  314.7 |     results match |
|  395 |   407 |    1   64   64    1   16    4   16    4    1    4    4    0    0    0    0    4 |      16       4 |     256      64 |   OK    183 ms |      6.37 ms |  337.2 |     results match |
|  396 |   407 |    1   64   64    1   16    8   16    8    1    1    1    0    0    0    0    1 |      16       8 |     256     128 |   OK    178 ms |     14.09 ms |  152.4 |     results match |
|  397 |   407 |    1   64   64    1   16    8   16    8    1    1    1    0    0    0    0    2 |      16       8 |     256     128 |   OK    185 ms |     10.55 ms |  203.5 |     results match |
|  398 |   407 |    1   64   64    1   16    8   16    8    1    1    1    0    0    0    0    4 |      16       8 |     256     128 |   OK    213 ms |     13.35 ms |  160.8 |     results match |
|  399 |   407 |    1   64   64    1   16    8   16    8    1    2    2    0    0    0    0    2 |      16       8 |     256     128 |   OK    156 ms |      8.71 ms |  246.4 |     results match |
|  400 |   407 |    1   64   64    1   16    8   16    8    1    2    2    0    0    0    0    4 |      16       8 |     256     128 |   OK    169 ms |      6.42 ms |  334.5 |     results match |
|  401 |   407 |    1   64   64    1   16    8   16    8    1    4    4    0    0    0    0    4 |      16       8 |     256     128 |   OK    145 ms |      5.75 ms |  373.4 |     results match |
|  402 |   407 |    1   64   64    1   16   16   16   16    1    1    1    0    0    0    0    1 |      16      16 |     256     256 |   OK    139 ms |     14.33 ms |  149.8 |     results match |
|  403 |   407 |    1   64   64    1   16   16   16   16    1    1    1    0    0    0    0    2 |      16      16 |     256     256 |   OK    147 ms |     16.35 ms |  131.3 |     results match |
|  404 |   407 |    1   64   64    1   16   16   16   16    1    1    1    0    0    0    0    4 |      16      16 |     256     256 |   OK    163 ms |     18.51 ms |  116.0 |     results match |
|  405 |   407 |    1   64   64    1   16   16   16   16    1    2    2    0    0    0    0    2 |      16      16 |     256     256 |   OK    131 ms |     10.31 ms |  208.2 |     results match |
|  406 |   407 |    1   64   64    1   16   16   16   16    1    2    2    0    0    0    0    4 |      16      16 |     256     256 |   OK    139 ms |      7.87 ms |  272.7 |     results match |
|  407 |   407 |    1   64   64    1   16   16   16   16    1    4    4    0    0    0    0    4 |      16      16 |     256     256 |   OK    126 ms |      6.42 ms |  334.4 |     results match |
x------x-------x---------------------------------------------------------------------------------x-----------------x-----------------x----------------x--------------x--------x-------------------x


* Got average result of 24.88 ms: 86.3 GFLOPS
* Found best result 5.68 ms: 378.1 GFLOPS
* Best parameters: GEMMK=1 KREG=4 KWG=1 KWI=1 MDIMA=8 MDIMC=8 MWG=64 NDIMB=8 NDIMC=8 NWG=64 PRECISION=32 SA=0 SB=0 STRM=0 STRN=0 VWM=4 VWN=4

* Writing a total of 407 results to 'clblast_xgemm_11_32.json'
* Completed tuning process

* (4/4) Tuning secondary GEMM kernel (GEMMK == 1) for random parameters out of larger set

* Options given/available:
    -platform 0 [=default]
    -device 0 [=default]
    -precision 32 (single) [=default]
    -threads 1 [=default]
    -m 1024 [=default]
    -n 1024 [=default]
    -k 1024 [=default]
    -alpha 2.00 [=default]
    -beta 2.00 [=default]
    -fraction 128.00 [=default]
    -runs 2 [=default]
    -max_l2_norm 0.00 [=default]

* Found 15910 configuration(s)
* Exploring a random subset of 124 configuration(s)
* Parameters explored: GEMMK MWG NWG KWG MDIMC NDIMC MDIMA NDIMB KWI VWM VWN STRM STRN SA SB KREG 

|   ID | total |                                                                           param |      local      |      global     |       compiles |         time | GFLOPS |            status |
x------x-------x---------------------------------------------------------------------------------x-----------------x-----------------x----------------x--------------x--------x-------------------x
|  ref |     - |                                                                               - |       8       8 |    1024    1024 |             OK |     39.47 ms |      - |      reference OK |
x------x-------x---------------------------------------------------------------------------------x-----------------x-----------------x----------------x--------------x--------x-------------------x
|    1 |   124 |    1  128   32    1    2   16    2   16    1    4    1    0    0    0    0   16 |       2      16 |      16     512 |   OK   1312 ms |     51.04 ms |   42.1 |     results match |
|    2 |   124 |    1  128  128    1   16    4   16    4    1    4    2    0    0    0    0    2 |      16       4 |     128      32 |   OK    793 ms |     92.05 ms |   23.3 |     results match |
|    3 |   124 |    1  128    8    1   32    2   32    2    1    4    4    0    0    0    0   16 |      32       2 |     256     256 |   OK    153 ms |      7.58 ms |  283.3 |     results match |
|    4 |   124 |    1  128  128    1   32    2   32    2    1    1    1    0    0    0    0    4 |      32       2 |     256      16 |   OK   1301 ms |     63.21 ms |   34.0 |     results match |
|    5 |   124 |    1   32   32    1    2    8    2    8    1    1    1    0    0    0    0   16 |       2       8 |      64     256 |   OK    837 ms |     65.05 ms |   33.0 |     results match |
|    6 |   124 |    1  128   64    1   16    4   16    4    1    8    2    0    0    0    0   16 |      16       4 |     128      64 |   OK    582 ms |      7.67 ms |  279.9 |     results match |
|    7 |   124 |    1   64    8    1    4    2    4    2    1    1    1    0    0    0    0    2 |       4       2 |      64     256 |   OK    301 ms |     77.66 ms |   27.6 |     results match |
|    8 |   124 |    1   64   64    1   16    4   16    4    1    1    2    0    0    0    0   16 |      16       4 |     256      64 |   OK    534 ms |     17.59 ms |  122.0 |     results match |
|    9 |   124 |    1   32   64    1   16    2   16    2    1    1    2    0    0    0    0   16 |      16       2 |     512      32 |   OK    684 ms |     22.97 ms |   93.4 |     results match |
|   10 |   124 |    1  128  128    1   16    8   16    8    1    1    2    0    0    0    0    4 |      16       8 |     128      64 |   OK    497 ms |     13.20 ms |  162.7 |     results match |
|   11 |   124 |    1   32  128    1    4    4    4    4    1    8    1    0    0    0    0   16 |       4       4 |     128      32 |   OK   2347 ms |    103.08 ms |   20.8 |     results match |
|   12 |   124 |    1  128   16    1   32    8   32    8    1    2    2    0    0    0    0    4 |      32       8 |     256     512 |   OK    132 ms |     10.86 ms |  197.6 |     results match |
|   13 |   124 |    1   32   64    1    2    4    2    4    1    4    8    0    0    0    0    8 |       2       4 |      64      64 |   OK    929 ms |    132.45 ms |   16.2 |     results match |
|   14 |   124 |    1  128   32    1   16   16   16   16    1    4    2    0    0    0    0    8 |      16      16 |     128     512 |   OK    143 ms |      8.30 ms |  258.7 |     results match |
|   15 |   124 |    1  128   32    1    2    8    2    8    1    4    2    0    0    0    0    8 |       2       8 |      16     256 |   OK   2210 ms |    201.74 ms |   10.6 |     results match |
|   16 |   124 |    1   16  128    1    4   32    4   32    1    1    2    0    0    0    0    4 |       4      32 |     256     256 |   OK    164 ms |     16.33 ms |  131.4 |     results match |
|   17 |   124 |    1  128   16    1   16    8   16    8    1    8    1    0    0    0    0    2 |      16       8 |     128     512 |   OK    122 ms |      9.03 ms |  237.6 |     results match |
|   18 |   124 |    1   16   16    1    2    2    2    2    1    2    1    0    0    0    0   16 |       2       2 |     128     128 |   OK    467 ms |    138.77 ms |   15.5 |     results match |
|   19 |   124 |    1   16  128    1    4    2    4    2    1    1    1    0    0    0    0    1 |       4       2 |     256      16 |   OK    973 ms |   1062.97 ms |    2.0 |     results match |
|   20 |   124 |    1   64   64    1    4   16    4   16    1    1    2    0    0    0    0   16 |       4      16 |      64     256 |   OK    844 ms |     16.00 ms |  134.1 |     results match |
|   21 |   124 |    1    8   16    1    2   16    2   16    1    4    1    0    0    0    0    1 |       2      16 |     256    1024 |   OK    101 ms |    109.23 ms |   19.7 |     results match |
|   22 |   124 |    1   16   64    1    2   32    2   32    1    8    1    0    0    0    0    8 |       2      32 |     128     512 |   OK    135 ms |     15.58 ms |  137.8 |     results match |
|   23 |   124 |    1   32   64    1    2    4    2    4    1    8    2    0    0    0    0    8 |       2       4 |      64      64 |   OK    810 ms |    106.88 ms |   20.1 |     results match |
|   24 |   124 |    1   64   32    1   16    8   16    8    1    1    1    0    0    0    0    4 |      16       8 |     256     256 |   OK    161 ms |     18.26 ms |  117.6 |     results match |
|   25 |   124 |    1   16   64    1   16   16   16   16    1    1    2    0    0    0    0    2 |      16      16 |    1024     256 |   OK    107 ms |     29.00 ms |   74.0 |     results match |
|   26 |   124 |    1   64   32    1    8    4    8    4    1    1    4    0    0    0    0    8 |       8       4 |     128     128 |   OK    382 ms |     25.28 ms |   84.9 |     results match |
|   27 |   124 |    1   32   32    1   16    2   16    2    1    2    1    0    0    0    0    4 |      16       2 |     512      64 |   OK    225 ms |     19.17 ms |  112.0 |     results match |
|   28 |   124 |    1   32   16    1    8    2    8    2    1    1    4    0    0    0    0    4 |       8       2 |     256     128 |   OK    212 ms |     31.05 ms |   69.1 |     results match |
|   29 |   124 |    1    8   64    1    4   16    4   16    1    1    1    0    0    0    0    1 |       4      16 |     512     256 |   OK    129 ms |    104.48 ms |   20.5 |     results match |
|   30 |   124 |    1   32   32    1    2    2    2    2    1    2    8    0    0    0    0    8 |       2       2 |      64      64 |   OK   1125 ms |    371.95 ms |    5.8 |     results match |
|   31 |   124 |    1   64  128    1    4    2    4    2    1    1    1    0    0    0    0    1 |       4       2 |      64      16 |   OK   2281 ms |   1872.04 ms |    1.1 |     results match |
|   32 |   124 |    1   32   64    1    2    8    2    8    1    2    1    0    0    0    0    2 |       2       8 |      64     128 |   OK    322 ms |     38.14 ms |   56.3 |     results match |
|   33 |   124 |    1   16   64    1    2    8    2    8    1    2    2    0    0    0    0   16 |       2       8 |     128     128 |   OK    402 ms |     54.61 ms |   39.3 |     results match |
|   34 |   124 |    1    8   64    1    2    2    2    2    1    4    2    0    0    0    0    2 |       2       2 |     256      32 |   OK    258 ms |    224.06 ms |    9.6 |     results match |
|   35 |   124 |    1   32   64    1    4   32    4   32    1    1    1    0    0    0    0    2 |       4      32 |     128     512 |   OK    153 ms |     23.74 ms |   90.4 |     results match |
|   36 |   124 |    1    8  128    1    4    4    4    4    1    2    2    0    0    0    0    4 |       4       4 |     512      32 |   OK    288 ms |     32.28 ms |   66.5 |     results match |
|   37 |   124 |    1  128   32    1    2    2    2    2    1    4    1    0    0    0    0    2 |       2       2 |      16      64 |   OK   1706 ms |   1445.82 ms |    1.5 |     results match |
|   38 |   124 |    1   64   32    1    8    2    8    2    1    4    1    0    0    0    0   16 |       8       2 |     128      64 |   OK    739 ms |     28.05 ms |   76.5 |     results match |
|   39 |   124 |    1  128   32    1   16    8   16    8    1    8    2    0    0    0    0    2 |      16       8 |     128     256 |   OK    133 ms |      6.66 ms |  322.5 |     results match |
|   40 |   124 |    1   32   64    1    2    4    2    4    1    4    2    0    0    0    0    2 |       2       4 |      64      64 |   OK    706 ms |    209.17 ms |   10.3 |     results match |
|   41 |   124 |    1   16   32    1    2    8    2    8    1    2    1    0    0    0    0    1 |       2       8 |     128     256 |   OK    155 ms |     53.45 ms |   40.2 |     results match |
|   42 |   124 |    1   32  128    1   16    4   16    4    1    2    2    0    0    0    0   16 |      16       4 |     512      32 |   OK    547 ms |     22.17 ms |   96.8 |     results match |
|   43 |   124 |    1   64   32    1    8    8    8    8    1    4    2    0    0    0    0    4 |       8       8 |     128     256 |   OK    153 ms |      7.51 ms |  285.8 |     results match |
|   44 |   124 |    1   16  128    1    8    8    8    8    1    2    2    0    0    0    0    2 |       8       8 |     512      64 |   OK    166 ms |     27.19 ms |   78.9 |     results match |
|   45 |   124 |    1    8  128    1    4   32    4   32    1    1    1    0    0    0    0   16 |       4      32 |     512     256 |   OK    216 ms |     29.22 ms |   73.5 |     results match |
|   46 |   124 |    1  128  128    1    2    8    2    8    1    8    8    0    0    0    0    8 |       2       8 |      16      64 |   OK   8080 ms |    316.22 ms |    6.8 |     results match |
|   47 |   124 |    1   64   64    1   16    8   16    8    1    2    4    0    0    0    0   16 |      16       8 |     256     128 |   OK    244 ms |      8.70 ms |  246.8 |     results match |
|   48 |   124 |    1  128  128    1    8   16    8   16    1    4    2    0    0    0    0    4 |       8      16 |      64     128 |   OK    276 ms |      7.19 ms |  298.3 |     results match |
|   49 |   124 |    1   32   32    1    2    4    2    4    1    8    1    0    0    0    0    2 |       2       4 |      64     128 |   OK    212 ms |     67.06 ms |   32.0 |     results match |
|   50 |   124 |    1  128  128    1    8    2    8    2    1    1    2    0    0    0    0   16 |       8       2 |      64      16 |   OK  15728 ms |    183.02 ms |   11.7 |     results match |
|   51 |   124 |    1   32    8    1    2    2    2    2    1    8    2    0    0    0    0    4 |       2       2 |      64     256 |   OK    181 ms |     85.86 ms |   25.0 |     results match |
|   52 |   124 |    1  128   64    1    2    2    2    2    1    2    8    0    0    0    0    8 |       2       2 |      16      32 |   OK   9906 ms |   1026.76 ms |    2.1 |     results match |
|   53 |   124 |    1   32    8    1    8    4    8    4    1    1    2    0    0    0    0   16 |       8       4 |     256     512 |   OK    225 ms |     52.39 ms |   41.0 |     results match |
|   54 |   124 |    1   32   64    1   16   16   16   16    1    1    2    0    0    0    0   16 |      16      16 |     512     256 |   OK    189 ms |     14.25 ms |  150.6 |     results match |
|   55 |   124 |    1  128   32    1    4    8    4    8    1    8    2    0    0    0    0    8 |       4       8 |      32     256 |   OK    400 ms |     20.08 ms |  106.9 |     results match |
|   56 |   124 |    1   32  128    1    4   16    4   16    1    1    4    0    0    0    0   16 |       4      16 |     128     128 |   OK    561 ms |     13.23 ms |  162.2 |     results match |
|   57 |   124 |    1    8   16    1    4   16    4   16    1    1    1    0    0    0    0    1 |       4      16 |     512    1024 |   OK    108 ms |    109.53 ms |   19.6 |     results match |
|   58 |   124 |    1  128   64    1   16    4   16    4    1    1    1    0    0    0    0    1 |      16       4 |     128      64 |   OK    436 ms |     16.22 ms |  132.4 |     results match |
|   59 |   124 |    1   32  128    1    8    4    8    4    1    1    4    0    0    0    0    4 |       8       4 |     256      32 |   OK    510 ms |     19.47 ms |  110.2 |     results match |
|   60 |   124 |    1   64   16    1   16    4   16    4    1    2    1    0    0    0    0    4 |      16       4 |     256     256 |   OK    146 ms |      8.51 ms |  252.3 |     results match |
|   61 |   124 |    1  128   32    1    4   32    4   32    1    1    1    0    0    0    0    8 |       4      32 |      32    1024 |   OK   1632 ms |     67.58 ms |   31.8 |     results match |
|   62 |   124 |    1   64   64    1    4   32    4   32    1    8    1    0    0    0    0    1 |       4      32 |      64     512 |   OK    133 ms |     15.41 ms |  139.3 |     results match |
|   63 |   124 |    1  128   64    1    2   16    2   16    1    2    1    0    0    0    0    1 |       2      16 |      16     256 |   OK    655 ms |     26.48 ms |   81.0 |     results match |
|   64 |   124 |    1    8   32    1    2    2    2    2    1    4    8    0    0    0    0   16 |       2       2 |     256      64 |   OK    272 ms |    262.60 ms |    8.2 |     results match |
|   65 |   124 |    1   32   16    1   32    2   32    2    1    1    2    0    0    0    0   16 |      32       2 |    1024     128 |   OK    189 ms |     14.85 ms |  144.6 |     results match |
|   66 |   124 |    1   32   32    1    8    2    8    2    1    1    4    0    0    0    0    4 |       8       2 |     256      64 |   OK    290 ms |     35.86 ms |   59.9 |     results match |
|   67 |   124 |    1  128  128    1   32    4   32    4    1    2    1    0    0    0    0    8 |      32       4 |     256      32 |   OK    723 ms |      8.57 ms |  250.3 |     results match |
|   68 |   124 |    1   32    8    1    4    2    4    2    1    4    1    0    0    0    0    2 |       4       2 |     128     256 |   OK    145 ms |     39.64 ms |   54.2 |     results match |
|   69 |   124 |    1   16  128    1    2    8    2    8    1    2    1    0    0    0    0    8 |       2       8 |     128      64 |   OK    581 ms |     26.27 ms |   81.7 |     results match |
|   70 |   124 |    1   64   16    1    2    8    2    8    1    4    2    0    0    0    0    8 |       2       8 |      32     512 |   OK    275 ms |     41.42 ms |   51.8 |     results match |
|   71 |   124 |    1   16  128    1    2    4    2    4    1    8    8    0    0    0    0    8 |       2       4 |     128      32 |   OK    865 ms |    126.08 ms |   17.0 |     results match |
|   72 |   124 |    1  128   64    1    2    4    2    4    1    2    1    0    0    0    0   16 |       2       4 |      16      64 |   OK   8084 ms |    811.72 ms |    2.6 |     results match |
|   73 |   124 |    1  128   64    1    8   32    8   32    1    2    1    0    0    0    0   16 |       8      32 |      64     512 |   OK    385 ms |     23.90 ms |   89.8 |     results match |
|   74 |   124 |    1   64   64    1    8    8    8    8    1    8    8    0    0    0    0   16 |       8       8 |     128     128 |   OK    239 ms |      8.75 ms |  245.3 |     results match |
|   75 |   124 |    1  128   64    1    4    8    4    8    1    8    8    0    0    0    0   16 |       4       8 |      32     128 |   OK   3545 ms |    130.17 ms |   16.5 |     results match |
|   76 |   124 |    1   16   16    1    8    2    8    2    1    2    2    0    0    0    0    8 |       8       2 |     512     128 |   OK    162 ms |     40.98 ms |   52.4 |     results match |
|   77 |   124 |    1  128  128    1    4   32    4   32    1    1    4    0    0    0    0   16 |       4      32 |      32     256 |   OK   9662 ms |     81.71 ms |   26.3 |     results match |
|   78 |   124 |    1  128   64    1    4    2    4    2    1    4    2    0    0    0    0    8 |       4       2 |      32      32 |   OK   5639 ms |    303.47 ms |    7.1 |     results match |
|   79 |   124 |    1   16  128    1    8    2    8    2    1    2    2    0    0    0    0    4 |       8       2 |     512      16 |   OK    492 ms |     54.36 ms |   39.5 |     results match |
|   80 |   124 |    1   16   32    1    2    8    2    8    1    1    1    0    0    0    0    2 |       2       8 |     128     256 |   OK    196 ms |     32.88 ms |   65.3 |     results match |
|   81 |   124 |    1   32   16    1    2    4    2    4    1    1    1    0    0    0    0    2 |       2       4 |      64     256 |   OK    292 ms |     79.55 ms |   27.0 |     results match |
|   82 |   124 |    1    8   32    1    2    4    2    4    1    1    2    0    0    0    0    8 |       2       4 |     256     128 |   OK    248 ms |     61.87 ms |   34.7 |     results match |
|   83 |   124 |    1  128  128    1   32    2   32    2    1    4    4    0    0    0    0    8 |      32       2 |     256      16 |   OK    999 ms |     57.11 ms |   37.6 |     results match |
|   84 |   124 |    1  128   32    1   16    8   16    8    1    2    4    0    0    0    0    8 |      16       8 |     128     256 |   OK    206 ms |     12.99 ms |  165.3 |     results match |
|   85 |   124 |    1   16  128    1    4    8    4    8    1    1    2    0    0    0    0    2 |       4       8 |     256      64 |   OK    276 ms |     27.29 ms |   78.6 |     results match |
|   86 |   124 |    1   16   16    1    2    2    2    2    1    1    1    0    0    0    0    8 |       2       2 |     128     128 |   OK    436 ms |    138.23 ms |   15.5 |     results match |
|   87 |   124 |    1   16   64    1    2   16    2   16    1    2    2    0    0    0    0    8 |       2      16 |     128     256 |   OK    207 ms |     18.93 ms |  113.4 |     results match |
|   88 |   124 |    1   64  128    1   16    2   16    2    1    2    8    0    0    0    0   16 |      16       2 |     256      16 |   OK   6200 ms |    114.46 ms |   18.8 |     results match |
|   89 |   124 |    1   16  128    1   16    4   16    4    1    1    4    0    0    0    0    8 |      16       4 |    1024      32 |   OK    260 ms |     15.44 ms |  139.1 |     results match |
|   90 |   124 |    1   32  128    1    4   32    4   32    1    8    2    0    0    0    0    2 |       4      32 |     128     256 |   OK    132 ms |     16.03 ms |  133.9 |     results match |
|   91 |   124 |    1  128   32    1    4    4    4    4    1    4    2    0    0    0    0    4 |       4       4 |      32     128 |   OK    782 ms |     76.61 ms |   28.0 |     results match |
|   92 |   124 |    1   16  128    1    4    2    4    2    1    2    1    0    0    0    0    8 |       4       2 |     256      16 |   OK   1520 ms |    277.58 ms |    7.7 |     results match |
|   93 |   124 |    1   64  128    1    4    4    4    4    1    1    8    0    0    0    0    8 |       4       4 |      64      32 |   OK   2292 ms |    154.26 ms |   13.9 |     results match |
|   94 |   124 |    1   16   64    1    4    2    4    2    1    4    2    0    0    0    0    2 |       4       2 |     256      32 |   OK    264 ms |    112.04 ms |   19.2 |     results match |
|   95 |   124 |    1   32    8    1    8    2    8    2    1    4    2    0    0    0    0    4 |       8       2 |     256     256 |   OK    131 ms |     21.80 ms |   98.5 |     results match |
|   96 |   124 |    1   16  128    1    4    2    4    2    1    1    8    0    0    0    0   16 |       4       2 |     256      16 |   OK   1863 ms |    216.82 ms |    9.9 |     results match |
|   97 |   124 |    1   16   64    1    4   16    4   16    1    2    1    0    0    0    0    4 |       4      16 |     256     256 |   OK    149 ms |     14.30 ms |  150.1 |     results match |
|   98 |   124 |    1   64   32    1   16    8   16    8    1    1    1    0    0    0    0    8 |      16       8 |     256     256 |   OK    204 ms |     21.57 ms |   99.5 |     results match |
|   99 |   124 |    1   32    8    1    4    8    4    8    1    8    1    0    0    0    0    2 |       4       8 |     128    1024 |   OK    111 ms |     24.60 ms |   87.2 |     results match |
|  100 |   124 |    1   32   16    1    2    2    2    2    1    1    1    0    0    0    0    1 |       2       2 |      64     128 |   OK    428 ms |    137.31 ms |   15.6 |     results match |
|  101 |   124 |    1   64   16    1    2    4    2    4    1    8    1    0    0    0    0    1 |       2       4 |      32     256 |   OK    200 ms |     51.88 ms |   41.4 |     results match |
|  102 |   124 |    1   64   32    1   32    2   32    2    1    1    2    0    0    0    0    4 |      32       2 |     512      64 |   OK    214 ms |      9.90 ms |  216.7 |     results match |
|  103 |   124 |    1   32   16    1    2    4    2    4    1    2    4    0    0    0    0   16 |       2       4 |      64     256 |   OK    470 ms |     70.04 ms |   30.6 |     results match |
|  104 |   124 |    1    8   32    1    2    8    2    8    1    1    4    0    0    0    0    8 |       2       8 |     256     256 |   OK    187 ms |     36.88 ms |   58.2 |     results match |
|  105 |   124 |    1  128    8    1   32    4   32    4    1    4    2    0    0    0    0    8 |      32       4 |     256     512 |   OK    128 ms |     11.08 ms |  193.8 |     results match |
|  106 |   124 |    1    8  128    1    4    8    4    8    1    1    1    0    0    0    0    1 |       4       8 |     512      64 |   OK    189 ms |    101.63 ms |   21.1 |     results match |
|  107 |   124 |    1   16   32    1   16   16   16   16    1    1    1    0    0    0    0    1 |      16      16 |    1024     512 |   OK    102 ms |     55.36 ms |   38.8 |     results match |
|  108 |   124 |    1   32   64    1    8    8    8    8    1    4    2    0    0    0    0    8 |       8       8 |     256     128 |   OK    174 ms |      8.30 ms |  258.7 |     results match |
|  109 |   124 |    1   64   32    1   16    4   16    4    1    1    4    0    0    0    0    8 |      16       4 |     256     128 |   OK    240 ms |     15.56 ms |  138.0 |     results match |
|  110 |   124 |    1   64    8    1    2    8    2    8    1    2    1    0    0    0    0    1 |       2       8 |      32    1024 |   OK    150 ms |     44.55 ms |   48.2 |     results match |
|  111 |   124 |    1   64  128    1    8    8    8    8    1    8    4    0    0    0    0    8 |       8       8 |     128      64 |   OK    296 ms |      6.02 ms |  356.3 |     results match |
|  112 |   124 |    1    8   64    1    2    2    2    2    1    2    1    0    0    0    0    2 |       2       2 |     256      32 |   OK    371 ms |    232.69 ms |    9.2 |     results match |
|  113 |   124 |    1   64    8    1    8    8    8    8    1    4    1    0    0    0    0    4 |       8       8 |     128    1024 |   OK    120 ms |     12.22 ms |  175.7 |     results match |
|  114 |   124 |    1  128    8    1    2    2    2    2    1    8    4    0    0    0    0   16 |       2       2 |      16     256 |   OK   6770 ms |   1404.22 ms |    1.5 |     results match |
|  115 |   124 |    1   32   32    1    4    8    4    8    1    8    2    0    0    0    0    2 |       4       8 |     128     256 |   OK    133 ms |     15.60 ms |  137.6 |     results match |
|  116 |   124 |    1   16   16    1    2    2    2    2    1    8    1    0    0    0    0    2 |       2       2 |     128     128 |   OK    161 ms |     73.18 ms |   29.3 |     results match |
|  117 |   124 |    1   32   64    1    4    4    4    4    1    8    2    0    0    0    0    2 |       4       4 |     128      64 |   OK    213 ms |     33.73 ms |   63.6 |     results match |
|  118 |   124 |    1   16  128    1    2    2    2    2    1    4    2    0    0    0    0    8 |       2       2 |     128      16 |   OK   2149 ms |    388.16 ms |    5.5 |     results match |
|  119 |   124 |    1    8  128    1    2    2    2    2    1    4    1    0    0    0    0    4 |       2       2 |     256      16 |   OK    844 ms |    248.35 ms |    8.6 |     results match |
|  120 |   124 |    1   64  128    1    4    4    4    4    1    4    1    0    0    0    0    1 |       4       4 |      64      32 |   OK   1383 ms |    402.24 ms |    5.3 |     results match |
|  121 |   124 |    1  128    8    1    8    2    8    2    1    4    2    0    0    0    0    2 |       8       2 |      64     256 |   OK    179 ms |     18.02 ms |  119.1 |     results match |
|  122 |   124 |    1   64   64    1    8    2    8    2    1    1    1    0    0    0    0    8 |       8       2 |     128      32 |   OK   1588 ms |     67.87 ms |   31.6 |     results match |
|  123 |   124 |    1   64   64    1    8    2    8    2    1    2    4    0    0    0    0    8 |       8       2 |     128      32 |   OK   1095 ms |    114.59 ms |   18.7 |     results match |
|  124 |   124 |    1   16   16    1    8    2    8    2    1    1    2    0    0    0    0   16 |       8       2 |     512     128 |   OK    264 ms |     38.48 ms |   55.8 |     results match |
x------x-------x---------------------------------------------------------------------------------x-----------------x-----------------x----------------x--------------x--------x-------------------x


* Got average result of 130.51 ms: 16.4 GFLOPS
* Found best result 6.02 ms: 356.3 GFLOPS
* Best parameters: GEMMK=1 KREG=8 KWG=1 KWI=1 MDIMA=8 MDIMC=8 MWG=64 NDIMB=8 NDIMC=8 NWG=128 PRECISION=32 SA=0 SB=0 STRM=0 STRN=0 VWM=8 VWN=4

* Writing a total of 124 results to 'clblast_xgemm_12_32.json'
* Completed tuning process

* Options given/available:
    -platform 0 [=default]
    -device 0 [=default]
    -precision 32 (single) [=default]
    -threads 1 [=default]
    -m 256 [=default]
    -n 256 [=default]
    -k 256 [=default]
    -alpha 2.00 [=default]
    -beta 2.00 [=default]
    -fraction 1.00 [=default]
    -runs 4 [=default]
    -max_l2_norm 0.00 [=default]

* Found 41 configuration(s)
* Parameters explored: WGD MDIMCD NDIMCD MDIMAD NDIMBD KWID VWMD VWND PADA PADB 

|   ID | total |                                             param |      local      |      global     |       compiles |         time | GFLOPS |            status |
x------x-------x---------------------------------------------------x-----------------x-----------------x----------------x--------------x--------x-------------------x
|  ref |     - |                                                 - |       8       8 |     256     256 |             OK |      0.25 ms |      - |      reference OK |
x------x-------x---------------------------------------------------x-----------------x-----------------x----------------x--------------x--------x-------------------x
|    1 |    41 |    8    8    8    8    8    2    1    1    1    1 |       8       8 |     256     256 |   OK    301 ms |      0.25 ms |  135.9 |     results match |
|    2 |    41 |   16    8    8    8    8    2    1    1    1    1 |       8       8 |     128     128 |   OK    475 ms |      0.82 ms |   40.9 |     results match |
|    3 |    41 |   16    8    8    8    8    2    1    2    1    1 |       8       8 |     128     128 |   OK    498 ms |      0.68 ms |   49.5 |     results match |
|    4 |    41 |   16    8    8    8    8    2    2    1    1    1 |       8       8 |     128     128 |   OK    515 ms |      0.61 ms |   54.8 |     results match |
|    5 |    41 |   16    8    8    8    8    2    2    2    1    1 |       8       8 |     128     128 |   OK    541 ms |      0.48 ms |   70.6 |     results match |
|    6 |    41 |   16    8   16    8   16    2    1    1    1    1 |       8      16 |     128     256 |   OK    327 ms |      1.01 ms |   33.1 |     results match |
|    7 |    41 |   16    8   16    8   16    2    2    1    1    1 |       8      16 |     128     256 |   OK    348 ms |      0.71 ms |   47.5 |     results match |
|    8 |    41 |   16   16    8   16    8    2    1    1    1    1 |      16       8 |     256     128 |   OK    327 ms |      0.79 ms |   42.7 |     results match |
|    9 |    41 |   16   16    8   16    8    2    1    2    1    1 |      16       8 |     256     128 |   OK    339 ms |      0.63 ms |   53.6 |     results match |
|   10 |    41 |   16   16   16   16   16    2    1    1    1    1 |      16      16 |     256     256 |   OK    340 ms |      0.24 ms |  140.9 |     results match |
|   11 |    41 |   32    8    8    8    8    2    1    1    1    1 |       8       8 |      64      64 |   OK   1457 ms |      0.59 ms |   56.9 |     results match |
|   12 |    41 |   32    8    8    8    8    2    1    2    1    1 |       8       8 |      64      64 |   OK   1558 ms |      0.52 ms |   64.3 |     results match |
|   13 |    41 |   32    8    8    8    8    2    1    4    1    1 |       8       8 |      64      64 |   OK   1503 ms |      0.50 ms |   66.5 |     results match |
|   14 |    41 |   32    8    8    8    8    2    2    1    1    1 |       8       8 |      64      64 |   OK   1731 ms |      0.49 ms |   68.6 |     results match |
|   15 |    41 |   32    8    8    8    8    2    2    2    1    1 |       8       8 |      64      64 |   OK   1857 ms |      0.46 ms |   72.9 |     results match |
|   16 |    41 |   32    8    8    8    8    2    2    4    1    1 |       8       8 |      64      64 |   OK   1791 ms |      0.46 ms |   73.6 |     results match |
|   17 |    41 |   32    8    8    8    8    2    4    1    1    1 |       8       8 |      64      64 |   OK   1560 ms |      0.54 ms |   61.8 |     results match |
|   18 |    41 |   32    8    8    8    8    2    4    2    1    1 |       8       8 |      64      64 |   OK   1734 ms |      0.43 ms |   78.2 |     results match |
|   19 |    41 |   32    8    8    8    8    2    4    4    1    1 |       8       8 |      64      64 |   OK   1601 ms |      0.41 ms |   80.9 |     results match |
|   20 |    41 |   32    8   16    8   16    2    1    1    1    1 |       8      16 |      64     128 |   OK    685 ms |      0.57 ms |   59.1 |     results match |
|   21 |    41 |   32    8   16    8   16    2    1    2    1    1 |       8      16 |      64     128 |   OK    740 ms |      0.38 ms |   87.5 |     results match |
|   22 |    41 |   32    8   16    8   16    2    2    1    1    1 |       8      16 |      64     128 |   OK    791 ms |      0.27 ms |  123.1 |     results match |
|   23 |    41 |   32    8   16    8   16    2    2    2    1    1 |       8      16 |      64     128 |   OK    838 ms |      0.38 ms |   89.1 |     results match |
|   24 |    41 |   32    8   16    8   16    2    4    1    1    1 |       8      16 |      64     128 |   OK    726 ms |      0.26 ms |  128.8 |     results match |
|   25 |    41 |   32    8   16    8   16    2    4    2    1    1 |       8      16 |      64     128 |   OK    799 ms |      0.36 ms |   92.4 |     results match |
|   26 |    41 |   32    8   32    8   32    2    1    1    1    1 |       8      32 |      64     256 |   OK    405 ms |      0.41 ms |   81.5 |     results match |
|   27 |    41 |   32    8   32    8   32    2    2    1    1    1 |       8      32 |      64     256 |   OK    440 ms |      0.41 ms |   81.1 |     results match |
|   28 |    41 |   32    8   32    8   32    2    4    1    1    1 |       8      32 |      64     256 |   OK    417 ms |      0.38 ms |   88.0 |     results match |
|   29 |    41 |   32   16    8   16    8    2    1    1    1    1 |      16       8 |     128      64 |   OK    686 ms |      0.49 ms |   68.9 |     results match |
|   30 |    41 |   32   16    8   16    8    2    1    2    1    1 |      16       8 |     128      64 |   OK    748 ms |      0.44 ms |   75.5 |     results match |
|   31 |    41 |   32   16    8   16    8    2    1    4    1    1 |      16       8 |     128      64 |   OK    714 ms |      0.41 ms |   82.3 |     results match |
|   32 |    41 |   32   16    8   16    8    2    2    1    1    1 |      16       8 |     128      64 |   OK    771 ms |      0.43 ms |   77.9 |     results match |
|   33 |    41 |   32   16    8   16    8    2    2    2    1    1 |      16       8 |     128      64 |   OK    824 ms |      0.39 ms |   86.0 |     results match |
|   34 |    41 |   32   16    8   16    8    2    2    4    1    1 |      16       8 |     128      64 |   OK    819 ms |      0.34 ms |   98.2 |     results match |
|   35 |    41 |   32   16   16   16   16    2    1    1    1    1 |      16      16 |     128     128 |   OK    575 ms |      0.73 ms |   45.9 |     results match |
|   36 |    41 |   32   16   16   16   16    2    1    2    1    1 |      16      16 |     128     128 |   OK    599 ms |      0.48 ms |   69.5 |     results match |
|   37 |    41 |   32   16   16   16   16    2    2    1    1    1 |      16      16 |     128     128 |   OK    614 ms |      0.61 ms |   55.2 |     results match |
|   38 |    41 |   32   16   16   16   16    2    2    2    1    1 |      16      16 |     128     128 |   OK    631 ms |      0.44 ms |   75.5 |     results match |
|   39 |    41 |   32   32    8   32    8    2    1    1    1    1 |      32       8 |     256      64 |   OK    700 ms |      0.73 ms |   45.9 |     results match |
|   40 |    41 |   32   32    8   32    8    2    1    2    1    1 |      32       8 |     256      64 |   OK    727 ms |      0.67 ms |   50.4 |     results match |
|   41 |    41 |   32   32    8   32    8    2    1    4    1    1 |      32       8 |     256      64 |   OK    714 ms |      0.63 ms |   53.0 |     results match |
x------x-------x---------------------------------------------------x-----------------x-----------------x----------------x--------------x--------x-------------------x


* Got average result of 0.51 ms: 66.0 GFLOPS
* Found best result 0.24 ms: 140.9 GFLOPS
* Best parameters: KWID=2 MDIMAD=16 MDIMCD=16 NDIMBD=16 NDIMCD=16 PADA=1 PADB=1 PRECISION=32 VWMD=1 VWND=1 WGD=16

* Writing a total of 41 results to 'clblast_xgemm_direct_1_32.json'
* Completed tuning process

* Options given/available:
    -platform 0 [=default]
    -device 0 [=default]
    -precision 32 (single) [=default]
    -threads 1 [=default]
    -m 256 [=default]
    -n 256 [=default]
    -k 256 [=default]
    -alpha 2.00 [=default]
    -beta 2.00 [=default]
    -fraction 64.00 [=default]
    -runs 4 [=default]
    -max_l2_norm 0.00 [=default]

* Found 6920 configuration(s)
* Exploring a random subset of 108 configuration(s)
* Parameters explored: WGD MDIMCD NDIMCD MDIMAD NDIMBD KWID VWMD VWND PADA PADB 

|   ID | total |                                             param |      local      |      global     |       compiles |         time | GFLOPS |            status |
x------x-------x---------------------------------------------------x-----------------x-----------------x----------------x--------------x--------x-------------------x
|  ref |     - |                                                 - |       8       8 |     256     256 |             OK |      0.24 ms |      - |      reference OK |
x------x-------x---------------------------------------------------x-----------------x-----------------x----------------x--------------x--------x-------------------x
|    1 |   108 |   64   16    8   16   32    2    2    2    0    0 |      16       8 |      64      32 |   OK   4709 ms |      0.57 ms |   59.3 |     results match |
|    2 |   108 |   64    8   16    8    8    2    2    2    1    1 |       8      16 |      32      64 |   OK   4636 ms |      0.52 ms |   64.2 |     results match |
|    3 |   108 |   16    8   16   16    8    2    1    1    0    0 |       8      16 |     128     256 |   OK    327 ms |      1.25 ms |   26.9 |     results match |
|    4 |   108 |   64    8    8    8   16    8    8    4    1    0 |       8       8 |      32      32 |   OK   6408 ms |      0.71 ms |   47.4 |     results match |
|    5 |   108 |   64   16    8   16    8    8    1    8    0    1 |      16       8 |      64      32 |   OK   2963 ms |      0.65 ms |   51.8 |     results match |
|    6 |   108 |   64    8   16   16    8    8    2    1    0    1 |       8      16 |      32      64 |   OK   4445 ms |      0.63 ms |   52.9 |     results match |
|    7 |   108 |   64   16    8    8   32   16    4    2    0    0 |      16       8 |      64      32 |   OK   4906 ms |      0.58 ms |   58.3 |     results match |
|    8 |   108 |   32   16    8   16   16    2    1    2    0    0 |      16       8 |     128      64 |   OK    735 ms |      0.53 ms |   63.5 |     results match |
|    9 |   108 |   64   32    8    8    8   16    1    2    1    0 |      32       8 |     128      32 |   OK   1870 ms |      0.41 ms |   82.5 |     results match |
|   10 |   108 |   64   32    8   16    8    8    1    8    0    1 |      32       8 |     128      32 |   OK   1592 ms |      0.45 ms |   74.1 |     results match |
|   11 |   108 |   64   32    8   32   16   16    1    4    1    0 |      32       8 |     128      32 |   OK   1792 ms |      0.34 ms |   99.5 |     results match |
|   12 |   108 |   64   16   16    8    8   16    1    2    0    0 |      16      16 |      64      64 |   OK   1789 ms |      0.70 ms |   48.1 |     results match |
|   13 |   108 |   64   16   16    8   32    2    4    1    0    1 |      16      16 |      64      64 |   OK   1584 ms |      0.68 ms |   49.5 |     results match |
|   14 |   108 |   64   32    8   16    8   16    1    2    1    0 |      32       8 |     128      32 |   OK   1917 ms |      0.36 ms |   92.3 |     results match |
|   15 |   108 |   64    8   16    8   16   16    4    2    1    1 |       8      16 |      32      64 |   OK   3314 ms |      0.60 ms |   55.5 |     results match |
|   16 |   108 |   64    8   16   16   32    8    4    1    0    0 |       8      16 |      32      64 |   OK   4408 ms |      0.48 ms |   69.5 |     results match |
|   17 |   108 |   32    8   16    8    8    8    4    1    1    0 |       8      16 |      64     128 |   OK    810 ms |      0.25 ms |  133.9 |     results match |
|   18 |   108 |   32   16   16   16    8    8    2    1    0    0 |      16      16 |     128     128 |   OK    632 ms |      1.17 ms |   28.8 |     results match |
|   19 |   108 |   64    8   16   16    8   16    1    4    1    0 |       8      16 |      32      64 |   OK   3102 ms |      0.95 ms |   35.3 |     results match |
|   20 |   108 |   32    8    8   16    8    2    1    2    1    1 |       8       8 |      64      64 |   OK   1606 ms |      0.43 ms |   78.5 |     results match |
|   21 |   108 |   16   16   16   16   16   16    1    1    1    1 |      16      16 |     256     256 |   OK    356 ms |      0.22 ms |  155.5 |     results match |
Memory access fault by GPU node-1 (Agent handle: 0xe5b7da0) on address 0x1ff4c51a3000. Reason: Unknown.
|   22 |   108 |   64    8    8   32    8    8    1    1    1    1 |       8       8 |      32      32 |   OK   6284 ms |GPU core dump created: gpucore.65379
Aborted                    (core dumped) ./clblast_tuner_xgemm_direct --help
* Options given/available:
    -platform 0 [=default]
    -device 0 [=default]
    -precision 32 (single) [=default]
    -runs 10 [=default]
    -m -1 [=default]
    -n -1 [=default]
    -k -1 [=default]

* The GEMM routine tuner requires already tuned kernels
  Applying tuning results from disk if they exist...

* Looking for tuning results in the current folder: 'clblast_xgemm_1_32.json'
* Reading override-parameters from 'clblast_xgemm_1_32.json'
* Found parameters for kernel 'Xgemm': { GEMMK=0 KREG=1 KWG=32 KWI=2 MDIMA=8 MDIMC=8 MWG=64 NDIMB=8 NDIMC=8 NWG=64 SA=0 SB=0 STRM=0 STRN=0 VWM=4 VWN=4 }
* Applying parameter override successfully for 'Xgemm'

* Looking for tuning results in the current folder: 'clblast_xgemm_direct_1_32.json'
* Reading override-parameters from 'clblast_xgemm_direct_1_32.json'
* Found parameters for kernel 'XgemmDirect': { KWID=2 MDIMAD=16 MDIMCD=16 NDIMBD=16 NDIMCD=16 PADA=1 PADB=1 VWMD=1 VWND=1 WGD=16 }
* Applying parameter override successfully for 'XgemmDirect'

* Looking for tuning results in the current folder: 'clblast_copy_32.json'
  Not found: assuming the kernel 'copy' is already tuned

* Looking for tuning results in the current folder: 'clblast_pad_32.json'
  Not found: assuming the kernel 'pad' is already tuned

* Looking for tuning results in the current folder: 'clblast_transpose_32.json'
  Not found: assuming the kernel 'transpose' is already tuned

* Looking for tuning results in the current folder: 'clblast_padtranspose_32.json'
  Not found: assuming the kernel 'padtranspose' is already tuned


* Testing the in-direct gemm routine for m=n=k
|  value |         time |
x--------x--------------x
|     64 |      0.09 ms |
|    128 |      0.17 ms |
|    192 |      0.21 ms |
|    256 |      0.27 ms |
|    320 |      0.30 ms |
|    384 |      0.45 ms |
|    448 |      0.49 ms |
|    512 |      0.98 ms |
|    576 |      1.24 ms |
|    640 |      1.53 ms |
|    704 |      1.96 ms |
|    768 |      2.48 ms |
|    832 |      3.17 ms |
|    896 |      3.45 ms |
|    960 |      4.27 ms |
|   1024 |      4.82 ms |
|   1088 |      6.19 ms |
|   1152 |      7.54 ms |
|   1216 |      8.47 ms |
|   1280 |     10.39 ms |
|   1344 |     11.28 ms |
|   1408 |     12.95 ms |
|   1472 |     14.61 ms |
|   1536 |     16.75 ms |
|   1600 |     18.96 ms |
|   1664 |     21.99 ms |
|   1728 |     24.51 ms |
|   1792 |     26.01 ms |
|   1856 |     29.60 ms |
|   1920 |     33.75 ms |
|   1984 |     34.98 ms |
x--------x--------------x

* Testing the direct gemm routine for m=n=k
|  value |         time |
x--------x--------------x
|     64 |      0.03 ms |
|    128 |      0.06 ms |
|    192 |      0.15 ms |
|    256 |      0.29 ms |
|    320 |      0.42 ms |
|    384 |      0.71 ms |
|    448 |      1.28 ms |
|    512 |      1.79 ms |
|    576 |      3.18 ms |
|    640 |      4.60 ms |
|    704 |      6.35 ms |
|    768 |      5.89 ms |
|    832 |     11.19 ms |
|    896 |     14.75 ms |
|    960 |     17.95 ms |
|   1024 |     14.85 ms |
|   1088 |     27.16 ms |
|   1152 |     33.19 ms |
|   1216 |     38.62 ms |
|   1280 |     29.66 ms |
|   1344 |     53.09 ms |
|   1408 |     60.70 ms |
|   1472 |     70.06 ms |
|   1536 |     54.94 ms |
|   1600 |     90.58 ms |
|   1664 |    102.76 ms |
|   1728 |    115.36 ms |
|   1792 |    105.02 ms |
|   1856 |    145.32 ms |
|   1920 |    156.95 ms |
|   1984 |    179.84 ms |
x--------x--------------x

* Collecting results
|         ||         gemm indirect ||         gemm direct ||          |
|   m=n=k ||    ms    |   GFLOPS   ||    ms    |  GFLOPS  ||  score   | (lowest score == best switching point)
x---------xx----------x------------xx----------x----------xx----------x
|      64 ||     0.09 |        5.9 ||     0.03 |     16.3 ||    0.475 |
|     128 ||     0.17 |       24.8 ||     0.06 |     73.3 ||    0.141 |
|     192 ||     0.21 |       66.9 ||     0.15 |     94.9 ||    0.029 |
|     256 ||     0.27 |      123.7 ||     0.29 |    117.0 ||    0.028 |
|     320 ||     0.30 |      221.2 ||     0.42 |    157.7 ||    0.138 |
|     384 ||     0.45 |      251.8 ||     0.71 |    160.3 ||    0.470 |
|     448 ||     0.49 |      363.8 ||     1.28 |    140.5 ||    1.025 |
|     512 ||     0.98 |      273.6 ||     1.79 |    149.7 ||    1.802 |
|     576 ||     1.24 |      307.5 ||     3.18 |    120.2 ||    2.801 |
|     640 ||     1.53 |      343.0 ||     4.60 |    114.0 ||    4.022 |
|     704 ||     1.96 |      355.1 ||     6.35 |    110.0 ||    5.465 |
|     768 ||     2.48 |      365.3 ||     5.89 |    153.9 ||    7.131 |
|     832 ||     3.17 |      363.4 ||    11.19 |    103.0 ||    9.019 |
|     896 ||     3.45 |      417.4 ||    14.75 |     97.5 ||   11.129 |
|     960 ||     4.27 |      414.5 ||    17.95 |     98.6 ||   13.461 |
|    1024 ||     4.82 |      445.2 ||    14.85 |    144.6 ||   16.016 |
|    1088 ||     6.19 |      416.3 ||    27.16 |     94.8 ||   18.793 |
|    1152 ||     7.54 |      405.5 ||    33.19 |     92.1 ||   21.792 |
|    1216 ||     8.47 |      424.3 ||    38.62 |     93.1 ||   25.013 |
|    1280 ||    10.39 |      403.6 ||    29.66 |    141.4 ||   28.456 |
|    1344 ||    11.28 |      430.3 ||    53.09 |     91.5 ||   32.122 |
|    1408 ||    12.95 |      431.1 ||    60.70 |     92.0 ||   36.010 |
|    1472 ||    14.61 |      436.7 ||    70.06 |     91.0 ||   40.120 |
|    1536 ||    16.75 |      432.7 ||    54.94 |    131.9 ||   44.452 |
|    1600 ||    18.96 |      432.0 ||    90.58 |     90.4 ||   49.007 |
|    1664 ||    21.99 |      419.0 ||   102.76 |     89.7 ||   53.784 |
|    1728 ||    24.51 |      421.1 ||   115.36 |     89.5 ||   58.783 |
|    1792 ||    26.01 |      442.4 ||   105.02 |    109.6 ||   64.004 |
|    1856 ||    29.60 |      431.9 ||   145.32 |     88.0 ||   69.447 |
|    1920 ||    33.75 |      419.4 ||   156.95 |     90.2 ||   75.113 |
|    1984 ||    34.98 |      446.5 ||   179.84 |     86.8 ||   81.001 |
x---------xx----------x------------xx----------x----------xx----------x

* Writing a total of 31 results to 'clblast_gemm_routine_32.json'
* Completed tuning process

Completed SGEMM with status 0
netherquark@sohams-thinkpad:~/Soham/Large_code/sources/GPU/CLBlast/build$ 

