=== EXIT CODE: 255 ===
=== STDOUT ===
SYEVJ converges.

Given the n x n square input matrix A; we computed the linearly independent eigenvectors V and the associated eigenvalues W.
A = [ 0.263076, 0.437918, 1.86939, 0.437918, 0.9173, 1.03883, 1.86939, 1.03883, 1.35773 ]
W = [ 0, 0, 0 ]
V = [ 0.263076, 0.437918, 1.86939, 0.437918, 0.9173, 1.03883, 1.86939, 1.03883, 1.35773 ]

Which was computed in 0 sweeps, with a residual of 0

Let D be the diagonal constructed from W.
The right multiplication of A * V should result in V * D [AV == VD]:
AV = [ 3.75558, 2.45889, 3.48483, 2.45889, 2.11239, 3.18201, 3.48483, 3.18201, 6.41721 ]
VD = [ 0, 0, 0, 0, 0, 0, 0, 0, 0 ]

Mean Square Error of [AV == VD]:
  12.9309
Validation failed. Errors: 9

=== STDERR ===
:3:rocdevice.cpp            :465 : 251455159196 us:  Initializing HSA stack.
:3:rocdevice.cpp            :551 : 251455169866 us:  Enumerated GPU agents = 1
:3:rocdevice.cpp            :232 : 251455169909 us:  Numa selects cpu agent[0]=0x55fff0b33c20(fine=0x55fff0c23690,coarse=0x55fff10bbf20) for gpu agent=0x55fff10bc3e0 CPU<->GPU XGMI=0
:3:rocsettings.cpp          :284 : 251455169916 us:  Using dev kernel arg wa = 0
:3:comgrctx.cpp             :33  : 251455169920 us:  Loading COMGR library.
:3:comgrctx.cpp             :128 : 251455176298 us:  Loaded COMGR library version 3.0.
:3:rocdevice.cpp            :1786: 251455176489 us:  Gfx Major/Minor/Stepping: 9/0/12
:3:rocdevice.cpp            :1788: 251455176497 us:  HMM support: 1, XNACK: 1, Direct host access: 0
:3:rocdevice.cpp            :1790: 251455176501 us:  Max SDMA Read Mask: 0x1, Max SDMA Write Mask: 0x1
:3:hip_context.cpp          :54  : 251455177464 us:  Direct Dispatch: 1
:3:hip_code_object.cpp      :964 : 251455179690 us:  amd::Comgr::get_data() return 0 size for agent_triple_target_ids[0]=amdgcn-amd-amdhsa--gfx90c:xnack+
:3:hip_code_object.cpp      :964 : 251455179706 us:  amd::Comgr::get_data() return 0 size for agent_triple_target_ids[0]=amdgcn-amd-amdhsa--gfx90c:xnack+
:3:hip_code_object.cpp      :964 : 251455179712 us:  amd::Comgr::get_data() return 0 size for agent_triple_target_ids[0]=amdgcn-amd-amdhsa--gfx90c:xnack+
:1:hip_fatbin.cpp           :780 : 251455179739 us:  Cannot find CO in the bundle /usr/lib64/librocsolver.so.0.4 for ISA: amdgcn-amd-amdhsa--gfx90c:xnack+
:3:hip_platform.cpp         :740 : 251455179752 us:  init: Returned hipErrorNoBinaryForGpu : continue parsing remaining modules
:3:hip_code_object.cpp      :964 : 251455181335 us:  amd::Comgr::get_data() return 0 size for agent_triple_target_ids[0]=amdgcn-amd-amdhsa--gfx90c:xnack+
:3:hip_code_object.cpp      :964 : 251455181348 us:  amd::Comgr::get_data() return 0 size for agent_triple_target_ids[0]=amdgcn-amd-amdhsa--gfx90c:xnack+
:3:hip_code_object.cpp      :964 : 251455181354 us:  amd::Comgr::get_data() return 0 size for agent_triple_target_ids[0]=amdgcn-amd-amdhsa--gfx90c:xnack+
:1:hip_fatbin.cpp           :780 : 251455181359 us:  Cannot find CO in the bundle /usr/lib64/librocsolver.so.0.4 for ISA: amdgcn-amd-amdhsa--gfx90c:xnack+
:3:hip_platform.cpp         :740 : 251455181365 us:  init: Returned hipErrorNoBinaryForGpu : continue parsing remaining modules
:3:hip_code_object.cpp      :964 : 251455182845 us:  amd::Comgr::get_data() return 0 size for agent_triple_target_ids[0]=amdgcn-amd-amdhsa--gfx90c:xnack+
:3:hip_code_object.cpp      :964 : 251455182858 us:  amd::Comgr::get_data() return 0 size for agent_triple_target_ids[0]=amdgcn-amd-amdhsa--gfx90c:xnack+
:3:hip_code_object.cpp      :964 : 251455182863 us:  amd::Comgr::get_data() return 0 size for agent_triple_target_ids[0]=amdgcn-amd-amdhsa--gfx90c:xnack+
:1:hip_fatbin.cpp           :780 : 251455182868 us:  Cannot find CO in the bundle /usr/lib64/librocsolver.so.0.4 for ISA: amdgcn-amd-amdhsa--gfx90c:xnack+
:3:hip_platform.cpp         :740 : 251455182874 us:  init: Returned hipErrorNoBinaryForGpu : continue parsing remaining modules
:3:hip_code_object.cpp      :964 : 251455187534 us:  amd::Comgr::get_data() return 0 size for agent_triple_target_ids[0]=amdgcn-amd-amdhsa--gfx90c:xnack+
:3:hip_code_object.cpp      :964 : 251455187551 us:  amd::Comgr::get_data() return 0 size for agent_triple_target_ids[0]=amdgcn-amd-amdhsa--gfx90c:xnack+
:3:hip_code_object.cpp      :964 : 251455187557 us:  amd::Comgr::get_data() return 0 size for agent_triple_target_ids[0]=amdgcn-amd-amdhsa--gfx90c:xnack+
:1:hip_fatbin.cpp           :780 : 251455187621 us:  Cannot find CO in the bundle /usr/lib64/librocsolver.so.0.4 for ISA: amdgcn-amd-amdhsa--gfx90c:xnack+
:3:hip_platform.cpp         :740 : 251455187631 us:  init: Returned hipErrorNoBinaryForGpu : continue parsing remaining modules
:3:hip_code_object.cpp      :964 : 251455188794 us:  amd::Comgr::get_data() return 0 size for agent_triple_target_ids[0]=amdgcn-amd-amdhsa--gfx90c:xnack+
:3:hip_code_object.cpp      :964 : 251455188806 us:  amd::Comgr::get_data() return 0 size for agent_triple_target_ids[0]=amdgcn-amd-amdhsa--gfx90c:xnack+
:3:hip_code_object.cpp      :964 : 251455188820 us:  amd::Comgr::get_data() return 0 size for agent_triple_target_ids[0]=amdgcn-amd-amdhsa--gfx90c:xnack+
:1:hip_fatbin.cpp           :780 : 251455188826 us:  Cannot find CO in the bundle /usr/lib64/librocsolver.so.0.4 for ISA: amdgcn-amd-amdhsa--gfx90c:xnack+
:3:hip_platform.cpp         :740 : 251455188832 us:  init: Returned hipErrorNoBinaryForGpu : continue parsing remaining modules
:3:hip_code_object.cpp      :964 : 251455228412 us:  amd::Comgr::get_data() return 0 size for agent_triple_target_ids[0]=amdgcn-amd-amdhsa--gfx90c:xnack+
:3:hip_code_object.cpp      :964 : 251455228445 us:  amd::Comgr::get_data() return 0 size for agent_triple_target_ids[0]=amdgcn-amd-amdhsa--gfx90c:xnack+
:3:hip_code_object.cpp      :964 : 251455228450 us:  amd::Comgr::get_data() return 0 size for agent_triple_target_ids[0]=amdgcn-amd-amdhsa--gfx90c:xnack+
:1:hip_fatbin.cpp           :780 : 251455228812 us:  Cannot find CO in the bundle /usr/lib64/librocsolver.so.0.4 for ISA: amdgcn-amd-amdhsa--gfx90c:xnack+
:3:hip_platform.cpp         :740 : 251455228829 us:  init: Returned hipErrorNoBinaryForGpu : continue parsing remaining modules
:3:hip_code_object.cpp      :964 : 251455269413 us:  amd::Comgr::get_data() return 0 size for agent_triple_target_ids[0]=amdgcn-amd-amdhsa--gfx90c:xnack+
:3:hip_code_object.cpp      :964 : 251455269444 us:  amd::Comgr::get_data() return 0 size for agent_triple_target_ids[0]=amdgcn-amd-amdhsa--gfx90c:xnack+
:3:hip_code_object.cpp      :964 : 251455269450 us:  amd::Comgr::get_data() return 0 size for agent_triple_target_ids[0]=amdgcn-amd-amdhsa--gfx90c:xnack+
:1:hip_fatbin.cpp           :780 : 251455269457 us:  Cannot find CO in the bundle /usr/lib64/librocsolver.so.0.4 for ISA: amdgcn-amd-amdhsa--gfx90c:xnack+
:3:hip_platform.cpp         :740 : 251455269468 us:  init: Returned hipErrorNoBinaryForGpu : continue parsing remaining modules
:3:hip_code_object.cpp      :964 : 251455296953 us:  amd::Comgr::get_data() return 0 size for agent_triple_target_ids[0]=amdgcn-amd-amdhsa--gfx90c:xnack+
:3:hip_code_object.cpp      :964 : 251455296983 us:  amd::Comgr::get_data() return 0 size for agent_triple_target_ids[0]=amdgcn-amd-amdhsa--gfx90c:xnack+
:3:hip_code_object.cpp      :964 : 251455296988 us:  amd::Comgr::get_data() return 0 size for agent_triple_target_ids[0]=amdgcn-amd-amdhsa--gfx90c:xnack+
:1:hip_fatbin.cpp           :780 : 251455300475 us:  Cannot find CO in the bundle /usr/lib64/librocsolver.so.0.4 for ISA: amdgcn-amd-amdhsa--gfx90c:xnack+
:3:hip_platform.cpp         :740 : 251455300492 us:  init: Returned hipErrorNoBinaryForGpu : continue parsing remaining modules
:3:hip_code_object.cpp      :964 : 251455327829 us:  amd::Comgr::get_data() return 0 size for agent_triple_target_ids[0]=amdgcn-amd-amdhsa--gfx90c:xnack+
:3:hip_code_object.cpp      :964 : 251455327860 us:  amd::Comgr::get_data() return 0 size for agent_triple_target_ids[0]=amdgcn-amd-amdhsa--gfx90c:xnack+
:3:hip_code_object.cpp      :964 : 251455327866 us:  amd::Comgr::get_data() return 0 size for agent_triple_target_ids[0]=amdgcn-amd-amdhsa--gfx90c:xnack+
:1:hip_fatbin.cpp           :780 : 251455327872 us:  Cannot find CO in the bundle /usr/lib64/librocsolver.so.0.4 for ISA: amdgcn-amd-amdhsa--gfx90c:xnack+
:3:hip_platform.cpp         :740 : 251455327884 us:  init: Returned hipErrorNoBinaryForGpu : continue parsing remaining modules
:3:hip_code_object.cpp      :964 : 251455340862 us:  amd::Comgr::get_data() return 0 size for agent_triple_target_ids[0]=amdgcn-amd-amdhsa--gfx90c:xnack+
:3:hip_code_object.cpp      :964 : 251455340888 us:  amd::Comgr::get_data() return 0 size for agent_triple_target_ids[0]=amdgcn-amd-amdhsa--gfx90c:xnack+
:3:hip_code_object.cpp      :964 : 251455340893 us:  amd::Comgr::get_data() return 0 size for agent_triple_target_ids[0]=amdgcn-amd-amdhsa--gfx90c:xnack+
:1:hip_fatbin.cpp           :780 : 251455344199 us:  Cannot find CO in the bundle /usr/lib64/librocsolver.so.0.4 for ISA: amdgcn-amd-amdhsa--gfx90c:xnack+
:3:hip_platform.cpp         :740 : 251455344222 us:  init: Returned hipErrorNoBinaryForGpu : continue parsing remaining modules
:3:hip_code_object.cpp      :964 : 251455371841 us:  amd::Comgr::get_data() return 0 size for agent_triple_target_ids[0]=amdgcn-amd-amdhsa--gfx90c:xnack+
:3:hip_code_object.cpp      :964 : 251455371872 us:  amd::Comgr::get_data() return 0 size for agent_triple_target_ids[0]=amdgcn-amd-amdhsa--gfx90c:xnack+
:3:hip_code_object.cpp      :964 : 251455371877 us:  amd::Comgr::get_data() return 0 size for agent_triple_target_ids[0]=amdgcn-amd-amdhsa--gfx90c:xnack+
:1:hip_fatbin.cpp           :780 : 251455375010 us:  Cannot find CO in the bundle /usr/lib64/librocsolver.so.0.4 for ISA: amdgcn-amd-amdhsa--gfx90c:xnack+
:3:hip_platform.cpp         :740 : 251455375025 us:  init: Returned hipErrorNoBinaryForGpu : continue parsing remaining modules
:3:hip_code_object.cpp      :964 : 251455422361 us:  amd::Comgr::get_data() return 0 size for agent_triple_target_ids[0]=amdgcn-amd-amdhsa--gfx90c:xnack+
:3:hip_code_object.cpp      :964 : 251455422391 us:  amd::Comgr::get_data() return 0 size for agent_triple_target_ids[0]=amdgcn-amd-amdhsa--gfx90c:xnack+
:3:hip_code_object.cpp      :964 : 251455422396 us:  amd::Comgr::get_data() return 0 size for agent_triple_target_ids[0]=amdgcn-amd-amdhsa--gfx90c:xnack+
:1:hip_fatbin.cpp           :780 : 251455422403 us:  Cannot find CO in the bundle /usr/lib64/librocsolver.so.0.4 for ISA: amdgcn-amd-amdhsa--gfx90c:xnack+
:3:hip_platform.cpp         :740 : 251455422415 us:  init: Returned hipErrorNoBinaryForGpu : continue parsing remaining modules
:3:hip_code_object.cpp      :964 : 251455459826 us:  amd::Comgr::get_data() return 0 size for agent_triple_target_ids[0]=amdgcn-amd-amdhsa--gfx90c:xnack+
:3:hip_code_object.cpp      :964 : 251455459856 us:  amd::Comgr::get_data() return 0 size for agent_triple_target_ids[0]=amdgcn-amd-amdhsa--gfx90c:xnack+
:3:hip_code_object.cpp      :964 : 251455459862 us:  amd::Comgr::get_data() return 0 size for agent_triple_target_ids[0]=amdgcn-amd-amdhsa--gfx90c:xnack+
:1:hip_fatbin.cpp           :780 : 251455459869 us:  Cannot find CO in the bundle /usr/lib64/librocsolver.so.0.4 for ISA: amdgcn-amd-amdhsa--gfx90c:xnack+
:3:hip_platform.cpp         :740 : 251455459880 us:  init: Returned hipErrorNoBinaryForGpu : continue parsing remaining modules
:3:hip_code_object.cpp      :964 : 251455508462 us:  amd::Comgr::get_data() return 0 size for agent_triple_target_ids[0]=amdgcn-amd-amdhsa--gfx90c:xnack+
:3:hip_code_object.cpp      :964 : 251455508493 us:  amd::Comgr::get_data() return 0 size for agent_triple_target_ids[0]=amdgcn-amd-amdhsa--gfx90c:xnack+
:3:hip_code_object.cpp      :964 : 251455508499 us:  amd::Comgr::get_data() return 0 size for agent_triple_target_ids[0]=amdgcn-amd-amdhsa--gfx90c:xnack+
:1:hip_fatbin.cpp           :780 : 251455508505 us:  Cannot find CO in the bundle /usr/lib64/librocsolver.so.0.4 for ISA: amdgcn-amd-amdhsa--gfx90c:xnack+
:3:hip_platform.cpp         :740 : 251455508516 us:  init: Returned hipErrorNoBinaryForGpu : continue parsing remaining modules
:3:hip_code_object.cpp      :964 : 251455539372 us:  amd::Comgr::get_data() return 0 size for agent_triple_target_ids[0]=amdgcn-amd-amdhsa--gfx90c:xnack+
:3:hip_code_object.cpp      :964 : 251455539402 us:  amd::Comgr::get_data() return 0 size for agent_triple_target_ids[0]=amdgcn-amd-amdhsa--gfx90c:xnack+
:3:hip_code_object.cpp      :964 : 251455539407 us:  amd::Comgr::get_data() return 0 size for agent_triple_target_ids[0]=amdgcn-amd-amdhsa--gfx90c:xnack+
:1:hip_fatbin.cpp           :780 : 251455539414 us:  Cannot find CO in the bundle /usr/lib64/librocsolver.so.0.4 for ISA: amdgcn-amd-amdhsa--gfx90c:xnack+
:3:hip_platform.cpp         :740 : 251455539425 us:  init: Returned hipErrorNoBinaryForGpu : continue parsing remaining modules
:3:hip_code_object.cpp      :964 : 251455545186 us:  amd::Comgr::get_data() return 0 size for agent_triple_target_ids[0]=amdgcn-amd-amdhsa--gfx90c:xnack+
:3:hip_code_object.cpp      :964 : 251455545216 us:  amd::Comgr::get_data() return 0 size for agent_triple_target_ids[0]=amdgcn-amd-amdhsa--gfx90c:xnack+
:3:hip_code_object.cpp      :964 : 251455545230 us:  amd::Comgr::get_data() return 0 size for agent_triple_target_ids[0]=amdgcn-amd-amdhsa--gfx90c:xnack+
:1:hip_fatbin.cpp           :780 : 251455545237 us:  Cannot find CO in the bundle /usr/lib64/librocsolver.so.0.4 for ISA: amdgcn-amd-amdhsa--gfx90c:xnack+
:3:hip_platform.cpp         :740 : 251455545247 us:  init: Returned hipErrorNoBinaryForGpu : continue parsing remaining modules
:3:hip_code_object.cpp      :964 : 251455551742 us:  amd::Comgr::get_data() return 0 size for agent_triple_target_ids[0]=amdgcn-amd-amdhsa--gfx90c:xnack+
:3:hip_code_object.cpp      :964 : 251455551780 us:  amd::Comgr::get_data() return 0 size for agent_triple_target_ids[0]=amdgcn-amd-amdhsa--gfx90c:xnack+
:3:hip_code_object.cpp      :964 : 251455551785 us:  amd::Comgr::get_data() return 0 size for agent_triple_target_ids[0]=amdgcn-amd-amdhsa--gfx90c:xnack+
:1:hip_fatbin.cpp           :780 : 251455551792 us:  Cannot find CO in the bundle /usr/lib64/librocsolver.so.0.4 for ISA: amdgcn-amd-amdhsa--gfx90c:xnack+
:3:hip_platform.cpp         :740 : 251455551803 us:  init: Returned hipErrorNoBinaryForGpu : continue parsing remaining modules
:3:hip_code_object.cpp      :964 : 251455557756 us:  amd::Comgr::get_data() return 0 size for agent_triple_target_ids[0]=amdgcn-amd-amdhsa--gfx90c:xnack+
:3:hip_code_object.cpp      :964 : 251455557786 us:  amd::Comgr::get_data() return 0 size for agent_triple_target_ids[0]=amdgcn-amd-amdhsa--gfx90c:xnack+
:3:hip_code_object.cpp      :964 : 251455557791 us:  amd::Comgr::get_data() return 0 size for agent_triple_target_ids[0]=amdgcn-amd-amdhsa--gfx90c:xnack+
:1:hip_fatbin.cpp           :780 : 251455557797 us:  Cannot find CO in the bundle /usr/lib64/librocsolver.so.0.4 for ISA: amdgcn-amd-amdhsa--gfx90c:xnack+
:3:hip_platform.cpp         :740 : 251455557808 us:  init: Returned hipErrorNoBinaryForGpu : continue parsing remaining modules
:3:hip_code_object.cpp      :964 : 251455564447 us:  amd::Comgr::get_data() return 0 size for agent_triple_target_ids[0]=amdgcn-amd-amdhsa--gfx90c:xnack+
:3:hip_code_object.cpp      :964 : 251455564478 us:  amd::Comgr::get_data() return 0 size for agent_triple_target_ids[0]=amdgcn-amd-amdhsa--gfx90c:xnack+
:3:hip_code_object.cpp      :964 : 251455564484 us:  amd::Comgr::get_data() return 0 size for agent_triple_target_ids[0]=amdgcn-amd-amdhsa--gfx90c:xnack+
:1:hip_fatbin.cpp           :780 : 251455564490 us:  Cannot find CO in the bundle /usr/lib64/librocsolver.so.0.4 for ISA: amdgcn-amd-amdhsa--gfx90c:xnack+
:3:hip_platform.cpp         :740 : 251455564501 us:  init: Returned hipErrorNoBinaryForGpu : continue parsing remaining modules
:3:hip_code_object.cpp      :964 : 251455571114 us:  amd::Comgr::get_data() return 0 size for agent_triple_target_ids[0]=amdgcn-amd-amdhsa--gfx90c:xnack+
:3:hip_code_object.cpp      :964 : 251455571147 us:  amd::Comgr::get_data() return 0 size for agent_triple_target_ids[0]=amdgcn-amd-amdhsa--gfx90c:xnack+
:3:hip_code_object.cpp      :964 : 251455571152 us:  amd::Comgr::get_data() return 0 size for agent_triple_target_ids[0]=amdgcn-amd-amdhsa--gfx90c:xnack+
:1:hip_fatbin.cpp           :780 : 251455571159 us:  Cannot find CO in the bundle /usr/lib64/librocsolver.so.0.4 for ISA: amdgcn-amd-amdhsa--gfx90c:xnack+
:3:hip_platform.cpp         :740 : 251455571170 us:  init: Returned hipErrorNoBinaryForGpu : continue parsing remaining modules
:3:hip_code_object.cpp      :964 : 251455577496 us:  amd::Comgr::get_data() return 0 size for agent_triple_target_ids[0]=amdgcn-amd-amdhsa--gfx90c:xnack+
:3:hip_code_object.cpp      :964 : 251455577527 us:  amd::Comgr::get_data() return 0 size for agent_triple_target_ids[0]=amdgcn-amd-amdhsa--gfx90c:xnack+
:3:hip_code_object.cpp      :964 : 251455577532 us:  amd::Comgr::get_data() return 0 size for agent_triple_target_ids[0]=amdgcn-amd-amdhsa--gfx90c:xnack+
:1:hip_fatbin.cpp           :780 : 251455577538 us:  Cannot find CO in the bundle /usr/lib64/librocsolver.so.0.4 for ISA: amdgcn-amd-amdhsa--gfx90c:xnack+
:3:hip_platform.cpp         :740 : 251455577560 us:  init: Returned hipErrorNoBinaryForGpu : continue parsing remaining modules
:3:hip_code_object.cpp      :964 : 251455583841 us:  amd::Comgr::get_data() return 0 size for agent_triple_target_ids[0]=amdgcn-amd-amdhsa--gfx90c:xnack+
:3:hip_code_object.cpp      :964 : 251455583873 us:  amd::Comgr::get_data() return 0 size for agent_triple_target_ids[0]=amdgcn-amd-amdhsa--gfx90c:xnack+
:3:hip_code_object.cpp      :964 : 251455583879 us:  amd::Comgr::get_data() return 0 size for agent_triple_target_ids[0]=amdgcn-amd-amdhsa--gfx90c:xnack+
:1:hip_fatbin.cpp           :780 : 251455583885 us:  Cannot find CO in the bundle /usr/lib64/librocsolver.so.0.4 for ISA: amdgcn-amd-amdhsa--gfx90c:xnack+
:3:hip_platform.cpp         :740 : 251455583897 us:  init: Returned hipErrorNoBinaryForGpu : continue parsing remaining modules
:3:hip_code_object.cpp      :964 : 251455589290 us:  amd::Comgr::get_data() return 0 size for agent_triple_target_ids[0]=amdgcn-amd-amdhsa--gfx90c:xnack+
:3:hip_code_object.cpp      :964 : 251455589322 us:  amd::Comgr::get_data() return 0 size for agent_triple_target_ids[0]=amdgcn-amd-amdhsa--gfx90c:xnack+
:3:hip_code_object.cpp      :964 : 251455589327 us:  amd::Comgr::get_data() return 0 size for agent_triple_target_ids[0]=amdgcn-amd-amdhsa--gfx90c:xnack+
:1:hip_fatbin.cpp           :780 : 251455589333 us:  Cannot find CO in the bundle /usr/lib64/librocsolver.so.0.4 for ISA: amdgcn-amd-amdhsa--gfx90c:xnack+
:3:hip_platform.cpp         :740 : 251455589345 us:  init: Returned hipErrorNoBinaryForGpu : continue parsing remaining modules
:3:hip_code_object.cpp      :964 : 251455595477 us:  amd::Comgr::get_data() return 0 size for agent_triple_target_ids[0]=amdgcn-amd-amdhsa--gfx90c:xnack+
:3:hip_code_object.cpp      :964 : 251455595507 us:  amd::Comgr::get_data() return 0 size for agent_triple_target_ids[0]=amdgcn-amd-amdhsa--gfx90c:xnack+
:3:hip_code_object.cpp      :964 : 251455595513 us:  amd::Comgr::get_data() return 0 size for agent_triple_target_ids[0]=amdgcn-amd-amdhsa--gfx90c:xnack+
:1:hip_fatbin.cpp           :780 : 251455595520 us:  Cannot find CO in the bundle /usr/lib64/librocsolver.so.0.4 for ISA: amdgcn-amd-amdhsa--gfx90c:xnack+
:3:hip_platform.cpp         :740 : 251455595531 us:  init: Returned hipErrorNoBinaryForGpu : continue parsing remaining modules
:3:hip_code_object.cpp      :964 : 251455601490 us:  amd::Comgr::get_data() return 0 size for agent_triple_target_ids[0]=amdgcn-amd-amdhsa--gfx90c:xnack+
:3:hip_code_object.cpp      :964 : 251455601524 us:  amd::Comgr::get_data() return 0 size for agent_triple_target_ids[0]=amdgcn-amd-amdhsa--gfx90c:xnack+
:3:hip_code_object.cpp      :964 : 251455601529 us:  amd::Comgr::get_data() return 0 size for agent_triple_target_ids[0]=amdgcn-amd-amdhsa--gfx90c:xnack+
:1:hip_fatbin.cpp           :780 : 251455601537 us:  Cannot find CO in the bundle /usr/lib64/librocsolver.so.0.4 for ISA: amdgcn-amd-amdhsa--gfx90c:xnack+
:3:hip_platform.cpp         :740 : 251455601549 us:  init: Returned hipErrorNoBinaryForGpu : continue parsing remaining modules
:3:hip_code_object.cpp      :964 : 251455610823 us:  amd::Comgr::get_data() return 0 size for agent_triple_target_ids[0]=amdgcn-amd-amdhsa--gfx90c:xnack+
:3:hip_code_object.cpp      :964 : 251455610857 us:  amd::Comgr::get_data() return 0 size for agent_triple_target_ids[0]=amdgcn-amd-amdhsa--gfx90c:xnack+
:3:hip_code_object.cpp      :964 : 251455610862 us:  amd::Comgr::get_data() return 0 size for agent_triple_target_ids[0]=amdgcn-amd-amdhsa--gfx90c:xnack+
:1:hip_fatbin.cpp           :780 : 251455610869 us:  Cannot find CO in the bundle /usr/lib64/librocsolver.so.0.4 for ISA: amdgcn-amd-amdhsa--gfx90c:xnack+
:3:hip_platform.cpp         :740 : 251455610881 us:  init: Returned hipErrorNoBinaryForGpu : continue parsing remaining modules
:3:hip_code_object.cpp      :964 : 251455620351 us:  amd::Comgr::get_data() return 0 size for agent_triple_target_ids[0]=amdgcn-amd-amdhsa--gfx90c:xnack+
:3:hip_code_object.cpp      :964 : 251455620382 us:  amd::Comgr::get_data() return 0 size for agent_triple_target_ids[0]=amdgcn-amd-amdhsa--gfx90c:xnack+
:3:hip_code_object.cpp      :964 : 251455620397 us:  amd::Comgr::get_data() return 0 size for agent_triple_target_ids[0]=amdgcn-amd-amdhsa--gfx90c:xnack+
:1:hip_fatbin.cpp           :780 : 251455620403 us:  Cannot find CO in the bundle /usr/lib64/librocsolver.so.0.4 for ISA: amdgcn-amd-amdhsa--gfx90c:xnack+
:3:hip_platform.cpp         :740 : 251455620414 us:  init: Returned hipErrorNoBinaryForGpu : continue parsing remaining modules
:3:hip_code_object.cpp      :964 : 251455628768 us:  amd::Comgr::get_data() return 0 size for agent_triple_target_ids[0]=amdgcn-amd-amdhsa--gfx90c:xnack+
:3:hip_code_object.cpp      :964 : 251455628800 us:  amd::Comgr::get_data() return 0 size for agent_triple_target_ids[0]=amdgcn-amd-amdhsa--gfx90c:xnack+
:3:hip_code_object.cpp      :964 : 251455628805 us:  amd::Comgr::get_data() return 0 size for agent_triple_target_ids[0]=amdgcn-amd-amdhsa--gfx90c:xnack+
:1:hip_fatbin.cpp           :780 : 251455628812 us:  Cannot find CO in the bundle /usr/lib64/librocsolver.so.0.4 for ISA: amdgcn-amd-amdhsa--gfx90c:xnack+
:3:hip_platform.cpp         :740 : 251455628824 us:  init: Returned hipErrorNoBinaryForGpu : continue parsing remaining modules
:3:hip_code_object.cpp      :964 : 251455637733 us:  amd::Comgr::get_data() return 0 size for agent_triple_target_ids[0]=amdgcn-amd-amdhsa--gfx90c:xnack+
:3:hip_code_object.cpp      :964 : 251455637764 us:  amd::Comgr::get_data() return 0 size for agent_triple_target_ids[0]=amdgcn-amd-amdhsa--gfx90c:xnack+
:3:hip_code_object.cpp      :964 : 251455637769 us:  amd::Comgr::get_data() return 0 size for agent_triple_target_ids[0]=amdgcn-amd-amdhsa--gfx90c:xnack+
:1:hip_fatbin.cpp           :780 : 251455637776 us:  Cannot find CO in the bundle /usr/lib64/librocsolver.so.0.4 for ISA: amdgcn-amd-amdhsa--gfx90c:xnack+
:3:hip_platform.cpp         :740 : 251455637787 us:  init: Returned hipErrorNoBinaryForGpu : continue parsing remaining modules
:3:hip_code_object.cpp      :964 : 251455647091 us:  amd::Comgr::get_data() return 0 size for agent_triple_target_ids[0]=amdgcn-amd-amdhsa--gfx90c:xnack+
:3:hip_code_object.cpp      :964 : 251455647128 us:  amd::Comgr::get_data() return 0 size for agent_triple_target_ids[0]=amdgcn-amd-amdhsa--gfx90c:xnack+
:3:hip_code_object.cpp      :964 : 251455647134 us:  amd::Comgr::get_data() return 0 size for agent_triple_target_ids[0]=amdgcn-amd-amdhsa--gfx90c:xnack+
:1:hip_fatbin.cpp           :780 : 251455647140 us:  Cannot find CO in the bundle /usr/lib64/librocsolver.so.0.4 for ISA: amdgcn-amd-amdhsa--gfx90c:xnack+
:3:hip_platform.cpp         :740 : 251455647153 us:  init: Returned hipErrorNoBinaryForGpu : continue parsing remaining modules
:3:hip_code_object.cpp      :964 : 251455656449 us:  amd::Comgr::get_data() return 0 size for agent_triple_target_ids[0]=amdgcn-amd-amdhsa--gfx90c:xnack+
:3:hip_code_object.cpp      :964 : 251455656478 us:  amd::Comgr::get_data() return 0 size for agent_triple_target_ids[0]=amdgcn-amd-amdhsa--gfx90c:xnack+
:3:hip_code_object.cpp      :964 : 251455656484 us:  amd::Comgr::get_data() return 0 size for agent_triple_target_ids[0]=amdgcn-amd-amdhsa--gfx90c:xnack+
:1:hip_fatbin.cpp           :780 : 251455656490 us:  Cannot find CO in the bundle /usr/lib64/librocsolver.so.0.4 for ISA: amdgcn-amd-amdhsa--gfx90c:xnack+
:3:hip_platform.cpp         :740 : 251455656502 us:  init: Returned hipErrorNoBinaryForGpu : continue parsing remaining modules
:3:hip_code_object.cpp      :964 : 251455662181 us:  amd::Comgr::get_data() return 0 size for agent_triple_target_ids[0]=amdgcn-amd-amdhsa--gfx90c:xnack+
:3:hip_code_object.cpp      :964 : 251455662212 us:  amd::Comgr::get_data() return 0 size for agent_triple_target_ids[0]=amdgcn-amd-amdhsa--gfx90c:xnack+
:3:hip_code_object.cpp      :964 : 251455662217 us:  amd::Comgr::get_data() return 0 size for agent_triple_target_ids[0]=amdgcn-amd-amdhsa--gfx90c:xnack+
:1:hip_fatbin.cpp           :780 : 251455662224 us:  Cannot find CO in the bundle /usr/lib64/librocsolver.so.0.4 for ISA: amdgcn-amd-amdhsa--gfx90c:xnack+
:3:hip_platform.cpp         :740 : 251455662245 us:  init: Returned hipErrorNoBinaryForGpu : continue parsing remaining modules
:3:hip_code_object.cpp      :964 : 251455668300 us:  amd::Comgr::get_data() return 0 size for agent_triple_target_ids[0]=amdgcn-amd-amdhsa--gfx90c:xnack+
:3:hip_code_object.cpp      :964 : 251455668330 us:  amd::Comgr::get_data() return 0 size for agent_triple_target_ids[0]=amdgcn-amd-amdhsa--gfx90c:xnack+
:3:hip_code_object.cpp      :964 : 251455668335 us:  amd::Comgr::get_data() return 0 size for agent_triple_target_ids[0]=amdgcn-amd-amdhsa--gfx90c:xnack+
:1:hip_fatbin.cpp           :780 : 251455668341 us:  Cannot find CO in the bundle /usr/lib64/librocsolver.so.0.4 for ISA: amdgcn-amd-amdhsa--gfx90c:xnack+
:3:hip_platform.cpp         :740 : 251455668352 us:  init: Returned hipErrorNoBinaryForGpu : continue parsing remaining modules
:3:hip_code_object.cpp      :964 : 251455674215 us:  amd::Comgr::get_data() return 0 size for agent_triple_target_ids[0]=amdgcn-amd-amdhsa--gfx90c:xnack+
:3:hip_code_object.cpp      :964 : 251455674247 us:  amd::Comgr::get_data() return 0 size for agent_triple_target_ids[0]=amdgcn-amd-amdhsa--gfx90c:xnack+
:3:hip_code_object.cpp      :964 : 251455674253 us:  amd::Comgr::get_data() return 0 size for agent_triple_target_ids[0]=amdgcn-amd-amdhsa--gfx90c:xnack+
:1:hip_fatbin.cpp           :780 : 251455674259 us:  Cannot find CO in the bundle /usr/lib64/librocsolver.so.0.4 for ISA: amdgcn-amd-amdhsa--gfx90c:xnack+
:3:hip_platform.cpp         :740 : 251455674271 us:  init: Returned hipErrorNoBinaryForGpu : continue parsing remaining modules
:3:hip_code_object.cpp      :964 : 251455677995 us:  amd::Comgr::get_data() return 0 size for agent_triple_target_ids[0]=amdgcn-amd-amdhsa--gfx90c:xnack+
:3:hip_code_object.cpp      :964 : 251455678066 us:  amd::Comgr::get_data() return 0 size for agent_triple_target_ids[0]=amdgcn-amd-amdhsa--gfx90c:xnack+
:3:hip_code_object.cpp      :964 : 251455678072 us:  amd::Comgr::get_data() return 0 size for agent_triple_target_ids[0]=amdgcn-amd-amdhsa--gfx90c:xnack+
:1:hip_fatbin.cpp           :780 : 251455678078 us:  Cannot find CO in the bundle /usr/lib64/librocsolver.so.0.4 for ISA: amdgcn-amd-amdhsa--gfx90c:xnack+
:3:hip_platform.cpp         :740 : 251455678088 us:  init: Returned hipErrorNoBinaryForGpu : continue parsing remaining modules
:3:hip_code_object.cpp      :964 : 251455679243 us:  amd::Comgr::get_data() return 0 size for agent_triple_target_ids[0]=amdgcn-amd-amdhsa--gfx90c:xnack+
:3:hip_code_object.cpp      :964 : 251455679257 us:  amd::Comgr::get_data() return 0 size for agent_triple_target_ids[0]=amdgcn-amd-amdhsa--gfx90c:xnack+
:3:hip_code_object.cpp      :964 : 251455679262 us:  amd::Comgr::get_data() return 0 size for agent_triple_target_ids[0]=amdgcn-amd-amdhsa--gfx90c:xnack+
:1:hip_fatbin.cpp           :780 : 251455679268 us:  Cannot find CO in the bundle /usr/lib64/librocsolver.so.0.4 for ISA: amdgcn-amd-amdhsa--gfx90c:xnack+
:3:hip_platform.cpp         :740 : 251455679275 us:  init: Returned hipErrorNoBinaryForGpu : continue parsing remaining modules
:3:hip_code_object.cpp      :964 : 251455680190 us:  amd::Comgr::get_data() return 0 size for agent_triple_target_ids[0]=amdgcn-amd-amdhsa--gfx90c:xnack+
:3:hip_code_object.cpp      :964 : 251455680203 us:  amd::Comgr::get_data() return 0 size for agent_triple_target_ids[0]=amdgcn-amd-amdhsa--gfx90c:xnack+
:3:hip_code_object.cpp      :964 : 251455680207 us:  amd::Comgr::get_data() return 0 size for agent_triple_target_ids[0]=amdgcn-amd-amdhsa--gfx90c:xnack+
:1:hip_fatbin.cpp           :780 : 251455680212 us:  Cannot find CO in the bundle /usr/lib64/librocsolver.so.0.4 for ISA: amdgcn-amd-amdhsa--gfx90c:xnack+
:3:hip_platform.cpp         :740 : 251455680218 us:  init: Returned hipErrorNoBinaryForGpu : continue parsing remaining modules
:3:hip_code_object.cpp      :964 : 251455681024 us:  amd::Comgr::get_data() return 0 size for agent_triple_target_ids[0]=amdgcn-amd-amdhsa--gfx90c:xnack+
:3:hip_code_object.cpp      :964 : 251455681036 us:  amd::Comgr::get_data() return 0 size for agent_triple_target_ids[0]=amdgcn-amd-amdhsa--gfx90c:xnack+
:3:hip_code_object.cpp      :964 : 251455681049 us:  amd::Comgr::get_data() return 0 size for agent_triple_target_ids[0]=amdgcn-amd-amdhsa--gfx90c:xnack+
:1:hip_fatbin.cpp           :780 : 251455681054 us:  Cannot find CO in the bundle /usr/lib64/librocsolver.so.0.4 for ISA: amdgcn-amd-amdhsa--gfx90c:xnack+
:3:hip_platform.cpp         :740 : 251455681060 us:  init: Returned hipErrorNoBinaryForGpu : continue parsing remaining modules
:3:hip_code_object.cpp      :964 : 251455681846 us:  amd::Comgr::get_data() return 0 size for agent_triple_target_ids[0]=amdgcn-amd-amdhsa--gfx90c:xnack+
:3:hip_code_object.cpp      :964 : 251455681859 us:  amd::Comgr::get_data() return 0 size for agent_triple_target_ids[0]=amdgcn-amd-amdhsa--gfx90c:xnack+
:3:hip_code_object.cpp      :964 : 251455681864 us:  amd::Comgr::get_data() return 0 size for agent_triple_target_ids[0]=amdgcn-amd-amdhsa--gfx90c:xnack+
:1:hip_fatbin.cpp           :780 : 251455681869 us:  Cannot find CO in the bundle /usr/lib64/librocsolver.so.0.4 for ISA: amdgcn-amd-amdhsa--gfx90c:xnack+
:3:hip_platform.cpp         :740 : 251455681874 us:  init: Returned hipErrorNoBinaryForGpu : continue parsing remaining modules
:3:hip_code_object.cpp      :964 : 251455682610 us:  amd::Comgr::get_data() return 0 size for agent_triple_target_ids[0]=amdgcn-amd-amdhsa--gfx90c:xnack+
:3:hip_code_object.cpp      :964 : 251455682623 us:  amd::Comgr::get_data() return 0 size for agent_triple_target_ids[0]=amdgcn-amd-amdhsa--gfx90c:xnack+
:3:hip_code_object.cpp      :964 : 251455682628 us:  amd::Comgr::get_data() return 0 size for agent_triple_target_ids[0]=amdgcn-amd-amdhsa--gfx90c:xnack+
:1:hip_fatbin.cpp           :780 : 251455682633 us:  Cannot find CO in the bundle /usr/lib64/librocsolver.so.0.4 for ISA: amdgcn-amd-amdhsa--gfx90c:xnack+
:3:hip_platform.cpp         :740 : 251455682638 us:  init: Returned hipErrorNoBinaryForGpu : continue parsing remaining modules
:3:hip_code_object.cpp      :964 : 251455684410 us:  amd::Comgr::get_data() return 0 size for agent_triple_target_ids[0]=amdgcn-amd-amdhsa--gfx90c:xnack+
:3:hip_code_object.cpp      :964 : 251455684430 us:  amd::Comgr::get_data() return 0 size for agent_triple_target_ids[0]=amdgcn-amd-amdhsa--gfx90c:xnack+
:3:hip_code_object.cpp      :964 : 251455684435 us:  amd::Comgr::get_data() return 0 size for agent_triple_target_ids[0]=amdgcn-amd-amdhsa--gfx90c:xnack+
:1:hip_fatbin.cpp           :780 : 251455684440 us:  Cannot find CO in the bundle /usr/lib64/librocsolver.so.0.4 for ISA: amdgcn-amd-amdhsa--gfx90c:xnack+
:3:hip_platform.cpp         :740 : 251455684447 us:  init: Returned hipErrorNoBinaryForGpu : continue parsing remaining modules
:3:hip_code_object.cpp      :964 : 251455923697 us:  amd::Comgr::get_data() return 0 size for agent_triple_target_ids[0]=amdgcn-amd-amdhsa--gfx90c:xnack+
:3:hip_code_object.cpp      :964 : 251455923728 us:  amd::Comgr::get_data() return 0 size for agent_triple_target_ids[0]=amdgcn-amd-amdhsa--gfx90c:xnack+
:3:hip_code_object.cpp      :964 : 251455923734 us:  amd::Comgr::get_data() return 0 size for agent_triple_target_ids[0]=amdgcn-amd-amdhsa--gfx90c:xnack+
:1:hip_fatbin.cpp           :780 : 251455923741 us:  Cannot find CO in the bundle /usr/lib64/librocsolver.so.0.4 for ISA: amdgcn-amd-amdhsa--gfx90c:xnack+
:3:hip_platform.cpp         :740 : 251455923753 us:  init: Returned hipErrorNoBinaryForGpu : continue parsing remaining modules
:3:hip_code_object.cpp      :964 : 251455924620 us:  amd::Comgr::get_data() return 0 size for agent_triple_target_ids[0]=amdgcn-amd-amdhsa--gfx90c:xnack+
:3:hip_code_object.cpp      :964 : 251455924634 us:  amd::Comgr::get_data() return 0 size for agent_triple_target_ids[0]=amdgcn-amd-amdhsa--gfx90c:xnack+
:3:hip_code_object.cpp      :964 : 251455924639 us:  amd::Comgr::get_data() return 0 size for agent_triple_target_ids[0]=amdgcn-amd-amdhsa--gfx90c:xnack+
:1:hip_fatbin.cpp           :780 : 251455924644 us:  Cannot find CO in the bundle /usr/lib64/librocsolver.so.0.4 for ISA: amdgcn-amd-amdhsa--gfx90c:xnack+
:3:hip_platform.cpp         :740 : 251455924659 us:  init: Returned hipErrorNoBinaryForGpu : continue parsing remaining modules
:3:hip_code_object.cpp      :964 : 251456051849 us:  amd::Comgr::get_data() return 0 size for agent_triple_target_ids[0]=amdgcn-amd-amdhsa--gfx90c:xnack+
:3:hip_code_object.cpp      :964 : 251456051879 us:  amd::Comgr::get_data() return 0 size for agent_triple_target_ids[0]=amdgcn-amd-amdhsa--gfx90c:xnack+
:3:hip_code_object.cpp      :964 : 251456051885 us:  amd::Comgr::get_data() return 0 size for agent_triple_target_ids[0]=amdgcn-amd-amdhsa--gfx90c:xnack+
:1:hip_fatbin.cpp           :780 : 251456051892 us:  Cannot find CO in the bundle /usr/lib64/librocsolver.so.0.4 for ISA: amdgcn-amd-amdhsa--gfx90c:xnack+
:3:hip_platform.cpp         :740 : 251456051904 us:  init: Returned hipErrorNoBinaryForGpu : continue parsing remaining modules
:3:hip_code_object.cpp      :964 : 251456210392 us:  amd::Comgr::get_data() return 0 size for agent_triple_target_ids[0]=amdgcn-amd-amdhsa--gfx90c:xnack+
:3:hip_code_object.cpp      :964 : 251456210420 us:  amd::Comgr::get_data() return 0 size for agent_triple_target_ids[0]=amdgcn-amd-amdhsa--gfx90c:xnack+
:3:hip_code_object.cpp      :964 : 251456210425 us:  amd::Comgr::get_data() return 0 size for agent_triple_target_ids[0]=amdgcn-amd-amdhsa--gfx90c:xnack+
:1:hip_fatbin.cpp           :780 : 251456210432 us:  Cannot find CO in the bundle /usr/lib64/librocsolver.so.0.4 for ISA: amdgcn-amd-amdhsa--gfx90c:xnack+
:3:hip_platform.cpp         :740 : 251456210444 us:  init: Returned hipErrorNoBinaryForGpu : continue parsing remaining modules
:3:hip_code_object.cpp      :964 : 251456476370 us:  amd::Comgr::get_data() return 0 size for agent_triple_target_ids[0]=amdgcn-amd-amdhsa--gfx90c:xnack+
:3:hip_code_object.cpp      :964 : 251456476400 us:  amd::Comgr::get_data() return 0 size for agent_triple_target_ids[0]=amdgcn-amd-amdhsa--gfx90c:xnack+
:3:hip_code_object.cpp      :964 : 251456476406 us:  amd::Comgr::get_data() return 0 size for agent_triple_target_ids[0]=amdgcn-amd-amdhsa--gfx90c:xnack+
:1:hip_fatbin.cpp           :780 : 251456476414 us:  Cannot find CO in the bundle /usr/lib64/librocsolver.so.0.4 for ISA: amdgcn-amd-amdhsa--gfx90c:xnack+
:3:hip_platform.cpp         :740 : 251456476425 us:  init: Returned hipErrorNoBinaryForGpu : continue parsing remaining modules
:3:hip_code_object.cpp      :964 : 251457036240 us:  amd::Comgr::get_data() return 0 size for agent_triple_target_ids[0]=amdgcn-amd-amdhsa--gfx90c:xnack+
:3:hip_code_object.cpp      :964 : 251457036273 us:  amd::Comgr::get_data() return 0 size for agent_triple_target_ids[0]=amdgcn-amd-amdhsa--gfx90c:xnack+
:3:hip_code_object.cpp      :964 : 251457036279 us:  amd::Comgr::get_data() return 0 size for agent_triple_target_ids[0]=amdgcn-amd-amdhsa--gfx90c:xnack+
:1:hip_fatbin.cpp           :780 : 251457043256 us:  Cannot find CO in the bundle /usr/lib64/librocsolver.so.0.4 for ISA: amdgcn-amd-amdhsa--gfx90c:xnack+
:3:hip_platform.cpp         :740 : 251457043275 us:  init: Returned hipErrorNoBinaryForGpu : continue parsing remaining modules
:3:hip_code_object.cpp      :964 : 251457295624 us:  amd::Comgr::get_data() return 0 size for agent_triple_target_ids[0]=amdgcn-amd-amdhsa--gfx90c:xnack+
:3:hip_code_object.cpp      :964 : 251457295655 us:  amd::Comgr::get_data() return 0 size for agent_triple_target_ids[0]=amdgcn-amd-amdhsa--gfx90c:xnack+
:3:hip_code_object.cpp      :964 : 251457295661 us:  amd::Comgr::get_data() return 0 size for agent_triple_target_ids[0]=amdgcn-amd-amdhsa--gfx90c:xnack+
:1:hip_fatbin.cpp           :780 : 251457295669 us:  Cannot find CO in the bundle /usr/lib64/librocsolver.so.0.4 for ISA: amdgcn-amd-amdhsa--gfx90c:xnack+
:3:hip_platform.cpp         :740 : 251457295680 us:  init: Returned hipErrorNoBinaryForGpu : continue parsing remaining modules
:3:hip_code_object.cpp      :964 : 251457297072 us:  amd::Comgr::get_data() return 0 size for agent_triple_target_ids[0]=amdgcn-amd-amdhsa--gfx90c:xnack+
:3:hip_code_object.cpp      :964 : 251457297090 us:  amd::Comgr::get_data() return 0 size for agent_triple_target_ids[0]=amdgcn-amd-amdhsa--gfx90c:xnack+
:3:hip_code_object.cpp      :964 : 251457297105 us:  amd::Comgr::get_data() return 0 size for agent_triple_target_ids[0]=amdgcn-amd-amdhsa--gfx90c:xnack+
:1:hip_fatbin.cpp           :780 : 251457297111 us:  Cannot find CO in the bundle /usr/lib64/librocsolver.so.0.4 for ISA: amdgcn-amd-amdhsa--gfx90c:xnack+
:3:hip_platform.cpp         :740 : 251457297119 us:  init: Returned hipErrorNoBinaryForGpu : continue parsing remaining modules
:3:hip_code_object.cpp      :964 : 251457298756 us:  amd::Comgr::get_data() return 0 size for agent_triple_target_ids[0]=amdgcn-amd-amdhsa--gfx90c:xnack+
:3:hip_code_object.cpp      :964 : 251457298771 us:  amd::Comgr::get_data() return 0 size for agent_triple_target_ids[0]=amdgcn-amd-amdhsa--gfx90c:xnack+
:3:hip_code_object.cpp      :964 : 251457298776 us:  amd::Comgr::get_data() return 0 size for agent_triple_target_ids[0]=amdgcn-amd-amdhsa--gfx90c:xnack+
:1:hip_fatbin.cpp           :780 : 251457298782 us:  Cannot find CO in the bundle /usr/lib64/librocsolver.so.0.4 for ISA: amdgcn-amd-amdhsa--gfx90c:xnack+
:3:hip_platform.cpp         :740 : 251457298789 us:  init: Returned hipErrorNoBinaryForGpu : continue parsing remaining modules
:3:hip_code_object.cpp      :964 : 251457299896 us:  amd::Comgr::get_data() return 0 size for agent_triple_target_ids[0]=amdgcn-amd-amdhsa--gfx90c:xnack+
:3:hip_code_object.cpp      :964 : 251457299909 us:  amd::Comgr::get_data() return 0 size for agent_triple_target_ids[0]=amdgcn-amd-amdhsa--gfx90c:xnack+
:3:hip_code_object.cpp      :964 : 251457299914 us:  amd::Comgr::get_data() return 0 size for agent_triple_target_ids[0]=amdgcn-amd-amdhsa--gfx90c:xnack+
:1:hip_fatbin.cpp           :780 : 251457299919 us:  Cannot find CO in the bundle /usr/lib64/librocsolver.so.0.4 for ISA: amdgcn-amd-amdhsa--gfx90c:xnack+
:3:hip_platform.cpp         :740 : 251457299926 us:  init: Returned hipErrorNoBinaryForGpu : continue parsing remaining modules
:3:hip_code_object.cpp      :964 : 251458057099 us:  amd::Comgr::get_data() return 0 size for agent_triple_target_ids[0]=amdgcn-amd-amdhsa--gfx90c:xnack+
:3:hip_code_object.cpp      :964 : 251458057130 us:  amd::Comgr::get_data() return 0 size for agent_triple_target_ids[0]=amdgcn-amd-amdhsa--gfx90c:xnack+
:3:hip_code_object.cpp      :964 : 251458057136 us:  amd::Comgr::get_data() return 0 size for agent_triple_target_ids[0]=amdgcn-amd-amdhsa--gfx90c:xnack+
:1:hip_fatbin.cpp           :780 : 251458057144 us:  Cannot find CO in the bundle /usr/lib64/librocblas.so.4.4 for ISA: amdgcn-amd-amdhsa--gfx90c:xnack+
:3:hip_platform.cpp         :740 : 251458057155 us:  init: Returned hipErrorNoBinaryForGpu : continue parsing remaining modules
:3:hip_code_object.cpp      :964 : 251458291582 us:  amd::Comgr::get_data() return 0 size for agent_triple_target_ids[0]=amdgcn-amd-amdhsa--gfx90c:xnack+
:3:hip_code_object.cpp      :964 : 251458291615 us:  amd::Comgr::get_data() return 0 size for agent_triple_target_ids[0]=amdgcn-amd-amdhsa--gfx90c:xnack+
:3:hip_code_object.cpp      :964 : 251458291621 us:  amd::Comgr::get_data() return 0 size for agent_triple_target_ids[0]=amdgcn-amd-amdhsa--gfx90c:xnack+
:1:hip_fatbin.cpp           :780 : 251458291628 us:  Cannot find CO in the bundle /usr/lib64/librocsolver.so.0.4 for ISA: amdgcn-amd-amdhsa--gfx90c:xnack+
:3:hip_platform.cpp         :740 : 251458291639 us:  init: Returned hipErrorNoBinaryForGpu : continue parsing remaining modules
:3:hip_code_object.cpp      :964 : 251458293199 us:  amd::Comgr::get_data() return 0 size for agent_triple_target_ids[0]=amdgcn-amd-amdhsa--gfx90c:xnack+
:3:hip_code_object.cpp      :964 : 251458293219 us:  amd::Comgr::get_data() return 0 size for agent_triple_target_ids[0]=amdgcn-amd-amdhsa--gfx90c:xnack+
:3:hip_code_object.cpp      :964 : 251458293225 us:  amd::Comgr::get_data() return 0 size for agent_triple_target_ids[0]=amdgcn-amd-amdhsa--gfx90c:xnack+
:1:hip_fatbin.cpp           :780 : 251458293231 us:  Cannot find CO in the bundle /usr/lib64/librocsolver.so.0.4 for ISA: amdgcn-amd-amdhsa--gfx90c:xnack+
:3:hip_platform.cpp         :740 : 251458293247 us:  init: Returned hipErrorNoBinaryForGpu : continue parsing remaining modules
:3:hip_code_object.cpp      :964 : 251458294163 us:  amd::Comgr::get_data() return 0 size for agent_triple_target_ids[0]=amdgcn-amd-amdhsa--gfx90c:xnack+
:3:hip_code_object.cpp      :964 : 251458294176 us:  amd::Comgr::get_data() return 0 size for agent_triple_target_ids[0]=amdgcn-amd-amdhsa--gfx90c:xnack+
:3:hip_code_object.cpp      :964 : 251458294181 us:  amd::Comgr::get_data() return 0 size for agent_triple_target_ids[0]=amdgcn-amd-amdhsa--gfx90c:xnack+
:1:hip_fatbin.cpp           :780 : 251458294186 us:  Cannot find CO in the bundle /usr/lib64/librocsolver.so.0.4 for ISA: amdgcn-amd-amdhsa--gfx90c:xnack+
:3:hip_platform.cpp         :740 : 251458294192 us:  init: Returned hipErrorNoBinaryForGpu : continue parsing remaining modules
:3:hip_code_object.cpp      :964 : 251459396205 us:  amd::Comgr::get_data() return 0 size for agent_triple_target_ids[0]=amdgcn-amd-amdhsa--gfx90c:xnack+
:3:hip_code_object.cpp      :964 : 251459396239 us:  amd::Comgr::get_data() return 0 size for agent_triple_target_ids[0]=amdgcn-amd-amdhsa--gfx90c:xnack+
:3:hip_code_object.cpp      :964 : 251459396245 us:  amd::Comgr::get_data() return 0 size for agent_triple_target_ids[0]=amdgcn-amd-amdhsa--gfx90c:xnack+
:1:hip_fatbin.cpp           :780 : 251459396254 us:  Cannot find CO in the bundle /usr/lib64/librocblas.so.4.4 for ISA: amdgcn-amd-amdhsa--gfx90c:xnack+
:3:hip_platform.cpp         :740 : 251459396266 us:  init: Returned hipErrorNoBinaryForGpu : continue parsing remaining modules
:3:hip_code_object.cpp      :964 : 251459652522 us:  amd::Comgr::get_data() return 0 size for agent_triple_target_ids[0]=amdgcn-amd-amdhsa--gfx90c:xnack+
:3:hip_code_object.cpp      :964 : 251459652556 us:  amd::Comgr::get_data() return 0 size for agent_triple_target_ids[0]=amdgcn-amd-amdhsa--gfx90c:xnack+
:3:hip_code_object.cpp      :964 : 251459652562 us:  amd::Comgr::get_data() return 0 size for agent_triple_target_ids[0]=amdgcn-amd-amdhsa--gfx90c:xnack+
:1:hip_fatbin.cpp           :780 : 251459652569 us:  Cannot find CO in the bundle /usr/lib64/librocsolver.so.0.4 for ISA: amdgcn-amd-amdhsa--gfx90c:xnack+
:3:hip_platform.cpp         :740 : 251459652581 us:  init: Returned hipErrorNoBinaryForGpu : continue parsing remaining modules
:3:hip_code_object.cpp      :964 : 251459656735 us:  amd::Comgr::get_data() return 0 size for agent_triple_target_ids[0]=amdgcn-amd-amdhsa--gfx90c:xnack+
:3:hip_code_object.cpp      :964 : 251459656756 us:  amd::Comgr::get_data() return 0 size for agent_triple_target_ids[0]=amdgcn-amd-amdhsa--gfx90c:xnack+
:3:hip_code_object.cpp      :964 : 251459656762 us:  amd::Comgr::get_data() return 0 size for agent_triple_target_ids[0]=amdgcn-amd-amdhsa--gfx90c:xnack+
:1:hip_fatbin.cpp           :780 : 251459656768 us:  Cannot find CO in the bundle /usr/lib64/librocblas.so.4.4 for ISA: amdgcn-amd-amdhsa--gfx90c:xnack+
:3:hip_platform.cpp         :740 : 251459656776 us:  init: Returned hipErrorNoBinaryForGpu : continue parsing remaining modules
:3:hip_code_object.cpp      :964 : 251459660711 us:  amd::Comgr::get_data() return 0 size for agent_triple_target_ids[0]=amdgcn-amd-amdhsa--gfx90c:xnack+
:3:hip_code_object.cpp      :964 : 251459660730 us:  amd::Comgr::get_data() return 0 size for agent_triple_target_ids[0]=amdgcn-amd-amdhsa--gfx90c:xnack+
:3:hip_code_object.cpp      :964 : 251459660735 us:  amd::Comgr::get_data() return 0 size for agent_triple_target_ids[0]=amdgcn-amd-amdhsa--gfx90c:xnack+
:1:hip_fatbin.cpp           :780 : 251459660741 us:  Cannot find CO in the bundle /usr/lib64/librocblas.so.4.4 for ISA: amdgcn-amd-amdhsa--gfx90c:xnack+
:3:hip_platform.cpp         :740 : 251459660749 us:  init: Returned hipErrorNoBinaryForGpu : continue parsing remaining modules
:3:hip_code_object.cpp      :964 : 251459662113 us:  amd::Comgr::get_data() return 0 size for agent_triple_target_ids[0]=amdgcn-amd-amdhsa--gfx90c:xnack+
:3:hip_code_object.cpp      :964 : 251459662130 us:  amd::Comgr::get_data() return 0 size for agent_triple_target_ids[0]=amdgcn-amd-amdhsa--gfx90c:xnack+
:3:hip_code_object.cpp      :964 : 251459662144 us:  amd::Comgr::get_data() return 0 size for agent_triple_target_ids[0]=amdgcn-amd-amdhsa--gfx90c:xnack+
:1:hip_fatbin.cpp           :780 : 251459662150 us:  Cannot find CO in the bundle /usr/lib64/librocsolver.so.0.4 for ISA: amdgcn-amd-amdhsa--gfx90c:xnack+
:3:hip_platform.cpp         :740 : 251459662158 us:  init: Returned hipErrorNoBinaryForGpu : continue parsing remaining modules
:3:hip_code_object.cpp      :964 : 251459663154 us:  amd::Comgr::get_data() return 0 size for agent_triple_target_ids[0]=amdgcn-amd-amdhsa--gfx90c:xnack+
:3:hip_code_object.cpp      :964 : 251459663169 us:  amd::Comgr::get_data() return 0 size for agent_triple_target_ids[0]=amdgcn-amd-amdhsa--gfx90c:xnack+
:3:hip_code_object.cpp      :964 : 251459663174 us:  amd::Comgr::get_data() return 0 size for agent_triple_target_ids[0]=amdgcn-amd-amdhsa--gfx90c:xnack+
:1:hip_fatbin.cpp           :780 : 251459663179 us:  Cannot find CO in the bundle /usr/lib64/librocsolver.so.0.4 for ISA: amdgcn-amd-amdhsa--gfx90c:xnack+
:3:hip_platform.cpp         :740 : 251459663186 us:  init: Returned hipErrorNoBinaryForGpu : continue parsing remaining modules
:3:hip_code_object.cpp      :964 : 251459674720 us:  amd::Comgr::get_data() return 0 size for agent_triple_target_ids[0]=amdgcn-amd-amdhsa--gfx90c:xnack+
:3:hip_code_object.cpp      :964 : 251459674755 us:  amd::Comgr::get_data() return 0 size for agent_triple_target_ids[0]=amdgcn-amd-amdhsa--gfx90c:xnack+
:3:hip_code_object.cpp      :964 : 251459674760 us:  amd::Comgr::get_data() return 0 size for agent_triple_target_ids[0]=amdgcn-amd-amdhsa--gfx90c:xnack+
:1:hip_fatbin.cpp           :780 : 251459674769 us:  Cannot find CO in the bundle /usr/lib64/librocblas.so.4.4 for ISA: amdgcn-amd-amdhsa--gfx90c:xnack+
:3:hip_platform.cpp         :740 : 251459674781 us:  init: Returned hipErrorNoBinaryForGpu : continue parsing remaining modules
:3:hip_code_object.cpp      :964 : 251459677270 us:  amd::Comgr::get_data() return 0 size for agent_triple_target_ids[0]=amdgcn-amd-amdhsa--gfx90c:xnack+
:3:hip_code_object.cpp      :964 : 251459677288 us:  amd::Comgr::get_data() return 0 size for agent_triple_target_ids[0]=amdgcn-amd-amdhsa--gfx90c:xnack+
:3:hip_code_object.cpp      :964 : 251459677294 us:  amd::Comgr::get_data() return 0 size for agent_triple_target_ids[0]=amdgcn-amd-amdhsa--gfx90c:xnack+
:1:hip_fatbin.cpp           :780 : 251459677299 us:  Cannot find CO in the bundle /usr/lib64/librocblas.so.4.4 for ISA: amdgcn-amd-amdhsa--gfx90c:xnack+
:3:hip_platform.cpp         :740 : 251459677308 us:  init: Returned hipErrorNoBinaryForGpu : continue parsing remaining modules
:3:hip_code_object.cpp      :964 : 251459678555 us:  amd::Comgr::get_data() return 0 size for agent_triple_target_ids[0]=amdgcn-amd-amdhsa--gfx90c:xnack+
:3:hip_code_object.cpp      :964 : 251459678572 us:  amd::Comgr::get_data() return 0 size for agent_triple_target_ids[0]=amdgcn-amd-amdhsa--gfx90c:xnack+
:3:hip_code_object.cpp      :964 : 251459678577 us:  amd::Comgr::get_data() return 0 size for agent_triple_target_ids[0]=amdgcn-amd-amdhsa--gfx90c:xnack+
:1:hip_fatbin.cpp           :780 : 251459678583 us:  Cannot find CO in the bundle /usr/lib64/librocsolver.so.0.4 for ISA: amdgcn-amd-amdhsa--gfx90c:xnack+
:3:hip_platform.cpp         :740 : 251459678593 us:  init: Returned hipErrorNoBinaryForGpu : continue parsing remaining modules
:3:hip_code_object.cpp      :964 : 251460370134 us:  amd::Comgr::get_data() return 0 size for agent_triple_target_ids[0]=amdgcn-amd-amdhsa--gfx90c:xnack+
:3:hip_code_object.cpp      :964 : 251460370166 us:  amd::Comgr::get_data() return 0 size for agent_triple_target_ids[0]=amdgcn-amd-amdhsa--gfx90c:xnack+
:3:hip_code_object.cpp      :964 : 251460370172 us:  amd::Comgr::get_data() return 0 size for agent_triple_target_ids[0]=amdgcn-amd-amdhsa--gfx90c:xnack+
:1:hip_fatbin.cpp           :780 : 251460379043 us:  Cannot find CO in the bundle /usr/lib64/librocsolver.so.0.4 for ISA: amdgcn-amd-amdhsa--gfx90c:xnack+
:3:hip_platform.cpp         :740 : 251460379096 us:  init: Returned hipErrorNoBinaryForGpu : continue parsing remaining modules
:3:hip_code_object.cpp      :964 : 251460380537 us:  amd::Comgr::get_data() return 0 size for agent_triple_target_ids[0]=amdgcn-amd-amdhsa--gfx90c:xnack+
:3:hip_code_object.cpp      :964 : 251460380558 us:  amd::Comgr::get_data() return 0 size for agent_triple_target_ids[0]=amdgcn-amd-amdhsa--gfx90c:xnack+
:3:hip_code_object.cpp      :964 : 251460380563 us:  amd::Comgr::get_data() return 0 size for agent_triple_target_ids[0]=amdgcn-amd-amdhsa--gfx90c:xnack+
:1:hip_fatbin.cpp           :780 : 251460380570 us:  Cannot find CO in the bundle /usr/lib64/librocsolver.so.0.4 for ISA: amdgcn-amd-amdhsa--gfx90c:xnack+
:3:hip_platform.cpp         :740 : 251460380579 us:  init: Returned hipErrorNoBinaryForGpu : continue parsing remaining modules
:3:hip_code_object.cpp      :964 : 251460382136 us:  amd::Comgr::get_data() return 0 size for agent_triple_target_ids[0]=amdgcn-amd-amdhsa--gfx90c:xnack+
:3:hip_code_object.cpp      :964 : 251460382155 us:  amd::Comgr::get_data() return 0 size for agent_triple_target_ids[0]=amdgcn-amd-amdhsa--gfx90c:xnack+
:3:hip_code_object.cpp      :964 : 251460382160 us:  amd::Comgr::get_data() return 0 size for agent_triple_target_ids[0]=amdgcn-amd-amdhsa--gfx90c:xnack+
:1:hip_fatbin.cpp           :780 : 251460382166 us:  Cannot find CO in the bundle /usr/lib64/librocsolver.so.0.4 for ISA: amdgcn-amd-amdhsa--gfx90c:xnack+
:3:hip_platform.cpp         :740 : 251460382174 us:  init: Returned hipErrorNoBinaryForGpu : continue parsing remaining modules
:3:hip_code_object.cpp      :964 : 251460384892 us:  amd::Comgr::get_data() return 0 size for agent_triple_target_ids[0]=amdgcn-amd-amdhsa--gfx90c:xnack+
:3:hip_code_object.cpp      :964 : 251460384924 us:  amd::Comgr::get_data() return 0 size for agent_triple_target_ids[0]=amdgcn-amd-amdhsa--gfx90c:xnack+
:3:hip_code_object.cpp      :964 : 251460384931 us:  amd::Comgr::get_data() return 0 size for agent_triple_target_ids[0]=amdgcn-amd-amdhsa--gfx90c:xnack+
:1:hip_fatbin.cpp           :780 : 251460384941 us:  Cannot find CO in the bundle /usr/lib64/librocsolver.so.0.4 for ISA: amdgcn-amd-amdhsa--gfx90c:xnack+
:3:hip_platform.cpp         :740 : 251460384958 us:  init: Returned hipErrorNoBinaryForGpu : continue parsing remaining modules
:3:hip_code_object.cpp      :964 : 251460386259 us:  amd::Comgr::get_data() return 0 size for agent_triple_target_ids[0]=amdgcn-amd-amdhsa--gfx90c:xnack+
:3:hip_code_object.cpp      :964 : 251460386276 us:  amd::Comgr::get_data() return 0 size for agent_triple_target_ids[0]=amdgcn-amd-amdhsa--gfx90c:xnack+
:3:hip_code_object.cpp      :964 : 251460386282 us:  amd::Comgr::get_data() return 0 size for agent_triple_target_ids[0]=amdgcn-amd-amdhsa--gfx90c:xnack+
:1:hip_fatbin.cpp           :780 : 251460386288 us:  Cannot find CO in the bundle /usr/lib64/librocsolver.so.0.4 for ISA: amdgcn-amd-amdhsa--gfx90c:xnack+
:3:hip_platform.cpp         :740 : 251460386296 us:  init: Returned hipErrorNoBinaryForGpu : continue parsing remaining modules
:3:hip_code_object.cpp      :964 : 251460388352 us:  amd::Comgr::get_data() return 0 size for agent_triple_target_ids[0]=amdgcn-amd-amdhsa--gfx90c:xnack+
:3:hip_code_object.cpp      :964 : 251460388371 us:  amd::Comgr::get_data() return 0 size for agent_triple_target_ids[0]=amdgcn-amd-amdhsa--gfx90c:xnack+
:3:hip_code_object.cpp      :964 : 251460388376 us:  amd::Comgr::get_data() return 0 size for agent_triple_target_ids[0]=amdgcn-amd-amdhsa--gfx90c:xnack+
:1:hip_fatbin.cpp           :780 : 251460388382 us:  Cannot find CO in the bundle /usr/lib64/librocsolver.so.0.4 for ISA: amdgcn-amd-amdhsa--gfx90c:xnack+
:3:hip_platform.cpp         :740 : 251460388391 us:  init: Returned hipErrorNoBinaryForGpu : continue parsing remaining modules
:3:hip_code_object.cpp      :964 : 251460503565 us:  amd::Comgr::get_data() return 0 size for agent_triple_target_ids[0]=amdgcn-amd-amdhsa--gfx90c:xnack+
:3:hip_code_object.cpp      :964 : 251460503597 us:  amd::Comgr::get_data() return 0 size for agent_triple_target_ids[0]=amdgcn-amd-amdhsa--gfx90c:xnack+
:3:hip_code_object.cpp      :964 : 251460503612 us:  amd::Comgr::get_data() return 0 size for agent_triple_target_ids[0]=amdgcn-amd-amdhsa--gfx90c:xnack+
:1:hip_fatbin.cpp           :780 : 251460503620 us:  Cannot find CO in the bundle /usr/lib64/librocsolver.so.0.4 for ISA: amdgcn-amd-amdhsa--gfx90c:xnack+
:3:hip_platform.cpp         :740 : 251460503632 us:  init: Returned hipErrorNoBinaryForGpu : continue parsing remaining modules
:3:hip_code_object.cpp      :964 : 251460505369 us:  amd::Comgr::get_data() return 0 size for agent_triple_target_ids[0]=amdgcn-amd-amdhsa--gfx90c:xnack+
:3:hip_code_object.cpp      :964 : 251460505389 us:  amd::Comgr::get_data() return 0 size for agent_triple_target_ids[0]=amdgcn-amd-amdhsa--gfx90c:xnack+
:3:hip_code_object.cpp      :964 : 251460505394 us:  amd::Comgr::get_data() return 0 size for agent_triple_target_ids[0]=amdgcn-amd-amdhsa--gfx90c:xnack+
:1:hip_fatbin.cpp           :780 : 251460505400 us:  Cannot find CO in the bundle /usr/lib64/librocsolver.so.0.4 for ISA: amdgcn-amd-amdhsa--gfx90c:xnack+
:3:hip_platform.cpp         :740 : 251460505408 us:  init: Returned hipErrorNoBinaryForGpu : continue parsing remaining modules
:3:hip_code_object.cpp      :964 : 251460506465 us:  amd::Comgr::get_data() return 0 size for agent_triple_target_ids[0]=amdgcn-amd-amdhsa--gfx90c:xnack+
:3:hip_code_object.cpp      :964 : 251460506479 us:  amd::Comgr::get_data() return 0 size for agent_triple_target_ids[0]=amdgcn-amd-amdhsa--gfx90c:xnack+
:3:hip_code_object.cpp      :964 : 251460506484 us:  amd::Comgr::get_data() return 0 size for agent_triple_target_ids[0]=amdgcn-amd-amdhsa--gfx90c:xnack+
:1:hip_fatbin.cpp           :780 : 251460506489 us:  Cannot find CO in the bundle /usr/lib64/librocsolver.so.0.4 for ISA: amdgcn-amd-amdhsa--gfx90c:xnack+
:3:hip_platform.cpp         :740 : 251460506495 us:  init: Returned hipErrorNoBinaryForGpu : continue parsing remaining modules
:3:hip_code_object.cpp      :964 : 251460507800 us:  amd::Comgr::get_data() return 0 size for agent_triple_target_ids[0]=amdgcn-amd-amdhsa--gfx90c:xnack+
:3:hip_code_object.cpp      :964 : 251460507814 us:  amd::Comgr::get_data() return 0 size for agent_triple_target_ids[0]=amdgcn-amd-amdhsa--gfx90c:xnack+
:3:hip_code_object.cpp      :964 : 251460507819 us:  amd::Comgr::get_data() return 0 size for agent_triple_target_ids[0]=amdgcn-amd-amdhsa--gfx90c:xnack+
:1:hip_fatbin.cpp           :780 : 251460507824 us:  Cannot find CO in the bundle /usr/lib64/librocblas.so.4.4 for ISA: amdgcn-amd-amdhsa--gfx90c:xnack+
:3:hip_platform.cpp         :740 : 251460507830 us:  init: Returned hipErrorNoBinaryForGpu : continue parsing remaining modules
:3:hip_code_object.cpp      :964 : 251461446216 us:  amd::Comgr::get_data() return 0 size for agent_triple_target_ids[0]=amdgcn-amd-amdhsa--gfx90c:xnack+
:3:hip_code_object.cpp      :964 : 251461446255 us:  amd::Comgr::get_data() return 0 size for agent_triple_target_ids[0]=amdgcn-amd-amdhsa--gfx90c:xnack+
:3:hip_code_object.cpp      :964 : 251461446261 us:  amd::Comgr::get_data() return 0 size for agent_triple_target_ids[0]=amdgcn-amd-amdhsa--gfx90c:xnack+
:1:hip_fatbin.cpp           :780 : 251461456364 us:  Cannot find CO in the bundle /usr/lib64/librocsolver.so.0.4 for ISA: amdgcn-amd-amdhsa--gfx90c:xnack+
:3:hip_platform.cpp         :740 : 251461456391 us:  init: Returned hipErrorNoBinaryForGpu : continue parsing remaining modules
:3:hip_code_object.cpp      :964 : 251461457651 us:  amd::Comgr::get_data() return 0 size for agent_triple_target_ids[0]=amdgcn-amd-amdhsa--gfx90c:xnack+
:3:hip_code_object.cpp      :964 : 251461457670 us:  amd::Comgr::get_data() return 0 size for agent_triple_target_ids[0]=amdgcn-amd-amdhsa--gfx90c:xnack+
:3:hip_code_object.cpp      :964 : 251461457675 us:  amd::Comgr::get_data() return 0 size for agent_triple_target_ids[0]=amdgcn-amd-amdhsa--gfx90c:xnack+
:1:hip_fatbin.cpp           :780 : 251461457681 us:  Cannot find CO in the bundle /usr/lib64/librocsolver.so.0.4 for ISA: amdgcn-amd-amdhsa--gfx90c:xnack+
:3:hip_platform.cpp         :740 : 251461457699 us:  init: Returned hipErrorNoBinaryForGpu : continue parsing remaining modules
:3:hip_code_object.cpp      :964 : 251461459671 us:  amd::Comgr::get_data() return 0 size for agent_triple_target_ids[0]=amdgcn-amd-amdhsa--gfx90c:xnack+
:3:hip_code_object.cpp      :964 : 251461459689 us:  amd::Comgr::get_data() return 0 size for agent_triple_target_ids[0]=amdgcn-amd-amdhsa--gfx90c:xnack+
:3:hip_code_object.cpp      :964 : 251461459694 us:  amd::Comgr::get_data() return 0 size for agent_triple_target_ids[0]=amdgcn-amd-amdhsa--gfx90c:xnack+
:1:hip_fatbin.cpp           :780 : 251461459700 us:  Cannot find CO in the bundle /usr/lib64/librocsolver.so.0.4 for ISA: amdgcn-amd-amdhsa--gfx90c:xnack+
:3:hip_platform.cpp         :740 : 251461459707 us:  init: Returned hipErrorNoBinaryForGpu : continue parsing remaining modules
:3:hip_code_object.cpp      :964 : 251461461565 us:  amd::Comgr::get_data() return 0 size for agent_triple_target_ids[0]=amdgcn-amd-amdhsa--gfx90c:xnack+
:3:hip_code_object.cpp      :964 : 251461461581 us:  amd::Comgr::get_data() return 0 size for agent_triple_target_ids[0]=amdgcn-amd-amdhsa--gfx90c:xnack+
:3:hip_code_object.cpp      :964 : 251461461586 us:  amd::Comgr::get_data() return 0 size for agent_triple_target_ids[0]=amdgcn-amd-amdhsa--gfx90c:xnack+
:1:hip_fatbin.cpp           :780 : 251461461591 us:  Cannot find CO in the bundle /usr/lib64/librocsolver.so.0.4 for ISA: amdgcn-amd-amdhsa--gfx90c:xnack+
:3:hip_platform.cpp         :740 : 251461461599 us:  init: Returned hipErrorNoBinaryForGpu : continue parsing remaining modules
:3:hip_code_object.cpp      :964 : 251461462649 us:  amd::Comgr::get_data() return 0 size for agent_triple_target_ids[0]=amdgcn-amd-amdhsa--gfx90c:xnack+
:3:hip_code_object.cpp      :964 : 251461462664 us:  amd::Comgr::get_data() return 0 size for agent_triple_target_ids[0]=amdgcn-amd-amdhsa--gfx90c:xnack+
:3:hip_code_object.cpp      :964 : 251461462669 us:  amd::Comgr::get_data() return 0 size for agent_triple_target_ids[0]=amdgcn-amd-amdhsa--gfx90c:xnack+
:1:hip_fatbin.cpp           :780 : 251461462674 us:  Cannot find CO in the bundle /usr/lib64/librocsolver.so.0.4 for ISA: amdgcn-amd-amdhsa--gfx90c:xnack+
:3:hip_platform.cpp         :740 : 251461462682 us:  init: Returned hipErrorNoBinaryForGpu : continue parsing remaining modules
:3:hip_code_object.cpp      :964 : 251461464074 us:  amd::Comgr::get_data() return 0 size for agent_triple_target_ids[0]=amdgcn-amd-amdhsa--gfx90c:xnack+
:3:hip_code_object.cpp      :964 : 251461464088 us:  amd::Comgr::get_data() return 0 size for agent_triple_target_ids[0]=amdgcn-amd-amdhsa--gfx90c:xnack+
:3:hip_code_object.cpp      :964 : 251461464093 us:  amd::Comgr::get_data() return 0 size for agent_triple_target_ids[0]=amdgcn-amd-amdhsa--gfx90c:xnack+
:1:hip_fatbin.cpp           :780 : 251461464098 us:  Cannot find CO in the bundle /usr/lib64/librocsolver.so.0.4 for ISA: amdgcn-amd-amdhsa--gfx90c:xnack+
:3:hip_platform.cpp         :740 : 251461464105 us:  init: Returned hipErrorNoBinaryForGpu : continue parsing remaining modules
:3:hip_code_object.cpp      :964 : 251461467717 us:  amd::Comgr::get_data() return 0 size for agent_triple_target_ids[0]=amdgcn-amd-amdhsa--gfx90c:xnack+
:3:hip_code_object.cpp      :964 : 251461467740 us:  amd::Comgr::get_data() return 0 size for agent_triple_target_ids[0]=amdgcn-amd-amdhsa--gfx90c:xnack+
:3:hip_code_object.cpp      :964 : 251461467745 us:  amd::Comgr::get_data() return 0 size for agent_triple_target_ids[0]=amdgcn-amd-amdhsa--gfx90c:xnack+
:1:hip_fatbin.cpp           :780 : 251461467751 us:  Cannot find CO in the bundle /usr/lib64/librocblas.so.4.4 for ISA: amdgcn-amd-amdhsa--gfx90c:xnack+
:3:hip_platform.cpp         :740 : 251461467759 us:  init: Returned hipErrorNoBinaryForGpu : continue parsing remaining modules
:3:hip_code_object.cpp      :964 : 251461469353 us:  amd::Comgr::get_data() return 0 size for agent_triple_target_ids[0]=amdgcn-amd-amdhsa--gfx90c:xnack+
:3:hip_code_object.cpp      :964 : 251461469370 us:  amd::Comgr::get_data() return 0 size for agent_triple_target_ids[0]=amdgcn-amd-amdhsa--gfx90c:xnack+
:3:hip_code_object.cpp      :964 : 251461469385 us:  amd::Comgr::get_data() return 0 size for agent_triple_target_ids[0]=amdgcn-amd-amdhsa--gfx90c:xnack+
:1:hip_fatbin.cpp           :780 : 251461469391 us:  Cannot find CO in the bundle /usr/lib64/librocsolver.so.0.4 for ISA: amdgcn-amd-amdhsa--gfx90c:xnack+
:3:hip_platform.cpp         :740 : 251461469398 us:  init: Returned hipErrorNoBinaryForGpu : continue parsing remaining modules
:3:hip_code_object.cpp      :964 : 251461472351 us:  amd::Comgr::get_data() return 0 size for agent_triple_target_ids[0]=amdgcn-amd-amdhsa--gfx90c:xnack+
:3:hip_code_object.cpp      :964 : 251461472369 us:  amd::Comgr::get_data() return 0 size for agent_triple_target_ids[0]=amdgcn-amd-amdhsa--gfx90c:xnack+
:3:hip_code_object.cpp      :964 : 251461472374 us:  amd::Comgr::get_data() return 0 size for agent_triple_target_ids[0]=amdgcn-amd-amdhsa--gfx90c:xnack+
:1:hip_fatbin.cpp           :780 : 251461472379 us:  Cannot find CO in the bundle /usr/lib64/librocblas.so.4.4 for ISA: amdgcn-amd-amdhsa--gfx90c:xnack+
:3:hip_platform.cpp         :740 : 251461472387 us:  init: Returned hipErrorNoBinaryForGpu : continue parsing remaining modules
:3:hip_code_object.cpp      :964 : 251461473415 us:  amd::Comgr::get_data() return 0 size for agent_triple_target_ids[0]=amdgcn-amd-amdhsa--gfx90c:xnack+
:3:hip_code_object.cpp      :964 : 251461473429 us:  amd::Comgr::get_data() return 0 size for agent_triple_target_ids[0]=amdgcn-amd-amdhsa--gfx90c:xnack+
:3:hip_code_object.cpp      :964 : 251461473434 us:  amd::Comgr::get_data() return 0 size for agent_triple_target_ids[0]=amdgcn-amd-amdhsa--gfx90c:xnack+
:1:hip_fatbin.cpp           :780 : 251461473439 us:  Cannot find CO in the bundle /usr/lib64/librocsolver.so.0.4 for ISA: amdgcn-amd-amdhsa--gfx90c:xnack+
:3:hip_platform.cpp         :740 : 251461473445 us:  init: Returned hipErrorNoBinaryForGpu : continue parsing remaining modules
:3:hip_code_object.cpp      :964 : 251461482113 us:  amd::Comgr::get_data() return 0 size for agent_triple_target_ids[0]=amdgcn-amd-amdhsa--gfx90c:xnack+
:3:hip_code_object.cpp      :964 : 251461482136 us:  amd::Comgr::get_data() return 0 size for agent_triple_target_ids[0]=amdgcn-amd-amdhsa--gfx90c:xnack+
:3:hip_code_object.cpp      :964 : 251461482142 us:  amd::Comgr::get_data() return 0 size for agent_triple_target_ids[0]=amdgcn-amd-amdhsa--gfx90c:xnack+
:1:hip_fatbin.cpp           :780 : 251461482149 us:  Cannot find CO in the bundle /usr/lib64/librocsolver.so.0.4 for ISA: amdgcn-amd-amdhsa--gfx90c:xnack+
:3:hip_platform.cpp         :740 : 251461482158 us:  init: Returned hipErrorNoBinaryForGpu : continue parsing remaining modules
:3:hip_code_object.cpp      :964 : 251461483606 us:  amd::Comgr::get_data() return 0 size for agent_triple_target_ids[0]=amdgcn-amd-amdhsa--gfx90c:xnack+
:3:hip_code_object.cpp      :964 : 251461483623 us:  amd::Comgr::get_data() return 0 size for agent_triple_target_ids[0]=amdgcn-amd-amdhsa--gfx90c:xnack+
:3:hip_code_object.cpp      :964 : 251461483628 us:  amd::Comgr::get_data() return 0 size for agent_triple_target_ids[0]=amdgcn-amd-amdhsa--gfx90c:xnack+
:1:hip_fatbin.cpp           :780 : 251461483634 us:  Cannot find CO in the bundle /usr/lib64/librocsolver.so.0.4 for ISA: amdgcn-amd-amdhsa--gfx90c:xnack+
:3:hip_platform.cpp         :740 : 251461483642 us:  init: Returned hipErrorNoBinaryForGpu : continue parsing remaining modules
:3:hip_code_object.cpp      :964 : 251461485327 us:  amd::Comgr::get_data() return 0 size for agent_triple_target_ids[0]=amdgcn-amd-amdhsa--gfx90c:xnack+
:3:hip_code_object.cpp      :964 : 251461485347 us:  amd::Comgr::get_data() return 0 size for agent_triple_target_ids[0]=amdgcn-amd-amdhsa--gfx90c:xnack+
:3:hip_code_object.cpp      :964 : 251461485352 us:  amd::Comgr::get_data() return 0 size for agent_triple_target_ids[0]=amdgcn-amd-amdhsa--gfx90c:xnack+
:1:hip_fatbin.cpp           :780 : 251461485358 us:  Cannot find CO in the bundle /usr/lib64/librocblas.so.4.4 for ISA: amdgcn-amd-amdhsa--gfx90c:xnack+
:3:hip_platform.cpp         :740 : 251461485375 us:  init: Returned hipErrorNoBinaryForGpu : continue parsing remaining modules
:3:hip_code_object.cpp      :964 : 251461495715 us:  amd::Comgr::get_data() return 0 size for agent_triple_target_ids[0]=amdgcn-amd-amdhsa--gfx90c:xnack+
:3:hip_code_object.cpp      :964 : 251461495746 us:  amd::Comgr::get_data() return 0 size for agent_triple_target_ids[0]=amdgcn-amd-amdhsa--gfx90c:xnack+
:3:hip_code_object.cpp      :964 : 251461495752 us:  amd::Comgr::get_data() return 0 size for agent_triple_target_ids[0]=amdgcn-amd-amdhsa--gfx90c:xnack+
:1:hip_fatbin.cpp           :780 : 251461495759 us:  Cannot find CO in the bundle /usr/lib64/librocsolver.so.0.4 for ISA: amdgcn-amd-amdhsa--gfx90c:xnack+
:3:hip_platform.cpp         :740 : 251461495770 us:  init: Returned hipErrorNoBinaryForGpu : continue parsing remaining modules
:3:hip_code_object.cpp      :964 : 251461496898 us:  amd::Comgr::get_data() return 0 size for agent_triple_target_ids[0]=amdgcn-amd-amdhsa--gfx90c:xnack+
:3:hip_code_object.cpp      :964 : 251461496911 us:  amd::Comgr::get_data() return 0 size for agent_triple_target_ids[0]=amdgcn-amd-amdhsa--gfx90c:xnack+
:3:hip_code_object.cpp      :964 : 251461496916 us:  amd::Comgr::get_data() return 0 size for agent_triple_target_ids[0]=amdgcn-amd-amdhsa--gfx90c:xnack+
:1:hip_fatbin.cpp           :780 : 251461496921 us:  Cannot find CO in the bundle /usr/lib64/librocblas.so.4.4 for ISA: amdgcn-amd-amdhsa--gfx90c:xnack+
:3:hip_platform.cpp         :740 : 251461496927 us:  init: Returned hipErrorNoBinaryForGpu : continue parsing remaining modules
:3:hip_code_object.cpp      :964 : 251461500703 us:  amd::Comgr::get_data() return 0 size for agent_triple_target_ids[0]=amdgcn-amd-amdhsa--gfx90c:xnack+
:3:hip_code_object.cpp      :964 : 251461500727 us:  amd::Comgr::get_data() return 0 size for agent_triple_target_ids[0]=amdgcn-amd-amdhsa--gfx90c:xnack+
:3:hip_code_object.cpp      :964 : 251461500732 us:  amd::Comgr::get_data() return 0 size for agent_triple_target_ids[0]=amdgcn-amd-amdhsa--gfx90c:xnack+
:1:hip_fatbin.cpp           :780 : 251461500739 us:  Cannot find CO in the bundle /usr/lib64/librocblas.so.4.4 for ISA: amdgcn-amd-amdhsa--gfx90c:xnack+
:3:hip_platform.cpp         :740 : 251461500749 us:  init: Returned hipErrorNoBinaryForGpu : continue parsing remaining modules
:3:hip_code_object.cpp      :964 : 251461502095 us:  amd::Comgr::get_data() return 0 size for agent_triple_target_ids[0]=amdgcn-amd-amdhsa--gfx90c:xnack+
:3:hip_code_object.cpp      :964 : 251461502108 us:  amd::Comgr::get_data() return 0 size for agent_triple_target_ids[0]=amdgcn-amd-amdhsa--gfx90c:xnack+
:3:hip_code_object.cpp      :964 : 251461502113 us:  amd::Comgr::get_data() return 0 size for agent_triple_target_ids[0]=amdgcn-amd-amdhsa--gfx90c:xnack+
:1:hip_fatbin.cpp           :780 : 251461502119 us:  Cannot find CO in the bundle /usr/lib64/librocblas.so.4.4 for ISA: amdgcn-amd-amdhsa--gfx90c:xnack+
:3:hip_platform.cpp         :740 : 251461502125 us:  init: Returned hipErrorNoBinaryForGpu : continue parsing remaining modules
:3:hip_code_object.cpp      :964 : 251461505312 us:  amd::Comgr::get_data() return 0 size for agent_triple_target_ids[0]=amdgcn-amd-amdhsa--gfx90c:xnack+
:3:hip_code_object.cpp      :964 : 251461505340 us:  amd::Comgr::get_data() return 0 size for agent_triple_target_ids[0]=amdgcn-amd-amdhsa--gfx90c:xnack+
:3:hip_code_object.cpp      :964 : 251461505345 us:  amd::Comgr::get_data() return 0 size for agent_triple_target_ids[0]=amdgcn-amd-amdhsa--gfx90c:xnack+
:1:hip_fatbin.cpp           :780 : 251461505352 us:  Cannot find CO in the bundle /usr/lib64/librocsolver.so.0.4 for ISA: amdgcn-amd-amdhsa--gfx90c:xnack+
:3:hip_platform.cpp         :740 : 251461505361 us:  init: Returned hipErrorNoBinaryForGpu : continue parsing remaining modules
:3:hip_code_object.cpp      :964 : 251461506859 us:  amd::Comgr::get_data() return 0 size for agent_triple_target_ids[0]=amdgcn-amd-amdhsa--gfx90c:xnack+
:3:hip_code_object.cpp      :964 : 251461506877 us:  amd::Comgr::get_data() return 0 size for agent_triple_target_ids[0]=amdgcn-amd-amdhsa--gfx90c:xnack+
:3:hip_code_object.cpp      :964 : 251461506890 us:  amd::Comgr::get_data() return 0 size for agent_triple_target_ids[0]=amdgcn-amd-amdhsa--gfx90c:xnack+
:1:hip_fatbin.cpp           :780 : 251461506896 us:  Cannot find CO in the bundle /usr/lib64/librocsolver.so.0.4 for ISA: amdgcn-amd-amdhsa--gfx90c:xnack+
:3:hip_platform.cpp         :740 : 251461506903 us:  init: Returned hipErrorNoBinaryForGpu : continue parsing remaining modules
:3:hip_code_object.cpp      :964 : 251461936362 us:  amd::Comgr::get_data() return 0 size for agent_triple_target_ids[0]=amdgcn-amd-amdhsa--gfx90c:xnack+
:3:hip_code_object.cpp      :964 : 251461936392 us:  amd::Comgr::get_data() return 0 size for agent_triple_target_ids[0]=amdgcn-amd-amdhsa--gfx90c:xnack+
:3:hip_code_object.cpp      :964 : 251461936398 us:  amd::Comgr::get_data() return 0 size for agent_triple_target_ids[0]=amdgcn-amd-amdhsa--gfx90c:xnack+
:1:hip_fatbin.cpp           :780 : 251461936405 us:  Cannot find CO in the bundle /usr/lib64/librocblas.so.4.4 for ISA: amdgcn-amd-amdhsa--gfx90c:xnack+
:3:hip_platform.cpp         :740 : 251461936417 us:  init: Returned hipErrorNoBinaryForGpu : continue parsing remaining modules
:3:hip_code_object.cpp      :964 : 251461937894 us:  amd::Comgr::get_data() return 0 size for agent_triple_target_ids[0]=amdgcn-amd-amdhsa--gfx90c:xnack+
:3:hip_code_object.cpp      :964 : 251461937910 us:  amd::Comgr::get_data() return 0 size for agent_triple_target_ids[0]=amdgcn-amd-amdhsa--gfx90c:xnack+
:3:hip_code_object.cpp      :964 : 251461937915 us:  amd::Comgr::get_data() return 0 size for agent_triple_target_ids[0]=amdgcn-amd-amdhsa--gfx90c:xnack+
:1:hip_fatbin.cpp           :780 : 251461937921 us:  Cannot find CO in the bundle /usr/lib64/librocsolver.so.0.4 for ISA: amdgcn-amd-amdhsa--gfx90c:xnack+
:3:hip_platform.cpp         :740 : 251461937928 us:  init: Returned hipErrorNoBinaryForGpu : continue parsing remaining modules
:3:hip_code_object.cpp      :964 : 251461939539 us:  amd::Comgr::get_data() return 0 size for agent_triple_target_ids[0]=amdgcn-amd-amdhsa--gfx90c:xnack+
:3:hip_code_object.cpp      :964 : 251461939554 us:  amd::Comgr::get_data() return 0 size for agent_triple_target_ids[0]=amdgcn-amd-amdhsa--gfx90c:xnack+
:3:hip_code_object.cpp      :964 : 251461939559 us:  amd::Comgr::get_data() return 0 size for agent_triple_target_ids[0]=amdgcn-amd-amdhsa--gfx90c:xnack+
:1:hip_fatbin.cpp           :780 : 251461939565 us:  Cannot find CO in the bundle /usr/lib64/librocsolver.so.0.4 for ISA: amdgcn-amd-amdhsa--gfx90c:xnack+
:3:hip_platform.cpp         :740 : 251461939571 us:  init: Returned hipErrorNoBinaryForGpu : continue parsing remaining modules
:3:hip_code_object.cpp      :964 : 251461940912 us:  amd::Comgr::get_data() return 0 size for agent_triple_target_ids[0]=amdgcn-amd-amdhsa--gfx90c:xnack+
:3:hip_code_object.cpp      :964 : 251461940926 us:  amd::Comgr::get_data() return 0 size for agent_triple_target_ids[0]=amdgcn-amd-amdhsa--gfx90c:xnack+
:3:hip_code_object.cpp      :964 : 251461940931 us:  amd::Comgr::get_data() return 0 size for agent_triple_target_ids[0]=amdgcn-amd-amdhsa--gfx90c:xnack+
:1:hip_fatbin.cpp           :780 : 251461940937 us:  Cannot find CO in the bundle /usr/lib64/librocsolver.so.0.4 for ISA: amdgcn-amd-amdhsa--gfx90c:xnack+
:3:hip_platform.cpp         :740 : 251461940943 us:  init: Returned hipErrorNoBinaryForGpu : continue parsing remaining modules
:3:hip_code_object.cpp      :964 : 251461948093 us:  amd::Comgr::get_data() return 0 size for agent_triple_target_ids[0]=amdgcn-amd-amdhsa--gfx90c:xnack+
:3:hip_code_object.cpp      :964 : 251461948123 us:  amd::Comgr::get_data() return 0 size for agent_triple_target_ids[0]=amdgcn-amd-amdhsa--gfx90c:xnack+
:3:hip_code_object.cpp      :964 : 251461948129 us:  amd::Comgr::get_data() return 0 size for agent_triple_target_ids[0]=amdgcn-amd-amdhsa--gfx90c:xnack+
:1:hip_fatbin.cpp           :780 : 251461948136 us:  Cannot find CO in the bundle /usr/lib64/librocblas.so.4.4 for ISA: amdgcn-amd-amdhsa--gfx90c:xnack+
:3:hip_platform.cpp         :740 : 251461948156 us:  init: Returned hipErrorNoBinaryForGpu : continue parsing remaining modules
:3:hip_code_object.cpp      :964 : 251461950188 us:  amd::Comgr::get_data() return 0 size for agent_triple_target_ids[0]=amdgcn-amd-amdhsa--gfx90c:xnack+
:3:hip_code_object.cpp      :964 : 251461950205 us:  amd::Comgr::get_data() return 0 size for agent_triple_target_ids[0]=amdgcn-amd-amdhsa--gfx90c:xnack+
:3:hip_code_object.cpp      :964 : 251461950210 us:  amd::Comgr::get_data() return 0 size for agent_triple_target_ids[0]=amdgcn-amd-amdhsa--gfx90c:xnack+
:1:hip_fatbin.cpp           :780 : 251461950215 us:  Cannot find CO in the bundle /usr/lib64/librocsolver.so.0.4 for ISA: amdgcn-amd-amdhsa--gfx90c:xnack+
:3:hip_platform.cpp         :740 : 251461950223 us:  init: Returned hipErrorNoBinaryForGpu : continue parsing remaining modules
:3:hip_code_object.cpp      :964 : 251461951788 us:  amd::Comgr::get_data() return 0 size for agent_triple_target_ids[0]=amdgcn-amd-amdhsa--gfx90c:xnack+
:3:hip_code_object.cpp      :964 : 251461951803 us:  amd::Comgr::get_data() return 0 size for agent_triple_target_ids[0]=amdgcn-amd-amdhsa--gfx90c:xnack+
:3:hip_code_object.cpp      :964 : 251461951808 us:  amd::Comgr::get_data() return 0 size for agent_triple_target_ids[0]=amdgcn-amd-amdhsa--gfx90c:xnack+
:1:hip_fatbin.cpp           :780 : 251461951814 us:  Cannot find CO in the bundle /usr/lib64/librocblas.so.4.4 for ISA: amdgcn-amd-amdhsa--gfx90c:xnack+
:3:hip_platform.cpp         :740 : 251461951820 us:  init: Returned hipErrorNoBinaryForGpu : continue parsing remaining modules
:3:hip_code_object.cpp      :964 : 251461953170 us:  amd::Comgr::get_data() return 0 size for agent_triple_target_ids[0]=amdgcn-amd-amdhsa--gfx90c:xnack+
:3:hip_code_object.cpp      :964 : 251461953187 us:  amd::Comgr::get_data() return 0 size for agent_triple_target_ids[0]=amdgcn-amd-amdhsa--gfx90c:xnack+
:3:hip_code_object.cpp      :964 : 251461953193 us:  amd::Comgr::get_data() return 0 size for agent_triple_target_ids[0]=amdgcn-amd-amdhsa--gfx90c:xnack+
:1:hip_fatbin.cpp           :780 : 251461953198 us:  Cannot find CO in the bundle /usr/lib64/librocsolver.so.0.4 for ISA: amdgcn-amd-amdhsa--gfx90c:xnack+
:3:hip_platform.cpp         :740 : 251461953205 us:  init: Returned hipErrorNoBinaryForGpu : continue parsing remaining modules
:3:hip_code_object.cpp      :964 : 251461954277 us:  amd::Comgr::get_data() return 0 size for agent_triple_target_ids[0]=amdgcn-amd-amdhsa--gfx90c:xnack+
:3:hip_code_object.cpp      :964 : 251461954292 us:  amd::Comgr::get_data() return 0 size for agent_triple_target_ids[0]=amdgcn-amd-amdhsa--gfx90c:xnack+
:3:hip_code_object.cpp      :964 : 251461954297 us:  amd::Comgr::get_data() return 0 size for agent_triple_target_ids[0]=amdgcn-amd-amdhsa--gfx90c:xnack+
:1:hip_fatbin.cpp           :780 : 251461954303 us:  Cannot find CO in the bundle /usr/lib64/librocsolver.so.0.4 for ISA: amdgcn-amd-amdhsa--gfx90c:xnack+
:3:hip_platform.cpp         :740 : 251461954309 us:  init: Returned hipErrorNoBinaryForGpu : continue parsing remaining modules
:3:hip_code_object.cpp      :964 : 251461955510 us:  amd::Comgr::get_data() return 0 size for agent_triple_target_ids[0]=amdgcn-amd-amdhsa--gfx90c:xnack+
:3:hip_code_object.cpp      :964 : 251461955524 us:  amd::Comgr::get_data() return 0 size for agent_triple_target_ids[0]=amdgcn-amd-amdhsa--gfx90c:xnack+
:3:hip_code_object.cpp      :964 : 251461955529 us:  amd::Comgr::get_data() return 0 size for agent_triple_target_ids[0]=amdgcn-amd-amdhsa--gfx90c:xnack+
:1:hip_fatbin.cpp           :780 : 251461955535 us:  Cannot find CO in the bundle /usr/lib64/librocsolver.so.0.4 for ISA: amdgcn-amd-amdhsa--gfx90c:xnack+
:3:hip_platform.cpp         :740 : 251461955542 us:  init: Returned hipErrorNoBinaryForGpu : continue parsing remaining modules
:3:hip_code_object.cpp      :964 : 251462119674 us:  amd::Comgr::get_data() return 0 size for agent_triple_target_ids[0]=amdgcn-amd-amdhsa--gfx90c:xnack+
:3:hip_code_object.cpp      :964 : 251462119704 us:  amd::Comgr::get_data() return 0 size for agent_triple_target_ids[0]=amdgcn-amd-amdhsa--gfx90c:xnack+
:3:hip_code_object.cpp      :964 : 251462119719 us:  amd::Comgr::get_data() return 0 size for agent_triple_target_ids[0]=amdgcn-amd-amdhsa--gfx90c:xnack+
:1:hip_fatbin.cpp           :780 : 251462119726 us:  Cannot find CO in the bundle /usr/lib64/librocblas.so.4.4 for ISA: amdgcn-amd-amdhsa--gfx90c:xnack+
:3:hip_platform.cpp         :740 : 251462119738 us:  init: Returned hipErrorNoBinaryForGpu : continue parsing remaining modules
:3:hip_code_object.cpp      :964 : 251462224113 us:  amd::Comgr::get_data() return 0 size for agent_triple_target_ids[0]=amdgcn-amd-amdhsa--gfx90c:xnack+
:3:hip_code_object.cpp      :964 : 251462224142 us:  amd::Comgr::get_data() return 0 size for agent_triple_target_ids[0]=amdgcn-amd-amdhsa--gfx90c:xnack+
:3:hip_code_object.cpp      :964 : 251462224148 us:  amd::Comgr::get_data() return 0 size for agent_triple_target_ids[0]=amdgcn-amd-amdhsa--gfx90c:xnack+
:1:hip_fatbin.cpp           :780 : 251462224155 us:  Cannot find CO in the bundle /usr/lib64/librocblas.so.4.4 for ISA: amdgcn-amd-amdhsa--gfx90c:xnack+
:3:hip_platform.cpp         :740 : 251462224166 us:  init: Returned hipErrorNoBinaryForGpu : continue parsing remaining modules
:3:hip_code_object.cpp      :964 : 251462226852 us:  amd::Comgr::get_data() return 0 size for agent_triple_target_ids[0]=amdgcn-amd-amdhsa--gfx90c:xnack+
:3:hip_code_object.cpp      :964 : 251462226874 us:  amd::Comgr::get_data() return 0 size for agent_triple_target_ids[0]=amdgcn-amd-amdhsa--gfx90c:xnack+
:3:hip_code_object.cpp      :964 : 251462226880 us:  amd::Comgr::get_data() return 0 size for agent_triple_target_ids[0]=amdgcn-amd-amdhsa--gfx90c:xnack+
:1:hip_fatbin.cpp           :780 : 251462226886 us:  Cannot find CO in the bundle /usr/lib64/librocblas.so.4.4 for ISA: amdgcn-amd-amdhsa--gfx90c:xnack+
:3:hip_platform.cpp         :740 : 251462226895 us:  init: Returned hipErrorNoBinaryForGpu : continue parsing remaining modules
:3:hip_code_object.cpp      :964 : 251462228134 us:  amd::Comgr::get_data() return 0 size for agent_triple_target_ids[0]=amdgcn-amd-amdhsa--gfx90c:xnack+
:3:hip_code_object.cpp      :964 : 251462228147 us:  amd::Comgr::get_data() return 0 size for agent_triple_target_ids[0]=amdgcn-amd-amdhsa--gfx90c:xnack+
:3:hip_code_object.cpp      :964 : 251462228153 us:  amd::Comgr::get_data() return 0 size for agent_triple_target_ids[0]=amdgcn-amd-amdhsa--gfx90c:xnack+
:1:hip_fatbin.cpp           :780 : 251462228158 us:  Cannot find CO in the bundle /usr/lib64/librocsolver.so.0.4 for ISA: amdgcn-amd-amdhsa--gfx90c:xnack+
:3:hip_platform.cpp         :740 : 251462228165 us:  init: Returned hipErrorNoBinaryForGpu : continue parsing remaining modules
:3:hip_code_object.cpp      :964 : 251462387813 us:  amd::Comgr::get_data() return 0 size for agent_triple_target_ids[0]=amdgcn-amd-amdhsa--gfx90c:xnack+
:3:hip_code_object.cpp      :964 : 251462387844 us:  amd::Comgr::get_data() return 0 size for agent_triple_target_ids[0]=amdgcn-amd-amdhsa--gfx90c:xnack+
:3:hip_code_object.cpp      :964 : 251462387850 us:  amd::Comgr::get_data() return 0 size for agent_triple_target_ids[0]=amdgcn-amd-amdhsa--gfx90c:xnack+
:1:hip_fatbin.cpp           :780 : 251462387857 us:  Cannot find CO in the bundle /usr/lib64/librocblas.so.4.4 for ISA: amdgcn-amd-amdhsa--gfx90c:xnack+
:3:hip_platform.cpp         :740 : 251462387869 us:  init: Returned hipErrorNoBinaryForGpu : continue parsing remaining modules
:3:hip_code_object.cpp      :964 : 251462389811 us:  amd::Comgr::get_data() return 0 size for agent_triple_target_ids[0]=amdgcn-amd-amdhsa--gfx90c:xnack+
:3:hip_code_object.cpp      :964 : 251462389828 us:  amd::Comgr::get_data() return 0 size for agent_triple_target_ids[0]=amdgcn-amd-amdhsa--gfx90c:xnack+
:3:hip_code_object.cpp      :964 : 251462389834 us:  amd::Comgr::get_data() return 0 size for agent_triple_target_ids[0]=amdgcn-amd-amdhsa--gfx90c:xnack+
:1:hip_fatbin.cpp           :780 : 251462389839 us:  Cannot find CO in the bundle /usr/lib64/librocblas.so.4.4 for ISA: amdgcn-amd-amdhsa--gfx90c:xnack+
:3:hip_platform.cpp         :740 : 251462389857 us:  init: Returned hipErrorNoBinaryForGpu : continue parsing remaining modules
:3:hip_code_object.cpp      :964 : 251462391026 us:  amd::Comgr::get_data() return 0 size for agent_triple_target_ids[0]=amdgcn-amd-amdhsa--gfx90c:xnack+
:3:hip_code_object.cpp      :964 : 251462391042 us:  amd::Comgr::get_data() return 0 size for agent_triple_target_ids[0]=amdgcn-amd-amdhsa--gfx90c:xnack+
:3:hip_code_object.cpp      :964 : 251462391047 us:  amd::Comgr::get_data() return 0 size for agent_triple_target_ids[0]=amdgcn-amd-amdhsa--gfx90c:xnack+
:1:hip_fatbin.cpp           :780 : 251462391052 us:  Cannot find CO in the bundle /usr/lib64/librocsolver.so.0.4 for ISA: amdgcn-amd-amdhsa--gfx90c:xnack+
:3:hip_platform.cpp         :740 : 251462391058 us:  init: Returned hipErrorNoBinaryForGpu : continue parsing remaining modules
:3:hip_code_object.cpp      :964 : 251462391963 us:  amd::Comgr::get_data() return 0 size for agent_triple_target_ids[0]=amdgcn-amd-amdhsa--gfx90c:xnack+
:3:hip_code_object.cpp      :964 : 251462391975 us:  amd::Comgr::get_data() return 0 size for agent_triple_target_ids[0]=amdgcn-amd-amdhsa--gfx90c:xnack+
:3:hip_code_object.cpp      :964 : 251462391980 us:  amd::Comgr::get_data() return 0 size for agent_triple_target_ids[0]=amdgcn-amd-amdhsa--gfx90c:xnack+
:1:hip_fatbin.cpp           :780 : 251462391985 us:  Cannot find CO in the bundle /usr/lib64/librocsolver.so.0.4 for ISA: amdgcn-amd-amdhsa--gfx90c:xnack+
:3:hip_platform.cpp         :740 : 251462391991 us:  init: Returned hipErrorNoBinaryForGpu : continue parsing remaining modules
:3:hip_code_object.cpp      :964 : 251462393514 us:  amd::Comgr::get_data() return 0 size for agent_triple_target_ids[0]=amdgcn-amd-amdhsa--gfx90c:xnack+
:3:hip_code_object.cpp      :964 : 251462393528 us:  amd::Comgr::get_data() return 0 size for agent_triple_target_ids[0]=amdgcn-amd-amdhsa--gfx90c:xnack+
:3:hip_code_object.cpp      :964 : 251462393533 us:  amd::Comgr::get_data() return 0 size for agent_triple_target_ids[0]=amdgcn-amd-amdhsa--gfx90c:xnack+
:1:hip_fatbin.cpp           :780 : 251462393538 us:  Cannot find CO in the bundle /usr/lib64/librocblas.so.4.4 for ISA: amdgcn-amd-amdhsa--gfx90c:xnack+
:3:hip_platform.cpp         :740 : 251462393545 us:  init: Returned hipErrorNoBinaryForGpu : continue parsing remaining modules
:3:hip_code_object.cpp      :964 : 251462395713 us:  amd::Comgr::get_data() return 0 size for agent_triple_target_ids[0]=amdgcn-amd-amdhsa--gfx90c:xnack+
:3:hip_code_object.cpp      :964 : 251462395742 us:  amd::Comgr::get_data() return 0 size for agent_triple_target_ids[0]=amdgcn-amd-amdhsa--gfx90c:xnack+
:3:hip_code_object.cpp      :964 : 251462395747 us:  amd::Comgr::get_data() return 0 size for agent_triple_target_ids[0]=amdgcn-amd-amdhsa--gfx90c:xnack+
:1:hip_fatbin.cpp           :780 : 251462395753 us:  Cannot find CO in the bundle /usr/lib64/librocsolver.so.0.4 for ISA: amdgcn-amd-amdhsa--gfx90c:xnack+
:3:hip_platform.cpp         :740 : 251462395764 us:  init: Returned hipErrorNoBinaryForGpu : continue parsing remaining modules
:3:hip_code_object.cpp      :964 : 251462396748 us:  amd::Comgr::get_data() return 0 size for agent_triple_target_ids[0]=amdgcn-amd-amdhsa--gfx90c:xnack+
:3:hip_code_object.cpp      :964 : 251462396761 us:  amd::Comgr::get_data() return 0 size for agent_triple_target_ids[0]=amdgcn-amd-amdhsa--gfx90c:xnack+
:3:hip_code_object.cpp      :964 : 251462396767 us:  amd::Comgr::get_data() return 0 size for agent_triple_target_ids[0]=amdgcn-amd-amdhsa--gfx90c:xnack+
:1:hip_fatbin.cpp           :780 : 251462396772 us:  Cannot find CO in the bundle /usr/lib64/librocsolver.so.0.4 for ISA: amdgcn-amd-amdhsa--gfx90c:xnack+
:3:hip_platform.cpp         :740 : 251462396778 us:  init: Returned hipErrorNoBinaryForGpu : continue parsing remaining modules
:3:hip_code_object.cpp      :964 : 251462398371 us:  amd::Comgr::get_data() return 0 size for agent_triple_target_ids[0]=amdgcn-amd-amdhsa--gfx90c:xnack+
:3:hip_code_object.cpp      :964 : 251462398385 us:  amd::Comgr::get_data() return 0 size for agent_triple_target_ids[0]=amdgcn-amd-amdhsa--gfx90c:xnack+
:3:hip_code_object.cpp      :964 : 251462398398 us:  amd::Comgr::get_data() return 0 size for agent_triple_target_ids[0]=amdgcn-amd-amdhsa--gfx90c:xnack+
:1:hip_fatbin.cpp           :780 : 251462398403 us:  Cannot find CO in the bundle /usr/lib64/librocblas.so.4.4 for ISA: amdgcn-amd-amdhsa--gfx90c:xnack+
:3:hip_platform.cpp         :740 : 251462398409 us:  init: Returned hipErrorNoBinaryForGpu : continue parsing remaining modules
:3:hip_code_object.cpp      :964 : 251462402823 us:  amd::Comgr::get_data() return 0 size for agent_triple_target_ids[0]=amdgcn-amd-amdhsa--gfx90c:xnack+
:3:hip_code_object.cpp      :964 : 251462402853 us:  amd::Comgr::get_data() return 0 size for agent_triple_target_ids[0]=amdgcn-amd-amdhsa--gfx90c:xnack+
:3:hip_code_object.cpp      :964 : 251462402858 us:  amd::Comgr::get_data() return 0 size for agent_triple_target_ids[0]=amdgcn-amd-amdhsa--gfx90c:xnack+
:1:hip_fatbin.cpp           :780 : 251462402865 us:  Cannot find CO in the bundle /usr/lib64/librocblas.so.4.4 for ISA: amdgcn-amd-amdhsa--gfx90c:xnack+
:3:hip_platform.cpp         :740 : 251462402876 us:  init: Returned hipErrorNoBinaryForGpu : continue parsing remaining modules
:3:hip_code_object.cpp      :964 : 251462404072 us:  amd::Comgr::get_data() return 0 size for agent_triple_target_ids[0]=amdgcn-amd-amdhsa--gfx90c:xnack+
:3:hip_code_object.cpp      :964 : 251462404086 us:  amd::Comgr::get_data() return 0 size for agent_triple_target_ids[0]=amdgcn-amd-amdhsa--gfx90c:xnack+
:3:hip_code_object.cpp      :964 : 251462404091 us:  amd::Comgr::get_data() return 0 size for agent_triple_target_ids[0]=amdgcn-amd-amdhsa--gfx90c:xnack+
:1:hip_fatbin.cpp           :780 : 251462404097 us:  Cannot find CO in the bundle /usr/lib64/librocsolver.so.0.4 for ISA: amdgcn-amd-amdhsa--gfx90c:xnack+
:3:hip_platform.cpp         :740 : 251462404104 us:  init: Returned hipErrorNoBinaryForGpu : continue parsing remaining modules
:3:hip_code_object.cpp      :964 : 251462405483 us:  amd::Comgr::get_data() return 0 size for agent_triple_target_ids[0]=amdgcn-amd-amdhsa--gfx90c:xnack+
:3:hip_code_object.cpp      :964 : 251462405496 us:  amd::Comgr::get_data() return 0 size for agent_triple_target_ids[0]=amdgcn-amd-amdhsa--gfx90c:xnack+
:3:hip_code_object.cpp      :964 : 251462405501 us:  amd::Comgr::get_data() return 0 size for agent_triple_target_ids[0]=amdgcn-amd-amdhsa--gfx90c:xnack+
:1:hip_fatbin.cpp           :780 : 251462405506 us:  Cannot find CO in the bundle /usr/lib64/librocblas.so.4.4 for ISA: amdgcn-amd-amdhsa--gfx90c:xnack+
:3:hip_platform.cpp         :740 : 251462405512 us:  init: Returned hipErrorNoBinaryForGpu : continue parsing remaining modules
:3:hip_code_object.cpp      :964 : 251462845240 us:  amd::Comgr::get_data() return 0 size for agent_triple_target_ids[0]=amdgcn-amd-amdhsa--gfx90c:xnack+
:3:hip_code_object.cpp      :964 : 251462845271 us:  amd::Comgr::get_data() return 0 size for agent_triple_target_ids[0]=amdgcn-amd-amdhsa--gfx90c:xnack+
:3:hip_code_object.cpp      :964 : 251462845277 us:  amd::Comgr::get_data() return 0 size for agent_triple_target_ids[0]=amdgcn-amd-amdhsa--gfx90c:xnack+
:1:hip_fatbin.cpp           :780 : 251462845285 us:  Cannot find CO in the bundle /usr/lib64/librocblas.so.4.4 for ISA: amdgcn-amd-amdhsa--gfx90c:xnack+
:3:hip_platform.cpp         :740 : 251462845296 us:  init: Returned hipErrorNoBinaryForGpu : continue parsing remaining modules
:3:hip_code_object.cpp      :964 : 251463288466 us:  amd::Comgr::get_data() return 0 size for agent_triple_target_ids[0]=amdgcn-amd-amdhsa--gfx90c:xnack+
:3:hip_code_object.cpp      :964 : 251463288497 us:  amd::Comgr::get_data() return 0 size for agent_triple_target_ids[0]=amdgcn-amd-amdhsa--gfx90c:xnack+
:3:hip_code_object.cpp      :964 : 251463288503 us:  amd::Comgr::get_data() return 0 size for agent_triple_target_ids[0]=amdgcn-amd-amdhsa--gfx90c:xnack+
:1:hip_fatbin.cpp           :780 : 251463288512 us:  Cannot find CO in the bundle /usr/lib64/librocblas.so.4.4 for ISA: amdgcn-amd-amdhsa--gfx90c:xnack+
:3:hip_platform.cpp         :740 : 251463288534 us:  init: Returned hipErrorNoBinaryForGpu : continue parsing remaining modules
:3:hip_code_object.cpp      :964 : 251463290082 us:  amd::Comgr::get_data() return 0 size for agent_triple_target_ids[0]=amdgcn-amd-amdhsa--gfx90c:xnack+
:3:hip_code_object.cpp      :964 : 251463290100 us:  amd::Comgr::get_data() return 0 size for agent_triple_target_ids[0]=amdgcn-amd-amdhsa--gfx90c:xnack+
:3:hip_code_object.cpp      :964 : 251463290105 us:  amd::Comgr::get_data() return 0 size for agent_triple_target_ids[0]=amdgcn-amd-amdhsa--gfx90c:xnack+
:1:hip_fatbin.cpp           :780 : 251463290111 us:  Cannot find CO in the bundle /usr/lib64/librocblas.so.4.4 for ISA: amdgcn-amd-amdhsa--gfx90c:xnack+
:3:hip_platform.cpp         :740 : 251463290118 us:  init: Returned hipErrorNoBinaryForGpu : continue parsing remaining modules
:3:hip_code_object.cpp      :964 : 251463294177 us:  amd::Comgr::get_data() return 0 size for agent_triple_target_ids[0]=amdgcn-amd-amdhsa--gfx90c:xnack+
:3:hip_code_object.cpp      :964 : 251463294201 us:  amd::Comgr::get_data() return 0 size for agent_triple_target_ids[0]=amdgcn-amd-amdhsa--gfx90c:xnack+
:3:hip_code_object.cpp      :964 : 251463294207 us:  amd::Comgr::get_data() return 0 size for agent_triple_target_ids[0]=amdgcn-amd-amdhsa--gfx90c:xnack+
:1:hip_fatbin.cpp           :780 : 251463294213 us:  Cannot find CO in the bundle /usr/lib64/librocblas.so.4.4 for ISA: amdgcn-amd-amdhsa--gfx90c:xnack+
:3:hip_platform.cpp         :740 : 251463294221 us:  init: Returned hipErrorNoBinaryForGpu : continue parsing remaining modules
:3:hip_code_object.cpp      :964 : 251463295584 us:  amd::Comgr::get_data() return 0 size for agent_triple_target_ids[0]=amdgcn-amd-amdhsa--gfx90c:xnack+
:3:hip_code_object.cpp      :964 : 251463295600 us:  amd::Comgr::get_data() return 0 size for agent_triple_target_ids[0]=amdgcn-amd-amdhsa--gfx90c:xnack+
:3:hip_code_object.cpp      :964 : 251463295606 us:  amd::Comgr::get_data() return 0 size for agent_triple_target_ids[0]=amdgcn-amd-amdhsa--gfx90c:xnack+
:1:hip_fatbin.cpp           :780 : 251463295611 us:  Cannot find CO in the bundle /usr/lib64/librocblas.so.4.4 for ISA: amdgcn-amd-amdhsa--gfx90c:xnack+
:3:hip_platform.cpp         :740 : 251463295618 us:  init: Returned hipErrorNoBinaryForGpu : continue parsing remaining modules
:3:hip_code_object.cpp      :964 : 251463541942 us:  amd::Comgr::get_data() return 0 size for agent_triple_target_ids[0]=amdgcn-amd-amdhsa--gfx90c:xnack+
:3:hip_code_object.cpp      :964 : 251463541980 us:  amd::Comgr::get_data() return 0 size for agent_triple_target_ids[0]=amdgcn-amd-amdhsa--gfx90c:xnack+
:3:hip_code_object.cpp      :964 : 251463541988 us:  amd::Comgr::get_data() return 0 size for agent_triple_target_ids[0]=amdgcn-amd-amdhsa--gfx90c:xnack+
:1:hip_fatbin.cpp           :780 : 251463541998 us:  Cannot find CO in the bundle /usr/lib64/librocblas.so.4.4 for ISA: amdgcn-amd-amdhsa--gfx90c:xnack+
:3:hip_platform.cpp         :740 : 251463542021 us:  init: Returned hipErrorNoBinaryForGpu : continue parsing remaining modules
:3:hip_code_object.cpp      :964 : 251464031996 us:  amd::Comgr::get_data() return 0 size for agent_triple_target_ids[0]=amdgcn-amd-amdhsa--gfx90c:xnack+
:3:hip_code_object.cpp      :964 : 251464032049 us:  amd::Comgr::get_data() return 0 size for agent_triple_target_ids[0]=amdgcn-amd-amdhsa--gfx90c:xnack+
:3:hip_code_object.cpp      :964 : 251464032055 us:  amd::Comgr::get_data() return 0 size for agent_triple_target_ids[0]=amdgcn-amd-amdhsa--gfx90c:xnack+
:1:hip_fatbin.cpp           :780 : 251464038360 us:  Cannot find CO in the bundle /usr/lib64/librocsolver.so.0.4 for ISA: amdgcn-amd-amdhsa--gfx90c:xnack+
:3:hip_platform.cpp         :740 : 251464038406 us:  init: Returned hipErrorNoBinaryForGpu : continue parsing remaining modules
:3:hip_code_object.cpp      :964 : 251464040146 us:  amd::Comgr::get_data() return 0 size for agent_triple_target_ids[0]=amdgcn-amd-amdhsa--gfx90c:xnack+
:3:hip_code_object.cpp      :964 : 251464040171 us:  amd::Comgr::get_data() return 0 size for agent_triple_target_ids[0]=amdgcn-amd-amdhsa--gfx90c:xnack+
:3:hip_code_object.cpp      :964 : 251464040186 us:  amd::Comgr::get_data() return 0 size for agent_triple_target_ids[0]=amdgcn-amd-amdhsa--gfx90c:xnack+
:1:hip_fatbin.cpp           :780 : 251464040192 us:  Cannot find CO in the bundle /usr/lib64/librocsolver.so.0.4 for ISA: amdgcn-amd-amdhsa--gfx90c:xnack+
:3:hip_platform.cpp         :740 : 251464040202 us:  init: Returned hipErrorNoBinaryForGpu : continue parsing remaining modules
:3:hip_code_object.cpp      :964 : 251464042315 us:  amd::Comgr::get_data() return 0 size for agent_triple_target_ids[0]=amdgcn-amd-amdhsa--gfx90c:xnack+
:3:hip_code_object.cpp      :964 : 251464042337 us:  amd::Comgr::get_data() return 0 size for agent_triple_target_ids[0]=amdgcn-amd-amdhsa--gfx90c:xnack+
:3:hip_code_object.cpp      :964 : 251464042342 us:  amd::Comgr::get_data() return 0 size for agent_triple_target_ids[0]=amdgcn-amd-amdhsa--gfx90c:xnack+
:1:hip_fatbin.cpp           :780 : 251464042348 us:  Cannot find CO in the bundle /usr/lib64/librocsolver.so.0.4 for ISA: amdgcn-amd-amdhsa--gfx90c:xnack+
:3:hip_platform.cpp         :740 : 251464042357 us:  init: Returned hipErrorNoBinaryForGpu : continue parsing remaining modules
:3:hip_code_object.cpp      :964 : 251464043958 us:  amd::Comgr::get_data() return 0 size for agent_triple_target_ids[0]=amdgcn-amd-amdhsa--gfx90c:xnack+
:3:hip_code_object.cpp      :964 : 251464043977 us:  amd::Comgr::get_data() return 0 size for agent_triple_target_ids[0]=amdgcn-amd-amdhsa--gfx90c:xnack+
:3:hip_code_object.cpp      :964 : 251464043983 us:  amd::Comgr::get_data() return 0 size for agent_triple_target_ids[0]=amdgcn-amd-amdhsa--gfx90c:xnack+
:1:hip_fatbin.cpp           :780 : 251464043989 us:  Cannot find CO in the bundle /usr/lib64/librocsolver.so.0.4 for ISA: amdgcn-amd-amdhsa--gfx90c:xnack+
:3:hip_platform.cpp         :740 : 251464043997 us:  init: Returned hipErrorNoBinaryForGpu : continue parsing remaining modules
:3:hip_code_object.cpp      :964 : 251465033118 us:  amd::Comgr::get_data() return 0 size for agent_triple_target_ids[0]=amdgcn-amd-amdhsa--gfx90c:xnack+
:3:hip_code_object.cpp      :964 : 251465033151 us:  amd::Comgr::get_data() return 0 size for agent_triple_target_ids[0]=amdgcn-amd-amdhsa--gfx90c:xnack+
:3:hip_code_object.cpp      :964 : 251465033157 us:  amd::Comgr::get_data() return 0 size for agent_triple_target_ids[0]=amdgcn-amd-amdhsa--gfx90c:xnack+
:1:hip_fatbin.cpp           :780 : 251465033165 us:  Cannot find CO in the bundle /usr/lib64/librocblas.so.4.4 for ISA: amdgcn-amd-amdhsa--gfx90c:xnack+
:3:hip_platform.cpp         :740 : 251465033177 us:  init: Returned hipErrorNoBinaryForGpu : continue parsing remaining modules
:3:hip_code_object.cpp      :964 : 251465035465 us:  amd::Comgr::get_data() return 0 size for agent_triple_target_ids[0]=amdgcn-amd-amdhsa--gfx90c:xnack+
:3:hip_code_object.cpp      :964 : 251465035484 us:  amd::Comgr::get_data() return 0 size for agent_triple_target_ids[0]=amdgcn-amd-amdhsa--gfx90c:xnack+
:3:hip_code_object.cpp      :964 : 251465035489 us:  amd::Comgr::get_data() return 0 size for agent_triple_target_ids[0]=amdgcn-amd-amdhsa--gfx90c:xnack+
:1:hip_fatbin.cpp           :780 : 251465035495 us:  Cannot find CO in the bundle /usr/lib64/librocsolver.so.0.4 for ISA: amdgcn-amd-amdhsa--gfx90c:xnack+
:3:hip_platform.cpp         :740 : 251465035504 us:  init: Returned hipErrorNoBinaryForGpu : continue parsing remaining modules
:3:hip_code_object.cpp      :964 : 251465039397 us:  amd::Comgr::get_data() return 0 size for agent_triple_target_ids[0]=amdgcn-amd-amdhsa--gfx90c:xnack+
:3:hip_code_object.cpp      :964 : 251465039418 us:  amd::Comgr::get_data() return 0 size for agent_triple_target_ids[0]=amdgcn-amd-amdhsa--gfx90c:xnack+
:3:hip_code_object.cpp      :964 : 251465039423 us:  amd::Comgr::get_data() return 0 size for agent_triple_target_ids[0]=amdgcn-amd-amdhsa--gfx90c:xnack+
:1:hip_fatbin.cpp           :780 : 251465039429 us:  Cannot find CO in the bundle /usr/lib64/librocblas.so.4.4 for ISA: amdgcn-amd-amdhsa--gfx90c:xnack+
:3:hip_platform.cpp         :740 : 251465039447 us:  init: Returned hipErrorNoBinaryForGpu : continue parsing remaining modules
:3:hip_code_object.cpp      :964 : 251465043586 us:  amd::Comgr::get_data() return 0 size for agent_triple_target_ids[0]=amdgcn-amd-amdhsa--gfx90c:xnack+
:3:hip_code_object.cpp      :964 : 251465043605 us:  amd::Comgr::get_data() return 0 size for agent_triple_target_ids[0]=amdgcn-amd-amdhsa--gfx90c:xnack+
:3:hip_code_object.cpp      :964 : 251465043610 us:  amd::Comgr::get_data() return 0 size for agent_triple_target_ids[0]=amdgcn-amd-amdhsa--gfx90c:xnack+
:1:hip_fatbin.cpp           :780 : 251465043616 us:  Cannot find CO in the bundle /usr/lib64/librocblas.so.4.4 for ISA: amdgcn-amd-amdhsa--gfx90c:xnack+
:3:hip_platform.cpp         :740 : 251465043624 us:  init: Returned hipErrorNoBinaryForGpu : continue parsing remaining modules
:3:hip_code_object.cpp      :964 : 251465045575 us:  amd::Comgr::get_data() return 0 size for agent_triple_target_ids[0]=amdgcn-amd-amdhsa--gfx90c:xnack+
:3:hip_code_object.cpp      :964 : 251465045592 us:  amd::Comgr::get_data() return 0 size for agent_triple_target_ids[0]=amdgcn-amd-amdhsa--gfx90c:xnack+
:3:hip_code_object.cpp      :964 : 251465045597 us:  amd::Comgr::get_data() return 0 size for agent_triple_target_ids[0]=amdgcn-amd-amdhsa--gfx90c:xnack+
:1:hip_fatbin.cpp           :780 : 251465045603 us:  Cannot find CO in the bundle /usr/lib64/librocblas.so.4.4 for ISA: amdgcn-amd-amdhsa--gfx90c:xnack+
:3:hip_platform.cpp         :740 : 251465045611 us:  init: Returned hipErrorNoBinaryForGpu : continue parsing remaining modules
:3:hip_code_object.cpp      :964 : 251465046516 us:  amd::Comgr::get_data() return 0 size for agent_triple_target_ids[0]=amdgcn-amd-amdhsa--gfx90c:xnack+
:3:hip_code_object.cpp      :964 : 251465046529 us:  amd::Comgr::get_data() return 0 size for agent_triple_target_ids[0]=amdgcn-amd-amdhsa--gfx90c:xnack+
:3:hip_code_object.cpp      :964 : 251465046534 us:  amd::Comgr::get_data() return 0 size for agent_triple_target_ids[0]=amdgcn-amd-amdhsa--gfx90c:xnack+
:1:hip_fatbin.cpp           :780 : 251465046540 us:  Cannot find CO in the bundle /usr/lib64/librocblas.so.4.4 for ISA: amdgcn-amd-amdhsa--gfx90c:xnack+
:3:hip_platform.cpp         :740 : 251465046546 us:  init: Returned hipErrorNoBinaryForGpu : continue parsing remaining modules
:3:hip_code_object.cpp      :964 : 251465047855 us:  amd::Comgr::get_data() return 0 size for agent_triple_target_ids[0]=amdgcn-amd-amdhsa--gfx90c:xnack+
:3:hip_code_object.cpp      :964 : 251465047870 us:  amd::Comgr::get_data() return 0 size for agent_triple_target_ids[0]=amdgcn-amd-amdhsa--gfx90c:xnack+
:3:hip_code_object.cpp      :964 : 251465047875 us:  amd::Comgr::get_data() return 0 size for agent_triple_target_ids[0]=amdgcn-amd-amdhsa--gfx90c:xnack+
:1:hip_fatbin.cpp           :780 : 251465047880 us:  Cannot find CO in the bundle /usr/lib64/librocblas.so.4.4 for ISA: amdgcn-amd-amdhsa--gfx90c:xnack+
:3:hip_platform.cpp         :740 : 251465047887 us:  init: Returned hipErrorNoBinaryForGpu : continue parsing remaining modules
:3:hip_code_object.cpp      :964 : 251465049182 us:  amd::Comgr::get_data() return 0 size for agent_triple_target_ids[0]=amdgcn-amd-amdhsa--gfx90c:xnack+
:3:hip_code_object.cpp      :964 : 251465049197 us:  amd::Comgr::get_data() return 0 size for agent_triple_target_ids[0]=amdgcn-amd-amdhsa--gfx90c:xnack+
:3:hip_code_object.cpp      :964 : 251465049202 us:  amd::Comgr::get_data() return 0 size for agent_triple_target_ids[0]=amdgcn-amd-amdhsa--gfx90c:xnack+
:1:hip_fatbin.cpp           :780 : 251465049207 us:  Cannot find CO in the bundle /usr/lib64/librocsolver.so.0.4 for ISA: amdgcn-amd-amdhsa--gfx90c:xnack+
:3:hip_platform.cpp         :740 : 251465049214 us:  init: Returned hipErrorNoBinaryForGpu : continue parsing remaining modules
:3:hip_code_object.cpp      :964 : 251465372388 us:  amd::Comgr::get_data() return 0 size for agent_triple_target_ids[0]=amdgcn-amd-amdhsa--gfx90c:xnack+
:3:hip_code_object.cpp      :964 : 251465372419 us:  amd::Comgr::get_data() return 0 size for agent_triple_target_ids[0]=amdgcn-amd-amdhsa--gfx90c:xnack+
:3:hip_code_object.cpp      :964 : 251465372434 us:  amd::Comgr::get_data() return 0 size for agent_triple_target_ids[0]=amdgcn-amd-amdhsa--gfx90c:xnack+
:1:hip_fatbin.cpp           :780 : 251465372442 us:  Cannot find CO in the bundle /usr/lib64/librocblas.so.4.4 for ISA: amdgcn-amd-amdhsa--gfx90c:xnack+
:3:hip_platform.cpp         :740 : 251465372453 us:  init: Returned hipErrorNoBinaryForGpu : continue parsing remaining modules
:3:hip_code_object.cpp      :964 : 251465376372 us:  amd::Comgr::get_data() return 0 size for agent_triple_target_ids[0]=amdgcn-amd-amdhsa--gfx90c:xnack+
:3:hip_code_object.cpp      :964 : 251465376392 us:  amd::Comgr::get_data() return 0 size for agent_triple_target_ids[0]=amdgcn-amd-amdhsa--gfx90c:xnack+
:3:hip_code_object.cpp      :964 : 251465376397 us:  amd::Comgr::get_data() return 0 size for agent_triple_target_ids[0]=amdgcn-amd-amdhsa--gfx90c:xnack+
:1:hip_fatbin.cpp           :780 : 251465376403 us:  Cannot find CO in the bundle /usr/lib64/librocblas.so.4.4 for ISA: amdgcn-amd-amdhsa--gfx90c:xnack+
:3:hip_platform.cpp         :740 : 251465376412 us:  init: Returned hipErrorNoBinaryForGpu : continue parsing remaining modules
:3:hip_code_object.cpp      :964 : 251465377941 us:  amd::Comgr::get_data() return 0 size for agent_triple_target_ids[0]=amdgcn-amd-amdhsa--gfx90c:xnack+
:3:hip_code_object.cpp      :964 : 251465377959 us:  amd::Comgr::get_data() return 0 size for agent_triple_target_ids[0]=amdgcn-amd-amdhsa--gfx90c:xnack+
:3:hip_code_object.cpp      :964 : 251465377964 us:  amd::Comgr::get_data() return 0 size for agent_triple_target_ids[0]=amdgcn-amd-amdhsa--gfx90c:xnack+
:1:hip_fatbin.cpp           :780 : 251465377970 us:  Cannot find CO in the bundle /usr/lib64/librocblas.so.4.4 for ISA: amdgcn-amd-amdhsa--gfx90c:xnack+
:3:hip_platform.cpp         :740 : 251465377977 us:  init: Returned hipErrorNoBinaryForGpu : continue parsing remaining modules
:3:hip_code_object.cpp      :964 : 251465379415 us:  amd::Comgr::get_data() return 0 size for agent_triple_target_ids[0]=amdgcn-amd-amdhsa--gfx90c:xnack+
:3:hip_code_object.cpp      :964 : 251465379431 us:  amd::Comgr::get_data() return 0 size for agent_triple_target_ids[0]=amdgcn-amd-amdhsa--gfx90c:xnack+
:3:hip_code_object.cpp      :964 : 251465379436 us:  amd::Comgr::get_data() return 0 size for agent_triple_target_ids[0]=amdgcn-amd-amdhsa--gfx90c:xnack+
:1:hip_fatbin.cpp           :780 : 251465379442 us:  Cannot find CO in the bundle /usr/lib64/librocsolver.so.0.4 for ISA: amdgcn-amd-amdhsa--gfx90c:xnack+
:3:hip_platform.cpp         :740 : 251465379449 us:  init: Returned hipErrorNoBinaryForGpu : continue parsing remaining modules
:3:hip_code_object.cpp      :964 : 251465987529 us:  amd::Comgr::get_data() return 0 size for agent_triple_target_ids[0]=amdgcn-amd-amdhsa--gfx90c:xnack+
:3:hip_code_object.cpp      :964 : 251465987562 us:  amd::Comgr::get_data() return 0 size for agent_triple_target_ids[0]=amdgcn-amd-amdhsa--gfx90c:xnack+
:3:hip_code_object.cpp      :964 : 251465987568 us:  amd::Comgr::get_data() return 0 size for agent_triple_target_ids[0]=amdgcn-amd-amdhsa--gfx90c:xnack+
:1:hip_fatbin.cpp           :780 : 251465987576 us:  Cannot find CO in the bundle /usr/lib64/librocblas.so.4.4 for ISA: amdgcn-amd-amdhsa--gfx90c:xnack+
:3:hip_platform.cpp         :740 : 251465987588 us:  init: Returned hipErrorNoBinaryForGpu : continue parsing remaining modules
:3:hip_code_object.cpp      :964 : 251465989769 us:  amd::Comgr::get_data() return 0 size for agent_triple_target_ids[0]=amdgcn-amd-amdhsa--gfx90c:xnack+
:3:hip_code_object.cpp      :964 : 251465989788 us:  amd::Comgr::get_data() return 0 size for agent_triple_target_ids[0]=amdgcn-amd-amdhsa--gfx90c:xnack+
:3:hip_code_object.cpp      :964 : 251465989793 us:  amd::Comgr::get_data() return 0 size for agent_triple_target_ids[0]=amdgcn-amd-amdhsa--gfx90c:xnack+
:1:hip_fatbin.cpp           :780 : 251465989799 us:  Cannot find CO in the bundle /usr/lib64/librocblas.so.4.4 for ISA: amdgcn-amd-amdhsa--gfx90c:xnack+
:3:hip_platform.cpp         :740 : 251465989816 us:  init: Returned hipErrorNoBinaryForGpu : continue parsing remaining modules
:3:hip_code_object.cpp      :964 : 251465991750 us:  amd::Comgr::get_data() return 0 size for agent_triple_target_ids[0]=amdgcn-amd-amdhsa--gfx90c:xnack+
:3:hip_code_object.cpp      :964 : 251465991767 us:  amd::Comgr::get_data() return 0 size for agent_triple_target_ids[0]=amdgcn-amd-amdhsa--gfx90c:xnack+
:3:hip_code_object.cpp      :964 : 251465991772 us:  amd::Comgr::get_data() return 0 size for agent_triple_target_ids[0]=amdgcn-amd-amdhsa--gfx90c:xnack+
:1:hip_fatbin.cpp           :780 : 251465991778 us:  Cannot find CO in the bundle /usr/lib64/librocsolver.so.0.4 for ISA: amdgcn-amd-amdhsa--gfx90c:xnack+
:3:hip_platform.cpp         :740 : 251465991786 us:  init: Returned hipErrorNoBinaryForGpu : continue parsing remaining modules
:3:hip_code_object.cpp      :964 : 251465994097 us:  amd::Comgr::get_data() return 0 size for agent_triple_target_ids[0]=amdgcn-amd-amdhsa--gfx90c:xnack+
:3:hip_code_object.cpp      :964 : 251465994114 us:  amd::Comgr::get_data() return 0 size for agent_triple_target_ids[0]=amdgcn-amd-amdhsa--gfx90c:xnack+
:3:hip_code_object.cpp      :964 : 251465994119 us:  amd::Comgr::get_data() return 0 size for agent_triple_target_ids[0]=amdgcn-amd-amdhsa--gfx90c:xnack+
:1:hip_fatbin.cpp           :780 : 251465994125 us:  Cannot find CO in the bundle /usr/lib64/librocblas.so.4.4 for ISA: amdgcn-amd-amdhsa--gfx90c:xnack+
:3:hip_platform.cpp         :740 : 251465994134 us:  init: Returned hipErrorNoBinaryForGpu : continue parsing remaining modules
:3:hip_code_object.cpp      :964 : 251465995505 us:  amd::Comgr::get_data() return 0 size for agent_triple_target_ids[0]=amdgcn-amd-amdhsa--gfx90c:xnack+
:3:hip_code_object.cpp      :964 : 251465995520 us:  amd::Comgr::get_data() return 0 size for agent_triple_target_ids[0]=amdgcn-amd-amdhsa--gfx90c:xnack+
:3:hip_code_object.cpp      :964 : 251465995526 us:  amd::Comgr::get_data() return 0 size for agent_triple_target_ids[0]=amdgcn-amd-amdhsa--gfx90c:xnack+
:1:hip_fatbin.cpp           :780 : 251465995531 us:  Cannot find CO in the bundle /usr/lib64/librocblas.so.4.4 for ISA: amdgcn-amd-amdhsa--gfx90c:xnack+
:3:hip_platform.cpp         :740 : 251465995538 us:  init: Returned hipErrorNoBinaryForGpu : continue parsing remaining modules
:3:hip_code_object.cpp      :964 : 251465996880 us:  amd::Comgr::get_data() return 0 size for agent_triple_target_ids[0]=amdgcn-amd-amdhsa--gfx90c:xnack+
:3:hip_code_object.cpp      :964 : 251465996894 us:  amd::Comgr::get_data() return 0 size for agent_triple_target_ids[0]=amdgcn-amd-amdhsa--gfx90c:xnack+
:3:hip_code_object.cpp      :964 : 251465996899 us:  amd::Comgr::get_data() return 0 size for agent_triple_target_ids[0]=amdgcn-amd-amdhsa--gfx90c:xnack+
:1:hip_fatbin.cpp           :780 : 251465996905 us:  Cannot find CO in the bundle /usr/lib64/librocblas.so.4.4 for ISA: amdgcn-amd-amdhsa--gfx90c:xnack+
:3:hip_platform.cpp         :740 : 251465996912 us:  init: Returned hipErrorNoBinaryForGpu : continue parsing remaining modules
:3:hip_code_object.cpp      :964 : 251466005974 us:  amd::Comgr::get_data() return 0 size for agent_triple_target_ids[0]=amdgcn-amd-amdhsa--gfx90c:xnack+
:3:hip_code_object.cpp      :964 : 251466006008 us:  amd::Comgr::get_data() return 0 size for agent_triple_target_ids[0]=amdgcn-amd-amdhsa--gfx90c:xnack+
:3:hip_code_object.cpp      :964 : 251466006014 us:  amd::Comgr::get_data() return 0 size for agent_triple_target_ids[0]=amdgcn-amd-amdhsa--gfx90c:xnack+
:1:hip_fatbin.cpp           :780 : 251466006021 us:  Cannot find CO in the bundle /usr/lib64/librocsolver.so.0.4 for ISA: amdgcn-amd-amdhsa--gfx90c:xnack+
:3:hip_platform.cpp         :740 : 251466006032 us:  init: Returned hipErrorNoBinaryForGpu : continue parsing remaining modules
:3:hip_code_object.cpp      :964 : 251466008113 us:  amd::Comgr::get_data() return 0 size for agent_triple_target_ids[0]=amdgcn-amd-amdhsa--gfx90c:xnack+
:3:hip_code_object.cpp      :964 : 251466008130 us:  amd::Comgr::get_data() return 0 size for agent_triple_target_ids[0]=amdgcn-amd-amdhsa--gfx90c:xnack+
:3:hip_code_object.cpp      :964 : 251466008143 us:  amd::Comgr::get_data() return 0 size for agent_triple_target_ids[0]=amdgcn-amd-amdhsa--gfx90c:xnack+
:1:hip_fatbin.cpp           :780 : 251466008149 us:  Cannot find CO in the bundle /usr/lib64/librocblas.so.4.4 for ISA: amdgcn-amd-amdhsa--gfx90c:xnack+
:3:hip_platform.cpp         :740 : 251466008157 us:  init: Returned hipErrorNoBinaryForGpu : continue parsing remaining modules
:3:hip_code_object.cpp      :964 : 251466009362 us:  amd::Comgr::get_data() return 0 size for agent_triple_target_ids[0]=amdgcn-amd-amdhsa--gfx90c:xnack+
:3:hip_code_object.cpp      :964 : 251466009378 us:  amd::Comgr::get_data() return 0 size for agent_triple_target_ids[0]=amdgcn-amd-amdhsa--gfx90c:xnack+
:3:hip_code_object.cpp      :964 : 251466009383 us:  amd::Comgr::get_data() return 0 size for agent_triple_target_ids[0]=amdgcn-amd-amdhsa--gfx90c:xnack+
:1:hip_fatbin.cpp           :780 : 251466009389 us:  Cannot find CO in the bundle /usr/lib64/librocsolver.so.0.4 for ISA: amdgcn-amd-amdhsa--gfx90c:xnack+
:3:hip_platform.cpp         :740 : 251466009397 us:  init: Returned hipErrorNoBinaryForGpu : continue parsing remaining modules
:3:hip_code_object.cpp      :964 : 251466010636 us:  amd::Comgr::get_data() return 0 size for agent_triple_target_ids[0]=amdgcn-amd-amdhsa--gfx90c:xnack+
:3:hip_code_object.cpp      :964 : 251466010652 us:  amd::Comgr::get_data() return 0 size for agent_triple_target_ids[0]=amdgcn-amd-amdhsa--gfx90c:xnack+
:3:hip_code_object.cpp      :964 : 251466010657 us:  amd::Comgr::get_data() return 0 size for agent_triple_target_ids[0]=amdgcn-amd-amdhsa--gfx90c:xnack+
:1:hip_fatbin.cpp           :780 : 251466010662 us:  Cannot find CO in the bundle /usr/lib64/librocsolver.so.0.4 for ISA: amdgcn-amd-amdhsa--gfx90c:xnack+
:3:hip_platform.cpp         :740 : 251466010670 us:  init: Returned hipErrorNoBinaryForGpu : continue parsing remaining modules
:3:hip_code_object.cpp      :964 : 251466014658 us:  amd::Comgr::get_data() return 0 size for agent_triple_target_ids[0]=amdgcn-amd-amdhsa--gfx90c:xnack+
:3:hip_code_object.cpp      :964 : 251466014689 us:  amd::Comgr::get_data() return 0 size for agent_triple_target_ids[0]=amdgcn-amd-amdhsa--gfx90c:xnack+
:3:hip_code_object.cpp      :964 : 251466014694 us:  amd::Comgr::get_data() return 0 size for agent_triple_target_ids[0]=amdgcn-amd-amdhsa--gfx90c:xnack+
:1:hip_fatbin.cpp           :780 : 251466014701 us:  Cannot find CO in the bundle /usr/lib64/librocsolver.so.0.4 for ISA: amdgcn-amd-amdhsa--gfx90c:xnack+
:3:hip_platform.cpp         :740 : 251466014712 us:  init: Returned hipErrorNoBinaryForGpu : continue parsing remaining modules
:3:hip_code_object.cpp      :964 : 251466016347 us:  amd::Comgr::get_data() return 0 size for agent_triple_target_ids[0]=amdgcn-amd-amdhsa--gfx90c:xnack+
:3:hip_code_object.cpp      :964 : 251466016366 us:  amd::Comgr::get_data() return 0 size for agent_triple_target_ids[0]=amdgcn-amd-amdhsa--gfx90c:xnack+
:3:hip_code_object.cpp      :964 : 251466016371 us:  amd::Comgr::get_data() return 0 size for agent_triple_target_ids[0]=amdgcn-amd-amdhsa--gfx90c:xnack+
:1:hip_fatbin.cpp           :780 : 251466016377 us:  Cannot find CO in the bundle /usr/lib64/librocsolver.so.0.4 for ISA: amdgcn-amd-amdhsa--gfx90c:xnack+
:3:hip_platform.cpp         :740 : 251466016385 us:  init: Returned hipErrorNoBinaryForGpu : continue parsing remaining modules
:3:hip_code_object.cpp      :964 : 251466017694 us:  amd::Comgr::get_data() return 0 size for agent_triple_target_ids[0]=amdgcn-amd-amdhsa--gfx90c:xnack+
:3:hip_code_object.cpp      :964 : 251466017709 us:  amd::Comgr::get_data() return 0 size for agent_triple_target_ids[0]=amdgcn-amd-amdhsa--gfx90c:xnack+
:3:hip_code_object.cpp      :964 : 251466017714 us:  amd::Comgr::get_data() return 0 size for agent_triple_target_ids[0]=amdgcn-amd-amdhsa--gfx90c:xnack+
:1:hip_fatbin.cpp           :780 : 251466017719 us:  Cannot find CO in the bundle /usr/lib64/librocsolver.so.0.4 for ISA: amdgcn-amd-amdhsa--gfx90c:xnack+
:3:hip_platform.cpp         :740 : 251466017735 us:  init: Returned hipErrorNoBinaryForGpu : continue parsing remaining modules
:3:hip_code_object.cpp      :964 : 251466044749 us:  amd::Comgr::get_data() return 0 size for agent_triple_target_ids[0]=amdgcn-amd-amdhsa--gfx90c:xnack+
:3:hip_code_object.cpp      :964 : 251466044782 us:  amd::Comgr::get_data() return 0 size for agent_triple_target_ids[0]=amdgcn-amd-amdhsa--gfx90c:xnack+
:3:hip_code_object.cpp      :964 : 251466044787 us:  amd::Comgr::get_data() return 0 size for agent_triple_target_ids[0]=amdgcn-amd-amdhsa--gfx90c:xnack+
:1:hip_fatbin.cpp           :780 : 251466044794 us:  Cannot find CO in the bundle /usr/lib64/librocsolver.so.0.4 for ISA: amdgcn-amd-amdhsa--gfx90c:xnack+
:3:hip_platform.cpp         :740 : 251466044805 us:  init: Returned hipErrorNoBinaryForGpu : continue parsing remaining modules
:3:hip_code_object.cpp      :964 : 251466217871 us:  amd::Comgr::get_data() return 0 size for agent_triple_target_ids[0]=amdgcn-amd-amdhsa--gfx90c:xnack+
:3:hip_code_object.cpp      :964 : 251466217903 us:  amd::Comgr::get_data() return 0 size for agent_triple_target_ids[0]=amdgcn-amd-amdhsa--gfx90c:xnack+
:3:hip_code_object.cpp      :964 : 251466217909 us:  amd::Comgr::get_data() return 0 size for agent_triple_target_ids[0]=amdgcn-amd-amdhsa--gfx90c:xnack+
:1:hip_fatbin.cpp           :780 : 251466217917 us:  Cannot find CO in the bundle /usr/lib64/librocsolver.so.0.4 for ISA: amdgcn-amd-amdhsa--gfx90c:xnack+
:3:hip_platform.cpp         :740 : 251466217928 us:  init: Returned hipErrorNoBinaryForGpu : continue parsing remaining modules
:3:hip_code_object.cpp      :964 : 251466219132 us:  amd::Comgr::get_data() return 0 size for agent_triple_target_ids[0]=amdgcn-amd-amdhsa--gfx90c:xnack+
:3:hip_code_object.cpp      :964 : 251466219147 us:  amd::Comgr::get_data() return 0 size for agent_triple_target_ids[0]=amdgcn-amd-amdhsa--gfx90c:xnack+
:3:hip_code_object.cpp      :964 : 251466219152 us:  amd::Comgr::get_data() return 0 size for agent_triple_target_ids[0]=amdgcn-amd-amdhsa--gfx90c:xnack+
:1:hip_fatbin.cpp           :780 : 251466219157 us:  Cannot find CO in the bundle /usr/lib64/librocsolver.so.0.4 for ISA: amdgcn-amd-amdhsa--gfx90c:xnack+
:3:hip_platform.cpp         :740 : 251466219164 us:  init: Returned hipErrorNoBinaryForGpu : continue parsing remaining modules
:3:hip_code_object.cpp      :964 : 251466220141 us:  amd::Comgr::get_data() return 0 size for agent_triple_target_ids[0]=amdgcn-amd-amdhsa--gfx90c:xnack+
:3:hip_code_object.cpp      :964 : 251466220155 us:  amd::Comgr::get_data() return 0 size for agent_triple_target_ids[0]=amdgcn-amd-amdhsa--gfx90c:xnack+
:3:hip_code_object.cpp      :964 : 251466220160 us:  amd::Comgr::get_data() return 0 size for agent_triple_target_ids[0]=amdgcn-amd-amdhsa--gfx90c:xnack+
:1:hip_fatbin.cpp           :780 : 251466220166 us:  Cannot find CO in the bundle /usr/lib64/librocsolver.so.0.4 for ISA: amdgcn-amd-amdhsa--gfx90c:xnack+
:3:hip_platform.cpp         :740 : 251466220172 us:  init: Returned hipErrorNoBinaryForGpu : continue parsing remaining modules
:3:hip_code_object.cpp      :964 : 251466223264 us:  amd::Comgr::get_data() return 0 size for agent_triple_target_ids[0]=amdgcn-amd-amdhsa--gfx90c:xnack+
:3:hip_code_object.cpp      :964 : 251466223299 us:  amd::Comgr::get_data() return 0 size for agent_triple_target_ids[0]=amdgcn-amd-amdhsa--gfx90c:xnack+
:3:hip_code_object.cpp      :964 : 251466223306 us:  amd::Comgr::get_data() return 0 size for agent_triple_target_ids[0]=amdgcn-amd-amdhsa--gfx90c:xnack+
:1:hip_fatbin.cpp           :780 : 251466223315 us:  Cannot find CO in the bundle /usr/lib64/librocblas.so.4.4 for ISA: amdgcn-amd-amdhsa--gfx90c:xnack+
:3:hip_platform.cpp         :740 : 251466223329 us:  init: Returned hipErrorNoBinaryForGpu : continue parsing remaining modules
:3:hip_code_object.cpp      :964 : 251466225089 us:  amd::Comgr::get_data() return 0 size for agent_triple_target_ids[0]=amdgcn-amd-amdhsa--gfx90c:xnack+
:3:hip_code_object.cpp      :964 : 251466225110 us:  amd::Comgr::get_data() return 0 size for agent_triple_target_ids[0]=amdgcn-amd-amdhsa--gfx90c:xnack+
:3:hip_code_object.cpp      :964 : 251466225128 us:  amd::Comgr::get_data() return 0 size for agent_triple_target_ids[0]=amdgcn-amd-amdhsa--gfx90c:xnack+
:1:hip_fatbin.cpp           :780 : 251466225136 us:  Cannot find CO in the bundle /usr/lib64/librocsolver.so.0.4 for ISA: amdgcn-amd-amdhsa--gfx90c:xnack+
:3:hip_platform.cpp         :740 : 251466225145 us:  init: Returned hipErrorNoBinaryForGpu : continue parsing remaining modules
:3:hip_code_object.cpp      :964 : 251466231334 us:  amd::Comgr::get_data() return 0 size for agent_triple_target_ids[0]=amdgcn-amd-amdhsa--gfx90c:xnack+
:3:hip_code_object.cpp      :964 : 251466231368 us:  amd::Comgr::get_data() return 0 size for agent_triple_target_ids[0]=amdgcn-amd-amdhsa--gfx90c:xnack+
:3:hip_code_object.cpp      :964 : 251466231375 us:  amd::Comgr::get_data() return 0 size for agent_triple_target_ids[0]=amdgcn-amd-amdhsa--gfx90c:xnack+
:1:hip_fatbin.cpp           :780 : 251466231384 us:  Cannot find CO in the bundle /usr/lib64/librocsolver.so.0.4 for ISA: amdgcn-amd-amdhsa--gfx90c:xnack+
:3:hip_platform.cpp         :740 : 251466231398 us:  init: Returned hipErrorNoBinaryForGpu : continue parsing remaining modules
:3:hip_code_object.cpp      :964 : 251466491059 us:  amd::Comgr::get_data() return 0 size for agent_triple_target_ids[0]=amdgcn-amd-amdhsa--gfx90c:xnack+
:3:hip_code_object.cpp      :964 : 251466491093 us:  amd::Comgr::get_data() return 0 size for agent_triple_target_ids[0]=amdgcn-amd-amdhsa--gfx90c:xnack+
:3:hip_code_object.cpp      :964 : 251466491100 us:  amd::Comgr::get_data() return 0 size for agent_triple_target_ids[0]=amdgcn-amd-amdhsa--gfx90c:xnack+
:1:hip_fatbin.cpp           :780 : 251466491110 us:  Cannot find CO in the bundle /usr/lib64/librocblas.so.4.4 for ISA: amdgcn-amd-amdhsa--gfx90c:xnack+
:3:hip_platform.cpp         :740 : 251466491122 us:  init: Returned hipErrorNoBinaryForGpu : continue parsing remaining modules
:3:hip_code_object.cpp      :964 : 251466493649 us:  amd::Comgr::get_data() return 0 size for agent_triple_target_ids[0]=amdgcn-amd-amdhsa--gfx90c:xnack+
:3:hip_code_object.cpp      :964 : 251466493670 us:  amd::Comgr::get_data() return 0 size for agent_triple_target_ids[0]=amdgcn-amd-amdhsa--gfx90c:xnack+
:3:hip_code_object.cpp      :964 : 251466493678 us:  amd::Comgr::get_data() return 0 size for agent_triple_target_ids[0]=amdgcn-amd-amdhsa--gfx90c:xnack+
:1:hip_fatbin.cpp           :780 : 251466493686 us:  Cannot find CO in the bundle /usr/lib64/librocsolver.so.0.4 for ISA: amdgcn-amd-amdhsa--gfx90c:xnack+
:3:hip_platform.cpp         :740 : 251466493696 us:  init: Returned hipErrorNoBinaryForGpu : continue parsing remaining modules
:3:hip_code_object.cpp      :964 : 251466495733 us:  amd::Comgr::get_data() return 0 size for agent_triple_target_ids[0]=amdgcn-amd-amdhsa--gfx90c:xnack+
:3:hip_code_object.cpp      :964 : 251466495751 us:  amd::Comgr::get_data() return 0 size for agent_triple_target_ids[0]=amdgcn-amd-amdhsa--gfx90c:xnack+
:3:hip_code_object.cpp      :964 : 251466495759 us:  amd::Comgr::get_data() return 0 size for agent_triple_target_ids[0]=amdgcn-amd-amdhsa--gfx90c:xnack+
:1:hip_fatbin.cpp           :780 : 251466495766 us:  Cannot find CO in the bundle /usr/lib64/librocblas.so.4.4 for ISA: amdgcn-amd-amdhsa--gfx90c:xnack+
:3:hip_platform.cpp         :740 : 251466495775 us:  init: Returned hipErrorNoBinaryForGpu : continue parsing remaining modules
:3:hip_code_object.cpp      :964 : 251466497038 us:  amd::Comgr::get_data() return 0 size for agent_triple_target_ids[0]=amdgcn-amd-amdhsa--gfx90c:xnack+
:3:hip_code_object.cpp      :964 : 251466497054 us:  amd::Comgr::get_data() return 0 size for agent_triple_target_ids[0]=amdgcn-amd-amdhsa--gfx90c:xnack+
:3:hip_code_object.cpp      :964 : 251466497062 us:  amd::Comgr::get_data() return 0 size for agent_triple_target_ids[0]=amdgcn-amd-amdhsa--gfx90c:xnack+
:1:hip_fatbin.cpp           :780 : 251466497070 us:  Cannot find CO in the bundle /usr/lib64/librocsolver.so.0.4 for ISA: amdgcn-amd-amdhsa--gfx90c:xnack+
:3:hip_platform.cpp         :740 : 251466497087 us:  init: Returned hipErrorNoBinaryForGpu : continue parsing remaining modules
:3:hip_code_object.cpp      :964 : 251466696233 us:  amd::Comgr::get_data() return 0 size for agent_triple_target_ids[0]=amdgcn-amd-amdhsa--gfx90c:xnack+
:3:hip_code_object.cpp      :964 : 251466696269 us:  amd::Comgr::get_data() return 0 size for agent_triple_target_ids[0]=amdgcn-amd-amdhsa--gfx90c:xnack+
:3:hip_code_object.cpp      :964 : 251466696277 us:  amd::Comgr::get_data() return 0 size for agent_triple_target_ids[0]=amdgcn-amd-amdhsa--gfx90c:xnack+
:1:hip_fatbin.cpp           :780 : 251466696288 us:  Cannot find CO in the bundle /usr/lib64/librocsolver.so.0.4 for ISA: amdgcn-amd-amdhsa--gfx90c:xnack+
:3:hip_platform.cpp         :740 : 251466696302 us:  init: Returned hipErrorNoBinaryForGpu : continue parsing remaining modules
:3:hip_code_object.cpp      :964 : 251466837127 us:  amd::Comgr::get_data() return 0 size for agent_triple_target_ids[0]=amdgcn-amd-amdhsa--gfx90c:xnack+
:3:hip_code_object.cpp      :964 : 251466837159 us:  amd::Comgr::get_data() return 0 size for agent_triple_target_ids[0]=amdgcn-amd-amdhsa--gfx90c:xnack+
:3:hip_code_object.cpp      :964 : 251466837166 us:  amd::Comgr::get_data() return 0 size for agent_triple_target_ids[0]=amdgcn-amd-amdhsa--gfx90c:xnack+
:1:hip_fatbin.cpp           :780 : 251466837175 us:  Cannot find CO in the bundle /usr/lib64/librocblas.so.4.4 for ISA: amdgcn-amd-amdhsa--gfx90c:xnack+
:3:hip_platform.cpp         :740 : 251466837189 us:  init: Returned hipErrorNoBinaryForGpu : continue parsing remaining modules
:3:hip_code_object.cpp      :964 : 251466839008 us:  amd::Comgr::get_data() return 0 size for agent_triple_target_ids[0]=amdgcn-amd-amdhsa--gfx90c:xnack+
:3:hip_code_object.cpp      :964 : 251466839033 us:  amd::Comgr::get_data() return 0 size for agent_triple_target_ids[0]=amdgcn-amd-amdhsa--gfx90c:xnack+
:3:hip_code_object.cpp      :964 : 251466839040 us:  amd::Comgr::get_data() return 0 size for agent_triple_target_ids[0]=amdgcn-amd-amdhsa--gfx90c:xnack+
:1:hip_fatbin.cpp           :780 : 251466839048 us:  Cannot find CO in the bundle /usr/lib64/librocblas.so.4.4 for ISA: amdgcn-amd-amdhsa--gfx90c:xnack+
:3:hip_platform.cpp         :740 : 251466839058 us:  init: Returned hipErrorNoBinaryForGpu : continue parsing remaining modules
:3:hip_code_object.cpp      :964 : 251466840570 us:  amd::Comgr::get_data() return 0 size for agent_triple_target_ids[0]=amdgcn-amd-amdhsa--gfx90c:xnack+
:3:hip_code_object.cpp      :964 : 251466840587 us:  amd::Comgr::get_data() return 0 size for agent_triple_target_ids[0]=amdgcn-amd-amdhsa--gfx90c:xnack+
:3:hip_code_object.cpp      :964 : 251466840592 us:  amd::Comgr::get_data() return 0 size for agent_triple_target_ids[0]=amdgcn-amd-amdhsa--gfx90c:xnack+
:1:hip_fatbin.cpp           :780 : 251466840598 us:  Cannot find CO in the bundle /usr/lib64/librocsolver.so.0.4 for ISA: amdgcn-amd-amdhsa--gfx90c:xnack+
:3:hip_platform.cpp         :740 : 251466840606 us:  init: Returned hipErrorNoBinaryForGpu : continue parsing remaining modules
:3:hip_code_object.cpp      :964 : 251466841774 us:  amd::Comgr::get_data() return 0 size for agent_triple_target_ids[0]=amdgcn-amd-amdhsa--gfx90c:xnack+
:3:hip_code_object.cpp      :964 : 251466841786 us:  amd::Comgr::get_data() return 0 size for agent_triple_target_ids[0]=amdgcn-amd-amdhsa--gfx90c:xnack+
:3:hip_code_object.cpp      :964 : 251466841791 us:  amd::Comgr::get_data() return 0 size for agent_triple_target_ids[0]=amdgcn-amd-amdhsa--gfx90c:xnack+
:1:hip_fatbin.cpp           :780 : 251466841797 us:  Cannot find CO in the bundle /usr/lib64/librocblas.so.4.4 for ISA: amdgcn-amd-amdhsa--gfx90c:xnack+
:3:hip_platform.cpp         :740 : 251466841802 us:  init: Returned hipErrorNoBinaryForGpu : continue parsing remaining modules
:3:hip_code_object.cpp      :964 : 251466843921 us:  amd::Comgr::get_data() return 0 size for agent_triple_target_ids[0]=amdgcn-amd-amdhsa--gfx90c:xnack+
:3:hip_code_object.cpp      :964 : 251466843937 us:  amd::Comgr::get_data() return 0 size for agent_triple_target_ids[0]=amdgcn-amd-amdhsa--gfx90c:xnack+
:3:hip_code_object.cpp      :964 : 251466843951 us:  amd::Comgr::get_data() return 0 size for agent_triple_target_ids[0]=amdgcn-amd-amdhsa--gfx90c:xnack+
:1:hip_fatbin.cpp           :780 : 251466843956 us:  Cannot find CO in the bundle /usr/lib64/librocblas.so.4.4 for ISA: amdgcn-amd-amdhsa--gfx90c:xnack+
:3:hip_platform.cpp         :740 : 251466843964 us:  init: Returned hipErrorNoBinaryForGpu : continue parsing remaining modules
:3:hip_code_object.cpp      :964 : 251466845369 us:  amd::Comgr::get_data() return 0 size for agent_triple_target_ids[0]=amdgcn-amd-amdhsa--gfx90c:xnack+
:3:hip_code_object.cpp      :964 : 251466845383 us:  amd::Comgr::get_data() return 0 size for agent_triple_target_ids[0]=amdgcn-amd-amdhsa--gfx90c:xnack+
:3:hip_code_object.cpp      :964 : 251466845388 us:  amd::Comgr::get_data() return 0 size for agent_triple_target_ids[0]=amdgcn-amd-amdhsa--gfx90c:xnack+
:1:hip_fatbin.cpp           :780 : 251466845393 us:  Cannot find CO in the bundle /usr/lib64/librocsolver.so.0.4 for ISA: amdgcn-amd-amdhsa--gfx90c:xnack+
:3:hip_platform.cpp         :740 : 251466845399 us:  init: Returned hipErrorNoBinaryForGpu : continue parsing remaining modules
:3:hip_code_object.cpp      :964 : 251466851845 us:  amd::Comgr::get_data() return 0 size for agent_triple_target_ids[0]=amdgcn-amd-amdhsa--gfx90c:xnack+
:3:hip_code_object.cpp      :964 : 251466851876 us:  amd::Comgr::get_data() return 0 size for agent_triple_target_ids[0]=amdgcn-amd-amdhsa--gfx90c:xnack+
:3:hip_code_object.cpp      :964 : 251466851882 us:  amd::Comgr::get_data() return 0 size for agent_triple_target_ids[0]=amdgcn-amd-amdhsa--gfx90c:xnack+
:1:hip_fatbin.cpp           :780 : 251466851889 us:  Cannot find CO in the bundle /usr/lib64/librocblas.so.4.4 for ISA: amdgcn-amd-amdhsa--gfx90c:xnack+
:3:hip_platform.cpp         :740 : 251466851900 us:  init: Returned hipErrorNoBinaryForGpu : continue parsing remaining modules
:3:hip_code_object.cpp      :964 : 251466853205 us:  amd::Comgr::get_data() return 0 size for agent_triple_target_ids[0]=amdgcn-amd-amdhsa--gfx90c:xnack+
:3:hip_code_object.cpp      :964 : 251466853221 us:  amd::Comgr::get_data() return 0 size for agent_triple_target_ids[0]=amdgcn-amd-amdhsa--gfx90c:xnack+
:3:hip_code_object.cpp      :964 : 251466853226 us:  amd::Comgr::get_data() return 0 size for agent_triple_target_ids[0]=amdgcn-amd-amdhsa--gfx90c:xnack+
:1:hip_fatbin.cpp           :780 : 251466853232 us:  Cannot find CO in the bundle /usr/lib64/librocsolver.so.0.4 for ISA: amdgcn-amd-amdhsa--gfx90c:xnack+
:3:hip_platform.cpp         :740 : 251466853238 us:  init: Returned hipErrorNoBinaryForGpu : continue parsing remaining modules
:3:hip_code_object.cpp      :964 : 251466855074 us:  amd::Comgr::get_data() return 0 size for agent_triple_target_ids[0]=amdgcn-amd-amdhsa--gfx90c:xnack+
:3:hip_code_object.cpp      :964 : 251466855094 us:  amd::Comgr::get_data() return 0 size for agent_triple_target_ids[0]=amdgcn-amd-amdhsa--gfx90c:xnack+
:3:hip_code_object.cpp      :964 : 251466855100 us:  amd::Comgr::get_data() return 0 size for agent_triple_target_ids[0]=amdgcn-amd-amdhsa--gfx90c:xnack+
:1:hip_fatbin.cpp           :780 : 251466855106 us:  Cannot find CO in the bundle /usr/lib64/librocsolver.so.0.4 for ISA: amdgcn-amd-amdhsa--gfx90c:xnack+
:3:hip_platform.cpp         :740 : 251466855113 us:  init: Returned hipErrorNoBinaryForGpu : continue parsing remaining modules
:3:hip_code_object.cpp      :964 : 251466856777 us:  amd::Comgr::get_data() return 0 size for agent_triple_target_ids[0]=amdgcn-amd-amdhsa--gfx90c:xnack+
:3:hip_code_object.cpp      :964 : 251466856793 us:  amd::Comgr::get_data() return 0 size for agent_triple_target_ids[0]=amdgcn-amd-amdhsa--gfx90c:xnack+
:3:hip_code_object.cpp      :964 : 251466856799 us:  amd::Comgr::get_data() return 0 size for agent_triple_target_ids[0]=amdgcn-amd-amdhsa--gfx90c:xnack+
:1:hip_fatbin.cpp           :780 : 251466856804 us:  Cannot find CO in the bundle /usr/lib64/librocsolver.so.0.4 for ISA: amdgcn-amd-amdhsa--gfx90c:xnack+
:3:hip_platform.cpp         :740 : 251466856819 us:  init: Returned hipErrorNoBinaryForGpu : continue parsing remaining modules
:3:hip_code_object.cpp      :964 : 251466858714 us:  amd::Comgr::get_data() return 0 size for agent_triple_target_ids[0]=amdgcn-amd-amdhsa--gfx90c:xnack+
:3:hip_code_object.cpp      :964 : 251466858735 us:  amd::Comgr::get_data() return 0 size for agent_triple_target_ids[0]=amdgcn-amd-amdhsa--gfx90c:xnack+
:3:hip_code_object.cpp      :964 : 251466858740 us:  amd::Comgr::get_data() return 0 size for agent_triple_target_ids[0]=amdgcn-amd-amdhsa--gfx90c:xnack+
:1:hip_fatbin.cpp           :780 : 251466858746 us:  Cannot find CO in the bundle /usr/lib64/librocsolver.so.0.4 for ISA: amdgcn-amd-amdhsa--gfx90c:xnack+
:3:hip_platform.cpp         :740 : 251466858753 us:  init: Returned hipErrorNoBinaryForGpu : continue parsing remaining modules
:3:hip_code_object.cpp      :964 : 251466859980 us:  amd::Comgr::get_data() return 0 size for agent_triple_target_ids[0]=amdgcn-amd-amdhsa--gfx90c:xnack+
:3:hip_code_object.cpp      :964 : 251466859993 us:  amd::Comgr::get_data() return 0 size for agent_triple_target_ids[0]=amdgcn-amd-amdhsa--gfx90c:xnack+
:3:hip_code_object.cpp      :964 : 251466859999 us:  amd::Comgr::get_data() return 0 size for agent_triple_target_ids[0]=amdgcn-amd-amdhsa--gfx90c:xnack+
:1:hip_fatbin.cpp           :780 : 251466860015 us:  Cannot find CO in the bundle /usr/lib64/librocsolver.so.0.4 for ISA: amdgcn-amd-amdhsa--gfx90c:xnack+
:3:hip_platform.cpp         :740 : 251466860024 us:  init: Returned hipErrorNoBinaryForGpu : continue parsing remaining modules
:3:hip_code_object.cpp      :964 : 251466861255 us:  amd::Comgr::get_data() return 0 size for agent_triple_target_ids[0]=amdgcn-amd-amdhsa--gfx90c:xnack+
:3:hip_code_object.cpp      :964 : 251466861268 us:  amd::Comgr::get_data() return 0 size for agent_triple_target_ids[0]=amdgcn-amd-amdhsa--gfx90c:xnack+
:3:hip_code_object.cpp      :964 : 251466861273 us:  amd::Comgr::get_data() return 0 size for agent_triple_target_ids[0]=amdgcn-amd-amdhsa--gfx90c:xnack+
:1:hip_fatbin.cpp           :780 : 251466861278 us:  Cannot find CO in the bundle /usr/lib64/librocsolver.so.0.4 for ISA: amdgcn-amd-amdhsa--gfx90c:xnack+
:3:hip_platform.cpp         :740 : 251466861285 us:  init: Returned hipErrorNoBinaryForGpu : continue parsing remaining modules
:3:hip_code_object.cpp      :964 : 251466863264 us:  amd::Comgr::get_data() return 0 size for agent_triple_target_ids[0]=amdgcn-amd-amdhsa--gfx90c:xnack+
:3:hip_code_object.cpp      :964 : 251466863283 us:  amd::Comgr::get_data() return 0 size for agent_triple_target_ids[0]=amdgcn-amd-amdhsa--gfx90c:xnack+
:3:hip_code_object.cpp      :964 : 251466863288 us:  amd::Comgr::get_data() return 0 size for agent_triple_target_ids[0]=amdgcn-amd-amdhsa--gfx90c:xnack+
:1:hip_fatbin.cpp           :780 : 251466863295 us:  Cannot find CO in the bundle /usr/lib64/librocblas.so.4.4 for ISA: amdgcn-amd-amdhsa--gfx90c:xnack+
:3:hip_platform.cpp         :740 : 251466863302 us:  init: Returned hipErrorNoBinaryForGpu : continue parsing remaining modules
:3:hip_code_object.cpp      :964 : 251466866498 us:  amd::Comgr::get_data() return 0 size for agent_triple_target_ids[0]=amdgcn-amd-amdhsa--gfx90c:xnack+
:3:hip_code_object.cpp      :964 : 251466866522 us:  amd::Comgr::get_data() return 0 size for agent_triple_target_ids[0]=amdgcn-amd-amdhsa--gfx90c:xnack+
:3:hip_code_object.cpp      :964 : 251466866528 us:  amd::Comgr::get_data() return 0 size for agent_triple_target_ids[0]=amdgcn-amd-amdhsa--gfx90c:xnack+
:1:hip_fatbin.cpp           :780 : 251466866535 us:  Cannot find CO in the bundle /usr/lib64/librocblas.so.4.4 for ISA: amdgcn-amd-amdhsa--gfx90c:xnack+
:3:hip_platform.cpp         :740 : 251466866545 us:  init: Returned hipErrorNoBinaryForGpu : continue parsing remaining modules
:3:hip_code_object.cpp      :964 : 251466867916 us:  amd::Comgr::get_data() return 0 size for agent_triple_target_ids[0]=amdgcn-amd-amdhsa--gfx90c:xnack+
:3:hip_code_object.cpp      :964 : 251466867930 us:  amd::Comgr::get_data() return 0 size for agent_triple_target_ids[0]=amdgcn-amd-amdhsa--gfx90c:xnack+
:3:hip_code_object.cpp      :964 : 251466867944 us:  amd::Comgr::get_data() return 0 size for agent_triple_target_ids[0]=amdgcn-amd-amdhsa--gfx90c:xnack+
:1:hip_fatbin.cpp           :780 : 251466867949 us:  Cannot find CO in the bundle /usr/lib64/librocblas.so.4.4 for ISA: amdgcn-amd-amdhsa--gfx90c:xnack+
:3:hip_platform.cpp         :740 : 251466867955 us:  init: Returned hipErrorNoBinaryForGpu : continue parsing remaining modules
:3:hip_code_object.cpp      :964 : 251466868975 us:  amd::Comgr::get_data() return 0 size for agent_triple_target_ids[0]=amdgcn-amd-amdhsa--gfx90c:xnack+
:3:hip_code_object.cpp      :964 : 251466868988 us:  amd::Comgr::get_data() return 0 size for agent_triple_target_ids[0]=amdgcn-amd-amdhsa--gfx90c:xnack+
:3:hip_code_object.cpp      :964 : 251466868993 us:  amd::Comgr::get_data() return 0 size for agent_triple_target_ids[0]=amdgcn-amd-amdhsa--gfx90c:xnack+
:1:hip_fatbin.cpp           :780 : 251466868998 us:  Cannot find CO in the bundle /usr/lib64/librocsolver.so.0.4 for ISA: amdgcn-amd-amdhsa--gfx90c:xnack+
:3:hip_platform.cpp         :740 : 251466869084 us:  init: Returned hipErrorNoBinaryForGpu : continue parsing remaining modules
:3:hip_code_object.cpp      :964 : 251466869962 us:  amd::Comgr::get_data() return 0 size for agent_triple_target_ids[0]=amdgcn-amd-amdhsa--gfx90c:xnack+
:3:hip_code_object.cpp      :964 : 251466869974 us:  amd::Comgr::get_data() return 0 size for agent_triple_target_ids[0]=amdgcn-amd-amdhsa--gfx90c:xnack+
:3:hip_code_object.cpp      :964 : 251466869979 us:  amd::Comgr::get_data() return 0 size for agent_triple_target_ids[0]=amdgcn-amd-amdhsa--gfx90c:xnack+
:1:hip_fatbin.cpp           :780 : 251466869984 us:  Cannot find CO in the bundle /usr/lib64/librocsolver.so.0.4 for ISA: amdgcn-amd-amdhsa--gfx90c:xnack+
:3:hip_platform.cpp         :740 : 251466869990 us:  init: Returned hipErrorNoBinaryForGpu : continue parsing remaining modules
:3:hip_code_object.cpp      :964 : 251466871250 us:  amd::Comgr::get_data() return 0 size for agent_triple_target_ids[0]=amdgcn-amd-amdhsa--gfx90c:xnack+
:3:hip_code_object.cpp      :964 : 251466871264 us:  amd::Comgr::get_data() return 0 size for agent_triple_target_ids[0]=amdgcn-amd-amdhsa--gfx90c:xnack+
:3:hip_code_object.cpp      :964 : 251466871269 us:  amd::Comgr::get_data() return 0 size for agent_triple_target_ids[0]=amdgcn-amd-amdhsa--gfx90c:xnack+
:1:hip_fatbin.cpp           :780 : 251466871274 us:  Cannot find CO in the bundle /usr/lib64/librocsolver.so.0.4 for ISA: amdgcn-amd-amdhsa--gfx90c:xnack+
:3:hip_platform.cpp         :740 : 251466871281 us:  init: Returned hipErrorNoBinaryForGpu : continue parsing remaining modules
:3:hip_code_object.cpp      :964 : 251466877796 us:  amd::Comgr::get_data() return 0 size for agent_triple_target_ids[0]=amdgcn-amd-amdhsa--gfx90c:xnack+
:3:hip_code_object.cpp      :964 : 251466877825 us:  amd::Comgr::get_data() return 0 size for agent_triple_target_ids[0]=amdgcn-amd-amdhsa--gfx90c:xnack+
:3:hip_code_object.cpp      :964 : 251466877830 us:  amd::Comgr::get_data() return 0 size for agent_triple_target_ids[0]=amdgcn-amd-amdhsa--gfx90c:xnack+
:1:hip_fatbin.cpp           :780 : 251466877838 us:  Cannot find CO in the bundle /usr/lib64/librocsolver.so.0.4 for ISA: amdgcn-amd-amdhsa--gfx90c:xnack+
:3:hip_platform.cpp         :740 : 251466877849 us:  init: Returned hipErrorNoBinaryForGpu : continue parsing remaining modules
:3:hip_code_object.cpp      :964 : 251466879010 us:  amd::Comgr::get_data() return 0 size for agent_triple_target_ids[0]=amdgcn-amd-amdhsa--gfx90c:xnack+
:3:hip_code_object.cpp      :964 : 251466879027 us:  amd::Comgr::get_data() return 0 size for agent_triple_target_ids[0]=amdgcn-amd-amdhsa--gfx90c:xnack+
:3:hip_code_object.cpp      :964 : 251466879033 us:  amd::Comgr::get_data() return 0 size for agent_triple_target_ids[0]=amdgcn-amd-amdhsa--gfx90c:xnack+
:1:hip_fatbin.cpp           :780 : 251466879039 us:  Cannot find CO in the bundle /usr/lib64/librocsolver.so.0.4 for ISA: amdgcn-amd-amdhsa--gfx90c:xnack+
:3:hip_platform.cpp         :740 : 251466879053 us:  init: Returned hipErrorNoBinaryForGpu : continue parsing remaining modules
:3:hip_code_object.cpp      :964 : 251466883177 us:  amd::Comgr::get_data() return 0 size for agent_triple_target_ids[0]=amdgcn-amd-amdhsa--gfx90c:xnack+
:3:hip_code_object.cpp      :964 : 251466883206 us:  amd::Comgr::get_data() return 0 size for agent_triple_target_ids[0]=amdgcn-amd-amdhsa--gfx90c:xnack+
:3:hip_code_object.cpp      :964 : 251466883211 us:  amd::Comgr::get_data() return 0 size for agent_triple_target_ids[0]=amdgcn-amd-amdhsa--gfx90c:xnack+
:1:hip_fatbin.cpp           :780 : 251466883218 us:  Cannot find CO in the bundle /usr/lib64/librocsolver.so.0.4 for ISA: amdgcn-amd-amdhsa--gfx90c:xnack+
:3:hip_platform.cpp         :740 : 251466883229 us:  init: Returned hipErrorNoBinaryForGpu : continue parsing remaining modules
:3:hip_code_object.cpp      :964 : 251466886693 us:  amd::Comgr::get_data() return 0 size for agent_triple_target_ids[0]=amdgcn-amd-amdhsa--gfx90c:xnack+
:3:hip_code_object.cpp      :964 : 251466886729 us:  amd::Comgr::get_data() return 0 size for agent_triple_target_ids[0]=amdgcn-amd-amdhsa--gfx90c:xnack+
:3:hip_code_object.cpp      :964 : 251466886734 us:  amd::Comgr::get_data() return 0 size for agent_triple_target_ids[0]=amdgcn-amd-amdhsa--gfx90c:xnack+
:1:hip_fatbin.cpp           :780 : 251466886742 us:  Cannot find CO in the bundle /usr/lib64/librocsolver.so.0.4 for ISA: amdgcn-amd-amdhsa--gfx90c:xnack+
:3:hip_platform.cpp         :740 : 251466886754 us:  init: Returned hipErrorNoBinaryForGpu : continue parsing remaining modules
:3:hip_code_object.cpp      :964 : 251466888135 us:  amd::Comgr::get_data() return 0 size for agent_triple_target_ids[0]=amdgcn-amd-amdhsa--gfx90c:xnack+
:3:hip_code_object.cpp      :964 : 251466888150 us:  amd::Comgr::get_data() return 0 size for agent_triple_target_ids[0]=amdgcn-amd-amdhsa--gfx90c:xnack+
:3:hip_code_object.cpp      :964 : 251466888156 us:  amd::Comgr::get_data() return 0 size for agent_triple_target_ids[0]=amdgcn-amd-amdhsa--gfx90c:xnack+
:1:hip_fatbin.cpp           :780 : 251466888162 us:  Cannot find CO in the bundle /usr/lib64/librocsolver.so.0.4 for ISA: amdgcn-amd-amdhsa--gfx90c:xnack+
:3:hip_platform.cpp         :740 : 251466888169 us:  init: Returned hipErrorNoBinaryForGpu : continue parsing remaining modules
:3:hip_code_object.cpp      :964 : 251466889201 us:  amd::Comgr::get_data() return 0 size for agent_triple_target_ids[0]=amdgcn-amd-amdhsa--gfx90c:xnack+
:3:hip_code_object.cpp      :964 : 251466889218 us:  amd::Comgr::get_data() return 0 size for agent_triple_target_ids[0]=amdgcn-amd-amdhsa--gfx90c:xnack+
:3:hip_code_object.cpp      :964 : 251466889223 us:  amd::Comgr::get_data() return 0 size for agent_triple_target_ids[0]=amdgcn-amd-amdhsa--gfx90c:xnack+
:1:hip_fatbin.cpp           :780 : 251466889229 us:  Cannot find CO in the bundle /usr/lib64/librocsolver.so.0.4 for ISA: amdgcn-amd-amdhsa--gfx90c:xnack+
:3:hip_platform.cpp         :740 : 251466889236 us:  init: Returned hipErrorNoBinaryForGpu : continue parsing remaining modules
:3:hip_code_object.cpp      :964 : 251466890458 us:  amd::Comgr::get_data() return 0 size for agent_triple_target_ids[0]=amdgcn-amd-amdhsa--gfx90c:xnack+
:3:hip_code_object.cpp      :964 : 251466890475 us:  amd::Comgr::get_data() return 0 size for agent_triple_target_ids[0]=amdgcn-amd-amdhsa--gfx90c:xnack+
:3:hip_code_object.cpp      :964 : 251466890480 us:  amd::Comgr::get_data() return 0 size for agent_triple_target_ids[0]=amdgcn-amd-amdhsa--gfx90c:xnack+
:1:hip_fatbin.cpp           :780 : 251466890486 us:  Cannot find CO in the bundle /usr/lib64/librocsolver.so.0.4 for ISA: amdgcn-amd-amdhsa--gfx90c:xnack+
:3:hip_platform.cpp         :740 : 251466890496 us:  init: Returned hipErrorNoBinaryForGpu : continue parsing remaining modules
:3:hip_code_object.cpp      :964 : 251466891513 us:  amd::Comgr::get_data() return 0 size for agent_triple_target_ids[0]=amdgcn-amd-amdhsa--gfx90c:xnack+
:3:hip_code_object.cpp      :964 : 251466891527 us:  amd::Comgr::get_data() return 0 size for agent_triple_target_ids[0]=amdgcn-amd-amdhsa--gfx90c:xnack+
:3:hip_code_object.cpp      :964 : 251466891540 us:  amd::Comgr::get_data() return 0 size for agent_triple_target_ids[0]=amdgcn-amd-amdhsa--gfx90c:xnack+
:1:hip_fatbin.cpp           :780 : 251466891545 us:  Cannot find CO in the bundle /usr/lib64/librocsolver.so.0.4 for ISA: amdgcn-amd-amdhsa--gfx90c:xnack+
:3:hip_platform.cpp         :740 : 251466891551 us:  init: Returned hipErrorNoBinaryForGpu : continue parsing remaining modules
:3:hip_code_object.cpp      :964 : 251466893008 us:  amd::Comgr::get_data() return 0 size for agent_triple_target_ids[0]=amdgcn-amd-amdhsa--gfx90c:xnack+
:3:hip_code_object.cpp      :964 : 251466893027 us:  amd::Comgr::get_data() return 0 size for agent_triple_target_ids[0]=amdgcn-amd-amdhsa--gfx90c:xnack+
:3:hip_code_object.cpp      :964 : 251466893032 us:  amd::Comgr::get_data() return 0 size for agent_triple_target_ids[0]=amdgcn-amd-amdhsa--gfx90c:xnack+
:1:hip_fatbin.cpp           :780 : 251466893037 us:  Cannot find CO in the bundle /usr/lib64/librocsolver.so.0.4 for ISA: amdgcn-amd-amdhsa--gfx90c:xnack+
:3:hip_platform.cpp         :740 : 251466893044 us:  init: Returned hipErrorNoBinaryForGpu : continue parsing remaining modules
:3:hip_code_object.cpp      :964 : 251466893888 us:  amd::Comgr::get_data() return 0 size for agent_triple_target_ids[0]=amdgcn-amd-amdhsa--gfx90c:xnack+
:3:hip_code_object.cpp      :964 : 251466893901 us:  amd::Comgr::get_data() return 0 size for agent_triple_target_ids[0]=amdgcn-amd-amdhsa--gfx90c:xnack+
:3:hip_code_object.cpp      :964 : 251466893906 us:  amd::Comgr::get_data() return 0 size for agent_triple_target_ids[0]=amdgcn-amd-amdhsa--gfx90c:xnack+
:1:hip_fatbin.cpp           :780 : 251466893912 us:  Cannot find CO in the bundle /usr/lib64/librocsolver.so.0.4 for ISA: amdgcn-amd-amdhsa--gfx90c:xnack+
:3:hip_platform.cpp         :740 : 251466893918 us:  init: Returned hipErrorNoBinaryForGpu : continue parsing remaining modules
:3:hip_code_object.cpp      :964 : 251466898090 us:  amd::Comgr::get_data() return 0 size for agent_triple_target_ids[0]=amdgcn-amd-amdhsa--gfx90c:xnack+
:3:hip_code_object.cpp      :964 : 251466898120 us:  amd::Comgr::get_data() return 0 size for agent_triple_target_ids[0]=amdgcn-amd-amdhsa--gfx90c:xnack+
:3:hip_code_object.cpp      :964 : 251466898126 us:  amd::Comgr::get_data() return 0 size for agent_triple_target_ids[0]=amdgcn-amd-amdhsa--gfx90c:xnack+
:1:hip_fatbin.cpp           :780 : 251466898133 us:  Cannot find CO in the bundle /usr/lib64/librocblas.so.4.4 for ISA: amdgcn-amd-amdhsa--gfx90c:xnack+
:3:hip_platform.cpp         :740 : 251466898144 us:  init: Returned hipErrorNoBinaryForGpu : continue parsing remaining modules
:3:hip_code_object.cpp      :964 : 251466899754 us:  amd::Comgr::get_data() return 0 size for agent_triple_target_ids[0]=amdgcn-amd-amdhsa--gfx90c:xnack+
:3:hip_code_object.cpp      :964 : 251466899769 us:  amd::Comgr::get_data() return 0 size for agent_triple_target_ids[0]=amdgcn-amd-amdhsa--gfx90c:xnack+
:3:hip_code_object.cpp      :964 : 251466899774 us:  amd::Comgr::get_data() return 0 size for agent_triple_target_ids[0]=amdgcn-amd-amdhsa--gfx90c:xnack+
:1:hip_fatbin.cpp           :780 : 251466899780 us:  Cannot find CO in the bundle /usr/lib64/librocsolver.so.0.4 for ISA: amdgcn-amd-amdhsa--gfx90c:xnack+
:3:hip_platform.cpp         :740 : 251466899787 us:  init: Returned hipErrorNoBinaryForGpu : continue parsing remaining modules
:3:hip_code_object.cpp      :964 : 251466905420 us:  amd::Comgr::get_data() return 0 size for agent_triple_target_ids[0]=amdgcn-amd-amdhsa--gfx90c:xnack+
:3:hip_code_object.cpp      :964 : 251466905457 us:  amd::Comgr::get_data() return 0 size for agent_triple_target_ids[0]=amdgcn-amd-amdhsa--gfx90c:xnack+
:3:hip_code_object.cpp      :964 : 251466905463 us:  amd::Comgr::get_data() return 0 size for agent_triple_target_ids[0]=amdgcn-amd-amdhsa--gfx90c:xnack+
:1:hip_fatbin.cpp           :780 : 251466905470 us:  Cannot find CO in the bundle /usr/lib64/librocsolver.so.0.4 for ISA: amdgcn-amd-amdhsa--gfx90c:xnack+
:3:hip_platform.cpp         :740 : 251466905495 us:  init: Returned hipErrorNoBinaryForGpu : continue parsing remaining modules
:3:hip_code_object.cpp      :964 : 251466911378 us:  amd::Comgr::get_data() return 0 size for agent_triple_target_ids[0]=amdgcn-amd-amdhsa--gfx90c:xnack+
:3:hip_code_object.cpp      :964 : 251466911407 us:  amd::Comgr::get_data() return 0 size for agent_triple_target_ids[0]=amdgcn-amd-amdhsa--gfx90c:xnack+
:3:hip_code_object.cpp      :964 : 251466911413 us:  amd::Comgr::get_data() return 0 size for agent_triple_target_ids[0]=amdgcn-amd-amdhsa--gfx90c:xnack+
:1:hip_fatbin.cpp           :780 : 251466911420 us:  Cannot find CO in the bundle /usr/lib64/librocsolver.so.0.4 for ISA: amdgcn-amd-amdhsa--gfx90c:xnack+
:3:hip_platform.cpp         :740 : 251466911431 us:  init: Returned hipErrorNoBinaryForGpu : continue parsing remaining modules
:3:hip_code_object.cpp      :964 : 251466913119 us:  amd::Comgr::get_data() return 0 size for agent_triple_target_ids[0]=amdgcn-amd-amdhsa--gfx90c:xnack+
:3:hip_code_object.cpp      :964 : 251466913134 us:  amd::Comgr::get_data() return 0 size for agent_triple_target_ids[0]=amdgcn-amd-amdhsa--gfx90c:xnack+
:3:hip_code_object.cpp      :964 : 251466913139 us:  amd::Comgr::get_data() return 0 size for agent_triple_target_ids[0]=amdgcn-amd-amdhsa--gfx90c:xnack+
:1:hip_fatbin.cpp           :780 : 251466913144 us:  Cannot find CO in the bundle /usr/lib64/librocsolver.so.0.4 for ISA: amdgcn-amd-amdhsa--gfx90c:xnack+
:3:hip_platform.cpp         :740 : 251466913151 us:  init: Returned hipErrorNoBinaryForGpu : continue parsing remaining modules
:3:hip_code_object.cpp      :964 : 251466914309 us:  amd::Comgr::get_data() return 0 size for agent_triple_target_ids[0]=amdgcn-amd-amdhsa--gfx90c:xnack+
:3:hip_code_object.cpp      :964 : 251466914321 us:  amd::Comgr::get_data() return 0 size for agent_triple_target_ids[0]=amdgcn-amd-amdhsa--gfx90c:xnack+
:3:hip_code_object.cpp      :964 : 251466914327 us:  amd::Comgr::get_data() return 0 size for agent_triple_target_ids[0]=amdgcn-amd-amdhsa--gfx90c:xnack+
:1:hip_fatbin.cpp           :780 : 251466914332 us:  Cannot find CO in the bundle /usr/lib64/librocsolver.so.0.4 for ISA: amdgcn-amd-amdhsa--gfx90c:xnack+
:3:hip_platform.cpp         :740 : 251466914338 us:  init: Returned hipErrorNoBinaryForGpu : continue parsing remaining modules
:3:hip_code_object.cpp      :964 : 251466916761 us:  amd::Comgr::get_data() return 0 size for agent_triple_target_ids[0]=amdgcn-amd-amdhsa--gfx90c:xnack+
:3:hip_code_object.cpp      :964 : 251466916782 us:  amd::Comgr::get_data() return 0 size for agent_triple_target_ids[0]=amdgcn-amd-amdhsa--gfx90c:xnack+
:3:hip_code_object.cpp      :964 : 251466916787 us:  amd::Comgr::get_data() return 0 size for agent_triple_target_ids[0]=amdgcn-amd-amdhsa--gfx90c:xnack+
:1:hip_fatbin.cpp           :780 : 251466916793 us:  Cannot find CO in the bundle /usr/lib64/librocsolver.so.0.4 for ISA: amdgcn-amd-amdhsa--gfx90c:xnack+
:3:hip_platform.cpp         :740 : 251466916801 us:  init: Returned hipErrorNoBinaryForGpu : continue parsing remaining modules
:3:hip_code_object.cpp      :964 : 251467840079 us:  amd::Comgr::get_data() return 0 size for agent_triple_target_ids[0]=amdgcn-amd-amdhsa--gfx90c:xnack+
:3:hip_code_object.cpp      :964 : 251467840112 us:  amd::Comgr::get_data() return 0 size for agent_triple_target_ids[0]=amdgcn-amd-amdhsa--gfx90c:xnack+
:3:hip_code_object.cpp      :964 : 251467840117 us:  amd::Comgr::get_data() return 0 size for agent_triple_target_ids[0]=amdgcn-amd-amdhsa--gfx90c:xnack+
:1:hip_fatbin.cpp           :780 : 251467852542 us:  Cannot find CO in the bundle /usr/lib64/librocsolver.so.0.4 for ISA: amdgcn-amd-amdhsa--gfx90c:xnack+
:3:hip_platform.cpp         :740 : 251467852565 us:  init: Returned hipErrorNoBinaryForGpu : continue parsing remaining modules
:3:hip_code_object.cpp      :964 : 251467854203 us:  amd::Comgr::get_data() return 0 size for agent_triple_target_ids[0]=amdgcn-amd-amdhsa--gfx90c:xnack+
:3:hip_code_object.cpp      :964 : 251467854223 us:  amd::Comgr::get_data() return 0 size for agent_triple_target_ids[0]=amdgcn-amd-amdhsa--gfx90c:xnack+
:3:hip_code_object.cpp      :964 : 251467854237 us:  amd::Comgr::get_data() return 0 size for agent_triple_target_ids[0]=amdgcn-amd-amdhsa--gfx90c:xnack+
:1:hip_fatbin.cpp           :780 : 251467854243 us:  Cannot find CO in the bundle /usr/lib64/librocsolver.so.0.4 for ISA: amdgcn-amd-amdhsa--gfx90c:xnack+
:3:hip_platform.cpp         :740 : 251467854251 us:  init: Returned hipErrorNoBinaryForGpu : continue parsing remaining modules
:3:hip_code_object.cpp      :964 : 251467855887 us:  amd::Comgr::get_data() return 0 size for agent_triple_target_ids[0]=amdgcn-amd-amdhsa--gfx90c:xnack+
:3:hip_code_object.cpp      :964 : 251467855904 us:  amd::Comgr::get_data() return 0 size for agent_triple_target_ids[0]=amdgcn-amd-amdhsa--gfx90c:xnack+
:3:hip_code_object.cpp      :964 : 251467855910 us:  amd::Comgr::get_data() return 0 size for agent_triple_target_ids[0]=amdgcn-amd-amdhsa--gfx90c:xnack+
:1:hip_fatbin.cpp           :780 : 251467855915 us:  Cannot find CO in the bundle /usr/lib64/librocsolver.so.0.4 for ISA: amdgcn-amd-amdhsa--gfx90c:xnack+
:3:hip_platform.cpp         :740 : 251467855922 us:  init: Returned hipErrorNoBinaryForGpu : continue parsing remaining modules
:3:hip_code_object.cpp      :964 : 251467857487 us:  amd::Comgr::get_data() return 0 size for agent_triple_target_ids[0]=amdgcn-amd-amdhsa--gfx90c:xnack+
:3:hip_code_object.cpp      :964 : 251467857505 us:  amd::Comgr::get_data() return 0 size for agent_triple_target_ids[0]=amdgcn-amd-amdhsa--gfx90c:xnack+
:3:hip_code_object.cpp      :964 : 251467857510 us:  amd::Comgr::get_data() return 0 size for agent_triple_target_ids[0]=amdgcn-amd-amdhsa--gfx90c:xnack+
:1:hip_fatbin.cpp           :780 : 251467857515 us:  Cannot find CO in the bundle /usr/lib64/librocsolver.so.0.4 for ISA: amdgcn-amd-amdhsa--gfx90c:xnack+
:3:hip_platform.cpp         :740 : 251467857523 us:  init: Returned hipErrorNoBinaryForGpu : continue parsing remaining modules
:3:hip_code_object.cpp      :964 : 251467858712 us:  amd::Comgr::get_data() return 0 size for agent_triple_target_ids[0]=amdgcn-amd-amdhsa--gfx90c:xnack+
:3:hip_code_object.cpp      :964 : 251467858727 us:  amd::Comgr::get_data() return 0 size for agent_triple_target_ids[0]=amdgcn-amd-amdhsa--gfx90c:xnack+
:3:hip_code_object.cpp      :964 : 251467858732 us:  amd::Comgr::get_data() return 0 size for agent_triple_target_ids[0]=amdgcn-amd-amdhsa--gfx90c:xnack+
:1:hip_fatbin.cpp           :780 : 251467858737 us:  Cannot find CO in the bundle /usr/lib64/librocsolver.so.0.4 for ISA: amdgcn-amd-amdhsa--gfx90c:xnack+
:3:hip_platform.cpp         :740 : 251467858744 us:  init: Returned hipErrorNoBinaryForGpu : continue parsing remaining modules
:3:hip_code_object.cpp      :964 : 251467859763 us:  amd::Comgr::get_data() return 0 size for agent_triple_target_ids[0]=amdgcn-amd-amdhsa--gfx90c:xnack+
:3:hip_code_object.cpp      :964 : 251467859775 us:  amd::Comgr::get_data() return 0 size for agent_triple_target_ids[0]=amdgcn-amd-amdhsa--gfx90c:xnack+
:3:hip_code_object.cpp      :964 : 251467859780 us:  amd::Comgr::get_data() return 0 size for agent_triple_target_ids[0]=amdgcn-amd-amdhsa--gfx90c:xnack+
:1:hip_fatbin.cpp           :780 : 251467859785 us:  Cannot find CO in the bundle /usr/lib64/librocsolver.so.0.4 for ISA: amdgcn-amd-amdhsa--gfx90c:xnack+
:3:hip_platform.cpp         :740 : 251467859792 us:  init: Returned hipErrorNoBinaryForGpu : continue parsing remaining modules
:3:hip_code_object.cpp      :964 : 251467861588 us:  amd::Comgr::get_data() return 0 size for agent_triple_target_ids[0]=amdgcn-amd-amdhsa--gfx90c:xnack+
:3:hip_code_object.cpp      :964 : 251467861604 us:  amd::Comgr::get_data() return 0 size for agent_triple_target_ids[0]=amdgcn-amd-amdhsa--gfx90c:xnack+
:3:hip_code_object.cpp      :964 : 251467861609 us:  amd::Comgr::get_data() return 0 size for agent_triple_target_ids[0]=amdgcn-amd-amdhsa--gfx90c:xnack+
:1:hip_fatbin.cpp           :780 : 251467861614 us:  Cannot find CO in the bundle /usr/lib64/librocsolver.so.0.4 for ISA: amdgcn-amd-amdhsa--gfx90c:xnack+
:3:hip_platform.cpp         :740 : 251467861629 us:  init: Returned hipErrorNoBinaryForGpu : continue parsing remaining modules
:3:hip_code_object.cpp      :964 : 251467862576 us:  amd::Comgr::get_data() return 0 size for agent_triple_target_ids[0]=amdgcn-amd-amdhsa--gfx90c:xnack+
:3:hip_code_object.cpp      :964 : 251467862588 us:  amd::Comgr::get_data() return 0 size for agent_triple_target_ids[0]=amdgcn-amd-amdhsa--gfx90c:xnack+
:3:hip_code_object.cpp      :964 : 251467862593 us:  amd::Comgr::get_data() return 0 size for agent_triple_target_ids[0]=amdgcn-amd-amdhsa--gfx90c:xnack+
:1:hip_fatbin.cpp           :780 : 251467862598 us:  Cannot find CO in the bundle /usr/lib64/librocsolver.so.0.4 for ISA: amdgcn-amd-amdhsa--gfx90c:xnack+
:3:hip_platform.cpp         :740 : 251467862604 us:  init: Returned hipErrorNoBinaryForGpu : continue parsing remaining modules
:3:hip_code_object.cpp      :964 : 251467863550 us:  amd::Comgr::get_data() return 0 size for agent_triple_target_ids[0]=amdgcn-amd-amdhsa--gfx90c:xnack+
:3:hip_code_object.cpp      :964 : 251467863563 us:  amd::Comgr::get_data() return 0 size for agent_triple_target_ids[0]=amdgcn-amd-amdhsa--gfx90c:xnack+
:3:hip_code_object.cpp      :964 : 251467863568 us:  amd::Comgr::get_data() return 0 size for agent_triple_target_ids[0]=amdgcn-amd-amdhsa--gfx90c:xnack+
:1:hip_fatbin.cpp           :780 : 251467863572 us:  Cannot find CO in the bundle /usr/lib64/librocsolver.so.0.4 for ISA: amdgcn-amd-amdhsa--gfx90c:xnack+
:3:hip_platform.cpp         :740 : 251467863578 us:  init: Returned hipErrorNoBinaryForGpu : continue parsing remaining modules
:3:hip_code_object.cpp      :964 : 251467864382 us:  amd::Comgr::get_data() return 0 size for agent_triple_target_ids[0]=amdgcn-amd-amdhsa--gfx90c:xnack+
:3:hip_code_object.cpp      :964 : 251467864394 us:  amd::Comgr::get_data() return 0 size for agent_triple_target_ids[0]=amdgcn-amd-amdhsa--gfx90c:xnack+
:3:hip_code_object.cpp      :964 : 251467864399 us:  amd::Comgr::get_data() return 0 size for agent_triple_target_ids[0]=amdgcn-amd-amdhsa--gfx90c:xnack+
:1:hip_fatbin.cpp           :780 : 251467864404 us:  Cannot find CO in the bundle /usr/lib64/librocsolver.so.0.4 for ISA: amdgcn-amd-amdhsa--gfx90c:xnack+
:3:hip_platform.cpp         :740 : 251467864409 us:  init: Returned hipErrorNoBinaryForGpu : continue parsing remaining modules
:3:hip_code_object.cpp      :964 : 251467865543 us:  amd::Comgr::get_data() return 0 size for agent_triple_target_ids[0]=amdgcn-amd-amdhsa--gfx90c:xnack+
:3:hip_code_object.cpp      :964 : 251467865556 us:  amd::Comgr::get_data() return 0 size for agent_triple_target_ids[0]=amdgcn-amd-amdhsa--gfx90c:xnack+
:3:hip_code_object.cpp      :964 : 251467865561 us:  amd::Comgr::get_data() return 0 size for agent_triple_target_ids[0]=amdgcn-amd-amdhsa--gfx90c:xnack+
:1:hip_fatbin.cpp           :780 : 251467865567 us:  Cannot find CO in the bundle /usr/lib64/librocsolver.so.0.4 for ISA: amdgcn-amd-amdhsa--gfx90c:xnack+
:3:hip_platform.cpp         :740 : 251467865573 us:  init: Returned hipErrorNoBinaryForGpu : continue parsing remaining modules
:3:hip_code_object.cpp      :964 : 251467866383 us:  amd::Comgr::get_data() return 0 size for agent_triple_target_ids[0]=amdgcn-amd-amdhsa--gfx90c:xnack+
:3:hip_code_object.cpp      :964 : 251467866396 us:  amd::Comgr::get_data() return 0 size for agent_triple_target_ids[0]=amdgcn-amd-amdhsa--gfx90c:xnack+
:3:hip_code_object.cpp      :964 : 251467866401 us:  amd::Comgr::get_data() return 0 size for agent_triple_target_ids[0]=amdgcn-amd-amdhsa--gfx90c:xnack+
:1:hip_fatbin.cpp           :780 : 251467866406 us:  Cannot find CO in the bundle /usr/lib64/librocsolver.so.0.4 for ISA: amdgcn-amd-amdhsa--gfx90c:xnack+
:3:hip_platform.cpp         :740 : 251467866412 us:  init: Returned hipErrorNoBinaryForGpu : continue parsing remaining modules
:3:hip_code_object.cpp      :964 : 251467867358 us:  amd::Comgr::get_data() return 0 size for agent_triple_target_ids[0]=amdgcn-amd-amdhsa--gfx90c:xnack+
:3:hip_code_object.cpp      :964 : 251467867371 us:  amd::Comgr::get_data() return 0 size for agent_triple_target_ids[0]=amdgcn-amd-amdhsa--gfx90c:xnack+
:3:hip_code_object.cpp      :964 : 251467867382 us:  amd::Comgr::get_data() return 0 size for agent_triple_target_ids[0]=amdgcn-amd-amdhsa--gfx90c:xnack+
:1:hip_fatbin.cpp           :780 : 251467867387 us:  Cannot find CO in the bundle /usr/lib64/librocsolver.so.0.4 for ISA: amdgcn-amd-amdhsa--gfx90c:xnack+
:3:hip_platform.cpp         :740 : 251467867393 us:  init: Returned hipErrorNoBinaryForGpu : continue parsing remaining modules
:3:hip_code_object.cpp      :964 : 251467868682 us:  amd::Comgr::get_data() return 0 size for agent_triple_target_ids[0]=amdgcn-amd-amdhsa--gfx90c:xnack+
:3:hip_code_object.cpp      :964 : 251467868695 us:  amd::Comgr::get_data() return 0 size for agent_triple_target_ids[0]=amdgcn-amd-amdhsa--gfx90c:xnack+
:3:hip_code_object.cpp      :964 : 251467868700 us:  amd::Comgr::get_data() return 0 size for agent_triple_target_ids[0]=amdgcn-amd-amdhsa--gfx90c:xnack+
:1:hip_fatbin.cpp           :780 : 251467868705 us:  Cannot find CO in the bundle /usr/lib64/librocsolver.so.0.4 for ISA: amdgcn-amd-amdhsa--gfx90c:xnack+
:3:hip_platform.cpp         :740 : 251467868712 us:  init: Returned hipErrorNoBinaryForGpu : continue parsing remaining modules
:3:hip_code_object.cpp      :964 : 251467869661 us:  amd::Comgr::get_data() return 0 size for agent_triple_target_ids[0]=amdgcn-amd-amdhsa--gfx90c:xnack+
:3:hip_code_object.cpp      :964 : 251467869673 us:  amd::Comgr::get_data() return 0 size for agent_triple_target_ids[0]=amdgcn-amd-amdhsa--gfx90c:xnack+
:3:hip_code_object.cpp      :964 : 251467869678 us:  amd::Comgr::get_data() return 0 size for agent_triple_target_ids[0]=amdgcn-amd-amdhsa--gfx90c:xnack+
:1:hip_fatbin.cpp           :780 : 251467869683 us:  Cannot find CO in the bundle /usr/lib64/librocsolver.so.0.4 for ISA: amdgcn-amd-amdhsa--gfx90c:xnack+
:3:hip_platform.cpp         :740 : 251467869689 us:  init: Returned hipErrorNoBinaryForGpu : continue parsing remaining modules
:3:hip_code_object.cpp      :964 : 251467870779 us:  amd::Comgr::get_data() return 0 size for agent_triple_target_ids[0]=amdgcn-amd-amdhsa--gfx90c:xnack+
:3:hip_code_object.cpp      :964 : 251467870792 us:  amd::Comgr::get_data() return 0 size for agent_triple_target_ids[0]=amdgcn-amd-amdhsa--gfx90c:xnack+
:3:hip_code_object.cpp      :964 : 251467870796 us:  amd::Comgr::get_data() return 0 size for agent_triple_target_ids[0]=amdgcn-amd-amdhsa--gfx90c:xnack+
:1:hip_fatbin.cpp           :780 : 251467870801 us:  Cannot find CO in the bundle /usr/lib64/librocsolver.so.0.4 for ISA: amdgcn-amd-amdhsa--gfx90c:xnack+
:3:hip_platform.cpp         :740 : 251467870807 us:  init: Returned hipErrorNoBinaryForGpu : continue parsing remaining modules
:3:hip_code_object.cpp      :964 : 251467871719 us:  amd::Comgr::get_data() return 0 size for agent_triple_target_ids[0]=amdgcn-amd-amdhsa--gfx90c:xnack+
:3:hip_code_object.cpp      :964 : 251467871731 us:  amd::Comgr::get_data() return 0 size for agent_triple_target_ids[0]=amdgcn-amd-amdhsa--gfx90c:xnack+
:3:hip_code_object.cpp      :964 : 251467871737 us:  amd::Comgr::get_data() return 0 size for agent_triple_target_ids[0]=amdgcn-amd-amdhsa--gfx90c:xnack+
:1:hip_fatbin.cpp           :780 : 251467871742 us:  Cannot find CO in the bundle /usr/lib64/librocsolver.so.0.4 for ISA: amdgcn-amd-amdhsa--gfx90c:xnack+
:3:hip_platform.cpp         :740 : 251467871748 us:  init: Returned hipErrorNoBinaryForGpu : continue parsing remaining modules
:3:hip_code_object.cpp      :964 : 251467872502 us:  amd::Comgr::get_data() return 0 size for agent_triple_target_ids[0]=amdgcn-amd-amdhsa--gfx90c:xnack+
:3:hip_code_object.cpp      :964 : 251467872514 us:  amd::Comgr::get_data() return 0 size for agent_triple_target_ids[0]=amdgcn-amd-amdhsa--gfx90c:xnack+
:3:hip_code_object.cpp      :964 : 251467872519 us:  amd::Comgr::get_data() return 0 size for agent_triple_target_ids[0]=amdgcn-amd-amdhsa--gfx90c:xnack+
:1:hip_fatbin.cpp           :780 : 251467872524 us:  Cannot find CO in the bundle /usr/lib64/librocsolver.so.0.4 for ISA: amdgcn-amd-amdhsa--gfx90c:xnack+
:3:hip_platform.cpp         :740 : 251467872537 us:  init: Returned hipErrorNoBinaryForGpu : continue parsing remaining modules
:3:hip_code_object.cpp      :964 : 251467873794 us:  amd::Comgr::get_data() return 0 size for agent_triple_target_ids[0]=amdgcn-amd-amdhsa--gfx90c:xnack+
:3:hip_code_object.cpp      :964 : 251467873811 us:  amd::Comgr::get_data() return 0 size for agent_triple_target_ids[0]=amdgcn-amd-amdhsa--gfx90c:xnack+
:3:hip_code_object.cpp      :964 : 251467873816 us:  amd::Comgr::get_data() return 0 size for agent_triple_target_ids[0]=amdgcn-amd-amdhsa--gfx90c:xnack+
:1:hip_fatbin.cpp           :780 : 251467873822 us:  Cannot find CO in the bundle /usr/lib64/librocsolver.so.0.4 for ISA: amdgcn-amd-amdhsa--gfx90c:xnack+
:3:hip_platform.cpp         :740 : 251467873829 us:  init: Returned hipErrorNoBinaryForGpu : continue parsing remaining modules
:3:hip_code_object.cpp      :964 : 251467874697 us:  amd::Comgr::get_data() return 0 size for agent_triple_target_ids[0]=amdgcn-amd-amdhsa--gfx90c:xnack+
:3:hip_code_object.cpp      :964 : 251467874710 us:  amd::Comgr::get_data() return 0 size for agent_triple_target_ids[0]=amdgcn-amd-amdhsa--gfx90c:xnack+
:3:hip_code_object.cpp      :964 : 251467874715 us:  amd::Comgr::get_data() return 0 size for agent_triple_target_ids[0]=amdgcn-amd-amdhsa--gfx90c:xnack+
:1:hip_fatbin.cpp           :780 : 251467874720 us:  Cannot find CO in the bundle /usr/lib64/librocsolver.so.0.4 for ISA: amdgcn-amd-amdhsa--gfx90c:xnack+
:3:hip_platform.cpp         :740 : 251467874726 us:  init: Returned hipErrorNoBinaryForGpu : continue parsing remaining modules
:3:hip_code_object.cpp      :964 : 251467875503 us:  amd::Comgr::get_data() return 0 size for agent_triple_target_ids[0]=amdgcn-amd-amdhsa--gfx90c:xnack+
:3:hip_code_object.cpp      :964 : 251467875515 us:  amd::Comgr::get_data() return 0 size for agent_triple_target_ids[0]=amdgcn-amd-amdhsa--gfx90c:xnack+
:3:hip_code_object.cpp      :964 : 251467875520 us:  amd::Comgr::get_data() return 0 size for agent_triple_target_ids[0]=amdgcn-amd-amdhsa--gfx90c:xnack+
:1:hip_fatbin.cpp           :780 : 251467875525 us:  Cannot find CO in the bundle /usr/lib64/librocsolver.so.0.4 for ISA: amdgcn-amd-amdhsa--gfx90c:xnack+
:3:hip_platform.cpp         :740 : 251467875531 us:  init: Returned hipErrorNoBinaryForGpu : continue parsing remaining modules
:3:hip_code_object.cpp      :964 : 251467882772 us:  amd::Comgr::get_data() return 0 size for agent_triple_target_ids[0]=amdgcn-amd-amdhsa--gfx90c:xnack+
:3:hip_code_object.cpp      :964 : 251467882803 us:  amd::Comgr::get_data() return 0 size for agent_triple_target_ids[0]=amdgcn-amd-amdhsa--gfx90c:xnack+
:3:hip_code_object.cpp      :964 : 251467882809 us:  amd::Comgr::get_data() return 0 size for agent_triple_target_ids[0]=amdgcn-amd-amdhsa--gfx90c:xnack+
:1:hip_fatbin.cpp           :780 : 251467882816 us:  Cannot find CO in the bundle /usr/lib64/librocsolver.so.0.4 for ISA: amdgcn-amd-amdhsa--gfx90c:xnack+
:3:hip_platform.cpp         :740 : 251467882828 us:  init: Returned hipErrorNoBinaryForGpu : continue parsing remaining modules
:3:hip_code_object.cpp      :964 : 251467884171 us:  amd::Comgr::get_data() return 0 size for agent_triple_target_ids[0]=amdgcn-amd-amdhsa--gfx90c:xnack+
:3:hip_code_object.cpp      :964 : 251467884188 us:  amd::Comgr::get_data() return 0 size for agent_triple_target_ids[0]=amdgcn-amd-amdhsa--gfx90c:xnack+
:3:hip_code_object.cpp      :964 : 251467884193 us:  amd::Comgr::get_data() return 0 size for agent_triple_target_ids[0]=amdgcn-amd-amdhsa--gfx90c:xnack+
:1:hip_fatbin.cpp           :780 : 251467884199 us:  Cannot find CO in the bundle /usr/lib64/librocsolver.so.0.4 for ISA: amdgcn-amd-amdhsa--gfx90c:xnack+
:3:hip_platform.cpp         :740 : 251467884207 us:  init: Returned hipErrorNoBinaryForGpu : continue parsing remaining modules
:3:hip_code_object.cpp      :964 : 251467885338 us:  amd::Comgr::get_data() return 0 size for agent_triple_target_ids[0]=amdgcn-amd-amdhsa--gfx90c:xnack+
:3:hip_code_object.cpp      :964 : 251467885353 us:  amd::Comgr::get_data() return 0 size for agent_triple_target_ids[0]=amdgcn-amd-amdhsa--gfx90c:xnack+
:3:hip_code_object.cpp      :964 : 251467885367 us:  amd::Comgr::get_data() return 0 size for agent_triple_target_ids[0]=amdgcn-amd-amdhsa--gfx90c:xnack+
:1:hip_fatbin.cpp           :780 : 251467885372 us:  Cannot find CO in the bundle /usr/lib64/librocsolver.so.0.4 for ISA: amdgcn-amd-amdhsa--gfx90c:xnack+
:3:hip_platform.cpp         :740 : 251467885380 us:  init: Returned hipErrorNoBinaryForGpu : continue parsing remaining modules
:3:hip_code_object.cpp      :964 : 251467886176 us:  amd::Comgr::get_data() return 0 size for agent_triple_target_ids[0]=amdgcn-amd-amdhsa--gfx90c:xnack+
:3:hip_code_object.cpp      :964 : 251467886190 us:  amd::Comgr::get_data() return 0 size for agent_triple_target_ids[0]=amdgcn-amd-amdhsa--gfx90c:xnack+
:3:hip_code_object.cpp      :964 : 251467886195 us:  amd::Comgr::get_data() return 0 size for agent_triple_target_ids[0]=amdgcn-amd-amdhsa--gfx90c:xnack+
:1:hip_fatbin.cpp           :780 : 251467886200 us:  Cannot find CO in the bundle /usr/lib64/librocsolver.so.0.4 for ISA: amdgcn-amd-amdhsa--gfx90c:xnack+
:3:hip_platform.cpp         :740 : 251467886206 us:  init: Returned hipErrorNoBinaryForGpu : continue parsing remaining modules
:3:hip_code_object.cpp      :964 : 251467896695 us:  amd::Comgr::get_data() return 0 size for agent_triple_target_ids[0]=amdgcn-amd-amdhsa--gfx90c:xnack+
:3:hip_code_object.cpp      :964 : 251467896727 us:  amd::Comgr::get_data() return 0 size for agent_triple_target_ids[0]=amdgcn-amd-amdhsa--gfx90c:xnack+
:3:hip_code_object.cpp      :964 : 251467896732 us:  amd::Comgr::get_data() return 0 size for agent_triple_target_ids[0]=amdgcn-amd-amdhsa--gfx90c:xnack+
:1:hip_fatbin.cpp           :780 : 251467896740 us:  Cannot find CO in the bundle /usr/lib64/librocsolver.so.0.4 for ISA: amdgcn-amd-amdhsa--gfx90c:xnack+
:3:hip_platform.cpp         :740 : 251467896750 us:  init: Returned hipErrorNoBinaryForGpu : continue parsing remaining modules
:3:hip_code_object.cpp      :964 : 251467900600 us:  amd::Comgr::get_data() return 0 size for agent_triple_target_ids[0]=amdgcn-amd-amdhsa--gfx90c:xnack+
:3:hip_code_object.cpp      :964 : 251467900627 us:  amd::Comgr::get_data() return 0 size for agent_triple_target_ids[0]=amdgcn-amd-amdhsa--gfx90c:xnack+
:3:hip_code_object.cpp      :964 : 251467900632 us:  amd::Comgr::get_data() return 0 size for agent_triple_target_ids[0]=amdgcn-amd-amdhsa--gfx90c:xnack+
:1:hip_fatbin.cpp           :780 : 251467900638 us:  Cannot find CO in the bundle /usr/lib64/librocsolver.so.0.4 for ISA: amdgcn-amd-amdhsa--gfx90c:xnack+
:3:hip_platform.cpp         :740 : 251467900648 us:  init: Returned hipErrorNoBinaryForGpu : continue parsing remaining modules
:3:hip_code_object.cpp      :964 : 251467902379 us:  amd::Comgr::get_data() return 0 size for agent_triple_target_ids[0]=amdgcn-amd-amdhsa--gfx90c:xnack+
:3:hip_code_object.cpp      :964 : 251467902395 us:  amd::Comgr::get_data() return 0 size for agent_triple_target_ids[0]=amdgcn-amd-amdhsa--gfx90c:xnack+
:3:hip_code_object.cpp      :964 : 251467902400 us:  amd::Comgr::get_data() return 0 size for agent_triple_target_ids[0]=amdgcn-amd-amdhsa--gfx90c:xnack+
:1:hip_fatbin.cpp           :780 : 251467902405 us:  Cannot find CO in the bundle /usr/lib64/librocsolver.so.0.4 for ISA: amdgcn-amd-amdhsa--gfx90c:xnack+
:3:hip_platform.cpp         :740 : 251467902412 us:  init: Returned hipErrorNoBinaryForGpu : continue parsing remaining modules
:3:hip_code_object.cpp      :964 : 251467903958 us:  amd::Comgr::get_data() return 0 size for agent_triple_target_ids[0]=amdgcn-amd-amdhsa--gfx90c:xnack+
:3:hip_code_object.cpp      :964 : 251467903973 us:  amd::Comgr::get_data() return 0 size for agent_triple_target_ids[0]=amdgcn-amd-amdhsa--gfx90c:xnack+
:3:hip_code_object.cpp      :964 : 251467903978 us:  amd::Comgr::get_data() return 0 size for agent_triple_target_ids[0]=amdgcn-amd-amdhsa--gfx90c:xnack+
:1:hip_fatbin.cpp           :780 : 251467903984 us:  Cannot find CO in the bundle /usr/lib64/librocsolver.so.0.4 for ISA: amdgcn-amd-amdhsa--gfx90c:xnack+
:3:hip_platform.cpp         :740 : 251467903998 us:  init: Returned hipErrorNoBinaryForGpu : continue parsing remaining modules
:3:hip_code_object.cpp      :964 : 251467904849 us:  amd::Comgr::get_data() return 0 size for agent_triple_target_ids[0]=amdgcn-amd-amdhsa--gfx90c:xnack+
:3:hip_code_object.cpp      :964 : 251467904861 us:  amd::Comgr::get_data() return 0 size for agent_triple_target_ids[0]=amdgcn-amd-amdhsa--gfx90c:xnack+
:3:hip_code_object.cpp      :964 : 251467904866 us:  amd::Comgr::get_data() return 0 size for agent_triple_target_ids[0]=amdgcn-amd-amdhsa--gfx90c:xnack+
:1:hip_fatbin.cpp           :780 : 251467904872 us:  Cannot find CO in the bundle /usr/lib64/librocblas.so.4.4 for ISA: amdgcn-amd-amdhsa--gfx90c:xnack+
:3:hip_platform.cpp         :740 : 251467904877 us:  init: Returned hipErrorNoBinaryForGpu : continue parsing remaining modules
:3:hip_code_object.cpp      :964 : 251467906497 us:  amd::Comgr::get_data() return 0 size for agent_triple_target_ids[0]=amdgcn-amd-amdhsa--gfx90c:xnack+
:3:hip_code_object.cpp      :964 : 251467906518 us:  amd::Comgr::get_data() return 0 size for agent_triple_target_ids[0]=amdgcn-amd-amdhsa--gfx90c:xnack+
:3:hip_code_object.cpp      :964 : 251467906523 us:  amd::Comgr::get_data() return 0 size for agent_triple_target_ids[0]=amdgcn-amd-amdhsa--gfx90c:xnack+
:1:hip_fatbin.cpp           :780 : 251467906529 us:  Cannot find CO in the bundle /usr/lib64/librocsolver.so.0.4 for ISA: amdgcn-amd-amdhsa--gfx90c:xnack+
:3:hip_platform.cpp         :740 : 251467906538 us:  init: Returned hipErrorNoBinaryForGpu : continue parsing remaining modules
:3:hip_code_object.cpp      :964 : 251467949766 us:  amd::Comgr::get_data() return 0 size for agent_triple_target_ids[0]=amdgcn-amd-amdhsa--gfx90c:xnack+
:3:hip_code_object.cpp      :964 : 251467949796 us:  amd::Comgr::get_data() return 0 size for agent_triple_target_ids[0]=amdgcn-amd-amdhsa--gfx90c:xnack+
:3:hip_code_object.cpp      :964 : 251467949802 us:  amd::Comgr::get_data() return 0 size for agent_triple_target_ids[0]=amdgcn-amd-amdhsa--gfx90c:xnack+
:1:hip_fatbin.cpp           :780 : 251467949810 us:  Cannot find CO in the bundle /usr/lib64/librocblas.so.4.4 for ISA: amdgcn-amd-amdhsa--gfx90c:xnack+
:3:hip_platform.cpp         :740 : 251467949821 us:  init: Returned hipErrorNoBinaryForGpu : continue parsing remaining modules
:3:hip_code_object.cpp      :964 : 251467951725 us:  amd::Comgr::get_data() return 0 size for agent_triple_target_ids[0]=amdgcn-amd-amdhsa--gfx90c:xnack+
:3:hip_code_object.cpp      :964 : 251467951752 us:  amd::Comgr::get_data() return 0 size for agent_triple_target_ids[0]=amdgcn-amd-amdhsa--gfx90c:xnack+
:3:hip_code_object.cpp      :964 : 251467951757 us:  amd::Comgr::get_data() return 0 size for agent_triple_target_ids[0]=amdgcn-amd-amdhsa--gfx90c:xnack+
:1:hip_fatbin.cpp           :780 : 251467951764 us:  Cannot find CO in the bundle /usr/lib64/librocsolver.so.0.4 for ISA: amdgcn-amd-amdhsa--gfx90c:xnack+
:3:hip_platform.cpp         :740 : 251467951773 us:  init: Returned hipErrorNoBinaryForGpu : continue parsing remaining modules
:3:hip_code_object.cpp      :964 : 251467953196 us:  amd::Comgr::get_data() return 0 size for agent_triple_target_ids[0]=amdgcn-amd-amdhsa--gfx90c:xnack+
:3:hip_code_object.cpp      :964 : 251467953212 us:  amd::Comgr::get_data() return 0 size for agent_triple_target_ids[0]=amdgcn-amd-amdhsa--gfx90c:xnack+
:3:hip_code_object.cpp      :964 : 251467953217 us:  amd::Comgr::get_data() return 0 size for agent_triple_target_ids[0]=amdgcn-amd-amdhsa--gfx90c:xnack+
:1:hip_fatbin.cpp           :780 : 251467953224 us:  Cannot find CO in the bundle /usr/lib64/librocsolver.so.0.4 for ISA: amdgcn-amd-amdhsa--gfx90c:xnack+
:3:hip_platform.cpp         :740 : 251467953231 us:  init: Returned hipErrorNoBinaryForGpu : continue parsing remaining modules
:3:hip_code_object.cpp      :964 : 251467955067 us:  amd::Comgr::get_data() return 0 size for agent_triple_target_ids[0]=amdgcn-amd-amdhsa--gfx90c:xnack+
:3:hip_code_object.cpp      :964 : 251467955087 us:  amd::Comgr::get_data() return 0 size for agent_triple_target_ids[0]=amdgcn-amd-amdhsa--gfx90c:xnack+
:3:hip_code_object.cpp      :964 : 251467955101 us:  amd::Comgr::get_data() return 0 size for agent_triple_target_ids[0]=amdgcn-amd-amdhsa--gfx90c:xnack+
:1:hip_fatbin.cpp           :780 : 251467955107 us:  Cannot find CO in the bundle /usr/lib64/librocsolver.so.0.4 for ISA: amdgcn-amd-amdhsa--gfx90c:xnack+
:3:hip_platform.cpp         :740 : 251467955115 us:  init: Returned hipErrorNoBinaryForGpu : continue parsing remaining modules
:3:hip_code_object.cpp      :964 : 251467956879 us:  amd::Comgr::get_data() return 0 size for agent_triple_target_ids[0]=amdgcn-amd-amdhsa--gfx90c:xnack+
:3:hip_code_object.cpp      :964 : 251467956898 us:  amd::Comgr::get_data() return 0 size for agent_triple_target_ids[0]=amdgcn-amd-amdhsa--gfx90c:xnack+
:3:hip_code_object.cpp      :964 : 251467956903 us:  amd::Comgr::get_data() return 0 size for agent_triple_target_ids[0]=amdgcn-amd-amdhsa--gfx90c:xnack+
:1:hip_fatbin.cpp           :780 : 251467956908 us:  Cannot find CO in the bundle /usr/lib64/librocsolver.so.0.4 for ISA: amdgcn-amd-amdhsa--gfx90c:xnack+
:3:hip_platform.cpp         :740 : 251467956917 us:  init: Returned hipErrorNoBinaryForGpu : continue parsing remaining modules
:3:hip_code_object.cpp      :964 : 251467958136 us:  amd::Comgr::get_data() return 0 size for agent_triple_target_ids[0]=amdgcn-amd-amdhsa--gfx90c:xnack+
:3:hip_code_object.cpp      :964 : 251467958151 us:  amd::Comgr::get_data() return 0 size for agent_triple_target_ids[0]=amdgcn-amd-amdhsa--gfx90c:xnack+
:3:hip_code_object.cpp      :964 : 251467958156 us:  amd::Comgr::get_data() return 0 size for agent_triple_target_ids[0]=amdgcn-amd-amdhsa--gfx90c:xnack+
:1:hip_fatbin.cpp           :780 : 251467958161 us:  Cannot find CO in the bundle /usr/lib64/librocsolver.so.0.4 for ISA: amdgcn-amd-amdhsa--gfx90c:xnack+
:3:hip_platform.cpp         :740 : 251467958168 us:  init: Returned hipErrorNoBinaryForGpu : continue parsing remaining modules
:3:hip_code_object.cpp      :964 : 251467973224 us:  amd::Comgr::get_data() return 0 size for agent_triple_target_ids[0]=amdgcn-amd-amdhsa--gfx90c:xnack+
:3:hip_code_object.cpp      :964 : 251467973255 us:  amd::Comgr::get_data() return 0 size for agent_triple_target_ids[0]=amdgcn-amd-amdhsa--gfx90c:xnack+
:3:hip_code_object.cpp      :964 : 251467973261 us:  amd::Comgr::get_data() return 0 size for agent_triple_target_ids[0]=amdgcn-amd-amdhsa--gfx90c:xnack+
:1:hip_fatbin.cpp           :780 : 251467973268 us:  Cannot find CO in the bundle /usr/lib64/librocsolver.so.0.4 for ISA: amdgcn-amd-amdhsa--gfx90c:xnack+
:3:hip_platform.cpp         :740 : 251467973280 us:  init: Returned hipErrorNoBinaryForGpu : continue parsing remaining modules
:3:hip_code_object.cpp      :964 : 251467979517 us:  amd::Comgr::get_data() return 0 size for agent_triple_target_ids[0]=amdgcn-amd-amdhsa--gfx90c:xnack+
:3:hip_code_object.cpp      :964 : 251467979549 us:  amd::Comgr::get_data() return 0 size for agent_triple_target_ids[0]=amdgcn-amd-amdhsa--gfx90c:xnack+
:3:hip_code_object.cpp      :964 : 251467979554 us:  amd::Comgr::get_data() return 0 size for agent_triple_target_ids[0]=amdgcn-amd-amdhsa--gfx90c:xnack+
:1:hip_fatbin.cpp           :780 : 251467979562 us:  Cannot find CO in the bundle /usr/lib64/librocsolver.so.0.4 for ISA: amdgcn-amd-amdhsa--gfx90c:xnack+
:3:hip_platform.cpp         :740 : 251467979573 us:  init: Returned hipErrorNoBinaryForGpu : continue parsing remaining modules
:3:hip_code_object.cpp      :964 : 251467980929 us:  amd::Comgr::get_data() return 0 size for agent_triple_target_ids[0]=amdgcn-amd-amdhsa--gfx90c:xnack+
:3:hip_code_object.cpp      :964 : 251467980943 us:  amd::Comgr::get_data() return 0 size for agent_triple_target_ids[0]=amdgcn-amd-amdhsa--gfx90c:xnack+
:3:hip_code_object.cpp      :964 : 251467980948 us:  amd::Comgr::get_data() return 0 size for agent_triple_target_ids[0]=amdgcn-amd-amdhsa--gfx90c:xnack+
:1:hip_fatbin.cpp           :780 : 251467980953 us:  Cannot find CO in the bundle /usr/lib64/librocsolver.so.0.4 for ISA: amdgcn-amd-amdhsa--gfx90c:xnack+
:3:hip_platform.cpp         :740 : 251467980968 us:  init: Returned hipErrorNoBinaryForGpu : continue parsing remaining modules
:3:hip_code_object.cpp      :964 : 251467982427 us:  amd::Comgr::get_data() return 0 size for agent_triple_target_ids[0]=amdgcn-amd-amdhsa--gfx90c:xnack+
:3:hip_code_object.cpp      :964 : 251467982442 us:  amd::Comgr::get_data() return 0 size for agent_triple_target_ids[0]=amdgcn-amd-amdhsa--gfx90c:xnack+
:3:hip_code_object.cpp      :964 : 251467982447 us:  amd::Comgr::get_data() return 0 size for agent_triple_target_ids[0]=amdgcn-amd-amdhsa--gfx90c:xnack+
:1:hip_fatbin.cpp           :780 : 251467982453 us:  Cannot find CO in the bundle /usr/lib64/librocsolver.so.0.4 for ISA: amdgcn-amd-amdhsa--gfx90c:xnack+
:3:hip_platform.cpp         :740 : 251467982459 us:  init: Returned hipErrorNoBinaryForGpu : continue parsing remaining modules
:3:hip_code_object.cpp      :964 : 251467984345 us:  amd::Comgr::get_data() return 0 size for agent_triple_target_ids[0]=amdgcn-amd-amdhsa--gfx90c:xnack+
:3:hip_code_object.cpp      :964 : 251467984360 us:  amd::Comgr::get_data() return 0 size for agent_triple_target_ids[0]=amdgcn-amd-amdhsa--gfx90c:xnack+
:3:hip_code_object.cpp      :964 : 251467984365 us:  amd::Comgr::get_data() return 0 size for agent_triple_target_ids[0]=amdgcn-amd-amdhsa--gfx90c:xnack+
:1:hip_fatbin.cpp           :780 : 251467984370 us:  Cannot find CO in the bundle /usr/lib64/librocsolver.so.0.4 for ISA: amdgcn-amd-amdhsa--gfx90c:xnack+
:3:hip_platform.cpp         :740 : 251467984377 us:  init: Returned hipErrorNoBinaryForGpu : continue parsing remaining modules
:3:hip_code_object.cpp      :964 : 251467985623 us:  amd::Comgr::get_data() return 0 size for agent_triple_target_ids[0]=amdgcn-amd-amdhsa--gfx90c:xnack+
:3:hip_code_object.cpp      :964 : 251467985636 us:  amd::Comgr::get_data() return 0 size for agent_triple_target_ids[0]=amdgcn-amd-amdhsa--gfx90c:xnack+
:3:hip_code_object.cpp      :964 : 251467985641 us:  amd::Comgr::get_data() return 0 size for agent_triple_target_ids[0]=amdgcn-amd-amdhsa--gfx90c:xnack+
:1:hip_fatbin.cpp           :780 : 251467985646 us:  Cannot find CO in the bundle /usr/lib64/librocsolver.so.0.4 for ISA: amdgcn-amd-amdhsa--gfx90c:xnack+
:3:hip_platform.cpp         :740 : 251467985653 us:  init: Returned hipErrorNoBinaryForGpu : continue parsing remaining modules
:3:hip_code_object.cpp      :964 : 251467989642 us:  amd::Comgr::get_data() return 0 size for agent_triple_target_ids[0]=amdgcn-amd-amdhsa--gfx90c:xnack+
:3:hip_code_object.cpp      :964 : 251467989680 us:  amd::Comgr::get_data() return 0 size for agent_triple_target_ids[0]=amdgcn-amd-amdhsa--gfx90c:xnack+
:3:hip_code_object.cpp      :964 : 251467989688 us:  amd::Comgr::get_data() return 0 size for agent_triple_target_ids[0]=amdgcn-amd-amdhsa--gfx90c:xnack+
:1:hip_fatbin.cpp           :780 : 251467989699 us:  Cannot find CO in the bundle /usr/lib64/librocsolver.so.0.4 for ISA: amdgcn-amd-amdhsa--gfx90c:xnack+
:3:hip_platform.cpp         :740 : 251467989711 us:  init: Returned hipErrorNoBinaryForGpu : continue parsing remaining modules
:3:hip_code_object.cpp      :964 : 251468585142 us:  amd::Comgr::get_data() return 0 size for agent_triple_target_ids[0]=amdgcn-amd-amdhsa--gfx90c:xnack+
:3:hip_code_object.cpp      :964 : 251468585174 us:  amd::Comgr::get_data() return 0 size for agent_triple_target_ids[0]=amdgcn-amd-amdhsa--gfx90c:xnack+
:3:hip_code_object.cpp      :964 : 251468585179 us:  amd::Comgr::get_data() return 0 size for agent_triple_target_ids[0]=amdgcn-amd-amdhsa--gfx90c:xnack+
:1:hip_fatbin.cpp           :780 : 251468585188 us:  Cannot find CO in the bundle /usr/lib64/librocblas.so.4.4 for ISA: amdgcn-amd-amdhsa--gfx90c:xnack+
:3:hip_platform.cpp         :740 : 251468585199 us:  init: Returned hipErrorNoBinaryForGpu : continue parsing remaining modules
:3:hip_code_object.cpp      :964 : 251468587023 us:  amd::Comgr::get_data() return 0 size for agent_triple_target_ids[0]=amdgcn-amd-amdhsa--gfx90c:xnack+
:3:hip_code_object.cpp      :964 : 251468587042 us:  amd::Comgr::get_data() return 0 size for agent_triple_target_ids[0]=amdgcn-amd-amdhsa--gfx90c:xnack+
:3:hip_code_object.cpp      :964 : 251468587056 us:  amd::Comgr::get_data() return 0 size for agent_triple_target_ids[0]=amdgcn-amd-amdhsa--gfx90c:xnack+
:1:hip_fatbin.cpp           :780 : 251468587062 us:  Cannot find CO in the bundle /usr/lib64/librocsolver.so.0.4 for ISA: amdgcn-amd-amdhsa--gfx90c:xnack+
:3:hip_platform.cpp         :740 : 251468587070 us:  init: Returned hipErrorNoBinaryForGpu : continue parsing remaining modules
:3:hip_code_object.cpp      :964 : 251468588538 us:  amd::Comgr::get_data() return 0 size for agent_triple_target_ids[0]=amdgcn-amd-amdhsa--gfx90c:xnack+
:3:hip_code_object.cpp      :964 : 251468588555 us:  amd::Comgr::get_data() return 0 size for agent_triple_target_ids[0]=amdgcn-amd-amdhsa--gfx90c:xnack+
:3:hip_code_object.cpp      :964 : 251468588560 us:  amd::Comgr::get_data() return 0 size for agent_triple_target_ids[0]=amdgcn-amd-amdhsa--gfx90c:xnack+
:1:hip_fatbin.cpp           :780 : 251468588565 us:  Cannot find CO in the bundle /usr/lib64/librocsolver.so.0.4 for ISA: amdgcn-amd-amdhsa--gfx90c:xnack+
:3:hip_platform.cpp         :740 : 251468588573 us:  init: Returned hipErrorNoBinaryForGpu : continue parsing remaining modules
:3:hip_code_object.cpp      :964 : 251468590221 us:  amd::Comgr::get_data() return 0 size for agent_triple_target_ids[0]=amdgcn-amd-amdhsa--gfx90c:xnack+
:3:hip_code_object.cpp      :964 : 251468590238 us:  amd::Comgr::get_data() return 0 size for agent_triple_target_ids[0]=amdgcn-amd-amdhsa--gfx90c:xnack+
:3:hip_code_object.cpp      :964 : 251468590243 us:  amd::Comgr::get_data() return 0 size for agent_triple_target_ids[0]=amdgcn-amd-amdhsa--gfx90c:xnack+
:1:hip_fatbin.cpp           :780 : 251468590249 us:  Cannot find CO in the bundle /usr/lib64/librocblas.so.4.4 for ISA: amdgcn-amd-amdhsa--gfx90c:xnack+
:3:hip_platform.cpp         :740 : 251468590256 us:  init: Returned hipErrorNoBinaryForGpu : continue parsing remaining modules
:3:hip_code_object.cpp      :964 : 251468591459 us:  amd::Comgr::get_data() return 0 size for agent_triple_target_ids[0]=amdgcn-amd-amdhsa--gfx90c:xnack+
:3:hip_code_object.cpp      :964 : 251468591474 us:  amd::Comgr::get_data() return 0 size for agent_triple_target_ids[0]=amdgcn-amd-amdhsa--gfx90c:xnack+
:3:hip_code_object.cpp      :964 : 251468591480 us:  amd::Comgr::get_data() return 0 size for agent_triple_target_ids[0]=amdgcn-amd-amdhsa--gfx90c:xnack+
:1:hip_fatbin.cpp           :780 : 251468591485 us:  Cannot find CO in the bundle /usr/lib64/librocsolver.so.0.4 for ISA: amdgcn-amd-amdhsa--gfx90c:xnack+
:3:hip_platform.cpp         :740 : 251468591492 us:  init: Returned hipErrorNoBinaryForGpu : continue parsing remaining modules
:3:hip_code_object.cpp      :964 : 251468595737 us:  amd::Comgr::get_data() return 0 size for agent_triple_target_ids[0]=amdgcn-amd-amdhsa--gfx90c:xnack+
:3:hip_code_object.cpp      :964 : 251468595756 us:  amd::Comgr::get_data() return 0 size for agent_triple_target_ids[0]=amdgcn-amd-amdhsa--gfx90c:xnack+
:3:hip_code_object.cpp      :964 : 251468595762 us:  amd::Comgr::get_data() return 0 size for agent_triple_target_ids[0]=amdgcn-amd-amdhsa--gfx90c:xnack+
:1:hip_fatbin.cpp           :780 : 251468595768 us:  Cannot find CO in the bundle /usr/lib64/librocsolver.so.0.4 for ISA: amdgcn-amd-amdhsa--gfx90c:xnack+
:3:hip_platform.cpp         :740 : 251468595776 us:  init: Returned hipErrorNoBinaryForGpu : continue parsing remaining modules
:3:hip_code_object.cpp      :964 : 251468597245 us:  amd::Comgr::get_data() return 0 size for agent_triple_target_ids[0]=amdgcn-amd-amdhsa--gfx90c:xnack+
:3:hip_code_object.cpp      :964 : 251468597261 us:  amd::Comgr::get_data() return 0 size for agent_triple_target_ids[0]=amdgcn-amd-amdhsa--gfx90c:xnack+
:3:hip_code_object.cpp      :964 : 251468597266 us:  amd::Comgr::get_data() return 0 size for agent_triple_target_ids[0]=amdgcn-amd-amdhsa--gfx90c:xnack+
:1:hip_fatbin.cpp           :780 : 251468597271 us:  Cannot find CO in the bundle /usr/lib64/librocsolver.so.0.4 for ISA: amdgcn-amd-amdhsa--gfx90c:xnack+
:3:hip_platform.cpp         :740 : 251468597286 us:  init: Returned hipErrorNoBinaryForGpu : continue parsing remaining modules
:3:hip_code_object.cpp      :964 : 251468598738 us:  amd::Comgr::get_data() return 0 size for agent_triple_target_ids[0]=amdgcn-amd-amdhsa--gfx90c:xnack+
:3:hip_code_object.cpp      :964 : 251468598754 us:  amd::Comgr::get_data() return 0 size for agent_triple_target_ids[0]=amdgcn-amd-amdhsa--gfx90c:xnack+
:3:hip_code_object.cpp      :964 : 251468598759 us:  amd::Comgr::get_data() return 0 size for agent_triple_target_ids[0]=amdgcn-amd-amdhsa--gfx90c:xnack+
:1:hip_fatbin.cpp           :780 : 251468598765 us:  Cannot find CO in the bundle /usr/lib64/librocsolver.so.0.4 for ISA: amdgcn-amd-amdhsa--gfx90c:xnack+
:3:hip_platform.cpp         :740 : 251468598772 us:  init: Returned hipErrorNoBinaryForGpu : continue parsing remaining modules
:3:hip_code_object.cpp      :964 : 251468600058 us:  amd::Comgr::get_data() return 0 size for agent_triple_target_ids[0]=amdgcn-amd-amdhsa--gfx90c:xnack+
:3:hip_code_object.cpp      :964 : 251468600073 us:  amd::Comgr::get_data() return 0 size for agent_triple_target_ids[0]=amdgcn-amd-amdhsa--gfx90c:xnack+
:3:hip_code_object.cpp      :964 : 251468600078 us:  amd::Comgr::get_data() return 0 size for agent_triple_target_ids[0]=amdgcn-amd-amdhsa--gfx90c:xnack+
:1:hip_fatbin.cpp           :780 : 251468600083 us:  Cannot find CO in the bundle /usr/lib64/librocsolver.so.0.4 for ISA: amdgcn-amd-amdhsa--gfx90c:xnack+
:3:hip_platform.cpp         :740 : 251468600090 us:  init: Returned hipErrorNoBinaryForGpu : continue parsing remaining modules
:3:hip_code_object.cpp      :964 : 251468602344 us:  amd::Comgr::get_data() return 0 size for agent_triple_target_ids[0]=amdgcn-amd-amdhsa--gfx90c:xnack+
:3:hip_code_object.cpp      :964 : 251468602363 us:  amd::Comgr::get_data() return 0 size for agent_triple_target_ids[0]=amdgcn-amd-amdhsa--gfx90c:xnack+
:3:hip_code_object.cpp      :964 : 251468602369 us:  amd::Comgr::get_data() return 0 size for agent_triple_target_ids[0]=amdgcn-amd-amdhsa--gfx90c:xnack+
:1:hip_fatbin.cpp           :780 : 251468602375 us:  Cannot find CO in the bundle /usr/lib64/librocblas.so.4.4 for ISA: amdgcn-amd-amdhsa--gfx90c:xnack+
:3:hip_platform.cpp         :740 : 251468602382 us:  init: Returned hipErrorNoBinaryForGpu : continue parsing remaining modules
:3:hip_code_object.cpp      :964 : 251468603774 us:  amd::Comgr::get_data() return 0 size for agent_triple_target_ids[0]=amdgcn-amd-amdhsa--gfx90c:xnack+
:3:hip_code_object.cpp      :964 : 251468603787 us:  amd::Comgr::get_data() return 0 size for agent_triple_target_ids[0]=amdgcn-amd-amdhsa--gfx90c:xnack+
:3:hip_code_object.cpp      :964 : 251468603793 us:  amd::Comgr::get_data() return 0 size for agent_triple_target_ids[0]=amdgcn-amd-amdhsa--gfx90c:xnack+
:1:hip_fatbin.cpp           :780 : 251468603798 us:  Cannot find CO in the bundle /usr/lib64/librocsolver.so.0.4 for ISA: amdgcn-amd-amdhsa--gfx90c:xnack+
:3:hip_platform.cpp         :740 : 251468603804 us:  init: Returned hipErrorNoBinaryForGpu : continue parsing remaining modules
:3:hip_code_object.cpp      :964 : 251468605039 us:  amd::Comgr::get_data() return 0 size for agent_triple_target_ids[0]=amdgcn-amd-amdhsa--gfx90c:xnack+
:3:hip_code_object.cpp      :964 : 251468605052 us:  amd::Comgr::get_data() return 0 size for agent_triple_target_ids[0]=amdgcn-amd-amdhsa--gfx90c:xnack+
:3:hip_code_object.cpp      :964 : 251468605057 us:  amd::Comgr::get_data() return 0 size for agent_triple_target_ids[0]=amdgcn-amd-amdhsa--gfx90c:xnack+
:1:hip_fatbin.cpp           :780 : 251468605062 us:  Cannot find CO in the bundle /usr/lib64/librocsolver.so.0.4 for ISA: amdgcn-amd-amdhsa--gfx90c:xnack+
:3:hip_platform.cpp         :740 : 251468605068 us:  init: Returned hipErrorNoBinaryForGpu : continue parsing remaining modules
:3:hip_code_object.cpp      :964 : 251468606254 us:  amd::Comgr::get_data() return 0 size for agent_triple_target_ids[0]=amdgcn-amd-amdhsa--gfx90c:xnack+
:3:hip_code_object.cpp      :964 : 251468606268 us:  amd::Comgr::get_data() return 0 size for agent_triple_target_ids[0]=amdgcn-amd-amdhsa--gfx90c:xnack+
:3:hip_code_object.cpp      :964 : 251468606280 us:  amd::Comgr::get_data() return 0 size for agent_triple_target_ids[0]=amdgcn-amd-amdhsa--gfx90c:xnack+
:1:hip_fatbin.cpp           :780 : 251468606286 us:  Cannot find CO in the bundle /usr/lib64/librocsolver.so.0.4 for ISA: amdgcn-amd-amdhsa--gfx90c:xnack+
:3:hip_platform.cpp         :740 : 251468606292 us:  init: Returned hipErrorNoBinaryForGpu : continue parsing remaining modules
:3:hip_code_object.cpp      :964 : 251468607984 us:  amd::Comgr::get_data() return 0 size for agent_triple_target_ids[0]=amdgcn-amd-amdhsa--gfx90c:xnack+
:3:hip_code_object.cpp      :964 : 251468608019 us:  amd::Comgr::get_data() return 0 size for agent_triple_target_ids[0]=amdgcn-amd-amdhsa--gfx90c:xnack+
:3:hip_code_object.cpp      :964 : 251468608024 us:  amd::Comgr::get_data() return 0 size for agent_triple_target_ids[0]=amdgcn-amd-amdhsa--gfx90c:xnack+
:1:hip_fatbin.cpp           :780 : 251468608031 us:  Cannot find CO in the bundle /usr/lib64/librocsolver.so.0.4 for ISA: amdgcn-amd-amdhsa--gfx90c:xnack+
:3:hip_platform.cpp         :740 : 251468608039 us:  init: Returned hipErrorNoBinaryForGpu : continue parsing remaining modules
:3:hip_code_object.cpp      :964 : 251468609294 us:  amd::Comgr::get_data() return 0 size for agent_triple_target_ids[0]=amdgcn-amd-amdhsa--gfx90c:xnack+
:3:hip_code_object.cpp      :964 : 251468609308 us:  amd::Comgr::get_data() return 0 size for agent_triple_target_ids[0]=amdgcn-amd-amdhsa--gfx90c:xnack+
:3:hip_code_object.cpp      :964 : 251468609313 us:  amd::Comgr::get_data() return 0 size for agent_triple_target_ids[0]=amdgcn-amd-amdhsa--gfx90c:xnack+
:1:hip_fatbin.cpp           :780 : 251468609319 us:  Cannot find CO in the bundle /usr/lib64/librocsolver.so.0.4 for ISA: amdgcn-amd-amdhsa--gfx90c:xnack+
:3:hip_platform.cpp         :740 : 251468609326 us:  init: Returned hipErrorNoBinaryForGpu : continue parsing remaining modules
:3:hip_code_object.cpp      :964 : 251468611138 us:  amd::Comgr::get_data() return 0 size for agent_triple_target_ids[0]=amdgcn-amd-amdhsa--gfx90c:xnack+
:3:hip_code_object.cpp      :964 : 251468611154 us:  amd::Comgr::get_data() return 0 size for agent_triple_target_ids[0]=amdgcn-amd-amdhsa--gfx90c:xnack+
:3:hip_code_object.cpp      :964 : 251468611159 us:  amd::Comgr::get_data() return 0 size for agent_triple_target_ids[0]=amdgcn-amd-amdhsa--gfx90c:xnack+
:1:hip_fatbin.cpp           :780 : 251468611164 us:  Cannot find CO in the bundle /usr/lib64/librocsolver.so.0.4 for ISA: amdgcn-amd-amdhsa--gfx90c:xnack+
:3:hip_platform.cpp         :740 : 251468611171 us:  init: Returned hipErrorNoBinaryForGpu : continue parsing remaining modules
:3:hip_code_object.cpp      :964 : 251468612573 us:  amd::Comgr::get_data() return 0 size for agent_triple_target_ids[0]=amdgcn-amd-amdhsa--gfx90c:xnack+
:3:hip_code_object.cpp      :964 : 251468612588 us:  amd::Comgr::get_data() return 0 size for agent_triple_target_ids[0]=amdgcn-amd-amdhsa--gfx90c:xnack+
:3:hip_code_object.cpp      :964 : 251468612593 us:  amd::Comgr::get_data() return 0 size for agent_triple_target_ids[0]=amdgcn-amd-amdhsa--gfx90c:xnack+
:1:hip_fatbin.cpp           :780 : 251468612598 us:  Cannot find CO in the bundle /usr/lib64/librocsolver.so.0.4 for ISA: amdgcn-amd-amdhsa--gfx90c:xnack+
:3:hip_platform.cpp         :740 : 251468612604 us:  init: Returned hipErrorNoBinaryForGpu : continue parsing remaining modules
:3:hip_code_object.cpp      :964 : 251468613832 us:  amd::Comgr::get_data() return 0 size for agent_triple_target_ids[0]=amdgcn-amd-amdhsa--gfx90c:xnack+
:3:hip_code_object.cpp      :964 : 251468613845 us:  amd::Comgr::get_data() return 0 size for agent_triple_target_ids[0]=amdgcn-amd-amdhsa--gfx90c:xnack+
:3:hip_code_object.cpp      :964 : 251468613851 us:  amd::Comgr::get_data() return 0 size for agent_triple_target_ids[0]=amdgcn-amd-amdhsa--gfx90c:xnack+
:1:hip_fatbin.cpp           :780 : 251468613856 us:  Cannot find CO in the bundle /usr/lib64/librocsolver.so.0.4 for ISA: amdgcn-amd-amdhsa--gfx90c:xnack+
:3:hip_platform.cpp         :740 : 251468613870 us:  init: Returned hipErrorNoBinaryForGpu : continue parsing remaining modules
:3:hip_code_object.cpp      :964 : 251468615055 us:  amd::Comgr::get_data() return 0 size for agent_triple_target_ids[0]=amdgcn-amd-amdhsa--gfx90c:xnack+
:3:hip_code_object.cpp      :964 : 251468615070 us:  amd::Comgr::get_data() return 0 size for agent_triple_target_ids[0]=amdgcn-amd-amdhsa--gfx90c:xnack+
:3:hip_code_object.cpp      :964 : 251468615076 us:  amd::Comgr::get_data() return 0 size for agent_triple_target_ids[0]=amdgcn-amd-amdhsa--gfx90c:xnack+
:1:hip_fatbin.cpp           :780 : 251468615081 us:  Cannot find CO in the bundle /usr/lib64/librocsolver.so.0.4 for ISA: amdgcn-amd-amdhsa--gfx90c:xnack+
:3:hip_platform.cpp         :740 : 251468615087 us:  init: Returned hipErrorNoBinaryForGpu : continue parsing remaining modules
:3:hip_code_object.cpp      :964 : 251468616596 us:  amd::Comgr::get_data() return 0 size for agent_triple_target_ids[0]=amdgcn-amd-amdhsa--gfx90c:xnack+
:3:hip_code_object.cpp      :964 : 251468616611 us:  amd::Comgr::get_data() return 0 size for agent_triple_target_ids[0]=amdgcn-amd-amdhsa--gfx90c:xnack+
:3:hip_code_object.cpp      :964 : 251468616616 us:  amd::Comgr::get_data() return 0 size for agent_triple_target_ids[0]=amdgcn-amd-amdhsa--gfx90c:xnack+
:1:hip_fatbin.cpp           :780 : 251468616622 us:  Cannot find CO in the bundle /usr/lib64/librocsolver.so.0.4 for ISA: amdgcn-amd-amdhsa--gfx90c:xnack+
:3:hip_platform.cpp         :740 : 251468616628 us:  init: Returned hipErrorNoBinaryForGpu : continue parsing remaining modules
:3:hip_code_object.cpp      :964 : 251468617959 us:  amd::Comgr::get_data() return 0 size for agent_triple_target_ids[0]=amdgcn-amd-amdhsa--gfx90c:xnack+
:3:hip_code_object.cpp      :964 : 251468617975 us:  amd::Comgr::get_data() return 0 size for agent_triple_target_ids[0]=amdgcn-amd-amdhsa--gfx90c:xnack+
:3:hip_code_object.cpp      :964 : 251468617980 us:  amd::Comgr::get_data() return 0 size for agent_triple_target_ids[0]=amdgcn-amd-amdhsa--gfx90c:xnack+
:1:hip_fatbin.cpp           :780 : 251468617986 us:  Cannot find CO in the bundle /usr/lib64/librocsolver.so.0.4 for ISA: amdgcn-amd-amdhsa--gfx90c:xnack+
:3:hip_platform.cpp         :740 : 251468617992 us:  init: Returned hipErrorNoBinaryForGpu : continue parsing remaining modules
:3:hip_code_object.cpp      :964 : 251468619346 us:  amd::Comgr::get_data() return 0 size for agent_triple_target_ids[0]=amdgcn-amd-amdhsa--gfx90c:xnack+
:3:hip_code_object.cpp      :964 : 251468619365 us:  amd::Comgr::get_data() return 0 size for agent_triple_target_ids[0]=amdgcn-amd-amdhsa--gfx90c:xnack+
:3:hip_code_object.cpp      :964 : 251468619370 us:  amd::Comgr::get_data() return 0 size for agent_triple_target_ids[0]=amdgcn-amd-amdhsa--gfx90c:xnack+
:1:hip_fatbin.cpp           :780 : 251468619376 us:  Cannot find CO in the bundle /usr/lib64/librocsolver.so.0.4 for ISA: amdgcn-amd-amdhsa--gfx90c:xnack+
:3:hip_platform.cpp         :740 : 251468619383 us:  init: Returned hipErrorNoBinaryForGpu : continue parsing remaining modules
:3:hip_code_object.cpp      :964 : 251468620488 us:  amd::Comgr::get_data() return 0 size for agent_triple_target_ids[0]=amdgcn-amd-amdhsa--gfx90c:xnack+
:3:hip_code_object.cpp      :964 : 251468620503 us:  amd::Comgr::get_data() return 0 size for agent_triple_target_ids[0]=amdgcn-amd-amdhsa--gfx90c:xnack+
:3:hip_code_object.cpp      :964 : 251468620508 us:  amd::Comgr::get_data() return 0 size for agent_triple_target_ids[0]=amdgcn-amd-amdhsa--gfx90c:xnack+
:1:hip_fatbin.cpp           :780 : 251468620513 us:  Cannot find CO in the bundle /usr/lib64/librocsolver.so.0.4 for ISA: amdgcn-amd-amdhsa--gfx90c:xnack+
:3:hip_platform.cpp         :740 : 251468620520 us:  init: Returned hipErrorNoBinaryForGpu : continue parsing remaining modules
:3:hip_code_object.cpp      :964 : 251468626738 us:  amd::Comgr::get_data() return 0 size for agent_triple_target_ids[0]=amdgcn-amd-amdhsa--gfx90c:xnack+
:3:hip_code_object.cpp      :964 : 251468626769 us:  amd::Comgr::get_data() return 0 size for agent_triple_target_ids[0]=amdgcn-amd-amdhsa--gfx90c:xnack+
:3:hip_code_object.cpp      :964 : 251468626784 us:  amd::Comgr::get_data() return 0 size for agent_triple_target_ids[0]=amdgcn-amd-amdhsa--gfx90c:xnack+
:1:hip_fatbin.cpp           :780 : 251468626791 us:  Cannot find CO in the bundle /usr/lib64/librocsolver.so.0.4 for ISA: amdgcn-amd-amdhsa--gfx90c:xnack+
:3:hip_platform.cpp         :740 : 251468626802 us:  init: Returned hipErrorNoBinaryForGpu : continue parsing remaining modules
:3:hip_code_object.cpp      :964 : 251468628191 us:  amd::Comgr::get_data() return 0 size for agent_triple_target_ids[0]=amdgcn-amd-amdhsa--gfx90c:xnack+
:3:hip_code_object.cpp      :964 : 251468628206 us:  amd::Comgr::get_data() return 0 size for agent_triple_target_ids[0]=amdgcn-amd-amdhsa--gfx90c:xnack+
:3:hip_code_object.cpp      :964 : 251468628212 us:  amd::Comgr::get_data() return 0 size for agent_triple_target_ids[0]=amdgcn-amd-amdhsa--gfx90c:xnack+
:1:hip_fatbin.cpp           :780 : 251468628217 us:  Cannot find CO in the bundle /usr/lib64/librocsolver.so.0.4 for ISA: amdgcn-amd-amdhsa--gfx90c:xnack+
:3:hip_platform.cpp         :740 : 251468628224 us:  init: Returned hipErrorNoBinaryForGpu : continue parsing remaining modules
:3:hip_code_object.cpp      :964 : 251468630123 us:  amd::Comgr::get_data() return 0 size for agent_triple_target_ids[0]=amdgcn-amd-amdhsa--gfx90c:xnack+
:3:hip_code_object.cpp      :964 : 251468630142 us:  amd::Comgr::get_data() return 0 size for agent_triple_target_ids[0]=amdgcn-amd-amdhsa--gfx90c:xnack+
:3:hip_code_object.cpp      :964 : 251468630147 us:  amd::Comgr::get_data() return 0 size for agent_triple_target_ids[0]=amdgcn-amd-amdhsa--gfx90c:xnack+
:1:hip_fatbin.cpp           :780 : 251468630153 us:  Cannot find CO in the bundle /usr/lib64/librocsolver.so.0.4 for ISA: amdgcn-amd-amdhsa--gfx90c:xnack+
:3:hip_platform.cpp         :740 : 251468630161 us:  init: Returned hipErrorNoBinaryForGpu : continue parsing remaining modules
:3:hip_code_object.cpp      :964 : 251468631592 us:  amd::Comgr::get_data() return 0 size for agent_triple_target_ids[0]=amdgcn-amd-amdhsa--gfx90c:xnack+
:3:hip_code_object.cpp      :964 : 251468631610 us:  amd::Comgr::get_data() return 0 size for agent_triple_target_ids[0]=amdgcn-amd-amdhsa--gfx90c:xnack+
:3:hip_code_object.cpp      :964 : 251468631618 us:  amd::Comgr::get_data() return 0 size for agent_triple_target_ids[0]=amdgcn-amd-amdhsa--gfx90c:xnack+
:1:hip_fatbin.cpp           :780 : 251468631627 us:  Cannot find CO in the bundle /usr/lib64/librocsolver.so.0.4 for ISA: amdgcn-amd-amdhsa--gfx90c:xnack+
:3:hip_platform.cpp         :740 : 251468631635 us:  init: Returned hipErrorNoBinaryForGpu : continue parsing remaining modules
:3:hip_code_object.cpp      :964 : 251468640033 us:  amd::Comgr::get_data() return 0 size for agent_triple_target_ids[0]=amdgcn-amd-amdhsa--gfx90c:xnack+
:3:hip_code_object.cpp      :964 : 251468640064 us:  amd::Comgr::get_data() return 0 size for agent_triple_target_ids[0]=amdgcn-amd-amdhsa--gfx90c:xnack+
:3:hip_code_object.cpp      :964 : 251468640070 us:  amd::Comgr::get_data() return 0 size for agent_triple_target_ids[0]=amdgcn-amd-amdhsa--gfx90c:xnack+
:1:hip_fatbin.cpp           :780 : 251468640077 us:  Cannot find CO in the bundle /usr/lib64/librocsolver.so.0.4 for ISA: amdgcn-amd-amdhsa--gfx90c:xnack+
:3:hip_platform.cpp         :740 : 251468640089 us:  init: Returned hipErrorNoBinaryForGpu : continue parsing remaining modules
:3:hip_code_object.cpp      :964 : 251468646126 us:  amd::Comgr::get_data() return 0 size for agent_triple_target_ids[0]=amdgcn-amd-amdhsa--gfx90c:xnack+
:3:hip_code_object.cpp      :964 : 251468646157 us:  amd::Comgr::get_data() return 0 size for agent_triple_target_ids[0]=amdgcn-amd-amdhsa--gfx90c:xnack+
:3:hip_code_object.cpp      :964 : 251468646162 us:  amd::Comgr::get_data() return 0 size for agent_triple_target_ids[0]=amdgcn-amd-amdhsa--gfx90c:xnack+
:1:hip_fatbin.cpp           :780 : 251468646170 us:  Cannot find CO in the bundle /usr/lib64/librocsolver.so.0.4 for ISA: amdgcn-amd-amdhsa--gfx90c:xnack+
:3:hip_platform.cpp         :740 : 251468646190 us:  init: Returned hipErrorNoBinaryForGpu : continue parsing remaining modules
:3:hip_code_object.cpp      :964 : 251468647076 us:  amd::Comgr::get_data() return 0 size for agent_triple_target_ids[0]=amdgcn-amd-amdhsa--gfx90c:xnack+
:3:hip_code_object.cpp      :964 : 251468647089 us:  amd::Comgr::get_data() return 0 size for agent_triple_target_ids[0]=amdgcn-amd-amdhsa--gfx90c:xnack+
:3:hip_code_object.cpp      :964 : 251468647094 us:  amd::Comgr::get_data() return 0 size for agent_triple_target_ids[0]=amdgcn-amd-amdhsa--gfx90c:xnack+
:1:hip_fatbin.cpp           :780 : 251468647100 us:  Cannot find CO in the bundle /usr/lib64/librocblas.so.4.4 for ISA: amdgcn-amd-amdhsa--gfx90c:xnack+
:3:hip_platform.cpp         :740 : 251468647106 us:  init: Returned hipErrorNoBinaryForGpu : continue parsing remaining modules
:3:hip_code_object.cpp      :964 : 251468648723 us:  amd::Comgr::get_data() return 0 size for agent_triple_target_ids[0]=amdgcn-amd-amdhsa--gfx90c:xnack+
:3:hip_code_object.cpp      :964 : 251468648743 us:  amd::Comgr::get_data() return 0 size for agent_triple_target_ids[0]=amdgcn-amd-amdhsa--gfx90c:xnack+
:3:hip_code_object.cpp      :964 : 251468648748 us:  amd::Comgr::get_data() return 0 size for agent_triple_target_ids[0]=amdgcn-amd-amdhsa--gfx90c:xnack+
:1:hip_fatbin.cpp           :780 : 251468648754 us:  Cannot find CO in the bundle /usr/lib64/librocsolver.so.0.4 for ISA: amdgcn-amd-amdhsa--gfx90c:xnack+
:3:hip_platform.cpp         :740 : 251468648761 us:  init: Returned hipErrorNoBinaryForGpu : continue parsing remaining modules
:3:hip_code_object.cpp      :964 : 251468649898 us:  amd::Comgr::get_data() return 0 size for agent_triple_target_ids[0]=amdgcn-amd-amdhsa--gfx90c:xnack+
:3:hip_code_object.cpp      :964 : 251468649911 us:  amd::Comgr::get_data() return 0 size for agent_triple_target_ids[0]=amdgcn-amd-amdhsa--gfx90c:xnack+
:3:hip_code_object.cpp      :964 : 251468649916 us:  amd::Comgr::get_data() return 0 size for agent_triple_target_ids[0]=amdgcn-amd-amdhsa--gfx90c:xnack+
:1:hip_fatbin.cpp           :780 : 251468649921 us:  Cannot find CO in the bundle /usr/lib64/librocsolver.so.0.4 for ISA: amdgcn-amd-amdhsa--gfx90c:xnack+
:3:hip_platform.cpp         :740 : 251468649928 us:  init: Returned hipErrorNoBinaryForGpu : continue parsing remaining modules
:3:hip_code_object.cpp      :964 : 251468650928 us:  amd::Comgr::get_data() return 0 size for agent_triple_target_ids[0]=amdgcn-amd-amdhsa--gfx90c:xnack+
:3:hip_code_object.cpp      :964 : 251468650941 us:  amd::Comgr::get_data() return 0 size for agent_triple_target_ids[0]=amdgcn-amd-amdhsa--gfx90c:xnack+
:3:hip_code_object.cpp      :964 : 251468650946 us:  amd::Comgr::get_data() return 0 size for agent_triple_target_ids[0]=amdgcn-amd-amdhsa--gfx90c:xnack+
:1:hip_fatbin.cpp           :780 : 251468650951 us:  Cannot find CO in the bundle /usr/lib64/librocsolver.so.0.4 for ISA: amdgcn-amd-amdhsa--gfx90c:xnack+
:3:hip_platform.cpp         :740 : 251468650957 us:  init: Returned hipErrorNoBinaryForGpu : continue parsing remaining modules
:3:hip_code_object.cpp      :964 : 251468651911 us:  amd::Comgr::get_data() return 0 size for agent_triple_target_ids[0]=amdgcn-amd-amdhsa--gfx90c:xnack+
:3:hip_code_object.cpp      :964 : 251468651923 us:  amd::Comgr::get_data() return 0 size for agent_triple_target_ids[0]=amdgcn-amd-amdhsa--gfx90c:xnack+
:3:hip_code_object.cpp      :964 : 251468651928 us:  amd::Comgr::get_data() return 0 size for agent_triple_target_ids[0]=amdgcn-amd-amdhsa--gfx90c:xnack+
:1:hip_fatbin.cpp           :780 : 251468651934 us:  Cannot find CO in the bundle /usr/lib64/librocsolver.so.0.4 for ISA: amdgcn-amd-amdhsa--gfx90c:xnack+
:3:hip_platform.cpp         :740 : 251468651939 us:  init: Returned hipErrorNoBinaryForGpu : continue parsing remaining modules
:3:hip_code_object.cpp      :964 : 251468657730 us:  amd::Comgr::get_data() return 0 size for agent_triple_target_ids[0]=amdgcn-amd-amdhsa--gfx90c:xnack+
:3:hip_code_object.cpp      :964 : 251468657762 us:  amd::Comgr::get_data() return 0 size for agent_triple_target_ids[0]=amdgcn-amd-amdhsa--gfx90c:xnack+
:3:hip_code_object.cpp      :964 : 251468657777 us:  amd::Comgr::get_data() return 0 size for agent_triple_target_ids[0]=amdgcn-amd-amdhsa--gfx90c:xnack+
:1:hip_fatbin.cpp           :780 : 251468657784 us:  Cannot find CO in the bundle /usr/lib64/librocsolver.so.0.4 for ISA: amdgcn-amd-amdhsa--gfx90c:xnack+
:3:hip_platform.cpp         :740 : 251468657796 us:  init: Returned hipErrorNoBinaryForGpu : continue parsing remaining modules
:3:hip_code_object.cpp      :964 : 251468659290 us:  amd::Comgr::get_data() return 0 size for agent_triple_target_ids[0]=amdgcn-amd-amdhsa--gfx90c:xnack+
:3:hip_code_object.cpp      :964 : 251468659305 us:  amd::Comgr::get_data() return 0 size for agent_triple_target_ids[0]=amdgcn-amd-amdhsa--gfx90c:xnack+
:3:hip_code_object.cpp      :964 : 251468659311 us:  amd::Comgr::get_data() return 0 size for agent_triple_target_ids[0]=amdgcn-amd-amdhsa--gfx90c:xnack+
:1:hip_fatbin.cpp           :780 : 251468659316 us:  Cannot find CO in the bundle /usr/lib64/librocsolver.so.0.4 for ISA: amdgcn-amd-amdhsa--gfx90c:xnack+
:3:hip_platform.cpp         :740 : 251468659324 us:  init: Returned hipErrorNoBinaryForGpu : continue parsing remaining modules
:3:hip_code_object.cpp      :964 : 251468667484 us:  amd::Comgr::get_data() return 0 size for agent_triple_target_ids[0]=amdgcn-amd-amdhsa--gfx90c:xnack+
:3:hip_code_object.cpp      :964 : 251468667513 us:  amd::Comgr::get_data() return 0 size for agent_triple_target_ids[0]=amdgcn-amd-amdhsa--gfx90c:xnack+
:3:hip_code_object.cpp      :964 : 251468667519 us:  amd::Comgr::get_data() return 0 size for agent_triple_target_ids[0]=amdgcn-amd-amdhsa--gfx90c:xnack+
:1:hip_fatbin.cpp           :780 : 251468667527 us:  Cannot find CO in the bundle /usr/lib64/librocsolver.so.0.4 for ISA: amdgcn-amd-amdhsa--gfx90c:xnack+
:3:hip_platform.cpp         :740 : 251468667537 us:  init: Returned hipErrorNoBinaryForGpu : continue parsing remaining modules
:3:hip_code_object.cpp      :964 : 251468668722 us:  amd::Comgr::get_data() return 0 size for agent_triple_target_ids[0]=amdgcn-amd-amdhsa--gfx90c:xnack+
:3:hip_code_object.cpp      :964 : 251468668736 us:  amd::Comgr::get_data() return 0 size for agent_triple_target_ids[0]=amdgcn-amd-amdhsa--gfx90c:xnack+
:3:hip_code_object.cpp      :964 : 251468668741 us:  amd::Comgr::get_data() return 0 size for agent_triple_target_ids[0]=amdgcn-amd-amdhsa--gfx90c:xnack+
:1:hip_fatbin.cpp           :780 : 251468668747 us:  Cannot find CO in the bundle /usr/lib64/librocsolver.so.0.4 for ISA: amdgcn-amd-amdhsa--gfx90c:xnack+
:3:hip_platform.cpp         :740 : 251468668754 us:  init: Returned hipErrorNoBinaryForGpu : continue parsing remaining modules
:3:hip_code_object.cpp      :964 : 251468671979 us:  amd::Comgr::get_data() return 0 size for agent_triple_target_ids[0]=amdgcn-amd-amdhsa--gfx90c:xnack+
:3:hip_code_object.cpp      :964 : 251468672017 us:  amd::Comgr::get_data() return 0 size for agent_triple_target_ids[0]=amdgcn-amd-amdhsa--gfx90c:xnack+
:3:hip_code_object.cpp      :964 : 251468672025 us:  amd::Comgr::get_data() return 0 size for agent_triple_target_ids[0]=amdgcn-amd-amdhsa--gfx90c:xnack+
:1:hip_fatbin.cpp           :780 : 251468672034 us:  Cannot find CO in the bundle /usr/lib64/librocsolver.so.0.4 for ISA: amdgcn-amd-amdhsa--gfx90c:xnack+
:3:hip_platform.cpp         :740 : 251468672045 us:  init: Returned hipErrorNoBinaryForGpu : continue parsing remaining modules
:3:hip_code_object.cpp      :964 : 251468673600 us:  amd::Comgr::get_data() return 0 size for agent_triple_target_ids[0]=amdgcn-amd-amdhsa--gfx90c:xnack+
:3:hip_code_object.cpp      :964 : 251468673619 us:  amd::Comgr::get_data() return 0 size for agent_triple_target_ids[0]=amdgcn-amd-amdhsa--gfx90c:xnack+
:3:hip_code_object.cpp      :964 : 251468673624 us:  amd::Comgr::get_data() return 0 size for agent_triple_target_ids[0]=amdgcn-amd-amdhsa--gfx90c:xnack+
:1:hip_fatbin.cpp           :780 : 251468673630 us:  Cannot find CO in the bundle /usr/lib64/librocsolver.so.0.4 for ISA: amdgcn-amd-amdhsa--gfx90c:xnack+
:3:hip_platform.cpp         :740 : 251468673646 us:  init: Returned hipErrorNoBinaryForGpu : continue parsing remaining modules
:3:hip_code_object.cpp      :964 : 251468674841 us:  amd::Comgr::get_data() return 0 size for agent_triple_target_ids[0]=amdgcn-amd-amdhsa--gfx90c:xnack+
:3:hip_code_object.cpp      :964 : 251468674857 us:  amd::Comgr::get_data() return 0 size for agent_triple_target_ids[0]=amdgcn-amd-amdhsa--gfx90c:xnack+
:3:hip_code_object.cpp      :964 : 251468674862 us:  amd::Comgr::get_data() return 0 size for agent_triple_target_ids[0]=amdgcn-amd-amdhsa--gfx90c:xnack+
:1:hip_fatbin.cpp           :780 : 251468674868 us:  Cannot find CO in the bundle /usr/lib64/librocsolver.so.0.4 for ISA: amdgcn-amd-amdhsa--gfx90c:xnack+
:3:hip_platform.cpp         :740 : 251468674875 us:  init: Returned hipErrorNoBinaryForGpu : continue parsing remaining modules
:3:hip_code_object.cpp      :964 : 251468675899 us:  amd::Comgr::get_data() return 0 size for agent_triple_target_ids[0]=amdgcn-amd-amdhsa--gfx90c:xnack+
:3:hip_code_object.cpp      :964 : 251468675913 us:  amd::Comgr::get_data() return 0 size for agent_triple_target_ids[0]=amdgcn-amd-amdhsa--gfx90c:xnack+
:3:hip_code_object.cpp      :964 : 251468675918 us:  amd::Comgr::get_data() return 0 size for agent_triple_target_ids[0]=amdgcn-amd-amdhsa--gfx90c:xnack+
:1:hip_fatbin.cpp           :780 : 251468675923 us:  Cannot find CO in the bundle /usr/lib64/librocsolver.so.0.4 for ISA: amdgcn-amd-amdhsa--gfx90c:xnack+
:3:hip_platform.cpp         :740 : 251468675930 us:  init: Returned hipErrorNoBinaryForGpu : continue parsing remaining modules
:3:hip_code_object.cpp      :964 : 251469257563 us:  amd::Comgr::get_data() return 0 size for agent_triple_target_ids[0]=amdgcn-amd-amdhsa--gfx90c:xnack+
:3:hip_code_object.cpp      :964 : 251469257596 us:  amd::Comgr::get_data() return 0 size for agent_triple_target_ids[0]=amdgcn-amd-amdhsa--gfx90c:xnack+
:3:hip_code_object.cpp      :964 : 251469257601 us:  amd::Comgr::get_data() return 0 size for agent_triple_target_ids[0]=amdgcn-amd-amdhsa--gfx90c:xnack+
:1:hip_fatbin.cpp           :780 : 251469264011 us:  Cannot find CO in the bundle /usr/lib64/librocsolver.so.0.4 for ISA: amdgcn-amd-amdhsa--gfx90c:xnack+
:3:hip_platform.cpp         :740 : 251469264037 us:  init: Returned hipErrorNoBinaryForGpu : continue parsing remaining modules
:3:hip_code_object.cpp      :964 : 251469269889 us:  amd::Comgr::get_data() return 0 size for agent_triple_target_ids[0]=amdgcn-amd-amdhsa--gfx90c:xnack+
:3:hip_code_object.cpp      :964 : 251469269923 us:  amd::Comgr::get_data() return 0 size for agent_triple_target_ids[0]=amdgcn-amd-amdhsa--gfx90c:xnack+
:3:hip_code_object.cpp      :964 : 251469269929 us:  amd::Comgr::get_data() return 0 size for agent_triple_target_ids[0]=amdgcn-amd-amdhsa--gfx90c:xnack+
:1:hip_fatbin.cpp           :780 : 251469269937 us:  Cannot find CO in the bundle /usr/lib64/librocsolver.so.0.4 for ISA: amdgcn-amd-amdhsa--gfx90c:xnack+
:3:hip_platform.cpp         :740 : 251469269948 us:  init: Returned hipErrorNoBinaryForGpu : continue parsing remaining modules
:3:hip_code_object.cpp      :964 : 251469271387 us:  amd::Comgr::get_data() return 0 size for agent_triple_target_ids[0]=amdgcn-amd-amdhsa--gfx90c:xnack+
:3:hip_code_object.cpp      :964 : 251469271401 us:  amd::Comgr::get_data() return 0 size for agent_triple_target_ids[0]=amdgcn-amd-amdhsa--gfx90c:xnack+
:3:hip_code_object.cpp      :964 : 251469271406 us:  amd::Comgr::get_data() return 0 size for agent_triple_target_ids[0]=amdgcn-amd-amdhsa--gfx90c:xnack+
:1:hip_fatbin.cpp           :780 : 251469271411 us:  Cannot find CO in the bundle /usr/lib64/librocsolver.so.0.4 for ISA: amdgcn-amd-amdhsa--gfx90c:xnack+
:3:hip_platform.cpp         :740 : 251469271418 us:  init: Returned hipErrorNoBinaryForGpu : continue parsing remaining modules
:3:hip_code_object.cpp      :964 : 251469280607 us:  amd::Comgr::get_data() return 0 size for agent_triple_target_ids[0]=amdgcn-amd-amdhsa--gfx90c:xnack+
:3:hip_code_object.cpp      :964 : 251469280635 us:  amd::Comgr::get_data() return 0 size for agent_triple_target_ids[0]=amdgcn-amd-amdhsa--gfx90c:xnack+
:3:hip_code_object.cpp      :964 : 251469280649 us:  amd::Comgr::get_data() return 0 size for agent_triple_target_ids[0]=amdgcn-amd-amdhsa--gfx90c:xnack+
:1:hip_fatbin.cpp           :780 : 251469280657 us:  Cannot find CO in the bundle /usr/lib64/librocsolver.so.0.4 for ISA: amdgcn-amd-amdhsa--gfx90c:xnack+
:3:hip_platform.cpp         :740 : 251469280668 us:  init: Returned hipErrorNoBinaryForGpu : continue parsing remaining modules
:3:hip_code_object.cpp      :964 : 251469286890 us:  amd::Comgr::get_data() return 0 size for agent_triple_target_ids[0]=amdgcn-amd-amdhsa--gfx90c:xnack+
:3:hip_code_object.cpp      :964 : 251469286923 us:  amd::Comgr::get_data() return 0 size for agent_triple_target_ids[0]=amdgcn-amd-amdhsa--gfx90c:xnack+
:3:hip_code_object.cpp      :964 : 251469286929 us:  amd::Comgr::get_data() return 0 size for agent_triple_target_ids[0]=amdgcn-amd-amdhsa--gfx90c:xnack+
:1:hip_fatbin.cpp           :780 : 251469286936 us:  Cannot find CO in the bundle /usr/lib64/librocsolver.so.0.4 for ISA: amdgcn-amd-amdhsa--gfx90c:xnack+
:3:hip_platform.cpp         :740 : 251469286948 us:  init: Returned hipErrorNoBinaryForGpu : continue parsing remaining modules
:3:hip_code_object.cpp      :964 : 251469293755 us:  amd::Comgr::get_data() return 0 size for agent_triple_target_ids[0]=amdgcn-amd-amdhsa--gfx90c:xnack+
:3:hip_code_object.cpp      :964 : 251469293786 us:  amd::Comgr::get_data() return 0 size for agent_triple_target_ids[0]=amdgcn-amd-amdhsa--gfx90c:xnack+
:3:hip_code_object.cpp      :964 : 251469293792 us:  amd::Comgr::get_data() return 0 size for agent_triple_target_ids[0]=amdgcn-amd-amdhsa--gfx90c:xnack+
:1:hip_fatbin.cpp           :780 : 251469293799 us:  Cannot find CO in the bundle /usr/lib64/librocsolver.so.0.4 for ISA: amdgcn-amd-amdhsa--gfx90c:xnack+
:3:hip_platform.cpp         :740 : 251469293810 us:  init: Returned hipErrorNoBinaryForGpu : continue parsing remaining modules
:3:hip_code_object.cpp      :964 : 251469300213 us:  amd::Comgr::get_data() return 0 size for agent_triple_target_ids[0]=amdgcn-amd-amdhsa--gfx90c:xnack+
:3:hip_code_object.cpp      :964 : 251469300245 us:  amd::Comgr::get_data() return 0 size for agent_triple_target_ids[0]=amdgcn-amd-amdhsa--gfx90c:xnack+
:3:hip_code_object.cpp      :964 : 251469300250 us:  amd::Comgr::get_data() return 0 size for agent_triple_target_ids[0]=amdgcn-amd-amdhsa--gfx90c:xnack+
:1:hip_fatbin.cpp           :780 : 251469300258 us:  Cannot find CO in the bundle /usr/lib64/librocblas.so.4.4 for ISA: amdgcn-amd-amdhsa--gfx90c:xnack+
:3:hip_platform.cpp         :740 : 251469300270 us:  init: Returned hipErrorNoBinaryForGpu : continue parsing remaining modules
:3:hip_code_object.cpp      :964 : 251469301700 us:  amd::Comgr::get_data() return 0 size for agent_triple_target_ids[0]=amdgcn-amd-amdhsa--gfx90c:xnack+
:3:hip_code_object.cpp      :964 : 251469301715 us:  amd::Comgr::get_data() return 0 size for agent_triple_target_ids[0]=amdgcn-amd-amdhsa--gfx90c:xnack+
:3:hip_code_object.cpp      :964 : 251469301720 us:  amd::Comgr::get_data() return 0 size for agent_triple_target_ids[0]=amdgcn-amd-amdhsa--gfx90c:xnack+
:1:hip_fatbin.cpp           :780 : 251469301725 us:  Cannot find CO in the bundle /usr/lib64/librocsolver.so.0.4 for ISA: amdgcn-amd-amdhsa--gfx90c:xnack+
:3:hip_platform.cpp         :740 : 251469301732 us:  init: Returned hipErrorNoBinaryForGpu : continue parsing remaining modules
:3:hip_code_object.cpp      :964 : 251469307291 us:  amd::Comgr::get_data() return 0 size for agent_triple_target_ids[0]=amdgcn-amd-amdhsa--gfx90c:xnack+
:3:hip_code_object.cpp      :964 : 251469307321 us:  amd::Comgr::get_data() return 0 size for agent_triple_target_ids[0]=amdgcn-amd-amdhsa--gfx90c:xnack+
:3:hip_code_object.cpp      :964 : 251469307328 us:  amd::Comgr::get_data() return 0 size for agent_triple_target_ids[0]=amdgcn-amd-amdhsa--gfx90c:xnack+
:1:hip_fatbin.cpp           :780 : 251469307339 us:  Cannot find CO in the bundle /usr/lib64/librocsolver.so.0.4 for ISA: amdgcn-amd-amdhsa--gfx90c:xnack+
:3:hip_platform.cpp         :740 : 251469307368 us:  init: Returned hipErrorNoBinaryForGpu : continue parsing remaining modules
:3:hip_code_object.cpp      :964 : 251469309008 us:  amd::Comgr::get_data() return 0 size for agent_triple_target_ids[0]=amdgcn-amd-amdhsa--gfx90c:xnack+
:3:hip_code_object.cpp      :964 : 251469309025 us:  amd::Comgr::get_data() return 0 size for agent_triple_target_ids[0]=amdgcn-amd-amdhsa--gfx90c:xnack+
:3:hip_code_object.cpp      :964 : 251469309030 us:  amd::Comgr::get_data() return 0 size for agent_triple_target_ids[0]=amdgcn-amd-amdhsa--gfx90c:xnack+
:1:hip_fatbin.cpp           :780 : 251469309035 us:  Cannot find CO in the bundle /usr/lib64/librocsolver.so.0.4 for ISA: amdgcn-amd-amdhsa--gfx90c:xnack+
:3:hip_platform.cpp         :740 : 251469309043 us:  init: Returned hipErrorNoBinaryForGpu : continue parsing remaining modules
:3:hip_code_object.cpp      :964 : 251469312845 us:  amd::Comgr::get_data() return 0 size for agent_triple_target_ids[0]=amdgcn-amd-amdhsa--gfx90c:xnack+
:3:hip_code_object.cpp      :964 : 251469312874 us:  amd::Comgr::get_data() return 0 size for agent_triple_target_ids[0]=amdgcn-amd-amdhsa--gfx90c:xnack+
:3:hip_code_object.cpp      :964 : 251469312879 us:  amd::Comgr::get_data() return 0 size for agent_triple_target_ids[0]=amdgcn-amd-amdhsa--gfx90c:xnack+
:1:hip_fatbin.cpp           :780 : 251469312886 us:  Cannot find CO in the bundle /usr/lib64/librocsolver.so.0.4 for ISA: amdgcn-amd-amdhsa--gfx90c:xnack+
:3:hip_platform.cpp         :740 : 251469312898 us:  init: Returned hipErrorNoBinaryForGpu : continue parsing remaining modules
:3:hip_code_object.cpp      :964 : 251469319276 us:  amd::Comgr::get_data() return 0 size for agent_triple_target_ids[0]=amdgcn-amd-amdhsa--gfx90c:xnack+
:3:hip_code_object.cpp      :964 : 251469319306 us:  amd::Comgr::get_data() return 0 size for agent_triple_target_ids[0]=amdgcn-amd-amdhsa--gfx90c:xnack+
:3:hip_code_object.cpp      :964 : 251469319312 us:  amd::Comgr::get_data() return 0 size for agent_triple_target_ids[0]=amdgcn-amd-amdhsa--gfx90c:xnack+
:1:hip_fatbin.cpp           :780 : 251469319319 us:  Cannot find CO in the bundle /usr/lib64/librocblas.so.4.4 for ISA: amdgcn-amd-amdhsa--gfx90c:xnack+
:3:hip_platform.cpp         :740 : 251469319330 us:  init: Returned hipErrorNoBinaryForGpu : continue parsing remaining modules
:3:hip_code_object.cpp      :964 : 251469324291 us:  amd::Comgr::get_data() return 0 size for agent_triple_target_ids[0]=amdgcn-amd-amdhsa--gfx90c:xnack+
:3:hip_code_object.cpp      :964 : 251469324334 us:  amd::Comgr::get_data() return 0 size for agent_triple_target_ids[0]=amdgcn-amd-amdhsa--gfx90c:xnack+
:3:hip_code_object.cpp      :964 : 251469324339 us:  amd::Comgr::get_data() return 0 size for agent_triple_target_ids[0]=amdgcn-amd-amdhsa--gfx90c:xnack+
:1:hip_fatbin.cpp           :780 : 251469324348 us:  Cannot find CO in the bundle /usr/lib64/librocsolver.so.0.4 for ISA: amdgcn-amd-amdhsa--gfx90c:xnack+
:3:hip_platform.cpp         :740 : 251469324361 us:  init: Returned hipErrorNoBinaryForGpu : continue parsing remaining modules
:3:hip_code_object.cpp      :964 : 251469329222 us:  amd::Comgr::get_data() return 0 size for agent_triple_target_ids[0]=amdgcn-amd-amdhsa--gfx90c:xnack+
:3:hip_code_object.cpp      :964 : 251469329252 us:  amd::Comgr::get_data() return 0 size for agent_triple_target_ids[0]=amdgcn-amd-amdhsa--gfx90c:xnack+
:3:hip_code_object.cpp      :964 : 251469329257 us:  amd::Comgr::get_data() return 0 size for agent_triple_target_ids[0]=amdgcn-amd-amdhsa--gfx90c:xnack+
:1:hip_fatbin.cpp           :780 : 251469329265 us:  Cannot find CO in the bundle /usr/lib64/librocsolver.so.0.4 for ISA: amdgcn-amd-amdhsa--gfx90c:xnack+
:3:hip_platform.cpp         :740 : 251469329276 us:  init: Returned hipErrorNoBinaryForGpu : continue parsing remaining modules
:3:hip_memory.cpp           :756 : 251469330248 us:  [32m hipMalloc ( 0x7ffc57f0ee98, 72 ) [0m
:3:rocdevice.cpp            :2411: 251469330524 us:  Device=0x55fff10dccd0, freeMem_ = 0x366fb2fb8
:3:hip_memory.cpp           :758 : 251469330535 us:  hipMalloc: Returned hipSuccess : 0x7f43a0200000: duration: 287 us
:3:hip_memory.cpp           :756 : 251469330549 us:  [32m hipMalloc ( 0x7ffc57f0ee90, 24 ) [0m
:3:rocdevice.cpp            :2411: 251469330558 us:  Device=0x55fff10dccd0, freeMem_ = 0x366fb2fa0
:3:hip_memory.cpp           :758 : 251469330562 us:  hipMalloc: Returned hipSuccess : 0x7f43a0201000: duration: 13 us
:3:hip_memory.cpp           :756 : 251469330565 us:  [32m hipMalloc ( 0x7ffc57f0ee88, 4 ) [0m
:3:rocdevice.cpp            :2411: 251469330568 us:  Device=0x55fff10dccd0, freeMem_ = 0x366fb2f9c
:3:hip_memory.cpp           :758 : 251469330571 us:  hipMalloc: Returned hipSuccess : 0x7f43a0202000: duration: 6 us
:3:hip_memory.cpp           :795 : 251469330581 us:  [32m hipMemcpy ( 0x7f43a0200000, 0x55fff10b56a0, 72, hipMemcpyHostToDevice ) [0m
:3:rocdevice.cpp            :3052: 251469330600 us:  Number of allocated hardware queues with low priority: 0, with normal priority: 0, with high priority: 0, maximum per priority is: 4
:3:rocdevice.cpp            :3131: 251469349779 us:  Created SWq=0x7f44ce916000 to map on HWq=0x7f4393600000 with size 16384 with priority 1, cooperative: 0
:3:rocdevice.cpp            :3223: 251469349816 us:  acquireQueue refCount: 0x7f4393600000 (1)
:3:devprogram.cpp           :2658: 251469579094 us:  Using Code Object V5.
:3:rocvirtual.cpp           :763 : 251469580538 us:  Arg0: uchar* src = ptr:0x7f4392a00000
:3:rocvirtual.cpp           :763 : 251469580555 us:  Arg1: uchar* dst = ptr:0x7f43a0200000
:3:rocvirtual.cpp           :857 : 251469580560 us:  Arg2: ulong size = val:72
:3:rocvirtual.cpp           :857 : 251469580563 us:  Arg3: uint remainder = val:8
:3:rocvirtual.cpp           :857 : 251469580566 us:  Arg4: uint aligned_size = val:16
:3:rocvirtual.cpp           :857 : 251469580568 us:  Arg5: ulong end_ptr = val:139928425988160
:3:rocvirtual.cpp           :857 : 251469580571 us:  Arg6: uint next_chunk = val:512
:3:rocvirtual.cpp           :3237: 251469580576 us:  ShaderName : __amd_rocclr_copyBuffer
:3:rocvirtual.cpp           :3451: 251469580579 us:  KernargSegmentByteSize = 304 KernargSegmentAlignment = 128
:3:rocvirtual.cpp           :534 : 251469580592 us:  Set Handler: handle(0x7f44821fd600), timestamp(0x55fff1eb3920)
:3:rocvirtual.hpp           :57  : 251469580596 us:  Host active wait for Signal = (0x7f44821fd600) for -1 ns
:3:hip_memory.cpp           :796 : 251469580652 us:  hipMemcpy: Returned hipSuccess : : duration: 250071 us
:3:hip_device_runtime.cpp   :657 : 251469580669 us:  [32m hipGetDevice ( 0x7ffc57f0de80 ) [0m
:3:hip_device_runtime.cpp   :669 : 251469580674 us:  hipGetDevice: Returned hipSuccess : 0
:3:hip_device.cpp           :654 : 251469580679 us:  [32m hipGetDevicePropertiesR0600 ( 0x7ffc57f0de80, 0 ) [0m
:3:hip_device.cpp           :656 : 251469580683 us:  hipGetDevicePropertiesR0600: Returned hipSuccess : 
:3:hip_memory.cpp           :756 : 251469580695 us:  [32m hipMalloc ( 0x55fff1efc488, 33554432 ) [0m
:3:rocvirtual.cpp           :227 : 251469580721 us:  Handler: value(0), timestamp(0x55fff1d4ba00), handle(0x7f44821fd600)
:3:rocdevice.cpp            :2411: 251469583936 us:  Device=0x55fff10dccd0, freeMem_ = 0x364fb2f9c
:3:hip_memory.cpp           :758 : 251469583960 us:  hipMalloc: Returned hipSuccess : 0x7f4390800000: duration: 3265 us
:3:hip_memory.cpp           :756 : 251469583986 us:  [32m hipMalloc ( 0x7ffc57f0ee60, 1024 ) [0m
:3:rocdevice.cpp            :2411: 251469583992 us:  Device=0x55fff10dccd0, freeMem_ = 0x364fb2b9c
:3:hip_memory.cpp           :758 : 251469583996 us:  hipMalloc: Returned hipSuccess : 0x7f43a0203000: duration: 10 us
:3:hip_device_runtime.cpp   :657 : 251469584008 us:  [32m hipGetDevice ( 0x7ffc57f0e464 ) [0m
:3:hip_device_runtime.cpp   :669 : 251469584014 us:  hipGetDevice: Returned hipSuccess : 0
:3:hip_memory.cpp           :772 : 251469584020 us:  [32m hipFree ( 0x7f4390800000 ) [0m
:3:rocdevice.cpp            :2411: 251469584293 us:  Device=0x55fff10dccd0, freeMem_ = 0x366fb2b9c
:3:hip_memory.cpp           :774 : 251469584301 us:  hipFree: Returned hipSuccess : 
:3:hip_memory.cpp           :756 : 251469584315 us:  [32m hipMalloc ( 0x55fff0b5dbe8, 12 ) [0m
:3:rocdevice.cpp            :2411: 251469584320 us:  Device=0x55fff10dccd0, freeMem_ = 0x366fb2b90
:3:hip_memory.cpp           :758 : 251469584324 us:  hipMalloc: Returned hipSuccess : 0x7f43a0204000: duration: 9 us
:3:hip_platform.cpp         :237 : 251469584345 us:  [32m __hipPushCallConfiguration ( {1,1,1}, {4,1,1}, 48, stream:<null> ) [0m
:3:hip_platform.cpp         :241 : 251469584349 us:  __hipPushCallConfiguration: Returned hipSuccess : 
:3:hip_platform.cpp         :246 : 251469584356 us:  [32m __hipPopCallConfiguration ( {4060177792,22015,0}, {72,0,8}, 0x7ffc57f0ded0, 0x7ffc57f0dec0 ) [0m
:3:hip_platform.cpp         :255 : 251469584362 us:  __hipPopCallConfiguration: Returned hipSuccess : 
:3:hip_module.cpp           :744 : 251469584372 us:  [32m hipLaunchKernel ( 0x7f448fd9b5d0, {1,1,1}, {4,1,1}, 0x7ffc57f0df60, 48, stream:<null> ) [0m
:3:hip_module.cpp           :745 : 251469584378 us:  hipLaunchKernel: Returned hipErrorInvalidDeviceFunction : : duration: 6 us
:3:hip_memory.cpp           :795 : 251469584383 us:  [32m hipMemcpy ( 0x55fff10b57d0, 0x7f43a0200000, 72, hipMemcpyDeviceToHost ) [0m
:3:rocvirtual.cpp           :763 : 251469584396 us:  Arg0: uchar* src = ptr:0x7f43a0200000
:3:rocvirtual.cpp           :763 : 251469584398 us:  Arg1: uchar* dst = ptr:0x7f43a0c00000
:3:rocvirtual.cpp           :857 : 251469584401 us:  Arg2: ulong size = val:72
:3:rocvirtual.cpp           :857 : 251469584404 us:  Arg3: uint remainder = val:8
:3:rocvirtual.cpp           :857 : 251469584407 us:  Arg4: uint aligned_size = val:16
:3:rocvirtual.cpp           :857 : 251469584410 us:  Arg5: ulong end_ptr = val:139928436473920
:3:rocvirtual.cpp           :857 : 251469584412 us:  Arg6: uint next_chunk = val:512
:3:rocvirtual.cpp           :3237: 251469584415 us:  ShaderName : __amd_rocclr_copyBuffer
:3:rocvirtual.cpp           :3451: 251469584418 us:  KernargSegmentByteSize = 304 KernargSegmentAlignment = 128
:3:rocvirtual.hpp           :57  : 251469584428 us:  Host active wait for Signal = (0x7f44821ff700) for -1 ns
:3:rocvirtual.cpp           :534 : 251469584469 us:  Set Handler: handle(0x7f44821fd680), timestamp(0x55fff1eb3810)
:3:rocvirtual.hpp           :57  : 251469584474 us:  Host active wait for Signal = (0x7f44821fd680) for -1 ns
:3:hip_memory.cpp           :796 : 251469584483 us:  hipMemcpy: Returned hipSuccess : : duration: 100 us
:3:rocvirtual.cpp           :227 : 251469584485 us:  Handler: value(0), timestamp(0x55fff11de560), handle(0x7f44821fd680)
:3:hip_memory.cpp           :795 : 251469584487 us:  [32m hipMemcpy ( 0x55fff10b5760, 0x7f43a0201000, 24, hipMemcpyDeviceToHost ) [0m
:3:rocvirtual.cpp           :763 : 251469584510 us:  Arg0: uchar* src = ptr:0x7f43a0201000
:3:rocvirtual.cpp           :763 : 251469584513 us:  Arg1: uchar* dst = ptr:0x7f43a0c00000
:3:rocvirtual.cpp           :857 : 251469584515 us:  Arg2: ulong size = val:24
:3:rocvirtual.cpp           :857 : 251469584517 us:  Arg3: uint remainder = val:8
:3:rocvirtual.cpp           :857 : 251469584520 us:  Arg4: uint aligned_size = val:16
:3:rocvirtual.cpp           :857 : 251469584522 us:  Arg5: ulong end_ptr = val:139928436473872
:3:rocvirtual.cpp           :857 : 251469584525 us:  Arg6: uint next_chunk = val:512
:3:rocvirtual.cpp           :3237: 251469584527 us:  ShaderName : __amd_rocclr_copyBuffer
:3:rocvirtual.cpp           :3451: 251469584530 us:  KernargSegmentByteSize = 304 KernargSegmentAlignment = 128
:3:rocvirtual.hpp           :57  : 251469584533 us:  Host active wait for Signal = (0x7f44821ff600) for -1 ns
:3:rocvirtual.cpp           :534 : 251469584564 us:  Set Handler: handle(0x7f44821fd700), timestamp(0x55fff1eb3700)
:3:rocvirtual.hpp           :57  : 251469584568 us:  Host active wait for Signal = (0x7f44821fd700) for -1 ns
:3:hip_memory.cpp           :796 : 251469584578 us:  hipMemcpy: Returned hipSuccess : : duration: 91 us
:3:hip_memory.cpp           :795 : 251469584581 us:  [32m hipMemcpy ( 0x7ffc57f0ee50, 0x7f43a0202000, 4, hipMemcpyDeviceToHost ) [0m
:3:rocvirtual.cpp           :763 : 251469584593 us:  Arg0: uchar* src = ptr:0x7f43a0202000
:3:rocvirtual.cpp           :763 : 251469584596 us:  Arg1: uchar* dst = ptr:0x7f43a0c00000
:3:rocvirtual.cpp           :857 : 251469584599 us:  Arg2: ulong size = val:4
:3:rocvirtual.cpp           :857 : 251469584603 us:  Arg3: uint remainder = val:4
:3:rocvirtual.cpp           :857 : 251469584606 us:  Arg4: uint aligned_size = val:16
:3:rocvirtual.cpp           :857 : 251469584610 us:  Arg5: ulong end_ptr = val:139928436473856
:3:rocvirtual.cpp           :857 : 251469584612 us:  Arg6: uint next_chunk = val:512
:3:rocvirtual.cpp           :3237: 251469584615 us:  ShaderName : __amd_rocclr_copyBuffer
:3:rocvirtual.cpp           :3451: 251469584618 us:  KernargSegmentByteSize = 304 KernargSegmentAlignment = 128
:3:rocvirtual.hpp           :57  : 251469584622 us:  Host active wait for Signal = (0x7f44821ff500) for -1 ns
:3:rocvirtual.cpp           :227 : 251469584600 us:  Handler: value(0), timestamp(0x55fff1ec59a0), handle(0x7f44821fd700)
:3:rocvirtual.cpp           :534 : 251469584648 us:  Set Handler: handle(0x7f44821fd780), timestamp(0x55fff1eb35f0)
:3:rocvirtual.hpp           :57  : 251469584652 us:  Host active wait for Signal = (0x7f44821fd780) for -1 ns
:3:hip_memory.cpp           :796 : 251469584662 us:  hipMemcpy: Returned hipSuccess : : duration: 81 us
:3:rocvirtual.cpp           :227 : 251469584683 us:  Handler: value(0), timestamp(0x55fff1ec5a10), handle(0x7f44821fd780)
:3:hip_memory.cpp           :795 : 251469584725 us:  [32m hipMemcpy ( 0x7ffc57f0edac, 0x7f43a0204000, 4, hipMemcpyDeviceToHost ) [0m
:3:rocvirtual.cpp           :763 : 251469584732 us:  Arg0: uchar* src = ptr:0x7f43a0204000
:3:rocvirtual.cpp           :763 : 251469584735 us:  Arg1: uchar* dst = ptr:0x7f43a0c00000
:3:rocvirtual.cpp           :857 : 251469584738 us:  Arg2: ulong size = val:4
:3:rocvirtual.cpp           :857 : 251469584740 us:  Arg3: uint remainder = val:4
:3:rocvirtual.cpp           :857 : 251469584742 us:  Arg4: uint aligned_size = val:16
:3:rocvirtual.cpp           :857 : 251469584745 us:  Arg5: ulong end_ptr = val:139928436473856
:3:rocvirtual.cpp           :857 : 251469584747 us:  Arg6: uint next_chunk = val:512
:3:rocvirtual.cpp           :3237: 251469584749 us:  ShaderName : __amd_rocclr_copyBuffer
:3:rocvirtual.cpp           :3451: 251469584752 us:  KernargSegmentByteSize = 304 KernargSegmentAlignment = 128
:3:rocvirtual.hpp           :57  : 251469584755 us:  Host active wait for Signal = (0x7f44821ff400) for -1 ns
:3:rocvirtual.cpp           :534 : 251469584809 us:  Set Handler: handle(0x7f44821fd800), timestamp(0x55fff1eb3520)
:3:rocvirtual.hpp           :57  : 251469584812 us:  Host active wait for Signal = (0x7f44821fd800) for -1 ns
:3:hip_memory.cpp           :796 : 251469584831 us:  hipMemcpy: Returned hipSuccess : : duration: 106 us
:3:hip_memory.cpp           :795 : 251469584837 us:  [32m hipMemcpy ( 0x7ffc57f0eda0, 0x7f43a0204004, 8, hipMemcpyDeviceToHost ) [0m
:3:rocvirtual.cpp           :763 : 251469584843 us:  Arg0: uchar* src = ptr:0x7f43a0204004
:3:rocvirtual.cpp           :763 : 251469584847 us:  Arg1: uchar* dst = ptr:0x7f43a0c00000
:3:rocvirtual.cpp           :857 : 251469584849 us:  Arg2: ulong size = val:8
:3:rocvirtual.cpp           :857 : 251469584853 us:  Arg3: uint remainder = val:0
:3:rocvirtual.cpp           :857 : 251469584855 us:  Arg4: uint aligned_size = val:4
:3:rocvirtual.cpp           :857 : 251469584859 us:  Arg5: ulong end_ptr = val:139928436473864
:3:rocvirtual.cpp           :857 : 251469584861 us:  Arg6: uint next_chunk = val:1024
:3:rocvirtual.cpp           :3237: 251469584865 us:  ShaderName : __amd_rocclr_copyBuffer
:3:rocvirtual.cpp           :3451: 251469584867 us:  KernargSegmentByteSize = 304 KernargSegmentAlignment = 128
:3:rocvirtual.hpp           :57  : 251469584872 us:  Host active wait for Signal = (0x7f44821ff300) for -1 ns
:3:rocvirtual.cpp           :227 : 251469584832 us:  Handler: value(0), timestamp(0x55fff1ec5a80), handle(0x7f44821fd800)
:3:rocvirtual.cpp           :534 : 251469584908 us:  Set Handler: handle(0x7f44821fd380), timestamp(0x55fff12d6840)
:3:rocvirtual.hpp           :57  : 251469584911 us:  Host active wait for Signal = (0x7f44821fd380) for -1 ns
:3:hip_memory.cpp           :796 : 251469584930 us:  hipMemcpy: Returned hipSuccess : : duration: 93 us
:3:rocvirtual.cpp           :227 : 251469584953 us:  Handler: value(0), timestamp(0x55fff1ec5af0), handle(0x7f44821fd380)
:3:hip_memory.cpp           :772 : 251469584957 us:  [32m hipFree ( 0x7f43a0204000 ) [0m
:3:rocdevice.cpp            :2411: 251469584964 us:  Device=0x55fff10dccd0, freeMem_ = 0x366fb2b9c
:3:hip_memory.cpp           :774 : 251469584967 us:  hipFree: Returned hipSuccess : 
:3:hip_memory.cpp           :772 : 251469584971 us:  [32m hipFree ( 0x7f43a0200000 ) [0m
:3:rocdevice.cpp            :2411: 251469584976 us:  Device=0x55fff10dccd0, freeMem_ = 0x366fb2be4
:3:hip_memory.cpp           :774 : 251469584978 us:  hipFree: Returned hipSuccess : 
:3:hip_memory.cpp           :772 : 251469584981 us:  [32m hipFree ( 0x7f43a0201000 ) [0m
:3:rocdevice.cpp            :2411: 251469584985 us:  Device=0x55fff10dccd0, freeMem_ = 0x366fb2bfc
:3:hip_memory.cpp           :774 : 251469584988 us:  hipFree: Returned hipSuccess : 
:3:hip_memory.cpp           :772 : 251469584990 us:  [32m hipFree ( 0x7f43a0203000 ) [0m
:3:rocdevice.cpp            :2411: 251469584994 us:  Device=0x55fff10dccd0, freeMem_ = 0x366fb2ffc
:3:hip_memory.cpp           :774 : 251469584997 us:  hipFree: Returned hipSuccess : 
:3:hip_memory.cpp           :772 : 251469584999 us:  [32m hipFree ( 0x7f43a0202000 ) [0m
:3:rocdevice.cpp            :2411: 251469585012 us:  Device=0x55fff10dccd0, freeMem_ = 0x366fb3000
:3:hip_memory.cpp           :774 : 251469585017 us:  hipFree: Returned hipSuccess : 
:3:rocdevice.cpp            :3255: 251469609971 us:  releaseQueue refCount:0x7f4393600000 (0)
:3:rocdevice.cpp            :284 : 251469610289 us:  Deleting hardware queue 0x7f4393600000 with refCount 0
