=== EXIT CODE: 255 ===
=== STDOUT ===
Eigenvalues successfully computed: 0, 0, 0, 
Validation failed. Errors: 3

=== STDERR ===
:3:rocdevice.cpp            :465 : 251440564706 us:  Initializing HSA stack.
:3:rocdevice.cpp            :551 : 251440575186 us:  Enumerated GPU agents = 1
:3:rocdevice.cpp            :232 : 251440575225 us:  Numa selects cpu agent[0]=0x55a73db28c20(fine=0x55a73dc18690,coarse=0x55a73e0b0d80) for gpu agent=0x55a73e0b1210 CPU<->GPU XGMI=0
:3:rocsettings.cpp          :284 : 251440575232 us:  Using dev kernel arg wa = 0
:3:comgrctx.cpp             :33  : 251440575235 us:  Loading COMGR library.
:3:comgrctx.cpp             :128 : 251440581096 us:  Loaded COMGR library version 3.0.
:3:rocdevice.cpp            :1786: 251440581282 us:  Gfx Major/Minor/Stepping: 9/0/12
:3:rocdevice.cpp            :1788: 251440581291 us:  HMM support: 1, XNACK: 1, Direct host access: 0
:3:rocdevice.cpp            :1790: 251440581294 us:  Max SDMA Read Mask: 0x1, Max SDMA Write Mask: 0x1
:3:hip_context.cpp          :54  : 251440582254 us:  Direct Dispatch: 1
:3:hip_code_object.cpp      :964 : 251440584449 us:  amd::Comgr::get_data() return 0 size for agent_triple_target_ids[0]=amdgcn-amd-amdhsa--gfx90c:xnack+
:3:hip_code_object.cpp      :964 : 251440584465 us:  amd::Comgr::get_data() return 0 size for agent_triple_target_ids[0]=amdgcn-amd-amdhsa--gfx90c:xnack+
:3:hip_code_object.cpp      :964 : 251440584470 us:  amd::Comgr::get_data() return 0 size for agent_triple_target_ids[0]=amdgcn-amd-amdhsa--gfx90c:xnack+
:1:hip_fatbin.cpp           :780 : 251440584495 us:  Cannot find CO in the bundle /usr/lib64/librocsolver.so.0.4 for ISA: amdgcn-amd-amdhsa--gfx90c:xnack+
:3:hip_platform.cpp         :740 : 251440584509 us:  init: Returned hipErrorNoBinaryForGpu : continue parsing remaining modules
:3:hip_code_object.cpp      :964 : 251440586102 us:  amd::Comgr::get_data() return 0 size for agent_triple_target_ids[0]=amdgcn-amd-amdhsa--gfx90c:xnack+
:3:hip_code_object.cpp      :964 : 251440586115 us:  amd::Comgr::get_data() return 0 size for agent_triple_target_ids[0]=amdgcn-amd-amdhsa--gfx90c:xnack+
:3:hip_code_object.cpp      :964 : 251440586120 us:  amd::Comgr::get_data() return 0 size for agent_triple_target_ids[0]=amdgcn-amd-amdhsa--gfx90c:xnack+
:1:hip_fatbin.cpp           :780 : 251440586126 us:  Cannot find CO in the bundle /usr/lib64/librocsolver.so.0.4 for ISA: amdgcn-amd-amdhsa--gfx90c:xnack+
:3:hip_platform.cpp         :740 : 251440586132 us:  init: Returned hipErrorNoBinaryForGpu : continue parsing remaining modules
:3:hip_code_object.cpp      :964 : 251440587590 us:  amd::Comgr::get_data() return 0 size for agent_triple_target_ids[0]=amdgcn-amd-amdhsa--gfx90c:xnack+
:3:hip_code_object.cpp      :964 : 251440587603 us:  amd::Comgr::get_data() return 0 size for agent_triple_target_ids[0]=amdgcn-amd-amdhsa--gfx90c:xnack+
:3:hip_code_object.cpp      :964 : 251440587608 us:  amd::Comgr::get_data() return 0 size for agent_triple_target_ids[0]=amdgcn-amd-amdhsa--gfx90c:xnack+
:1:hip_fatbin.cpp           :780 : 251440587613 us:  Cannot find CO in the bundle /usr/lib64/librocsolver.so.0.4 for ISA: amdgcn-amd-amdhsa--gfx90c:xnack+
:3:hip_platform.cpp         :740 : 251440587619 us:  init: Returned hipErrorNoBinaryForGpu : continue parsing remaining modules
:3:hip_code_object.cpp      :964 : 251440592007 us:  amd::Comgr::get_data() return 0 size for agent_triple_target_ids[0]=amdgcn-amd-amdhsa--gfx90c:xnack+
:3:hip_code_object.cpp      :964 : 251440592025 us:  amd::Comgr::get_data() return 0 size for agent_triple_target_ids[0]=amdgcn-amd-amdhsa--gfx90c:xnack+
:3:hip_code_object.cpp      :964 : 251440592030 us:  amd::Comgr::get_data() return 0 size for agent_triple_target_ids[0]=amdgcn-amd-amdhsa--gfx90c:xnack+
:1:hip_fatbin.cpp           :780 : 251440592094 us:  Cannot find CO in the bundle /usr/lib64/librocsolver.so.0.4 for ISA: amdgcn-amd-amdhsa--gfx90c:xnack+
:3:hip_platform.cpp         :740 : 251440592103 us:  init: Returned hipErrorNoBinaryForGpu : continue parsing remaining modules
:3:hip_code_object.cpp      :964 : 251440593285 us:  amd::Comgr::get_data() return 0 size for agent_triple_target_ids[0]=amdgcn-amd-amdhsa--gfx90c:xnack+
:3:hip_code_object.cpp      :964 : 251440593298 us:  amd::Comgr::get_data() return 0 size for agent_triple_target_ids[0]=amdgcn-amd-amdhsa--gfx90c:xnack+
:3:hip_code_object.cpp      :964 : 251440593311 us:  amd::Comgr::get_data() return 0 size for agent_triple_target_ids[0]=amdgcn-amd-amdhsa--gfx90c:xnack+
:1:hip_fatbin.cpp           :780 : 251440593316 us:  Cannot find CO in the bundle /usr/lib64/librocsolver.so.0.4 for ISA: amdgcn-amd-amdhsa--gfx90c:xnack+
:3:hip_platform.cpp         :740 : 251440593322 us:  init: Returned hipErrorNoBinaryForGpu : continue parsing remaining modules
:3:hip_code_object.cpp      :964 : 251440630681 us:  amd::Comgr::get_data() return 0 size for agent_triple_target_ids[0]=amdgcn-amd-amdhsa--gfx90c:xnack+
:3:hip_code_object.cpp      :964 : 251440630711 us:  amd::Comgr::get_data() return 0 size for agent_triple_target_ids[0]=amdgcn-amd-amdhsa--gfx90c:xnack+
:3:hip_code_object.cpp      :964 : 251440630716 us:  amd::Comgr::get_data() return 0 size for agent_triple_target_ids[0]=amdgcn-amd-amdhsa--gfx90c:xnack+
:1:hip_fatbin.cpp           :780 : 251440631042 us:  Cannot find CO in the bundle /usr/lib64/librocsolver.so.0.4 for ISA: amdgcn-amd-amdhsa--gfx90c:xnack+
:3:hip_platform.cpp         :740 : 251440631055 us:  init: Returned hipErrorNoBinaryForGpu : continue parsing remaining modules
:3:hip_code_object.cpp      :964 : 251440668834 us:  amd::Comgr::get_data() return 0 size for agent_triple_target_ids[0]=amdgcn-amd-amdhsa--gfx90c:xnack+
:3:hip_code_object.cpp      :964 : 251440668862 us:  amd::Comgr::get_data() return 0 size for agent_triple_target_ids[0]=amdgcn-amd-amdhsa--gfx90c:xnack+
:3:hip_code_object.cpp      :964 : 251440668868 us:  amd::Comgr::get_data() return 0 size for agent_triple_target_ids[0]=amdgcn-amd-amdhsa--gfx90c:xnack+
:1:hip_fatbin.cpp           :780 : 251440668875 us:  Cannot find CO in the bundle /usr/lib64/librocsolver.so.0.4 for ISA: amdgcn-amd-amdhsa--gfx90c:xnack+
:3:hip_platform.cpp         :740 : 251440668884 us:  init: Returned hipErrorNoBinaryForGpu : continue parsing remaining modules
:3:hip_code_object.cpp      :964 : 251440697444 us:  amd::Comgr::get_data() return 0 size for agent_triple_target_ids[0]=amdgcn-amd-amdhsa--gfx90c:xnack+
:3:hip_code_object.cpp      :964 : 251440697476 us:  amd::Comgr::get_data() return 0 size for agent_triple_target_ids[0]=amdgcn-amd-amdhsa--gfx90c:xnack+
:3:hip_code_object.cpp      :964 : 251440697482 us:  amd::Comgr::get_data() return 0 size for agent_triple_target_ids[0]=amdgcn-amd-amdhsa--gfx90c:xnack+
:1:hip_fatbin.cpp           :780 : 251440700911 us:  Cannot find CO in the bundle /usr/lib64/librocsolver.so.0.4 for ISA: amdgcn-amd-amdhsa--gfx90c:xnack+
:3:hip_platform.cpp         :740 : 251440700928 us:  init: Returned hipErrorNoBinaryForGpu : continue parsing remaining modules
:3:hip_code_object.cpp      :964 : 251440729134 us:  amd::Comgr::get_data() return 0 size for agent_triple_target_ids[0]=amdgcn-amd-amdhsa--gfx90c:xnack+
:3:hip_code_object.cpp      :964 : 251440729164 us:  amd::Comgr::get_data() return 0 size for agent_triple_target_ids[0]=amdgcn-amd-amdhsa--gfx90c:xnack+
:3:hip_code_object.cpp      :964 : 251440729170 us:  amd::Comgr::get_data() return 0 size for agent_triple_target_ids[0]=amdgcn-amd-amdhsa--gfx90c:xnack+
:1:hip_fatbin.cpp           :780 : 251440729176 us:  Cannot find CO in the bundle /usr/lib64/librocsolver.so.0.4 for ISA: amdgcn-amd-amdhsa--gfx90c:xnack+
:3:hip_platform.cpp         :740 : 251440729186 us:  init: Returned hipErrorNoBinaryForGpu : continue parsing remaining modules
:3:hip_code_object.cpp      :964 : 251440742427 us:  amd::Comgr::get_data() return 0 size for agent_triple_target_ids[0]=amdgcn-amd-amdhsa--gfx90c:xnack+
:3:hip_code_object.cpp      :964 : 251440742456 us:  amd::Comgr::get_data() return 0 size for agent_triple_target_ids[0]=amdgcn-amd-amdhsa--gfx90c:xnack+
:3:hip_code_object.cpp      :964 : 251440742462 us:  amd::Comgr::get_data() return 0 size for agent_triple_target_ids[0]=amdgcn-amd-amdhsa--gfx90c:xnack+
:1:hip_fatbin.cpp           :780 : 251440745697 us:  Cannot find CO in the bundle /usr/lib64/librocsolver.so.0.4 for ISA: amdgcn-amd-amdhsa--gfx90c:xnack+
:3:hip_platform.cpp         :740 : 251440745716 us:  init: Returned hipErrorNoBinaryForGpu : continue parsing remaining modules
:3:hip_code_object.cpp      :964 : 251440773903 us:  amd::Comgr::get_data() return 0 size for agent_triple_target_ids[0]=amdgcn-amd-amdhsa--gfx90c:xnack+
:3:hip_code_object.cpp      :964 : 251440773933 us:  amd::Comgr::get_data() return 0 size for agent_triple_target_ids[0]=amdgcn-amd-amdhsa--gfx90c:xnack+
:3:hip_code_object.cpp      :964 : 251440773939 us:  amd::Comgr::get_data() return 0 size for agent_triple_target_ids[0]=amdgcn-amd-amdhsa--gfx90c:xnack+
:1:hip_fatbin.cpp           :780 : 251440777044 us:  Cannot find CO in the bundle /usr/lib64/librocsolver.so.0.4 for ISA: amdgcn-amd-amdhsa--gfx90c:xnack+
:3:hip_platform.cpp         :740 : 251440777057 us:  init: Returned hipErrorNoBinaryForGpu : continue parsing remaining modules
:3:hip_code_object.cpp      :964 : 251440824722 us:  amd::Comgr::get_data() return 0 size for agent_triple_target_ids[0]=amdgcn-amd-amdhsa--gfx90c:xnack+
:3:hip_code_object.cpp      :964 : 251440824751 us:  amd::Comgr::get_data() return 0 size for agent_triple_target_ids[0]=amdgcn-amd-amdhsa--gfx90c:xnack+
:3:hip_code_object.cpp      :964 : 251440824757 us:  amd::Comgr::get_data() return 0 size for agent_triple_target_ids[0]=amdgcn-amd-amdhsa--gfx90c:xnack+
:1:hip_fatbin.cpp           :780 : 251440824763 us:  Cannot find CO in the bundle /usr/lib64/librocsolver.so.0.4 for ISA: amdgcn-amd-amdhsa--gfx90c:xnack+
:3:hip_platform.cpp         :740 : 251440824774 us:  init: Returned hipErrorNoBinaryForGpu : continue parsing remaining modules
:3:hip_code_object.cpp      :964 : 251440861804 us:  amd::Comgr::get_data() return 0 size for agent_triple_target_ids[0]=amdgcn-amd-amdhsa--gfx90c:xnack+
:3:hip_code_object.cpp      :964 : 251440861835 us:  amd::Comgr::get_data() return 0 size for agent_triple_target_ids[0]=amdgcn-amd-amdhsa--gfx90c:xnack+
:3:hip_code_object.cpp      :964 : 251440861840 us:  amd::Comgr::get_data() return 0 size for agent_triple_target_ids[0]=amdgcn-amd-amdhsa--gfx90c:xnack+
:1:hip_fatbin.cpp           :780 : 251440861847 us:  Cannot find CO in the bundle /usr/lib64/librocsolver.so.0.4 for ISA: amdgcn-amd-amdhsa--gfx90c:xnack+
:3:hip_platform.cpp         :740 : 251440861857 us:  init: Returned hipErrorNoBinaryForGpu : continue parsing remaining modules
:3:hip_code_object.cpp      :964 : 251440910582 us:  amd::Comgr::get_data() return 0 size for agent_triple_target_ids[0]=amdgcn-amd-amdhsa--gfx90c:xnack+
:3:hip_code_object.cpp      :964 : 251440910612 us:  amd::Comgr::get_data() return 0 size for agent_triple_target_ids[0]=amdgcn-amd-amdhsa--gfx90c:xnack+
:3:hip_code_object.cpp      :964 : 251440910618 us:  amd::Comgr::get_data() return 0 size for agent_triple_target_ids[0]=amdgcn-amd-amdhsa--gfx90c:xnack+
:1:hip_fatbin.cpp           :780 : 251440910624 us:  Cannot find CO in the bundle /usr/lib64/librocsolver.so.0.4 for ISA: amdgcn-amd-amdhsa--gfx90c:xnack+
:3:hip_platform.cpp         :740 : 251440910633 us:  init: Returned hipErrorNoBinaryForGpu : continue parsing remaining modules
:3:hip_code_object.cpp      :964 : 251440942551 us:  amd::Comgr::get_data() return 0 size for agent_triple_target_ids[0]=amdgcn-amd-amdhsa--gfx90c:xnack+
:3:hip_code_object.cpp      :964 : 251440942649 us:  amd::Comgr::get_data() return 0 size for agent_triple_target_ids[0]=amdgcn-amd-amdhsa--gfx90c:xnack+
:3:hip_code_object.cpp      :964 : 251440942654 us:  amd::Comgr::get_data() return 0 size for agent_triple_target_ids[0]=amdgcn-amd-amdhsa--gfx90c:xnack+
:1:hip_fatbin.cpp           :780 : 251440942662 us:  Cannot find CO in the bundle /usr/lib64/librocsolver.so.0.4 for ISA: amdgcn-amd-amdhsa--gfx90c:xnack+
:3:hip_platform.cpp         :740 : 251440942670 us:  init: Returned hipErrorNoBinaryForGpu : continue parsing remaining modules
:3:hip_code_object.cpp      :964 : 251440949772 us:  amd::Comgr::get_data() return 0 size for agent_triple_target_ids[0]=amdgcn-amd-amdhsa--gfx90c:xnack+
:3:hip_code_object.cpp      :964 : 251440949801 us:  amd::Comgr::get_data() return 0 size for agent_triple_target_ids[0]=amdgcn-amd-amdhsa--gfx90c:xnack+
:3:hip_code_object.cpp      :964 : 251440949816 us:  amd::Comgr::get_data() return 0 size for agent_triple_target_ids[0]=amdgcn-amd-amdhsa--gfx90c:xnack+
:1:hip_fatbin.cpp           :780 : 251440949822 us:  Cannot find CO in the bundle /usr/lib64/librocsolver.so.0.4 for ISA: amdgcn-amd-amdhsa--gfx90c:xnack+
:3:hip_platform.cpp         :740 : 251440949831 us:  init: Returned hipErrorNoBinaryForGpu : continue parsing remaining modules
:3:hip_code_object.cpp      :964 : 251440956260 us:  amd::Comgr::get_data() return 0 size for agent_triple_target_ids[0]=amdgcn-amd-amdhsa--gfx90c:xnack+
:3:hip_code_object.cpp      :964 : 251440956288 us:  amd::Comgr::get_data() return 0 size for agent_triple_target_ids[0]=amdgcn-amd-amdhsa--gfx90c:xnack+
:3:hip_code_object.cpp      :964 : 251440956293 us:  amd::Comgr::get_data() return 0 size for agent_triple_target_ids[0]=amdgcn-amd-amdhsa--gfx90c:xnack+
:1:hip_fatbin.cpp           :780 : 251440956300 us:  Cannot find CO in the bundle /usr/lib64/librocsolver.so.0.4 for ISA: amdgcn-amd-amdhsa--gfx90c:xnack+
:3:hip_platform.cpp         :740 : 251440956310 us:  init: Returned hipErrorNoBinaryForGpu : continue parsing remaining modules
:3:hip_code_object.cpp      :964 : 251440962552 us:  amd::Comgr::get_data() return 0 size for agent_triple_target_ids[0]=amdgcn-amd-amdhsa--gfx90c:xnack+
:3:hip_code_object.cpp      :964 : 251440962583 us:  amd::Comgr::get_data() return 0 size for agent_triple_target_ids[0]=amdgcn-amd-amdhsa--gfx90c:xnack+
:3:hip_code_object.cpp      :964 : 251440962588 us:  amd::Comgr::get_data() return 0 size for agent_triple_target_ids[0]=amdgcn-amd-amdhsa--gfx90c:xnack+
:1:hip_fatbin.cpp           :780 : 251440962596 us:  Cannot find CO in the bundle /usr/lib64/librocsolver.so.0.4 for ISA: amdgcn-amd-amdhsa--gfx90c:xnack+
:3:hip_platform.cpp         :740 : 251440962606 us:  init: Returned hipErrorNoBinaryForGpu : continue parsing remaining modules
:3:hip_code_object.cpp      :964 : 251440969729 us:  amd::Comgr::get_data() return 0 size for agent_triple_target_ids[0]=amdgcn-amd-amdhsa--gfx90c:xnack+
:3:hip_code_object.cpp      :964 : 251440969761 us:  amd::Comgr::get_data() return 0 size for agent_triple_target_ids[0]=amdgcn-amd-amdhsa--gfx90c:xnack+
:3:hip_code_object.cpp      :964 : 251440969766 us:  amd::Comgr::get_data() return 0 size for agent_triple_target_ids[0]=amdgcn-amd-amdhsa--gfx90c:xnack+
:1:hip_fatbin.cpp           :780 : 251440969772 us:  Cannot find CO in the bundle /usr/lib64/librocsolver.so.0.4 for ISA: amdgcn-amd-amdhsa--gfx90c:xnack+
:3:hip_platform.cpp         :740 : 251440969783 us:  init: Returned hipErrorNoBinaryForGpu : continue parsing remaining modules
:3:hip_code_object.cpp      :964 : 251440976421 us:  amd::Comgr::get_data() return 0 size for agent_triple_target_ids[0]=amdgcn-amd-amdhsa--gfx90c:xnack+
:3:hip_code_object.cpp      :964 : 251440976450 us:  amd::Comgr::get_data() return 0 size for agent_triple_target_ids[0]=amdgcn-amd-amdhsa--gfx90c:xnack+
:3:hip_code_object.cpp      :964 : 251440976456 us:  amd::Comgr::get_data() return 0 size for agent_triple_target_ids[0]=amdgcn-amd-amdhsa--gfx90c:xnack+
:1:hip_fatbin.cpp           :780 : 251440976463 us:  Cannot find CO in the bundle /usr/lib64/librocsolver.so.0.4 for ISA: amdgcn-amd-amdhsa--gfx90c:xnack+
:3:hip_platform.cpp         :740 : 251440976473 us:  init: Returned hipErrorNoBinaryForGpu : continue parsing remaining modules
:3:hip_code_object.cpp      :964 : 251440982845 us:  amd::Comgr::get_data() return 0 size for agent_triple_target_ids[0]=amdgcn-amd-amdhsa--gfx90c:xnack+
:3:hip_code_object.cpp      :964 : 251440982878 us:  amd::Comgr::get_data() return 0 size for agent_triple_target_ids[0]=amdgcn-amd-amdhsa--gfx90c:xnack+
:3:hip_code_object.cpp      :964 : 251440982883 us:  amd::Comgr::get_data() return 0 size for agent_triple_target_ids[0]=amdgcn-amd-amdhsa--gfx90c:xnack+
:1:hip_fatbin.cpp           :780 : 251440982889 us:  Cannot find CO in the bundle /usr/lib64/librocsolver.so.0.4 for ISA: amdgcn-amd-amdhsa--gfx90c:xnack+
:3:hip_platform.cpp         :740 : 251440982910 us:  init: Returned hipErrorNoBinaryForGpu : continue parsing remaining modules
:3:hip_code_object.cpp      :964 : 251440990019 us:  amd::Comgr::get_data() return 0 size for agent_triple_target_ids[0]=amdgcn-amd-amdhsa--gfx90c:xnack+
:3:hip_code_object.cpp      :964 : 251440990055 us:  amd::Comgr::get_data() return 0 size for agent_triple_target_ids[0]=amdgcn-amd-amdhsa--gfx90c:xnack+
:3:hip_code_object.cpp      :964 : 251440990060 us:  amd::Comgr::get_data() return 0 size for agent_triple_target_ids[0]=amdgcn-amd-amdhsa--gfx90c:xnack+
:1:hip_fatbin.cpp           :780 : 251440990067 us:  Cannot find CO in the bundle /usr/lib64/librocsolver.so.0.4 for ISA: amdgcn-amd-amdhsa--gfx90c:xnack+
:3:hip_platform.cpp         :740 : 251440990078 us:  init: Returned hipErrorNoBinaryForGpu : continue parsing remaining modules
:3:hip_code_object.cpp      :964 : 251440996038 us:  amd::Comgr::get_data() return 0 size for agent_triple_target_ids[0]=amdgcn-amd-amdhsa--gfx90c:xnack+
:3:hip_code_object.cpp      :964 : 251440996071 us:  amd::Comgr::get_data() return 0 size for agent_triple_target_ids[0]=amdgcn-amd-amdhsa--gfx90c:xnack+
:3:hip_code_object.cpp      :964 : 251440996076 us:  amd::Comgr::get_data() return 0 size for agent_triple_target_ids[0]=amdgcn-amd-amdhsa--gfx90c:xnack+
:1:hip_fatbin.cpp           :780 : 251440996083 us:  Cannot find CO in the bundle /usr/lib64/librocsolver.so.0.4 for ISA: amdgcn-amd-amdhsa--gfx90c:xnack+
:3:hip_platform.cpp         :740 : 251440996093 us:  init: Returned hipErrorNoBinaryForGpu : continue parsing remaining modules
:3:hip_code_object.cpp      :964 : 251441002819 us:  amd::Comgr::get_data() return 0 size for agent_triple_target_ids[0]=amdgcn-amd-amdhsa--gfx90c:xnack+
:3:hip_code_object.cpp      :964 : 251441002850 us:  amd::Comgr::get_data() return 0 size for agent_triple_target_ids[0]=amdgcn-amd-amdhsa--gfx90c:xnack+
:3:hip_code_object.cpp      :964 : 251441002856 us:  amd::Comgr::get_data() return 0 size for agent_triple_target_ids[0]=amdgcn-amd-amdhsa--gfx90c:xnack+
:1:hip_fatbin.cpp           :780 : 251441002862 us:  Cannot find CO in the bundle /usr/lib64/librocsolver.so.0.4 for ISA: amdgcn-amd-amdhsa--gfx90c:xnack+
:3:hip_platform.cpp         :740 : 251441002873 us:  init: Returned hipErrorNoBinaryForGpu : continue parsing remaining modules
:3:hip_code_object.cpp      :964 : 251441008791 us:  amd::Comgr::get_data() return 0 size for agent_triple_target_ids[0]=amdgcn-amd-amdhsa--gfx90c:xnack+
:3:hip_code_object.cpp      :964 : 251441008823 us:  amd::Comgr::get_data() return 0 size for agent_triple_target_ids[0]=amdgcn-amd-amdhsa--gfx90c:xnack+
:3:hip_code_object.cpp      :964 : 251441008829 us:  amd::Comgr::get_data() return 0 size for agent_triple_target_ids[0]=amdgcn-amd-amdhsa--gfx90c:xnack+
:1:hip_fatbin.cpp           :780 : 251441008835 us:  Cannot find CO in the bundle /usr/lib64/librocsolver.so.0.4 for ISA: amdgcn-amd-amdhsa--gfx90c:xnack+
:3:hip_platform.cpp         :740 : 251441008845 us:  init: Returned hipErrorNoBinaryForGpu : continue parsing remaining modules
:3:hip_code_object.cpp      :964 : 251441017705 us:  amd::Comgr::get_data() return 0 size for agent_triple_target_ids[0]=amdgcn-amd-amdhsa--gfx90c:xnack+
:3:hip_code_object.cpp      :964 : 251441017737 us:  amd::Comgr::get_data() return 0 size for agent_triple_target_ids[0]=amdgcn-amd-amdhsa--gfx90c:xnack+
:3:hip_code_object.cpp      :964 : 251441017743 us:  amd::Comgr::get_data() return 0 size for agent_triple_target_ids[0]=amdgcn-amd-amdhsa--gfx90c:xnack+
:1:hip_fatbin.cpp           :780 : 251441017749 us:  Cannot find CO in the bundle /usr/lib64/librocsolver.so.0.4 for ISA: amdgcn-amd-amdhsa--gfx90c:xnack+
:3:hip_platform.cpp         :740 : 251441017758 us:  init: Returned hipErrorNoBinaryForGpu : continue parsing remaining modules
:3:hip_code_object.cpp      :964 : 251441027113 us:  amd::Comgr::get_data() return 0 size for agent_triple_target_ids[0]=amdgcn-amd-amdhsa--gfx90c:xnack+
:3:hip_code_object.cpp      :964 : 251441027143 us:  amd::Comgr::get_data() return 0 size for agent_triple_target_ids[0]=amdgcn-amd-amdhsa--gfx90c:xnack+
:3:hip_code_object.cpp      :964 : 251441027158 us:  amd::Comgr::get_data() return 0 size for agent_triple_target_ids[0]=amdgcn-amd-amdhsa--gfx90c:xnack+
:1:hip_fatbin.cpp           :780 : 251441027165 us:  Cannot find CO in the bundle /usr/lib64/librocsolver.so.0.4 for ISA: amdgcn-amd-amdhsa--gfx90c:xnack+
:3:hip_platform.cpp         :740 : 251441027173 us:  init: Returned hipErrorNoBinaryForGpu : continue parsing remaining modules
:3:hip_code_object.cpp      :964 : 251441035736 us:  amd::Comgr::get_data() return 0 size for agent_triple_target_ids[0]=amdgcn-amd-amdhsa--gfx90c:xnack+
:3:hip_code_object.cpp      :964 : 251441035767 us:  amd::Comgr::get_data() return 0 size for agent_triple_target_ids[0]=amdgcn-amd-amdhsa--gfx90c:xnack+
:3:hip_code_object.cpp      :964 : 251441035772 us:  amd::Comgr::get_data() return 0 size for agent_triple_target_ids[0]=amdgcn-amd-amdhsa--gfx90c:xnack+
:1:hip_fatbin.cpp           :780 : 251441035779 us:  Cannot find CO in the bundle /usr/lib64/librocsolver.so.0.4 for ISA: amdgcn-amd-amdhsa--gfx90c:xnack+
:3:hip_platform.cpp         :740 : 251441035788 us:  init: Returned hipErrorNoBinaryForGpu : continue parsing remaining modules
:3:hip_code_object.cpp      :964 : 251441044139 us:  amd::Comgr::get_data() return 0 size for agent_triple_target_ids[0]=amdgcn-amd-amdhsa--gfx90c:xnack+
:3:hip_code_object.cpp      :964 : 251441044169 us:  amd::Comgr::get_data() return 0 size for agent_triple_target_ids[0]=amdgcn-amd-amdhsa--gfx90c:xnack+
:3:hip_code_object.cpp      :964 : 251441044174 us:  amd::Comgr::get_data() return 0 size for agent_triple_target_ids[0]=amdgcn-amd-amdhsa--gfx90c:xnack+
:1:hip_fatbin.cpp           :780 : 251441044181 us:  Cannot find CO in the bundle /usr/lib64/librocsolver.so.0.4 for ISA: amdgcn-amd-amdhsa--gfx90c:xnack+
:3:hip_platform.cpp         :740 : 251441044191 us:  init: Returned hipErrorNoBinaryForGpu : continue parsing remaining modules
:3:hip_code_object.cpp      :964 : 251441053442 us:  amd::Comgr::get_data() return 0 size for agent_triple_target_ids[0]=amdgcn-amd-amdhsa--gfx90c:xnack+
:3:hip_code_object.cpp      :964 : 251441053471 us:  amd::Comgr::get_data() return 0 size for agent_triple_target_ids[0]=amdgcn-amd-amdhsa--gfx90c:xnack+
:3:hip_code_object.cpp      :964 : 251441053476 us:  amd::Comgr::get_data() return 0 size for agent_triple_target_ids[0]=amdgcn-amd-amdhsa--gfx90c:xnack+
:1:hip_fatbin.cpp           :780 : 251441053483 us:  Cannot find CO in the bundle /usr/lib64/librocsolver.so.0.4 for ISA: amdgcn-amd-amdhsa--gfx90c:xnack+
:3:hip_platform.cpp         :740 : 251441053492 us:  init: Returned hipErrorNoBinaryForGpu : continue parsing remaining modules
:3:hip_code_object.cpp      :964 : 251441061603 us:  amd::Comgr::get_data() return 0 size for agent_triple_target_ids[0]=amdgcn-amd-amdhsa--gfx90c:xnack+
:3:hip_code_object.cpp      :964 : 251441061633 us:  amd::Comgr::get_data() return 0 size for agent_triple_target_ids[0]=amdgcn-amd-amdhsa--gfx90c:xnack+
:3:hip_code_object.cpp      :964 : 251441061638 us:  amd::Comgr::get_data() return 0 size for agent_triple_target_ids[0]=amdgcn-amd-amdhsa--gfx90c:xnack+
:1:hip_fatbin.cpp           :780 : 251441061644 us:  Cannot find CO in the bundle /usr/lib64/librocsolver.so.0.4 for ISA: amdgcn-amd-amdhsa--gfx90c:xnack+
:3:hip_platform.cpp         :740 : 251441061654 us:  init: Returned hipErrorNoBinaryForGpu : continue parsing remaining modules
:3:hip_code_object.cpp      :964 : 251441067929 us:  amd::Comgr::get_data() return 0 size for agent_triple_target_ids[0]=amdgcn-amd-amdhsa--gfx90c:xnack+
:3:hip_code_object.cpp      :964 : 251441067960 us:  amd::Comgr::get_data() return 0 size for agent_triple_target_ids[0]=amdgcn-amd-amdhsa--gfx90c:xnack+
:3:hip_code_object.cpp      :964 : 251441067965 us:  amd::Comgr::get_data() return 0 size for agent_triple_target_ids[0]=amdgcn-amd-amdhsa--gfx90c:xnack+
:1:hip_fatbin.cpp           :780 : 251441067972 us:  Cannot find CO in the bundle /usr/lib64/librocsolver.so.0.4 for ISA: amdgcn-amd-amdhsa--gfx90c:xnack+
:3:hip_platform.cpp         :740 : 251441067996 us:  init: Returned hipErrorNoBinaryForGpu : continue parsing remaining modules
:3:hip_code_object.cpp      :964 : 251441073743 us:  amd::Comgr::get_data() return 0 size for agent_triple_target_ids[0]=amdgcn-amd-amdhsa--gfx90c:xnack+
:3:hip_code_object.cpp      :964 : 251441073772 us:  amd::Comgr::get_data() return 0 size for agent_triple_target_ids[0]=amdgcn-amd-amdhsa--gfx90c:xnack+
:3:hip_code_object.cpp      :964 : 251441073777 us:  amd::Comgr::get_data() return 0 size for agent_triple_target_ids[0]=amdgcn-amd-amdhsa--gfx90c:xnack+
:1:hip_fatbin.cpp           :780 : 251441073784 us:  Cannot find CO in the bundle /usr/lib64/librocsolver.so.0.4 for ISA: amdgcn-amd-amdhsa--gfx90c:xnack+
:3:hip_platform.cpp         :740 : 251441073794 us:  init: Returned hipErrorNoBinaryForGpu : continue parsing remaining modules
:3:hip_code_object.cpp      :964 : 251441080373 us:  amd::Comgr::get_data() return 0 size for agent_triple_target_ids[0]=amdgcn-amd-amdhsa--gfx90c:xnack+
:3:hip_code_object.cpp      :964 : 251441080403 us:  amd::Comgr::get_data() return 0 size for agent_triple_target_ids[0]=amdgcn-amd-amdhsa--gfx90c:xnack+
:3:hip_code_object.cpp      :964 : 251441080408 us:  amd::Comgr::get_data() return 0 size for agent_triple_target_ids[0]=amdgcn-amd-amdhsa--gfx90c:xnack+
:1:hip_fatbin.cpp           :780 : 251441080415 us:  Cannot find CO in the bundle /usr/lib64/librocsolver.so.0.4 for ISA: amdgcn-amd-amdhsa--gfx90c:xnack+
:3:hip_platform.cpp         :740 : 251441080426 us:  init: Returned hipErrorNoBinaryForGpu : continue parsing remaining modules
:3:hip_code_object.cpp      :964 : 251441084560 us:  amd::Comgr::get_data() return 0 size for agent_triple_target_ids[0]=amdgcn-amd-amdhsa--gfx90c:xnack+
:3:hip_code_object.cpp      :964 : 251441084594 us:  amd::Comgr::get_data() return 0 size for agent_triple_target_ids[0]=amdgcn-amd-amdhsa--gfx90c:xnack+
:3:hip_code_object.cpp      :964 : 251441084599 us:  amd::Comgr::get_data() return 0 size for agent_triple_target_ids[0]=amdgcn-amd-amdhsa--gfx90c:xnack+
:1:hip_fatbin.cpp           :780 : 251441084606 us:  Cannot find CO in the bundle /usr/lib64/librocsolver.so.0.4 for ISA: amdgcn-amd-amdhsa--gfx90c:xnack+
:3:hip_platform.cpp         :740 : 251441084617 us:  init: Returned hipErrorNoBinaryForGpu : continue parsing remaining modules
:3:hip_code_object.cpp      :964 : 251441085821 us:  amd::Comgr::get_data() return 0 size for agent_triple_target_ids[0]=amdgcn-amd-amdhsa--gfx90c:xnack+
:3:hip_code_object.cpp      :964 : 251441085836 us:  amd::Comgr::get_data() return 0 size for agent_triple_target_ids[0]=amdgcn-amd-amdhsa--gfx90c:xnack+
:3:hip_code_object.cpp      :964 : 251441085841 us:  amd::Comgr::get_data() return 0 size for agent_triple_target_ids[0]=amdgcn-amd-amdhsa--gfx90c:xnack+
:1:hip_fatbin.cpp           :780 : 251441085846 us:  Cannot find CO in the bundle /usr/lib64/librocsolver.so.0.4 for ISA: amdgcn-amd-amdhsa--gfx90c:xnack+
:3:hip_platform.cpp         :740 : 251441085853 us:  init: Returned hipErrorNoBinaryForGpu : continue parsing remaining modules
:3:hip_code_object.cpp      :964 : 251441086791 us:  amd::Comgr::get_data() return 0 size for agent_triple_target_ids[0]=amdgcn-amd-amdhsa--gfx90c:xnack+
:3:hip_code_object.cpp      :964 : 251441086803 us:  amd::Comgr::get_data() return 0 size for agent_triple_target_ids[0]=amdgcn-amd-amdhsa--gfx90c:xnack+
:3:hip_code_object.cpp      :964 : 251441086808 us:  amd::Comgr::get_data() return 0 size for agent_triple_target_ids[0]=amdgcn-amd-amdhsa--gfx90c:xnack+
:1:hip_fatbin.cpp           :780 : 251441086813 us:  Cannot find CO in the bundle /usr/lib64/librocsolver.so.0.4 for ISA: amdgcn-amd-amdhsa--gfx90c:xnack+
:3:hip_platform.cpp         :740 : 251441086819 us:  init: Returned hipErrorNoBinaryForGpu : continue parsing remaining modules
:3:hip_code_object.cpp      :964 : 251441087615 us:  amd::Comgr::get_data() return 0 size for agent_triple_target_ids[0]=amdgcn-amd-amdhsa--gfx90c:xnack+
:3:hip_code_object.cpp      :964 : 251441087627 us:  amd::Comgr::get_data() return 0 size for agent_triple_target_ids[0]=amdgcn-amd-amdhsa--gfx90c:xnack+
:3:hip_code_object.cpp      :964 : 251441087640 us:  amd::Comgr::get_data() return 0 size for agent_triple_target_ids[0]=amdgcn-amd-amdhsa--gfx90c:xnack+
:1:hip_fatbin.cpp           :780 : 251441087645 us:  Cannot find CO in the bundle /usr/lib64/librocsolver.so.0.4 for ISA: amdgcn-amd-amdhsa--gfx90c:xnack+
:3:hip_platform.cpp         :740 : 251441087651 us:  init: Returned hipErrorNoBinaryForGpu : continue parsing remaining modules
:3:hip_code_object.cpp      :964 : 251441088442 us:  amd::Comgr::get_data() return 0 size for agent_triple_target_ids[0]=amdgcn-amd-amdhsa--gfx90c:xnack+
:3:hip_code_object.cpp      :964 : 251441088454 us:  amd::Comgr::get_data() return 0 size for agent_triple_target_ids[0]=amdgcn-amd-amdhsa--gfx90c:xnack+
:3:hip_code_object.cpp      :964 : 251441088459 us:  amd::Comgr::get_data() return 0 size for agent_triple_target_ids[0]=amdgcn-amd-amdhsa--gfx90c:xnack+
:1:hip_fatbin.cpp           :780 : 251441088464 us:  Cannot find CO in the bundle /usr/lib64/librocsolver.so.0.4 for ISA: amdgcn-amd-amdhsa--gfx90c:xnack+
:3:hip_platform.cpp         :740 : 251441088470 us:  init: Returned hipErrorNoBinaryForGpu : continue parsing remaining modules
:3:hip_code_object.cpp      :964 : 251441089200 us:  amd::Comgr::get_data() return 0 size for agent_triple_target_ids[0]=amdgcn-amd-amdhsa--gfx90c:xnack+
:3:hip_code_object.cpp      :964 : 251441089212 us:  amd::Comgr::get_data() return 0 size for agent_triple_target_ids[0]=amdgcn-amd-amdhsa--gfx90c:xnack+
:3:hip_code_object.cpp      :964 : 251441089217 us:  amd::Comgr::get_data() return 0 size for agent_triple_target_ids[0]=amdgcn-amd-amdhsa--gfx90c:xnack+
:1:hip_fatbin.cpp           :780 : 251441089222 us:  Cannot find CO in the bundle /usr/lib64/librocsolver.so.0.4 for ISA: amdgcn-amd-amdhsa--gfx90c:xnack+
:3:hip_platform.cpp         :740 : 251441089228 us:  init: Returned hipErrorNoBinaryForGpu : continue parsing remaining modules
:3:hip_code_object.cpp      :964 : 251441090939 us:  amd::Comgr::get_data() return 0 size for agent_triple_target_ids[0]=amdgcn-amd-amdhsa--gfx90c:xnack+
:3:hip_code_object.cpp      :964 : 251441090955 us:  amd::Comgr::get_data() return 0 size for agent_triple_target_ids[0]=amdgcn-amd-amdhsa--gfx90c:xnack+
:3:hip_code_object.cpp      :964 : 251441090960 us:  amd::Comgr::get_data() return 0 size for agent_triple_target_ids[0]=amdgcn-amd-amdhsa--gfx90c:xnack+
:1:hip_fatbin.cpp           :780 : 251441090965 us:  Cannot find CO in the bundle /usr/lib64/librocsolver.so.0.4 for ISA: amdgcn-amd-amdhsa--gfx90c:xnack+
:3:hip_platform.cpp         :740 : 251441090972 us:  init: Returned hipErrorNoBinaryForGpu : continue parsing remaining modules
:3:hip_code_object.cpp      :964 : 251441333730 us:  amd::Comgr::get_data() return 0 size for agent_triple_target_ids[0]=amdgcn-amd-amdhsa--gfx90c:xnack+
:3:hip_code_object.cpp      :964 : 251441333757 us:  amd::Comgr::get_data() return 0 size for agent_triple_target_ids[0]=amdgcn-amd-amdhsa--gfx90c:xnack+
:3:hip_code_object.cpp      :964 : 251441333763 us:  amd::Comgr::get_data() return 0 size for agent_triple_target_ids[0]=amdgcn-amd-amdhsa--gfx90c:xnack+
:1:hip_fatbin.cpp           :780 : 251441333771 us:  Cannot find CO in the bundle /usr/lib64/librocsolver.so.0.4 for ISA: amdgcn-amd-amdhsa--gfx90c:xnack+
:3:hip_platform.cpp         :740 : 251441333781 us:  init: Returned hipErrorNoBinaryForGpu : continue parsing remaining modules
:3:hip_code_object.cpp      :964 : 251441334684 us:  amd::Comgr::get_data() return 0 size for agent_triple_target_ids[0]=amdgcn-amd-amdhsa--gfx90c:xnack+
:3:hip_code_object.cpp      :964 : 251441334698 us:  amd::Comgr::get_data() return 0 size for agent_triple_target_ids[0]=amdgcn-amd-amdhsa--gfx90c:xnack+
:3:hip_code_object.cpp      :964 : 251441334703 us:  amd::Comgr::get_data() return 0 size for agent_triple_target_ids[0]=amdgcn-amd-amdhsa--gfx90c:xnack+
:1:hip_fatbin.cpp           :780 : 251441334709 us:  Cannot find CO in the bundle /usr/lib64/librocsolver.so.0.4 for ISA: amdgcn-amd-amdhsa--gfx90c:xnack+
:3:hip_platform.cpp         :740 : 251441334724 us:  init: Returned hipErrorNoBinaryForGpu : continue parsing remaining modules
:3:hip_code_object.cpp      :964 : 251441460039 us:  amd::Comgr::get_data() return 0 size for agent_triple_target_ids[0]=amdgcn-amd-amdhsa--gfx90c:xnack+
:3:hip_code_object.cpp      :964 : 251441460071 us:  amd::Comgr::get_data() return 0 size for agent_triple_target_ids[0]=amdgcn-amd-amdhsa--gfx90c:xnack+
:3:hip_code_object.cpp      :964 : 251441460076 us:  amd::Comgr::get_data() return 0 size for agent_triple_target_ids[0]=amdgcn-amd-amdhsa--gfx90c:xnack+
:1:hip_fatbin.cpp           :780 : 251441460083 us:  Cannot find CO in the bundle /usr/lib64/librocsolver.so.0.4 for ISA: amdgcn-amd-amdhsa--gfx90c:xnack+
:3:hip_platform.cpp         :740 : 251441460093 us:  init: Returned hipErrorNoBinaryForGpu : continue parsing remaining modules
:3:hip_code_object.cpp      :964 : 251441619153 us:  amd::Comgr::get_data() return 0 size for agent_triple_target_ids[0]=amdgcn-amd-amdhsa--gfx90c:xnack+
:3:hip_code_object.cpp      :964 : 251441619188 us:  amd::Comgr::get_data() return 0 size for agent_triple_target_ids[0]=amdgcn-amd-amdhsa--gfx90c:xnack+
:3:hip_code_object.cpp      :964 : 251441619193 us:  amd::Comgr::get_data() return 0 size for agent_triple_target_ids[0]=amdgcn-amd-amdhsa--gfx90c:xnack+
:1:hip_fatbin.cpp           :780 : 251441619201 us:  Cannot find CO in the bundle /usr/lib64/librocsolver.so.0.4 for ISA: amdgcn-amd-amdhsa--gfx90c:xnack+
:3:hip_platform.cpp         :740 : 251441619213 us:  init: Returned hipErrorNoBinaryForGpu : continue parsing remaining modules
:3:hip_code_object.cpp      :964 : 251441883622 us:  amd::Comgr::get_data() return 0 size for agent_triple_target_ids[0]=amdgcn-amd-amdhsa--gfx90c:xnack+
:3:hip_code_object.cpp      :964 : 251441883652 us:  amd::Comgr::get_data() return 0 size for agent_triple_target_ids[0]=amdgcn-amd-amdhsa--gfx90c:xnack+
:3:hip_code_object.cpp      :964 : 251441883658 us:  amd::Comgr::get_data() return 0 size for agent_triple_target_ids[0]=amdgcn-amd-amdhsa--gfx90c:xnack+
:1:hip_fatbin.cpp           :780 : 251441883665 us:  Cannot find CO in the bundle /usr/lib64/librocsolver.so.0.4 for ISA: amdgcn-amd-amdhsa--gfx90c:xnack+
:3:hip_platform.cpp         :740 : 251441883676 us:  init: Returned hipErrorNoBinaryForGpu : continue parsing remaining modules
:3:hip_code_object.cpp      :964 : 251442448549 us:  amd::Comgr::get_data() return 0 size for agent_triple_target_ids[0]=amdgcn-amd-amdhsa--gfx90c:xnack+
:3:hip_code_object.cpp      :964 : 251442448579 us:  amd::Comgr::get_data() return 0 size for agent_triple_target_ids[0]=amdgcn-amd-amdhsa--gfx90c:xnack+
:3:hip_code_object.cpp      :964 : 251442448585 us:  amd::Comgr::get_data() return 0 size for agent_triple_target_ids[0]=amdgcn-amd-amdhsa--gfx90c:xnack+
:1:hip_fatbin.cpp           :780 : 251442455930 us:  Cannot find CO in the bundle /usr/lib64/librocsolver.so.0.4 for ISA: amdgcn-amd-amdhsa--gfx90c:xnack+
:3:hip_platform.cpp         :740 : 251442455959 us:  init: Returned hipErrorNoBinaryForGpu : continue parsing remaining modules
:3:hip_code_object.cpp      :964 : 251442701603 us:  amd::Comgr::get_data() return 0 size for agent_triple_target_ids[0]=amdgcn-amd-amdhsa--gfx90c:xnack+
:3:hip_code_object.cpp      :964 : 251442701629 us:  amd::Comgr::get_data() return 0 size for agent_triple_target_ids[0]=amdgcn-amd-amdhsa--gfx90c:xnack+
:3:hip_code_object.cpp      :964 : 251442701635 us:  amd::Comgr::get_data() return 0 size for agent_triple_target_ids[0]=amdgcn-amd-amdhsa--gfx90c:xnack+
:1:hip_fatbin.cpp           :780 : 251442701642 us:  Cannot find CO in the bundle /usr/lib64/librocsolver.so.0.4 for ISA: amdgcn-amd-amdhsa--gfx90c:xnack+
:3:hip_platform.cpp         :740 : 251442701652 us:  init: Returned hipErrorNoBinaryForGpu : continue parsing remaining modules
:3:hip_code_object.cpp      :964 : 251442703017 us:  amd::Comgr::get_data() return 0 size for agent_triple_target_ids[0]=amdgcn-amd-amdhsa--gfx90c:xnack+
:3:hip_code_object.cpp      :964 : 251442703035 us:  amd::Comgr::get_data() return 0 size for agent_triple_target_ids[0]=amdgcn-amd-amdhsa--gfx90c:xnack+
:3:hip_code_object.cpp      :964 : 251442703047 us:  amd::Comgr::get_data() return 0 size for agent_triple_target_ids[0]=amdgcn-amd-amdhsa--gfx90c:xnack+
:1:hip_fatbin.cpp           :780 : 251442703052 us:  Cannot find CO in the bundle /usr/lib64/librocsolver.so.0.4 for ISA: amdgcn-amd-amdhsa--gfx90c:xnack+
:3:hip_platform.cpp         :740 : 251442703059 us:  init: Returned hipErrorNoBinaryForGpu : continue parsing remaining modules
:3:hip_code_object.cpp      :964 : 251442704374 us:  amd::Comgr::get_data() return 0 size for agent_triple_target_ids[0]=amdgcn-amd-amdhsa--gfx90c:xnack+
:3:hip_code_object.cpp      :964 : 251442704388 us:  amd::Comgr::get_data() return 0 size for agent_triple_target_ids[0]=amdgcn-amd-amdhsa--gfx90c:xnack+
:3:hip_code_object.cpp      :964 : 251442704393 us:  amd::Comgr::get_data() return 0 size for agent_triple_target_ids[0]=amdgcn-amd-amdhsa--gfx90c:xnack+
:1:hip_fatbin.cpp           :780 : 251442704398 us:  Cannot find CO in the bundle /usr/lib64/librocsolver.so.0.4 for ISA: amdgcn-amd-amdhsa--gfx90c:xnack+
:3:hip_platform.cpp         :740 : 251442704405 us:  init: Returned hipErrorNoBinaryForGpu : continue parsing remaining modules
:3:hip_code_object.cpp      :964 : 251442705449 us:  amd::Comgr::get_data() return 0 size for agent_triple_target_ids[0]=amdgcn-amd-amdhsa--gfx90c:xnack+
:3:hip_code_object.cpp      :964 : 251442705462 us:  amd::Comgr::get_data() return 0 size for agent_triple_target_ids[0]=amdgcn-amd-amdhsa--gfx90c:xnack+
:3:hip_code_object.cpp      :964 : 251442705467 us:  amd::Comgr::get_data() return 0 size for agent_triple_target_ids[0]=amdgcn-amd-amdhsa--gfx90c:xnack+
:1:hip_fatbin.cpp           :780 : 251442705472 us:  Cannot find CO in the bundle /usr/lib64/librocsolver.so.0.4 for ISA: amdgcn-amd-amdhsa--gfx90c:xnack+
:3:hip_platform.cpp         :740 : 251442705478 us:  init: Returned hipErrorNoBinaryForGpu : continue parsing remaining modules
:3:hip_code_object.cpp      :964 : 251443467551 us:  amd::Comgr::get_data() return 0 size for agent_triple_target_ids[0]=amdgcn-amd-amdhsa--gfx90c:xnack+
:3:hip_code_object.cpp      :964 : 251443467594 us:  amd::Comgr::get_data() return 0 size for agent_triple_target_ids[0]=amdgcn-amd-amdhsa--gfx90c:xnack+
:3:hip_code_object.cpp      :964 : 251443467599 us:  amd::Comgr::get_data() return 0 size for agent_triple_target_ids[0]=amdgcn-amd-amdhsa--gfx90c:xnack+
:1:hip_fatbin.cpp           :780 : 251443467607 us:  Cannot find CO in the bundle /usr/lib64/librocblas.so.4.4 for ISA: amdgcn-amd-amdhsa--gfx90c:xnack+
:3:hip_platform.cpp         :740 : 251443467618 us:  init: Returned hipErrorNoBinaryForGpu : continue parsing remaining modules
:3:hip_code_object.cpp      :964 : 251443697413 us:  amd::Comgr::get_data() return 0 size for agent_triple_target_ids[0]=amdgcn-amd-amdhsa--gfx90c:xnack+
:3:hip_code_object.cpp      :964 : 251443697445 us:  amd::Comgr::get_data() return 0 size for agent_triple_target_ids[0]=amdgcn-amd-amdhsa--gfx90c:xnack+
:3:hip_code_object.cpp      :964 : 251443697451 us:  amd::Comgr::get_data() return 0 size for agent_triple_target_ids[0]=amdgcn-amd-amdhsa--gfx90c:xnack+
:1:hip_fatbin.cpp           :780 : 251443697459 us:  Cannot find CO in the bundle /usr/lib64/librocsolver.so.0.4 for ISA: amdgcn-amd-amdhsa--gfx90c:xnack+
:3:hip_platform.cpp         :740 : 251443697469 us:  init: Returned hipErrorNoBinaryForGpu : continue parsing remaining modules
:3:hip_code_object.cpp      :964 : 251443698984 us:  amd::Comgr::get_data() return 0 size for agent_triple_target_ids[0]=amdgcn-amd-amdhsa--gfx90c:xnack+
:3:hip_code_object.cpp      :964 : 251443699008 us:  amd::Comgr::get_data() return 0 size for agent_triple_target_ids[0]=amdgcn-amd-amdhsa--gfx90c:xnack+
:3:hip_code_object.cpp      :964 : 251443699014 us:  amd::Comgr::get_data() return 0 size for agent_triple_target_ids[0]=amdgcn-amd-amdhsa--gfx90c:xnack+
:1:hip_fatbin.cpp           :780 : 251443699020 us:  Cannot find CO in the bundle /usr/lib64/librocsolver.so.0.4 for ISA: amdgcn-amd-amdhsa--gfx90c:xnack+
:3:hip_platform.cpp         :740 : 251443699034 us:  init: Returned hipErrorNoBinaryForGpu : continue parsing remaining modules
:3:hip_code_object.cpp      :964 : 251443699919 us:  amd::Comgr::get_data() return 0 size for agent_triple_target_ids[0]=amdgcn-amd-amdhsa--gfx90c:xnack+
:3:hip_code_object.cpp      :964 : 251443699931 us:  amd::Comgr::get_data() return 0 size for agent_triple_target_ids[0]=amdgcn-amd-amdhsa--gfx90c:xnack+
:3:hip_code_object.cpp      :964 : 251443699936 us:  amd::Comgr::get_data() return 0 size for agent_triple_target_ids[0]=amdgcn-amd-amdhsa--gfx90c:xnack+
:1:hip_fatbin.cpp           :780 : 251443699941 us:  Cannot find CO in the bundle /usr/lib64/librocsolver.so.0.4 for ISA: amdgcn-amd-amdhsa--gfx90c:xnack+
:3:hip_platform.cpp         :740 : 251443699947 us:  init: Returned hipErrorNoBinaryForGpu : continue parsing remaining modules
:3:hip_code_object.cpp      :964 : 251444811222 us:  amd::Comgr::get_data() return 0 size for agent_triple_target_ids[0]=amdgcn-amd-amdhsa--gfx90c:xnack+
:3:hip_code_object.cpp      :964 : 251444811253 us:  amd::Comgr::get_data() return 0 size for agent_triple_target_ids[0]=amdgcn-amd-amdhsa--gfx90c:xnack+
:3:hip_code_object.cpp      :964 : 251444811259 us:  amd::Comgr::get_data() return 0 size for agent_triple_target_ids[0]=amdgcn-amd-amdhsa--gfx90c:xnack+
:1:hip_fatbin.cpp           :780 : 251444811267 us:  Cannot find CO in the bundle /usr/lib64/librocblas.so.4.4 for ISA: amdgcn-amd-amdhsa--gfx90c:xnack+
:3:hip_platform.cpp         :740 : 251444811277 us:  init: Returned hipErrorNoBinaryForGpu : continue parsing remaining modules
:3:hip_code_object.cpp      :964 : 251445073450 us:  amd::Comgr::get_data() return 0 size for agent_triple_target_ids[0]=amdgcn-amd-amdhsa--gfx90c:xnack+
:3:hip_code_object.cpp      :964 : 251445073480 us:  amd::Comgr::get_data() return 0 size for agent_triple_target_ids[0]=amdgcn-amd-amdhsa--gfx90c:xnack+
:3:hip_code_object.cpp      :964 : 251445073485 us:  amd::Comgr::get_data() return 0 size for agent_triple_target_ids[0]=amdgcn-amd-amdhsa--gfx90c:xnack+
:1:hip_fatbin.cpp           :780 : 251445073493 us:  Cannot find CO in the bundle /usr/lib64/librocsolver.so.0.4 for ISA: amdgcn-amd-amdhsa--gfx90c:xnack+
:3:hip_platform.cpp         :740 : 251445073503 us:  init: Returned hipErrorNoBinaryForGpu : continue parsing remaining modules
:3:hip_code_object.cpp      :964 : 251445077402 us:  amd::Comgr::get_data() return 0 size for agent_triple_target_ids[0]=amdgcn-amd-amdhsa--gfx90c:xnack+
:3:hip_code_object.cpp      :964 : 251445077431 us:  amd::Comgr::get_data() return 0 size for agent_triple_target_ids[0]=amdgcn-amd-amdhsa--gfx90c:xnack+
:3:hip_code_object.cpp      :964 : 251445077436 us:  amd::Comgr::get_data() return 0 size for agent_triple_target_ids[0]=amdgcn-amd-amdhsa--gfx90c:xnack+
:1:hip_fatbin.cpp           :780 : 251445077442 us:  Cannot find CO in the bundle /usr/lib64/librocblas.so.4.4 for ISA: amdgcn-amd-amdhsa--gfx90c:xnack+
:3:hip_platform.cpp         :740 : 251445077451 us:  init: Returned hipErrorNoBinaryForGpu : continue parsing remaining modules
:3:hip_code_object.cpp      :964 : 251445081377 us:  amd::Comgr::get_data() return 0 size for agent_triple_target_ids[0]=amdgcn-amd-amdhsa--gfx90c:xnack+
:3:hip_code_object.cpp      :964 : 251445081402 us:  amd::Comgr::get_data() return 0 size for agent_triple_target_ids[0]=amdgcn-amd-amdhsa--gfx90c:xnack+
:3:hip_code_object.cpp      :964 : 251445081407 us:  amd::Comgr::get_data() return 0 size for agent_triple_target_ids[0]=amdgcn-amd-amdhsa--gfx90c:xnack+
:1:hip_fatbin.cpp           :780 : 251445081413 us:  Cannot find CO in the bundle /usr/lib64/librocblas.so.4.4 for ISA: amdgcn-amd-amdhsa--gfx90c:xnack+
:3:hip_platform.cpp         :740 : 251445081422 us:  init: Returned hipErrorNoBinaryForGpu : continue parsing remaining modules
:3:hip_code_object.cpp      :964 : 251445082743 us:  amd::Comgr::get_data() return 0 size for agent_triple_target_ids[0]=amdgcn-amd-amdhsa--gfx90c:xnack+
:3:hip_code_object.cpp      :964 : 251445082756 us:  amd::Comgr::get_data() return 0 size for agent_triple_target_ids[0]=amdgcn-amd-amdhsa--gfx90c:xnack+
:3:hip_code_object.cpp      :964 : 251445082769 us:  amd::Comgr::get_data() return 0 size for agent_triple_target_ids[0]=amdgcn-amd-amdhsa--gfx90c:xnack+
:1:hip_fatbin.cpp           :780 : 251445082775 us:  Cannot find CO in the bundle /usr/lib64/librocsolver.so.0.4 for ISA: amdgcn-amd-amdhsa--gfx90c:xnack+
:3:hip_platform.cpp         :740 : 251445082781 us:  init: Returned hipErrorNoBinaryForGpu : continue parsing remaining modules
:3:hip_code_object.cpp      :964 : 251445083685 us:  amd::Comgr::get_data() return 0 size for agent_triple_target_ids[0]=amdgcn-amd-amdhsa--gfx90c:xnack+
:3:hip_code_object.cpp      :964 : 251445083698 us:  amd::Comgr::get_data() return 0 size for agent_triple_target_ids[0]=amdgcn-amd-amdhsa--gfx90c:xnack+
:3:hip_code_object.cpp      :964 : 251445083703 us:  amd::Comgr::get_data() return 0 size for agent_triple_target_ids[0]=amdgcn-amd-amdhsa--gfx90c:xnack+
:1:hip_fatbin.cpp           :780 : 251445083708 us:  Cannot find CO in the bundle /usr/lib64/librocsolver.so.0.4 for ISA: amdgcn-amd-amdhsa--gfx90c:xnack+
:3:hip_platform.cpp         :740 : 251445083714 us:  init: Returned hipErrorNoBinaryForGpu : continue parsing remaining modules
:3:hip_code_object.cpp      :964 : 251445094055 us:  amd::Comgr::get_data() return 0 size for agent_triple_target_ids[0]=amdgcn-amd-amdhsa--gfx90c:xnack+
:3:hip_code_object.cpp      :964 : 251445094087 us:  amd::Comgr::get_data() return 0 size for agent_triple_target_ids[0]=amdgcn-amd-amdhsa--gfx90c:xnack+
:3:hip_code_object.cpp      :964 : 251445094093 us:  amd::Comgr::get_data() return 0 size for agent_triple_target_ids[0]=amdgcn-amd-amdhsa--gfx90c:xnack+
:1:hip_fatbin.cpp           :780 : 251445094099 us:  Cannot find CO in the bundle /usr/lib64/librocblas.so.4.4 for ISA: amdgcn-amd-amdhsa--gfx90c:xnack+
:3:hip_platform.cpp         :740 : 251445094109 us:  init: Returned hipErrorNoBinaryForGpu : continue parsing remaining modules
:3:hip_code_object.cpp      :964 : 251445096345 us:  amd::Comgr::get_data() return 0 size for agent_triple_target_ids[0]=amdgcn-amd-amdhsa--gfx90c:xnack+
:3:hip_code_object.cpp      :964 : 251445096363 us:  amd::Comgr::get_data() return 0 size for agent_triple_target_ids[0]=amdgcn-amd-amdhsa--gfx90c:xnack+
:3:hip_code_object.cpp      :964 : 251445096368 us:  amd::Comgr::get_data() return 0 size for agent_triple_target_ids[0]=amdgcn-amd-amdhsa--gfx90c:xnack+
:1:hip_fatbin.cpp           :780 : 251445096373 us:  Cannot find CO in the bundle /usr/lib64/librocblas.so.4.4 for ISA: amdgcn-amd-amdhsa--gfx90c:xnack+
:3:hip_platform.cpp         :740 : 251445096380 us:  init: Returned hipErrorNoBinaryForGpu : continue parsing remaining modules
:3:hip_code_object.cpp      :964 : 251445097558 us:  amd::Comgr::get_data() return 0 size for agent_triple_target_ids[0]=amdgcn-amd-amdhsa--gfx90c:xnack+
:3:hip_code_object.cpp      :964 : 251445097571 us:  amd::Comgr::get_data() return 0 size for agent_triple_target_ids[0]=amdgcn-amd-amdhsa--gfx90c:xnack+
:3:hip_code_object.cpp      :964 : 251445097575 us:  amd::Comgr::get_data() return 0 size for agent_triple_target_ids[0]=amdgcn-amd-amdhsa--gfx90c:xnack+
:1:hip_fatbin.cpp           :780 : 251445097581 us:  Cannot find CO in the bundle /usr/lib64/librocsolver.so.0.4 for ISA: amdgcn-amd-amdhsa--gfx90c:xnack+
:3:hip_platform.cpp         :740 : 251445097586 us:  init: Returned hipErrorNoBinaryForGpu : continue parsing remaining modules
:3:hip_code_object.cpp      :964 : 251445797274 us:  amd::Comgr::get_data() return 0 size for agent_triple_target_ids[0]=amdgcn-amd-amdhsa--gfx90c:xnack+
:3:hip_code_object.cpp      :964 : 251445797305 us:  amd::Comgr::get_data() return 0 size for agent_triple_target_ids[0]=amdgcn-amd-amdhsa--gfx90c:xnack+
:3:hip_code_object.cpp      :964 : 251445797310 us:  amd::Comgr::get_data() return 0 size for agent_triple_target_ids[0]=amdgcn-amd-amdhsa--gfx90c:xnack+
:1:hip_fatbin.cpp           :780 : 251445805871 us:  Cannot find CO in the bundle /usr/lib64/librocsolver.so.0.4 for ISA: amdgcn-amd-amdhsa--gfx90c:xnack+
:3:hip_platform.cpp         :740 : 251445805926 us:  init: Returned hipErrorNoBinaryForGpu : continue parsing remaining modules
:3:hip_code_object.cpp      :964 : 251445807472 us:  amd::Comgr::get_data() return 0 size for agent_triple_target_ids[0]=amdgcn-amd-amdhsa--gfx90c:xnack+
:3:hip_code_object.cpp      :964 : 251445807488 us:  amd::Comgr::get_data() return 0 size for agent_triple_target_ids[0]=amdgcn-amd-amdhsa--gfx90c:xnack+
:3:hip_code_object.cpp      :964 : 251445807493 us:  amd::Comgr::get_data() return 0 size for agent_triple_target_ids[0]=amdgcn-amd-amdhsa--gfx90c:xnack+
:1:hip_fatbin.cpp           :780 : 251445807499 us:  Cannot find CO in the bundle /usr/lib64/librocsolver.so.0.4 for ISA: amdgcn-amd-amdhsa--gfx90c:xnack+
:3:hip_platform.cpp         :740 : 251445807506 us:  init: Returned hipErrorNoBinaryForGpu : continue parsing remaining modules
:3:hip_code_object.cpp      :964 : 251445808773 us:  amd::Comgr::get_data() return 0 size for agent_triple_target_ids[0]=amdgcn-amd-amdhsa--gfx90c:xnack+
:3:hip_code_object.cpp      :964 : 251445808786 us:  amd::Comgr::get_data() return 0 size for agent_triple_target_ids[0]=amdgcn-amd-amdhsa--gfx90c:xnack+
:3:hip_code_object.cpp      :964 : 251445808792 us:  amd::Comgr::get_data() return 0 size for agent_triple_target_ids[0]=amdgcn-amd-amdhsa--gfx90c:xnack+
:1:hip_fatbin.cpp           :780 : 251445808797 us:  Cannot find CO in the bundle /usr/lib64/librocsolver.so.0.4 for ISA: amdgcn-amd-amdhsa--gfx90c:xnack+
:3:hip_platform.cpp         :740 : 251445808802 us:  init: Returned hipErrorNoBinaryForGpu : continue parsing remaining modules
:3:hip_code_object.cpp      :964 : 251445810647 us:  amd::Comgr::get_data() return 0 size for agent_triple_target_ids[0]=amdgcn-amd-amdhsa--gfx90c:xnack+
:3:hip_code_object.cpp      :964 : 251445810663 us:  amd::Comgr::get_data() return 0 size for agent_triple_target_ids[0]=amdgcn-amd-amdhsa--gfx90c:xnack+
:3:hip_code_object.cpp      :964 : 251445810668 us:  amd::Comgr::get_data() return 0 size for agent_triple_target_ids[0]=amdgcn-amd-amdhsa--gfx90c:xnack+
:1:hip_fatbin.cpp           :780 : 251445810674 us:  Cannot find CO in the bundle /usr/lib64/librocsolver.so.0.4 for ISA: amdgcn-amd-amdhsa--gfx90c:xnack+
:3:hip_platform.cpp         :740 : 251445810680 us:  init: Returned hipErrorNoBinaryForGpu : continue parsing remaining modules
:3:hip_code_object.cpp      :964 : 251445811878 us:  amd::Comgr::get_data() return 0 size for agent_triple_target_ids[0]=amdgcn-amd-amdhsa--gfx90c:xnack+
:3:hip_code_object.cpp      :964 : 251445811891 us:  amd::Comgr::get_data() return 0 size for agent_triple_target_ids[0]=amdgcn-amd-amdhsa--gfx90c:xnack+
:3:hip_code_object.cpp      :964 : 251445811897 us:  amd::Comgr::get_data() return 0 size for agent_triple_target_ids[0]=amdgcn-amd-amdhsa--gfx90c:xnack+
:1:hip_fatbin.cpp           :780 : 251445811902 us:  Cannot find CO in the bundle /usr/lib64/librocsolver.so.0.4 for ISA: amdgcn-amd-amdhsa--gfx90c:xnack+
:3:hip_platform.cpp         :740 : 251445811907 us:  init: Returned hipErrorNoBinaryForGpu : continue parsing remaining modules
:3:hip_code_object.cpp      :964 : 251445813391 us:  amd::Comgr::get_data() return 0 size for agent_triple_target_ids[0]=amdgcn-amd-amdhsa--gfx90c:xnack+
:3:hip_code_object.cpp      :964 : 251445813405 us:  amd::Comgr::get_data() return 0 size for agent_triple_target_ids[0]=amdgcn-amd-amdhsa--gfx90c:xnack+
:3:hip_code_object.cpp      :964 : 251445813410 us:  amd::Comgr::get_data() return 0 size for agent_triple_target_ids[0]=amdgcn-amd-amdhsa--gfx90c:xnack+
:1:hip_fatbin.cpp           :780 : 251445813415 us:  Cannot find CO in the bundle /usr/lib64/librocsolver.so.0.4 for ISA: amdgcn-amd-amdhsa--gfx90c:xnack+
:3:hip_platform.cpp         :740 : 251445813422 us:  init: Returned hipErrorNoBinaryForGpu : continue parsing remaining modules
:3:hip_code_object.cpp      :964 : 251445924021 us:  amd::Comgr::get_data() return 0 size for agent_triple_target_ids[0]=amdgcn-amd-amdhsa--gfx90c:xnack+
:3:hip_code_object.cpp      :964 : 251445924052 us:  amd::Comgr::get_data() return 0 size for agent_triple_target_ids[0]=amdgcn-amd-amdhsa--gfx90c:xnack+
:3:hip_code_object.cpp      :964 : 251445924067 us:  amd::Comgr::get_data() return 0 size for agent_triple_target_ids[0]=amdgcn-amd-amdhsa--gfx90c:xnack+
:1:hip_fatbin.cpp           :780 : 251445924076 us:  Cannot find CO in the bundle /usr/lib64/librocsolver.so.0.4 for ISA: amdgcn-amd-amdhsa--gfx90c:xnack+
:3:hip_platform.cpp         :740 : 251445924086 us:  init: Returned hipErrorNoBinaryForGpu : continue parsing remaining modules
:3:hip_code_object.cpp      :964 : 251445925720 us:  amd::Comgr::get_data() return 0 size for agent_triple_target_ids[0]=amdgcn-amd-amdhsa--gfx90c:xnack+
:3:hip_code_object.cpp      :964 : 251445925740 us:  amd::Comgr::get_data() return 0 size for agent_triple_target_ids[0]=amdgcn-amd-amdhsa--gfx90c:xnack+
:3:hip_code_object.cpp      :964 : 251445925745 us:  amd::Comgr::get_data() return 0 size for agent_triple_target_ids[0]=amdgcn-amd-amdhsa--gfx90c:xnack+
:1:hip_fatbin.cpp           :780 : 251445925751 us:  Cannot find CO in the bundle /usr/lib64/librocsolver.so.0.4 for ISA: amdgcn-amd-amdhsa--gfx90c:xnack+
:3:hip_platform.cpp         :740 : 251445925759 us:  init: Returned hipErrorNoBinaryForGpu : continue parsing remaining modules
:3:hip_code_object.cpp      :964 : 251445926799 us:  amd::Comgr::get_data() return 0 size for agent_triple_target_ids[0]=amdgcn-amd-amdhsa--gfx90c:xnack+
:3:hip_code_object.cpp      :964 : 251445926812 us:  amd::Comgr::get_data() return 0 size for agent_triple_target_ids[0]=amdgcn-amd-amdhsa--gfx90c:xnack+
:3:hip_code_object.cpp      :964 : 251445926817 us:  amd::Comgr::get_data() return 0 size for agent_triple_target_ids[0]=amdgcn-amd-amdhsa--gfx90c:xnack+
:1:hip_fatbin.cpp           :780 : 251445926822 us:  Cannot find CO in the bundle /usr/lib64/librocsolver.so.0.4 for ISA: amdgcn-amd-amdhsa--gfx90c:xnack+
:3:hip_platform.cpp         :740 : 251445926828 us:  init: Returned hipErrorNoBinaryForGpu : continue parsing remaining modules
:3:hip_code_object.cpp      :964 : 251445928131 us:  amd::Comgr::get_data() return 0 size for agent_triple_target_ids[0]=amdgcn-amd-amdhsa--gfx90c:xnack+
:3:hip_code_object.cpp      :964 : 251445928144 us:  amd::Comgr::get_data() return 0 size for agent_triple_target_ids[0]=amdgcn-amd-amdhsa--gfx90c:xnack+
:3:hip_code_object.cpp      :964 : 251445928148 us:  amd::Comgr::get_data() return 0 size for agent_triple_target_ids[0]=amdgcn-amd-amdhsa--gfx90c:xnack+
:1:hip_fatbin.cpp           :780 : 251445928153 us:  Cannot find CO in the bundle /usr/lib64/librocblas.so.4.4 for ISA: amdgcn-amd-amdhsa--gfx90c:xnack+
:3:hip_platform.cpp         :740 : 251445928159 us:  init: Returned hipErrorNoBinaryForGpu : continue parsing remaining modules
:3:hip_code_object.cpp      :964 : 251446884360 us:  amd::Comgr::get_data() return 0 size for agent_triple_target_ids[0]=amdgcn-amd-amdhsa--gfx90c:xnack+
:3:hip_code_object.cpp      :964 : 251446884398 us:  amd::Comgr::get_data() return 0 size for agent_triple_target_ids[0]=amdgcn-amd-amdhsa--gfx90c:xnack+
:3:hip_code_object.cpp      :964 : 251446884405 us:  amd::Comgr::get_data() return 0 size for agent_triple_target_ids[0]=amdgcn-amd-amdhsa--gfx90c:xnack+
:1:hip_fatbin.cpp           :780 : 251446896859 us:  Cannot find CO in the bundle /usr/lib64/librocsolver.so.0.4 for ISA: amdgcn-amd-amdhsa--gfx90c:xnack+
:3:hip_platform.cpp         :740 : 251446896901 us:  init: Returned hipErrorNoBinaryForGpu : continue parsing remaining modules
:3:hip_code_object.cpp      :964 : 251446898112 us:  amd::Comgr::get_data() return 0 size for agent_triple_target_ids[0]=amdgcn-amd-amdhsa--gfx90c:xnack+
:3:hip_code_object.cpp      :964 : 251446898126 us:  amd::Comgr::get_data() return 0 size for agent_triple_target_ids[0]=amdgcn-amd-amdhsa--gfx90c:xnack+
:3:hip_code_object.cpp      :964 : 251446898132 us:  amd::Comgr::get_data() return 0 size for agent_triple_target_ids[0]=amdgcn-amd-amdhsa--gfx90c:xnack+
:1:hip_fatbin.cpp           :780 : 251446898137 us:  Cannot find CO in the bundle /usr/lib64/librocsolver.so.0.4 for ISA: amdgcn-amd-amdhsa--gfx90c:xnack+
:3:hip_platform.cpp         :740 : 251446898151 us:  init: Returned hipErrorNoBinaryForGpu : continue parsing remaining modules
:3:hip_code_object.cpp      :964 : 251446899862 us:  amd::Comgr::get_data() return 0 size for agent_triple_target_ids[0]=amdgcn-amd-amdhsa--gfx90c:xnack+
:3:hip_code_object.cpp      :964 : 251446899877 us:  amd::Comgr::get_data() return 0 size for agent_triple_target_ids[0]=amdgcn-amd-amdhsa--gfx90c:xnack+
:3:hip_code_object.cpp      :964 : 251446899883 us:  amd::Comgr::get_data() return 0 size for agent_triple_target_ids[0]=amdgcn-amd-amdhsa--gfx90c:xnack+
:1:hip_fatbin.cpp           :780 : 251446899888 us:  Cannot find CO in the bundle /usr/lib64/librocsolver.so.0.4 for ISA: amdgcn-amd-amdhsa--gfx90c:xnack+
:3:hip_platform.cpp         :740 : 251446899895 us:  init: Returned hipErrorNoBinaryForGpu : continue parsing remaining modules
:3:hip_code_object.cpp      :964 : 251446901365 us:  amd::Comgr::get_data() return 0 size for agent_triple_target_ids[0]=amdgcn-amd-amdhsa--gfx90c:xnack+
:3:hip_code_object.cpp      :964 : 251446901380 us:  amd::Comgr::get_data() return 0 size for agent_triple_target_ids[0]=amdgcn-amd-amdhsa--gfx90c:xnack+
:3:hip_code_object.cpp      :964 : 251446901385 us:  amd::Comgr::get_data() return 0 size for agent_triple_target_ids[0]=amdgcn-amd-amdhsa--gfx90c:xnack+
:1:hip_fatbin.cpp           :780 : 251446901391 us:  Cannot find CO in the bundle /usr/lib64/librocsolver.so.0.4 for ISA: amdgcn-amd-amdhsa--gfx90c:xnack+
:3:hip_platform.cpp         :740 : 251446901397 us:  init: Returned hipErrorNoBinaryForGpu : continue parsing remaining modules
:3:hip_code_object.cpp      :964 : 251446902386 us:  amd::Comgr::get_data() return 0 size for agent_triple_target_ids[0]=amdgcn-amd-amdhsa--gfx90c:xnack+
:3:hip_code_object.cpp      :964 : 251446902400 us:  amd::Comgr::get_data() return 0 size for agent_triple_target_ids[0]=amdgcn-amd-amdhsa--gfx90c:xnack+
:3:hip_code_object.cpp      :964 : 251446902405 us:  amd::Comgr::get_data() return 0 size for agent_triple_target_ids[0]=amdgcn-amd-amdhsa--gfx90c:xnack+
:1:hip_fatbin.cpp           :780 : 251446902410 us:  Cannot find CO in the bundle /usr/lib64/librocsolver.so.0.4 for ISA: amdgcn-amd-amdhsa--gfx90c:xnack+
:3:hip_platform.cpp         :740 : 251446902416 us:  init: Returned hipErrorNoBinaryForGpu : continue parsing remaining modules
:3:hip_code_object.cpp      :964 : 251446903664 us:  amd::Comgr::get_data() return 0 size for agent_triple_target_ids[0]=amdgcn-amd-amdhsa--gfx90c:xnack+
:3:hip_code_object.cpp      :964 : 251446903678 us:  amd::Comgr::get_data() return 0 size for agent_triple_target_ids[0]=amdgcn-amd-amdhsa--gfx90c:xnack+
:3:hip_code_object.cpp      :964 : 251446903683 us:  amd::Comgr::get_data() return 0 size for agent_triple_target_ids[0]=amdgcn-amd-amdhsa--gfx90c:xnack+
:1:hip_fatbin.cpp           :780 : 251446903688 us:  Cannot find CO in the bundle /usr/lib64/librocsolver.so.0.4 for ISA: amdgcn-amd-amdhsa--gfx90c:xnack+
:3:hip_platform.cpp         :740 : 251446903693 us:  init: Returned hipErrorNoBinaryForGpu : continue parsing remaining modules
:3:hip_code_object.cpp      :964 : 251446907235 us:  amd::Comgr::get_data() return 0 size for agent_triple_target_ids[0]=amdgcn-amd-amdhsa--gfx90c:xnack+
:3:hip_code_object.cpp      :964 : 251446907266 us:  amd::Comgr::get_data() return 0 size for agent_triple_target_ids[0]=amdgcn-amd-amdhsa--gfx90c:xnack+
:3:hip_code_object.cpp      :964 : 251446907271 us:  amd::Comgr::get_data() return 0 size for agent_triple_target_ids[0]=amdgcn-amd-amdhsa--gfx90c:xnack+
:1:hip_fatbin.cpp           :780 : 251446907279 us:  Cannot find CO in the bundle /usr/lib64/librocblas.so.4.4 for ISA: amdgcn-amd-amdhsa--gfx90c:xnack+
:3:hip_platform.cpp         :740 : 251446907289 us:  init: Returned hipErrorNoBinaryForGpu : continue parsing remaining modules
:3:hip_code_object.cpp      :964 : 251446908827 us:  amd::Comgr::get_data() return 0 size for agent_triple_target_ids[0]=amdgcn-amd-amdhsa--gfx90c:xnack+
:3:hip_code_object.cpp      :964 : 251446908845 us:  amd::Comgr::get_data() return 0 size for agent_triple_target_ids[0]=amdgcn-amd-amdhsa--gfx90c:xnack+
:3:hip_code_object.cpp      :964 : 251446908859 us:  amd::Comgr::get_data() return 0 size for agent_triple_target_ids[0]=amdgcn-amd-amdhsa--gfx90c:xnack+
:1:hip_fatbin.cpp           :780 : 251446908865 us:  Cannot find CO in the bundle /usr/lib64/librocsolver.so.0.4 for ISA: amdgcn-amd-amdhsa--gfx90c:xnack+
:3:hip_platform.cpp         :740 : 251446908872 us:  init: Returned hipErrorNoBinaryForGpu : continue parsing remaining modules
:3:hip_code_object.cpp      :964 : 251446911620 us:  amd::Comgr::get_data() return 0 size for agent_triple_target_ids[0]=amdgcn-amd-amdhsa--gfx90c:xnack+
:3:hip_code_object.cpp      :964 : 251446911644 us:  amd::Comgr::get_data() return 0 size for agent_triple_target_ids[0]=amdgcn-amd-amdhsa--gfx90c:xnack+
:3:hip_code_object.cpp      :964 : 251446911650 us:  amd::Comgr::get_data() return 0 size for agent_triple_target_ids[0]=amdgcn-amd-amdhsa--gfx90c:xnack+
:1:hip_fatbin.cpp           :780 : 251446911656 us:  Cannot find CO in the bundle /usr/lib64/librocblas.so.4.4 for ISA: amdgcn-amd-amdhsa--gfx90c:xnack+
:3:hip_platform.cpp         :740 : 251446911664 us:  init: Returned hipErrorNoBinaryForGpu : continue parsing remaining modules
:3:hip_code_object.cpp      :964 : 251446912738 us:  amd::Comgr::get_data() return 0 size for agent_triple_target_ids[0]=amdgcn-amd-amdhsa--gfx90c:xnack+
:3:hip_code_object.cpp      :964 : 251446912751 us:  amd::Comgr::get_data() return 0 size for agent_triple_target_ids[0]=amdgcn-amd-amdhsa--gfx90c:xnack+
:3:hip_code_object.cpp      :964 : 251446912756 us:  amd::Comgr::get_data() return 0 size for agent_triple_target_ids[0]=amdgcn-amd-amdhsa--gfx90c:xnack+
:1:hip_fatbin.cpp           :780 : 251446912762 us:  Cannot find CO in the bundle /usr/lib64/librocsolver.so.0.4 for ISA: amdgcn-amd-amdhsa--gfx90c:xnack+
:3:hip_platform.cpp         :740 : 251446912768 us:  init: Returned hipErrorNoBinaryForGpu : continue parsing remaining modules
:3:hip_code_object.cpp      :964 : 251446921251 us:  amd::Comgr::get_data() return 0 size for agent_triple_target_ids[0]=amdgcn-amd-amdhsa--gfx90c:xnack+
:3:hip_code_object.cpp      :964 : 251446921281 us:  amd::Comgr::get_data() return 0 size for agent_triple_target_ids[0]=amdgcn-amd-amdhsa--gfx90c:xnack+
:3:hip_code_object.cpp      :964 : 251446921286 us:  amd::Comgr::get_data() return 0 size for agent_triple_target_ids[0]=amdgcn-amd-amdhsa--gfx90c:xnack+
:1:hip_fatbin.cpp           :780 : 251446921293 us:  Cannot find CO in the bundle /usr/lib64/librocsolver.so.0.4 for ISA: amdgcn-amd-amdhsa--gfx90c:xnack+
:3:hip_platform.cpp         :740 : 251446921302 us:  init: Returned hipErrorNoBinaryForGpu : continue parsing remaining modules
:3:hip_code_object.cpp      :964 : 251446922627 us:  amd::Comgr::get_data() return 0 size for agent_triple_target_ids[0]=amdgcn-amd-amdhsa--gfx90c:xnack+
:3:hip_code_object.cpp      :964 : 251446922643 us:  amd::Comgr::get_data() return 0 size for agent_triple_target_ids[0]=amdgcn-amd-amdhsa--gfx90c:xnack+
:3:hip_code_object.cpp      :964 : 251446922649 us:  amd::Comgr::get_data() return 0 size for agent_triple_target_ids[0]=amdgcn-amd-amdhsa--gfx90c:xnack+
:1:hip_fatbin.cpp           :780 : 251446922654 us:  Cannot find CO in the bundle /usr/lib64/librocsolver.so.0.4 for ISA: amdgcn-amd-amdhsa--gfx90c:xnack+
:3:hip_platform.cpp         :740 : 251446922661 us:  init: Returned hipErrorNoBinaryForGpu : continue parsing remaining modules
:3:hip_code_object.cpp      :964 : 251446923965 us:  amd::Comgr::get_data() return 0 size for agent_triple_target_ids[0]=amdgcn-amd-amdhsa--gfx90c:xnack+
:3:hip_code_object.cpp      :964 : 251446923979 us:  amd::Comgr::get_data() return 0 size for agent_triple_target_ids[0]=amdgcn-amd-amdhsa--gfx90c:xnack+
:3:hip_code_object.cpp      :964 : 251446923984 us:  amd::Comgr::get_data() return 0 size for agent_triple_target_ids[0]=amdgcn-amd-amdhsa--gfx90c:xnack+
:1:hip_fatbin.cpp           :780 : 251446923990 us:  Cannot find CO in the bundle /usr/lib64/librocblas.so.4.4 for ISA: amdgcn-amd-amdhsa--gfx90c:xnack+
:3:hip_platform.cpp         :740 : 251446924079 us:  init: Returned hipErrorNoBinaryForGpu : continue parsing remaining modules
:3:hip_code_object.cpp      :964 : 251446933656 us:  amd::Comgr::get_data() return 0 size for agent_triple_target_ids[0]=amdgcn-amd-amdhsa--gfx90c:xnack+
:3:hip_code_object.cpp      :964 : 251446933688 us:  amd::Comgr::get_data() return 0 size for agent_triple_target_ids[0]=amdgcn-amd-amdhsa--gfx90c:xnack+
:3:hip_code_object.cpp      :964 : 251446933693 us:  amd::Comgr::get_data() return 0 size for agent_triple_target_ids[0]=amdgcn-amd-amdhsa--gfx90c:xnack+
:1:hip_fatbin.cpp           :780 : 251446933701 us:  Cannot find CO in the bundle /usr/lib64/librocsolver.so.0.4 for ISA: amdgcn-amd-amdhsa--gfx90c:xnack+
:3:hip_platform.cpp         :740 : 251446933710 us:  init: Returned hipErrorNoBinaryForGpu : continue parsing remaining modules
:3:hip_code_object.cpp      :964 : 251446934842 us:  amd::Comgr::get_data() return 0 size for agent_triple_target_ids[0]=amdgcn-amd-amdhsa--gfx90c:xnack+
:3:hip_code_object.cpp      :964 : 251446934856 us:  amd::Comgr::get_data() return 0 size for agent_triple_target_ids[0]=amdgcn-amd-amdhsa--gfx90c:xnack+
:3:hip_code_object.cpp      :964 : 251446934861 us:  amd::Comgr::get_data() return 0 size for agent_triple_target_ids[0]=amdgcn-amd-amdhsa--gfx90c:xnack+
:1:hip_fatbin.cpp           :780 : 251446934866 us:  Cannot find CO in the bundle /usr/lib64/librocblas.so.4.4 for ISA: amdgcn-amd-amdhsa--gfx90c:xnack+
:3:hip_platform.cpp         :740 : 251446934872 us:  init: Returned hipErrorNoBinaryForGpu : continue parsing remaining modules
:3:hip_code_object.cpp      :964 : 251446938801 us:  amd::Comgr::get_data() return 0 size for agent_triple_target_ids[0]=amdgcn-amd-amdhsa--gfx90c:xnack+
:3:hip_code_object.cpp      :964 : 251446938831 us:  amd::Comgr::get_data() return 0 size for agent_triple_target_ids[0]=amdgcn-amd-amdhsa--gfx90c:xnack+
:3:hip_code_object.cpp      :964 : 251446938836 us:  amd::Comgr::get_data() return 0 size for agent_triple_target_ids[0]=amdgcn-amd-amdhsa--gfx90c:xnack+
:1:hip_fatbin.cpp           :780 : 251446938842 us:  Cannot find CO in the bundle /usr/lib64/librocblas.so.4.4 for ISA: amdgcn-amd-amdhsa--gfx90c:xnack+
:3:hip_platform.cpp         :740 : 251446938852 us:  init: Returned hipErrorNoBinaryForGpu : continue parsing remaining modules
:3:hip_code_object.cpp      :964 : 251446940174 us:  amd::Comgr::get_data() return 0 size for agent_triple_target_ids[0]=amdgcn-amd-amdhsa--gfx90c:xnack+
:3:hip_code_object.cpp      :964 : 251446940189 us:  amd::Comgr::get_data() return 0 size for agent_triple_target_ids[0]=amdgcn-amd-amdhsa--gfx90c:xnack+
:3:hip_code_object.cpp      :964 : 251446940194 us:  amd::Comgr::get_data() return 0 size for agent_triple_target_ids[0]=amdgcn-amd-amdhsa--gfx90c:xnack+
:1:hip_fatbin.cpp           :780 : 251446940199 us:  Cannot find CO in the bundle /usr/lib64/librocblas.so.4.4 for ISA: amdgcn-amd-amdhsa--gfx90c:xnack+
:3:hip_platform.cpp         :740 : 251446940205 us:  init: Returned hipErrorNoBinaryForGpu : continue parsing remaining modules
:3:hip_code_object.cpp      :964 : 251446943591 us:  amd::Comgr::get_data() return 0 size for agent_triple_target_ids[0]=amdgcn-amd-amdhsa--gfx90c:xnack+
:3:hip_code_object.cpp      :964 : 251446943622 us:  amd::Comgr::get_data() return 0 size for agent_triple_target_ids[0]=amdgcn-amd-amdhsa--gfx90c:xnack+
:3:hip_code_object.cpp      :964 : 251446943628 us:  amd::Comgr::get_data() return 0 size for agent_triple_target_ids[0]=amdgcn-amd-amdhsa--gfx90c:xnack+
:1:hip_fatbin.cpp           :780 : 251446943635 us:  Cannot find CO in the bundle /usr/lib64/librocsolver.so.0.4 for ISA: amdgcn-amd-amdhsa--gfx90c:xnack+
:3:hip_platform.cpp         :740 : 251446943645 us:  init: Returned hipErrorNoBinaryForGpu : continue parsing remaining modules
:3:hip_code_object.cpp      :964 : 251446945616 us:  amd::Comgr::get_data() return 0 size for agent_triple_target_ids[0]=amdgcn-amd-amdhsa--gfx90c:xnack+
:3:hip_code_object.cpp      :964 : 251446945642 us:  amd::Comgr::get_data() return 0 size for agent_triple_target_ids[0]=amdgcn-amd-amdhsa--gfx90c:xnack+
:3:hip_code_object.cpp      :964 : 251446945656 us:  amd::Comgr::get_data() return 0 size for agent_triple_target_ids[0]=amdgcn-amd-amdhsa--gfx90c:xnack+
:1:hip_fatbin.cpp           :780 : 251446945663 us:  Cannot find CO in the bundle /usr/lib64/librocsolver.so.0.4 for ISA: amdgcn-amd-amdhsa--gfx90c:xnack+
:3:hip_platform.cpp         :740 : 251446945672 us:  init: Returned hipErrorNoBinaryForGpu : continue parsing remaining modules
:3:hip_code_object.cpp      :964 : 251447387248 us:  amd::Comgr::get_data() return 0 size for agent_triple_target_ids[0]=amdgcn-amd-amdhsa--gfx90c:xnack+
:3:hip_code_object.cpp      :964 : 251447387280 us:  amd::Comgr::get_data() return 0 size for agent_triple_target_ids[0]=amdgcn-amd-amdhsa--gfx90c:xnack+
:3:hip_code_object.cpp      :964 : 251447387285 us:  amd::Comgr::get_data() return 0 size for agent_triple_target_ids[0]=amdgcn-amd-amdhsa--gfx90c:xnack+
:1:hip_fatbin.cpp           :780 : 251447387293 us:  Cannot find CO in the bundle /usr/lib64/librocblas.so.4.4 for ISA: amdgcn-amd-amdhsa--gfx90c:xnack+
:3:hip_platform.cpp         :740 : 251447387304 us:  init: Returned hipErrorNoBinaryForGpu : continue parsing remaining modules
:3:hip_code_object.cpp      :964 : 251447388928 us:  amd::Comgr::get_data() return 0 size for agent_triple_target_ids[0]=amdgcn-amd-amdhsa--gfx90c:xnack+
:3:hip_code_object.cpp      :964 : 251447388951 us:  amd::Comgr::get_data() return 0 size for agent_triple_target_ids[0]=amdgcn-amd-amdhsa--gfx90c:xnack+
:3:hip_code_object.cpp      :964 : 251447388956 us:  amd::Comgr::get_data() return 0 size for agent_triple_target_ids[0]=amdgcn-amd-amdhsa--gfx90c:xnack+
:1:hip_fatbin.cpp           :780 : 251447388963 us:  Cannot find CO in the bundle /usr/lib64/librocsolver.so.0.4 for ISA: amdgcn-amd-amdhsa--gfx90c:xnack+
:3:hip_platform.cpp         :740 : 251447388972 us:  init: Returned hipErrorNoBinaryForGpu : continue parsing remaining modules
:3:hip_code_object.cpp      :964 : 251447390755 us:  amd::Comgr::get_data() return 0 size for agent_triple_target_ids[0]=amdgcn-amd-amdhsa--gfx90c:xnack+
:3:hip_code_object.cpp      :964 : 251447390776 us:  amd::Comgr::get_data() return 0 size for agent_triple_target_ids[0]=amdgcn-amd-amdhsa--gfx90c:xnack+
:3:hip_code_object.cpp      :964 : 251447390781 us:  amd::Comgr::get_data() return 0 size for agent_triple_target_ids[0]=amdgcn-amd-amdhsa--gfx90c:xnack+
:1:hip_fatbin.cpp           :780 : 251447390787 us:  Cannot find CO in the bundle /usr/lib64/librocsolver.so.0.4 for ISA: amdgcn-amd-amdhsa--gfx90c:xnack+
:3:hip_platform.cpp         :740 : 251447390795 us:  init: Returned hipErrorNoBinaryForGpu : continue parsing remaining modules
:3:hip_code_object.cpp      :964 : 251447392224 us:  amd::Comgr::get_data() return 0 size for agent_triple_target_ids[0]=amdgcn-amd-amdhsa--gfx90c:xnack+
:3:hip_code_object.cpp      :964 : 251447392239 us:  amd::Comgr::get_data() return 0 size for agent_triple_target_ids[0]=amdgcn-amd-amdhsa--gfx90c:xnack+
:3:hip_code_object.cpp      :964 : 251447392244 us:  amd::Comgr::get_data() return 0 size for agent_triple_target_ids[0]=amdgcn-amd-amdhsa--gfx90c:xnack+
:1:hip_fatbin.cpp           :780 : 251447392249 us:  Cannot find CO in the bundle /usr/lib64/librocsolver.so.0.4 for ISA: amdgcn-amd-amdhsa--gfx90c:xnack+
:3:hip_platform.cpp         :740 : 251447392255 us:  init: Returned hipErrorNoBinaryForGpu : continue parsing remaining modules
:3:hip_code_object.cpp      :964 : 251447396698 us:  amd::Comgr::get_data() return 0 size for agent_triple_target_ids[0]=amdgcn-amd-amdhsa--gfx90c:xnack+
:3:hip_code_object.cpp      :964 : 251447396727 us:  amd::Comgr::get_data() return 0 size for agent_triple_target_ids[0]=amdgcn-amd-amdhsa--gfx90c:xnack+
:3:hip_code_object.cpp      :964 : 251447396733 us:  amd::Comgr::get_data() return 0 size for agent_triple_target_ids[0]=amdgcn-amd-amdhsa--gfx90c:xnack+
:1:hip_fatbin.cpp           :780 : 251447396740 us:  Cannot find CO in the bundle /usr/lib64/librocblas.so.4.4 for ISA: amdgcn-amd-amdhsa--gfx90c:xnack+
:3:hip_platform.cpp         :740 : 251447396759 us:  init: Returned hipErrorNoBinaryForGpu : continue parsing remaining modules
:3:hip_code_object.cpp      :964 : 251447398687 us:  amd::Comgr::get_data() return 0 size for agent_triple_target_ids[0]=amdgcn-amd-amdhsa--gfx90c:xnack+
:3:hip_code_object.cpp      :964 : 251447398701 us:  amd::Comgr::get_data() return 0 size for agent_triple_target_ids[0]=amdgcn-amd-amdhsa--gfx90c:xnack+
:3:hip_code_object.cpp      :964 : 251447398706 us:  amd::Comgr::get_data() return 0 size for agent_triple_target_ids[0]=amdgcn-amd-amdhsa--gfx90c:xnack+
:1:hip_fatbin.cpp           :780 : 251447398712 us:  Cannot find CO in the bundle /usr/lib64/librocsolver.so.0.4 for ISA: amdgcn-amd-amdhsa--gfx90c:xnack+
:3:hip_platform.cpp         :740 : 251447398718 us:  init: Returned hipErrorNoBinaryForGpu : continue parsing remaining modules
:3:hip_code_object.cpp      :964 : 251447400179 us:  amd::Comgr::get_data() return 0 size for agent_triple_target_ids[0]=amdgcn-amd-amdhsa--gfx90c:xnack+
:3:hip_code_object.cpp      :964 : 251447400192 us:  amd::Comgr::get_data() return 0 size for agent_triple_target_ids[0]=amdgcn-amd-amdhsa--gfx90c:xnack+
:3:hip_code_object.cpp      :964 : 251447400197 us:  amd::Comgr::get_data() return 0 size for agent_triple_target_ids[0]=amdgcn-amd-amdhsa--gfx90c:xnack+
:1:hip_fatbin.cpp           :780 : 251447400202 us:  Cannot find CO in the bundle /usr/lib64/librocblas.so.4.4 for ISA: amdgcn-amd-amdhsa--gfx90c:xnack+
:3:hip_platform.cpp         :740 : 251447400208 us:  init: Returned hipErrorNoBinaryForGpu : continue parsing remaining modules
:3:hip_code_object.cpp      :964 : 251447401480 us:  amd::Comgr::get_data() return 0 size for agent_triple_target_ids[0]=amdgcn-amd-amdhsa--gfx90c:xnack+
:3:hip_code_object.cpp      :964 : 251447401497 us:  amd::Comgr::get_data() return 0 size for agent_triple_target_ids[0]=amdgcn-amd-amdhsa--gfx90c:xnack+
:3:hip_code_object.cpp      :964 : 251447401502 us:  amd::Comgr::get_data() return 0 size for agent_triple_target_ids[0]=amdgcn-amd-amdhsa--gfx90c:xnack+
:1:hip_fatbin.cpp           :780 : 251447401508 us:  Cannot find CO in the bundle /usr/lib64/librocsolver.so.0.4 for ISA: amdgcn-amd-amdhsa--gfx90c:xnack+
:3:hip_platform.cpp         :740 : 251447401514 us:  init: Returned hipErrorNoBinaryForGpu : continue parsing remaining modules
:3:hip_code_object.cpp      :964 : 251447402564 us:  amd::Comgr::get_data() return 0 size for agent_triple_target_ids[0]=amdgcn-amd-amdhsa--gfx90c:xnack+
:3:hip_code_object.cpp      :964 : 251447402577 us:  amd::Comgr::get_data() return 0 size for agent_triple_target_ids[0]=amdgcn-amd-amdhsa--gfx90c:xnack+
:3:hip_code_object.cpp      :964 : 251447402582 us:  amd::Comgr::get_data() return 0 size for agent_triple_target_ids[0]=amdgcn-amd-amdhsa--gfx90c:xnack+
:1:hip_fatbin.cpp           :780 : 251447402588 us:  Cannot find CO in the bundle /usr/lib64/librocsolver.so.0.4 for ISA: amdgcn-amd-amdhsa--gfx90c:xnack+
:3:hip_platform.cpp         :740 : 251447402593 us:  init: Returned hipErrorNoBinaryForGpu : continue parsing remaining modules
:3:hip_code_object.cpp      :964 : 251447403684 us:  amd::Comgr::get_data() return 0 size for agent_triple_target_ids[0]=amdgcn-amd-amdhsa--gfx90c:xnack+
:3:hip_code_object.cpp      :964 : 251447403696 us:  amd::Comgr::get_data() return 0 size for agent_triple_target_ids[0]=amdgcn-amd-amdhsa--gfx90c:xnack+
:3:hip_code_object.cpp      :964 : 251447403701 us:  amd::Comgr::get_data() return 0 size for agent_triple_target_ids[0]=amdgcn-amd-amdhsa--gfx90c:xnack+
:1:hip_fatbin.cpp           :780 : 251447403707 us:  Cannot find CO in the bundle /usr/lib64/librocsolver.so.0.4 for ISA: amdgcn-amd-amdhsa--gfx90c:xnack+
:3:hip_platform.cpp         :740 : 251447403713 us:  init: Returned hipErrorNoBinaryForGpu : continue parsing remaining modules
:3:hip_code_object.cpp      :964 : 251447567661 us:  amd::Comgr::get_data() return 0 size for agent_triple_target_ids[0]=amdgcn-amd-amdhsa--gfx90c:xnack+
:3:hip_code_object.cpp      :964 : 251447567691 us:  amd::Comgr::get_data() return 0 size for agent_triple_target_ids[0]=amdgcn-amd-amdhsa--gfx90c:xnack+
:3:hip_code_object.cpp      :964 : 251447567706 us:  amd::Comgr::get_data() return 0 size for agent_triple_target_ids[0]=amdgcn-amd-amdhsa--gfx90c:xnack+
:1:hip_fatbin.cpp           :780 : 251447567713 us:  Cannot find CO in the bundle /usr/lib64/librocblas.so.4.4 for ISA: amdgcn-amd-amdhsa--gfx90c:xnack+
:3:hip_platform.cpp         :740 : 251447567724 us:  init: Returned hipErrorNoBinaryForGpu : continue parsing remaining modules
:3:hip_code_object.cpp      :964 : 251447672935 us:  amd::Comgr::get_data() return 0 size for agent_triple_target_ids[0]=amdgcn-amd-amdhsa--gfx90c:xnack+
:3:hip_code_object.cpp      :964 : 251447672979 us:  amd::Comgr::get_data() return 0 size for agent_triple_target_ids[0]=amdgcn-amd-amdhsa--gfx90c:xnack+
:3:hip_code_object.cpp      :964 : 251447672984 us:  amd::Comgr::get_data() return 0 size for agent_triple_target_ids[0]=amdgcn-amd-amdhsa--gfx90c:xnack+
:1:hip_fatbin.cpp           :780 : 251447672992 us:  Cannot find CO in the bundle /usr/lib64/librocblas.so.4.4 for ISA: amdgcn-amd-amdhsa--gfx90c:xnack+
:3:hip_platform.cpp         :740 : 251447673013 us:  init: Returned hipErrorNoBinaryForGpu : continue parsing remaining modules
:3:hip_code_object.cpp      :964 : 251447676073 us:  amd::Comgr::get_data() return 0 size for agent_triple_target_ids[0]=amdgcn-amd-amdhsa--gfx90c:xnack+
:3:hip_code_object.cpp      :964 : 251447676097 us:  amd::Comgr::get_data() return 0 size for agent_triple_target_ids[0]=amdgcn-amd-amdhsa--gfx90c:xnack+
:3:hip_code_object.cpp      :964 : 251447676102 us:  amd::Comgr::get_data() return 0 size for agent_triple_target_ids[0]=amdgcn-amd-amdhsa--gfx90c:xnack+
:1:hip_fatbin.cpp           :780 : 251447676108 us:  Cannot find CO in the bundle /usr/lib64/librocblas.so.4.4 for ISA: amdgcn-amd-amdhsa--gfx90c:xnack+
:3:hip_platform.cpp         :740 : 251447676117 us:  init: Returned hipErrorNoBinaryForGpu : continue parsing remaining modules
:3:hip_code_object.cpp      :964 : 251447677375 us:  amd::Comgr::get_data() return 0 size for agent_triple_target_ids[0]=amdgcn-amd-amdhsa--gfx90c:xnack+
:3:hip_code_object.cpp      :964 : 251447677388 us:  amd::Comgr::get_data() return 0 size for agent_triple_target_ids[0]=amdgcn-amd-amdhsa--gfx90c:xnack+
:3:hip_code_object.cpp      :964 : 251447677394 us:  amd::Comgr::get_data() return 0 size for agent_triple_target_ids[0]=amdgcn-amd-amdhsa--gfx90c:xnack+
:1:hip_fatbin.cpp           :780 : 251447677399 us:  Cannot find CO in the bundle /usr/lib64/librocsolver.so.0.4 for ISA: amdgcn-amd-amdhsa--gfx90c:xnack+
:3:hip_platform.cpp         :740 : 251447677405 us:  init: Returned hipErrorNoBinaryForGpu : continue parsing remaining modules
:3:hip_code_object.cpp      :964 : 251447837439 us:  amd::Comgr::get_data() return 0 size for agent_triple_target_ids[0]=amdgcn-amd-amdhsa--gfx90c:xnack+
:3:hip_code_object.cpp      :964 : 251447837474 us:  amd::Comgr::get_data() return 0 size for agent_triple_target_ids[0]=amdgcn-amd-amdhsa--gfx90c:xnack+
:3:hip_code_object.cpp      :964 : 251447837480 us:  amd::Comgr::get_data() return 0 size for agent_triple_target_ids[0]=amdgcn-amd-amdhsa--gfx90c:xnack+
:1:hip_fatbin.cpp           :780 : 251447837487 us:  Cannot find CO in the bundle /usr/lib64/librocblas.so.4.4 for ISA: amdgcn-amd-amdhsa--gfx90c:xnack+
:3:hip_platform.cpp         :740 : 251447837498 us:  init: Returned hipErrorNoBinaryForGpu : continue parsing remaining modules
:3:hip_code_object.cpp      :964 : 251447839574 us:  amd::Comgr::get_data() return 0 size for agent_triple_target_ids[0]=amdgcn-amd-amdhsa--gfx90c:xnack+
:3:hip_code_object.cpp      :964 : 251447847088 us:  amd::Comgr::get_data() return 0 size for agent_triple_target_ids[0]=amdgcn-amd-amdhsa--gfx90c:xnack+
:3:hip_code_object.cpp      :964 : 251447847099 us:  amd::Comgr::get_data() return 0 size for agent_triple_target_ids[0]=amdgcn-amd-amdhsa--gfx90c:xnack+
:1:hip_fatbin.cpp           :780 : 251447847110 us:  Cannot find CO in the bundle /usr/lib64/librocblas.so.4.4 for ISA: amdgcn-amd-amdhsa--gfx90c:xnack+
:3:hip_platform.cpp         :740 : 251447847135 us:  init: Returned hipErrorNoBinaryForGpu : continue parsing remaining modules
:3:hip_code_object.cpp      :964 : 251447849479 us:  amd::Comgr::get_data() return 0 size for agent_triple_target_ids[0]=amdgcn-amd-amdhsa--gfx90c:xnack+
:3:hip_code_object.cpp      :964 : 251447849494 us:  amd::Comgr::get_data() return 0 size for agent_triple_target_ids[0]=amdgcn-amd-amdhsa--gfx90c:xnack+
:3:hip_code_object.cpp      :964 : 251447849499 us:  amd::Comgr::get_data() return 0 size for agent_triple_target_ids[0]=amdgcn-amd-amdhsa--gfx90c:xnack+
:1:hip_fatbin.cpp           :780 : 251447849505 us:  Cannot find CO in the bundle /usr/lib64/librocsolver.so.0.4 for ISA: amdgcn-amd-amdhsa--gfx90c:xnack+
:3:hip_platform.cpp         :740 : 251447849511 us:  init: Returned hipErrorNoBinaryForGpu : continue parsing remaining modules
:3:hip_code_object.cpp      :964 : 251447850431 us:  amd::Comgr::get_data() return 0 size for agent_triple_target_ids[0]=amdgcn-amd-amdhsa--gfx90c:xnack+
:3:hip_code_object.cpp      :964 : 251447850443 us:  amd::Comgr::get_data() return 0 size for agent_triple_target_ids[0]=amdgcn-amd-amdhsa--gfx90c:xnack+
:3:hip_code_object.cpp      :964 : 251447850448 us:  amd::Comgr::get_data() return 0 size for agent_triple_target_ids[0]=amdgcn-amd-amdhsa--gfx90c:xnack+
:1:hip_fatbin.cpp           :780 : 251447850453 us:  Cannot find CO in the bundle /usr/lib64/librocsolver.so.0.4 for ISA: amdgcn-amd-amdhsa--gfx90c:xnack+
:3:hip_platform.cpp         :740 : 251447850459 us:  init: Returned hipErrorNoBinaryForGpu : continue parsing remaining modules
:3:hip_code_object.cpp      :964 : 251447851903 us:  amd::Comgr::get_data() return 0 size for agent_triple_target_ids[0]=amdgcn-amd-amdhsa--gfx90c:xnack+
:3:hip_code_object.cpp      :964 : 251447851916 us:  amd::Comgr::get_data() return 0 size for agent_triple_target_ids[0]=amdgcn-amd-amdhsa--gfx90c:xnack+
:3:hip_code_object.cpp      :964 : 251447851921 us:  amd::Comgr::get_data() return 0 size for agent_triple_target_ids[0]=amdgcn-amd-amdhsa--gfx90c:xnack+
:1:hip_fatbin.cpp           :780 : 251447851926 us:  Cannot find CO in the bundle /usr/lib64/librocblas.so.4.4 for ISA: amdgcn-amd-amdhsa--gfx90c:xnack+
:3:hip_platform.cpp         :740 : 251447851931 us:  init: Returned hipErrorNoBinaryForGpu : continue parsing remaining modules
:3:hip_code_object.cpp      :964 : 251447853913 us:  amd::Comgr::get_data() return 0 size for agent_triple_target_ids[0]=amdgcn-amd-amdhsa--gfx90c:xnack+
:3:hip_code_object.cpp      :964 : 251447853929 us:  amd::Comgr::get_data() return 0 size for agent_triple_target_ids[0]=amdgcn-amd-amdhsa--gfx90c:xnack+
:3:hip_code_object.cpp      :964 : 251447853934 us:  amd::Comgr::get_data() return 0 size for agent_triple_target_ids[0]=amdgcn-amd-amdhsa--gfx90c:xnack+
:1:hip_fatbin.cpp           :780 : 251447853940 us:  Cannot find CO in the bundle /usr/lib64/librocsolver.so.0.4 for ISA: amdgcn-amd-amdhsa--gfx90c:xnack+
:3:hip_platform.cpp         :740 : 251447853947 us:  init: Returned hipErrorNoBinaryForGpu : continue parsing remaining modules
:3:hip_code_object.cpp      :964 : 251447854808 us:  amd::Comgr::get_data() return 0 size for agent_triple_target_ids[0]=amdgcn-amd-amdhsa--gfx90c:xnack+
:3:hip_code_object.cpp      :964 : 251447854821 us:  amd::Comgr::get_data() return 0 size for agent_triple_target_ids[0]=amdgcn-amd-amdhsa--gfx90c:xnack+
:3:hip_code_object.cpp      :964 : 251447854826 us:  amd::Comgr::get_data() return 0 size for agent_triple_target_ids[0]=amdgcn-amd-amdhsa--gfx90c:xnack+
:1:hip_fatbin.cpp           :780 : 251447854831 us:  Cannot find CO in the bundle /usr/lib64/librocsolver.so.0.4 for ISA: amdgcn-amd-amdhsa--gfx90c:xnack+
:3:hip_platform.cpp         :740 : 251447854836 us:  init: Returned hipErrorNoBinaryForGpu : continue parsing remaining modules
:3:hip_code_object.cpp      :964 : 251447856326 us:  amd::Comgr::get_data() return 0 size for agent_triple_target_ids[0]=amdgcn-amd-amdhsa--gfx90c:xnack+
:3:hip_code_object.cpp      :964 : 251447856339 us:  amd::Comgr::get_data() return 0 size for agent_triple_target_ids[0]=amdgcn-amd-amdhsa--gfx90c:xnack+
:3:hip_code_object.cpp      :964 : 251447856350 us:  amd::Comgr::get_data() return 0 size for agent_triple_target_ids[0]=amdgcn-amd-amdhsa--gfx90c:xnack+
:1:hip_fatbin.cpp           :780 : 251447856356 us:  Cannot find CO in the bundle /usr/lib64/librocblas.so.4.4 for ISA: amdgcn-amd-amdhsa--gfx90c:xnack+
:3:hip_platform.cpp         :740 : 251447856361 us:  init: Returned hipErrorNoBinaryForGpu : continue parsing remaining modules
:3:hip_code_object.cpp      :964 : 251447860562 us:  amd::Comgr::get_data() return 0 size for agent_triple_target_ids[0]=amdgcn-amd-amdhsa--gfx90c:xnack+
:3:hip_code_object.cpp      :964 : 251447860593 us:  amd::Comgr::get_data() return 0 size for agent_triple_target_ids[0]=amdgcn-amd-amdhsa--gfx90c:xnack+
:3:hip_code_object.cpp      :964 : 251447860599 us:  amd::Comgr::get_data() return 0 size for agent_triple_target_ids[0]=amdgcn-amd-amdhsa--gfx90c:xnack+
:1:hip_fatbin.cpp           :780 : 251447860606 us:  Cannot find CO in the bundle /usr/lib64/librocblas.so.4.4 for ISA: amdgcn-amd-amdhsa--gfx90c:xnack+
:3:hip_platform.cpp         :740 : 251447860616 us:  init: Returned hipErrorNoBinaryForGpu : continue parsing remaining modules
:3:hip_code_object.cpp      :964 : 251447861805 us:  amd::Comgr::get_data() return 0 size for agent_triple_target_ids[0]=amdgcn-amd-amdhsa--gfx90c:xnack+
:3:hip_code_object.cpp      :964 : 251447861818 us:  amd::Comgr::get_data() return 0 size for agent_triple_target_ids[0]=amdgcn-amd-amdhsa--gfx90c:xnack+
:3:hip_code_object.cpp      :964 : 251447861823 us:  amd::Comgr::get_data() return 0 size for agent_triple_target_ids[0]=amdgcn-amd-amdhsa--gfx90c:xnack+
:1:hip_fatbin.cpp           :780 : 251447861830 us:  Cannot find CO in the bundle /usr/lib64/librocsolver.so.0.4 for ISA: amdgcn-amd-amdhsa--gfx90c:xnack+
:3:hip_platform.cpp         :740 : 251447861838 us:  init: Returned hipErrorNoBinaryForGpu : continue parsing remaining modules
:3:hip_code_object.cpp      :964 : 251447863248 us:  amd::Comgr::get_data() return 0 size for agent_triple_target_ids[0]=amdgcn-amd-amdhsa--gfx90c:xnack+
:3:hip_code_object.cpp      :964 : 251447863262 us:  amd::Comgr::get_data() return 0 size for agent_triple_target_ids[0]=amdgcn-amd-amdhsa--gfx90c:xnack+
:3:hip_code_object.cpp      :964 : 251447863267 us:  amd::Comgr::get_data() return 0 size for agent_triple_target_ids[0]=amdgcn-amd-amdhsa--gfx90c:xnack+
:1:hip_fatbin.cpp           :780 : 251447863272 us:  Cannot find CO in the bundle /usr/lib64/librocblas.so.4.4 for ISA: amdgcn-amd-amdhsa--gfx90c:xnack+
:3:hip_platform.cpp         :740 : 251447863278 us:  init: Returned hipErrorNoBinaryForGpu : continue parsing remaining modules
:3:hip_code_object.cpp      :964 : 251448301838 us:  amd::Comgr::get_data() return 0 size for agent_triple_target_ids[0]=amdgcn-amd-amdhsa--gfx90c:xnack+
:3:hip_code_object.cpp      :964 : 251448301869 us:  amd::Comgr::get_data() return 0 size for agent_triple_target_ids[0]=amdgcn-amd-amdhsa--gfx90c:xnack+
:3:hip_code_object.cpp      :964 : 251448301875 us:  amd::Comgr::get_data() return 0 size for agent_triple_target_ids[0]=amdgcn-amd-amdhsa--gfx90c:xnack+
:1:hip_fatbin.cpp           :780 : 251448301882 us:  Cannot find CO in the bundle /usr/lib64/librocblas.so.4.4 for ISA: amdgcn-amd-amdhsa--gfx90c:xnack+
:3:hip_platform.cpp         :740 : 251448301893 us:  init: Returned hipErrorNoBinaryForGpu : continue parsing remaining modules
:3:hip_code_object.cpp      :964 : 251448742642 us:  amd::Comgr::get_data() return 0 size for agent_triple_target_ids[0]=amdgcn-amd-amdhsa--gfx90c:xnack+
:3:hip_code_object.cpp      :964 : 251448742671 us:  amd::Comgr::get_data() return 0 size for agent_triple_target_ids[0]=amdgcn-amd-amdhsa--gfx90c:xnack+
:3:hip_code_object.cpp      :964 : 251448742677 us:  amd::Comgr::get_data() return 0 size for agent_triple_target_ids[0]=amdgcn-amd-amdhsa--gfx90c:xnack+
:1:hip_fatbin.cpp           :780 : 251448742684 us:  Cannot find CO in the bundle /usr/lib64/librocblas.so.4.4 for ISA: amdgcn-amd-amdhsa--gfx90c:xnack+
:3:hip_platform.cpp         :740 : 251448742704 us:  init: Returned hipErrorNoBinaryForGpu : continue parsing remaining modules
:3:hip_code_object.cpp      :964 : 251448744139 us:  amd::Comgr::get_data() return 0 size for agent_triple_target_ids[0]=amdgcn-amd-amdhsa--gfx90c:xnack+
:3:hip_code_object.cpp      :964 : 251448744154 us:  amd::Comgr::get_data() return 0 size for agent_triple_target_ids[0]=amdgcn-amd-amdhsa--gfx90c:xnack+
:3:hip_code_object.cpp      :964 : 251448744159 us:  amd::Comgr::get_data() return 0 size for agent_triple_target_ids[0]=amdgcn-amd-amdhsa--gfx90c:xnack+
:1:hip_fatbin.cpp           :780 : 251448744165 us:  Cannot find CO in the bundle /usr/lib64/librocblas.so.4.4 for ISA: amdgcn-amd-amdhsa--gfx90c:xnack+
:3:hip_platform.cpp         :740 : 251448744171 us:  init: Returned hipErrorNoBinaryForGpu : continue parsing remaining modules
:3:hip_code_object.cpp      :964 : 251448748054 us:  amd::Comgr::get_data() return 0 size for agent_triple_target_ids[0]=amdgcn-amd-amdhsa--gfx90c:xnack+
:3:hip_code_object.cpp      :964 : 251448748080 us:  amd::Comgr::get_data() return 0 size for agent_triple_target_ids[0]=amdgcn-amd-amdhsa--gfx90c:xnack+
:3:hip_code_object.cpp      :964 : 251448748085 us:  amd::Comgr::get_data() return 0 size for agent_triple_target_ids[0]=amdgcn-amd-amdhsa--gfx90c:xnack+
:1:hip_fatbin.cpp           :780 : 251448748092 us:  Cannot find CO in the bundle /usr/lib64/librocblas.so.4.4 for ISA: amdgcn-amd-amdhsa--gfx90c:xnack+
:3:hip_platform.cpp         :740 : 251448748101 us:  init: Returned hipErrorNoBinaryForGpu : continue parsing remaining modules
:3:hip_code_object.cpp      :964 : 251448749453 us:  amd::Comgr::get_data() return 0 size for agent_triple_target_ids[0]=amdgcn-amd-amdhsa--gfx90c:xnack+
:3:hip_code_object.cpp      :964 : 251448749466 us:  amd::Comgr::get_data() return 0 size for agent_triple_target_ids[0]=amdgcn-amd-amdhsa--gfx90c:xnack+
:3:hip_code_object.cpp      :964 : 251448749471 us:  amd::Comgr::get_data() return 0 size for agent_triple_target_ids[0]=amdgcn-amd-amdhsa--gfx90c:xnack+
:1:hip_fatbin.cpp           :780 : 251448749477 us:  Cannot find CO in the bundle /usr/lib64/librocblas.so.4.4 for ISA: amdgcn-amd-amdhsa--gfx90c:xnack+
:3:hip_platform.cpp         :740 : 251448749482 us:  init: Returned hipErrorNoBinaryForGpu : continue parsing remaining modules
:3:hip_code_object.cpp      :964 : 251448989820 us:  amd::Comgr::get_data() return 0 size for agent_triple_target_ids[0]=amdgcn-amd-amdhsa--gfx90c:xnack+
:3:hip_code_object.cpp      :964 : 251448989852 us:  amd::Comgr::get_data() return 0 size for agent_triple_target_ids[0]=amdgcn-amd-amdhsa--gfx90c:xnack+
:3:hip_code_object.cpp      :964 : 251448989858 us:  amd::Comgr::get_data() return 0 size for agent_triple_target_ids[0]=amdgcn-amd-amdhsa--gfx90c:xnack+
:1:hip_fatbin.cpp           :780 : 251448989866 us:  Cannot find CO in the bundle /usr/lib64/librocblas.so.4.4 for ISA: amdgcn-amd-amdhsa--gfx90c:xnack+
:3:hip_platform.cpp         :740 : 251448989877 us:  init: Returned hipErrorNoBinaryForGpu : continue parsing remaining modules
:3:hip_code_object.cpp      :964 : 251449461776 us:  amd::Comgr::get_data() return 0 size for agent_triple_target_ids[0]=amdgcn-amd-amdhsa--gfx90c:xnack+
:3:hip_code_object.cpp      :964 : 251449461805 us:  amd::Comgr::get_data() return 0 size for agent_triple_target_ids[0]=amdgcn-amd-amdhsa--gfx90c:xnack+
:3:hip_code_object.cpp      :964 : 251449461811 us:  amd::Comgr::get_data() return 0 size for agent_triple_target_ids[0]=amdgcn-amd-amdhsa--gfx90c:xnack+
:1:hip_fatbin.cpp           :780 : 251449467941 us:  Cannot find CO in the bundle /usr/lib64/librocsolver.so.0.4 for ISA: amdgcn-amd-amdhsa--gfx90c:xnack+
:3:hip_platform.cpp         :740 : 251449467961 us:  init: Returned hipErrorNoBinaryForGpu : continue parsing remaining modules
:3:hip_code_object.cpp      :964 : 251449469239 us:  amd::Comgr::get_data() return 0 size for agent_triple_target_ids[0]=amdgcn-amd-amdhsa--gfx90c:xnack+
:3:hip_code_object.cpp      :964 : 251449469254 us:  amd::Comgr::get_data() return 0 size for agent_triple_target_ids[0]=amdgcn-amd-amdhsa--gfx90c:xnack+
:3:hip_code_object.cpp      :964 : 251449469268 us:  amd::Comgr::get_data() return 0 size for agent_triple_target_ids[0]=amdgcn-amd-amdhsa--gfx90c:xnack+
:1:hip_fatbin.cpp           :780 : 251449469273 us:  Cannot find CO in the bundle /usr/lib64/librocsolver.so.0.4 for ISA: amdgcn-amd-amdhsa--gfx90c:xnack+
:3:hip_platform.cpp         :740 : 251449469280 us:  init: Returned hipErrorNoBinaryForGpu : continue parsing remaining modules
:3:hip_code_object.cpp      :964 : 251449470835 us:  amd::Comgr::get_data() return 0 size for agent_triple_target_ids[0]=amdgcn-amd-amdhsa--gfx90c:xnack+
:3:hip_code_object.cpp      :964 : 251449470850 us:  amd::Comgr::get_data() return 0 size for agent_triple_target_ids[0]=amdgcn-amd-amdhsa--gfx90c:xnack+
:3:hip_code_object.cpp      :964 : 251449470855 us:  amd::Comgr::get_data() return 0 size for agent_triple_target_ids[0]=amdgcn-amd-amdhsa--gfx90c:xnack+
:1:hip_fatbin.cpp           :780 : 251449470860 us:  Cannot find CO in the bundle /usr/lib64/librocsolver.so.0.4 for ISA: amdgcn-amd-amdhsa--gfx90c:xnack+
:3:hip_platform.cpp         :740 : 251449470867 us:  init: Returned hipErrorNoBinaryForGpu : continue parsing remaining modules
:3:hip_code_object.cpp      :964 : 251449471968 us:  amd::Comgr::get_data() return 0 size for agent_triple_target_ids[0]=amdgcn-amd-amdhsa--gfx90c:xnack+
:3:hip_code_object.cpp      :964 : 251449471981 us:  amd::Comgr::get_data() return 0 size for agent_triple_target_ids[0]=amdgcn-amd-amdhsa--gfx90c:xnack+
:3:hip_code_object.cpp      :964 : 251449471986 us:  amd::Comgr::get_data() return 0 size for agent_triple_target_ids[0]=amdgcn-amd-amdhsa--gfx90c:xnack+
:1:hip_fatbin.cpp           :780 : 251449471991 us:  Cannot find CO in the bundle /usr/lib64/librocsolver.so.0.4 for ISA: amdgcn-amd-amdhsa--gfx90c:xnack+
:3:hip_platform.cpp         :740 : 251449471997 us:  init: Returned hipErrorNoBinaryForGpu : continue parsing remaining modules
:3:hip_code_object.cpp      :964 : 251450445922 us:  amd::Comgr::get_data() return 0 size for agent_triple_target_ids[0]=amdgcn-amd-amdhsa--gfx90c:xnack+
:3:hip_code_object.cpp      :964 : 251450445954 us:  amd::Comgr::get_data() return 0 size for agent_triple_target_ids[0]=amdgcn-amd-amdhsa--gfx90c:xnack+
:3:hip_code_object.cpp      :964 : 251450445960 us:  amd::Comgr::get_data() return 0 size for agent_triple_target_ids[0]=amdgcn-amd-amdhsa--gfx90c:xnack+
:1:hip_fatbin.cpp           :780 : 251450445967 us:  Cannot find CO in the bundle /usr/lib64/librocblas.so.4.4 for ISA: amdgcn-amd-amdhsa--gfx90c:xnack+
:3:hip_platform.cpp         :740 : 251450445978 us:  init: Returned hipErrorNoBinaryForGpu : continue parsing remaining modules
:3:hip_code_object.cpp      :964 : 251450448289 us:  amd::Comgr::get_data() return 0 size for agent_triple_target_ids[0]=amdgcn-amd-amdhsa--gfx90c:xnack+
:3:hip_code_object.cpp      :964 : 251450448316 us:  amd::Comgr::get_data() return 0 size for agent_triple_target_ids[0]=amdgcn-amd-amdhsa--gfx90c:xnack+
:3:hip_code_object.cpp      :964 : 251450448322 us:  amd::Comgr::get_data() return 0 size for agent_triple_target_ids[0]=amdgcn-amd-amdhsa--gfx90c:xnack+
:1:hip_fatbin.cpp           :780 : 251450448328 us:  Cannot find CO in the bundle /usr/lib64/librocsolver.so.0.4 for ISA: amdgcn-amd-amdhsa--gfx90c:xnack+
:3:hip_platform.cpp         :740 : 251450448337 us:  init: Returned hipErrorNoBinaryForGpu : continue parsing remaining modules
:3:hip_code_object.cpp      :964 : 251450452614 us:  amd::Comgr::get_data() return 0 size for agent_triple_target_ids[0]=amdgcn-amd-amdhsa--gfx90c:xnack+
:3:hip_code_object.cpp      :964 : 251450452646 us:  amd::Comgr::get_data() return 0 size for agent_triple_target_ids[0]=amdgcn-amd-amdhsa--gfx90c:xnack+
:3:hip_code_object.cpp      :964 : 251450452651 us:  amd::Comgr::get_data() return 0 size for agent_triple_target_ids[0]=amdgcn-amd-amdhsa--gfx90c:xnack+
:1:hip_fatbin.cpp           :780 : 251450452658 us:  Cannot find CO in the bundle /usr/lib64/librocblas.so.4.4 for ISA: amdgcn-amd-amdhsa--gfx90c:xnack+
:3:hip_platform.cpp         :740 : 251450452679 us:  init: Returned hipErrorNoBinaryForGpu : continue parsing remaining modules
:3:hip_code_object.cpp      :964 : 251450457215 us:  amd::Comgr::get_data() return 0 size for agent_triple_target_ids[0]=amdgcn-amd-amdhsa--gfx90c:xnack+
:3:hip_code_object.cpp      :964 : 251450457245 us:  amd::Comgr::get_data() return 0 size for agent_triple_target_ids[0]=amdgcn-amd-amdhsa--gfx90c:xnack+
:3:hip_code_object.cpp      :964 : 251450457250 us:  amd::Comgr::get_data() return 0 size for agent_triple_target_ids[0]=amdgcn-amd-amdhsa--gfx90c:xnack+
:1:hip_fatbin.cpp           :780 : 251450457258 us:  Cannot find CO in the bundle /usr/lib64/librocblas.so.4.4 for ISA: amdgcn-amd-amdhsa--gfx90c:xnack+
:3:hip_platform.cpp         :740 : 251450457268 us:  init: Returned hipErrorNoBinaryForGpu : continue parsing remaining modules
:3:hip_code_object.cpp      :964 : 251450459423 us:  amd::Comgr::get_data() return 0 size for agent_triple_target_ids[0]=amdgcn-amd-amdhsa--gfx90c:xnack+
:3:hip_code_object.cpp      :964 : 251450459443 us:  amd::Comgr::get_data() return 0 size for agent_triple_target_ids[0]=amdgcn-amd-amdhsa--gfx90c:xnack+
:3:hip_code_object.cpp      :964 : 251450459448 us:  amd::Comgr::get_data() return 0 size for agent_triple_target_ids[0]=amdgcn-amd-amdhsa--gfx90c:xnack+
:1:hip_fatbin.cpp           :780 : 251450459455 us:  Cannot find CO in the bundle /usr/lib64/librocblas.so.4.4 for ISA: amdgcn-amd-amdhsa--gfx90c:xnack+
:3:hip_platform.cpp         :740 : 251450459464 us:  init: Returned hipErrorNoBinaryForGpu : continue parsing remaining modules
:3:hip_code_object.cpp      :964 : 251450460371 us:  amd::Comgr::get_data() return 0 size for agent_triple_target_ids[0]=amdgcn-amd-amdhsa--gfx90c:xnack+
:3:hip_code_object.cpp      :964 : 251450460384 us:  amd::Comgr::get_data() return 0 size for agent_triple_target_ids[0]=amdgcn-amd-amdhsa--gfx90c:xnack+
:3:hip_code_object.cpp      :964 : 251450460389 us:  amd::Comgr::get_data() return 0 size for agent_triple_target_ids[0]=amdgcn-amd-amdhsa--gfx90c:xnack+
:1:hip_fatbin.cpp           :780 : 251450460394 us:  Cannot find CO in the bundle /usr/lib64/librocblas.so.4.4 for ISA: amdgcn-amd-amdhsa--gfx90c:xnack+
:3:hip_platform.cpp         :740 : 251450460400 us:  init: Returned hipErrorNoBinaryForGpu : continue parsing remaining modules
:3:hip_code_object.cpp      :964 : 251450461620 us:  amd::Comgr::get_data() return 0 size for agent_triple_target_ids[0]=amdgcn-amd-amdhsa--gfx90c:xnack+
:3:hip_code_object.cpp      :964 : 251450461633 us:  amd::Comgr::get_data() return 0 size for agent_triple_target_ids[0]=amdgcn-amd-amdhsa--gfx90c:xnack+
:3:hip_code_object.cpp      :964 : 251450461638 us:  amd::Comgr::get_data() return 0 size for agent_triple_target_ids[0]=amdgcn-amd-amdhsa--gfx90c:xnack+
:1:hip_fatbin.cpp           :780 : 251450461643 us:  Cannot find CO in the bundle /usr/lib64/librocblas.so.4.4 for ISA: amdgcn-amd-amdhsa--gfx90c:xnack+
:3:hip_platform.cpp         :740 : 251450461649 us:  init: Returned hipErrorNoBinaryForGpu : continue parsing remaining modules
:3:hip_code_object.cpp      :964 : 251450462615 us:  amd::Comgr::get_data() return 0 size for agent_triple_target_ids[0]=amdgcn-amd-amdhsa--gfx90c:xnack+
:3:hip_code_object.cpp      :964 : 251450462627 us:  amd::Comgr::get_data() return 0 size for agent_triple_target_ids[0]=amdgcn-amd-amdhsa--gfx90c:xnack+
:3:hip_code_object.cpp      :964 : 251450462632 us:  amd::Comgr::get_data() return 0 size for agent_triple_target_ids[0]=amdgcn-amd-amdhsa--gfx90c:xnack+
:1:hip_fatbin.cpp           :780 : 251450462637 us:  Cannot find CO in the bundle /usr/lib64/librocsolver.so.0.4 for ISA: amdgcn-amd-amdhsa--gfx90c:xnack+
:3:hip_platform.cpp         :740 : 251450462643 us:  init: Returned hipErrorNoBinaryForGpu : continue parsing remaining modules
:3:hip_code_object.cpp      :964 : 251450781381 us:  amd::Comgr::get_data() return 0 size for agent_triple_target_ids[0]=amdgcn-amd-amdhsa--gfx90c:xnack+
:3:hip_code_object.cpp      :964 : 251450781413 us:  amd::Comgr::get_data() return 0 size for agent_triple_target_ids[0]=amdgcn-amd-amdhsa--gfx90c:xnack+
:3:hip_code_object.cpp      :964 : 251450781428 us:  amd::Comgr::get_data() return 0 size for agent_triple_target_ids[0]=amdgcn-amd-amdhsa--gfx90c:xnack+
:1:hip_fatbin.cpp           :780 : 251450781435 us:  Cannot find CO in the bundle /usr/lib64/librocblas.so.4.4 for ISA: amdgcn-amd-amdhsa--gfx90c:xnack+
:3:hip_platform.cpp         :740 : 251450781445 us:  init: Returned hipErrorNoBinaryForGpu : continue parsing remaining modules
:3:hip_code_object.cpp      :964 : 251450785231 us:  amd::Comgr::get_data() return 0 size for agent_triple_target_ids[0]=amdgcn-amd-amdhsa--gfx90c:xnack+
:3:hip_code_object.cpp      :964 : 251450785257 us:  amd::Comgr::get_data() return 0 size for agent_triple_target_ids[0]=amdgcn-amd-amdhsa--gfx90c:xnack+
:3:hip_code_object.cpp      :964 : 251450785263 us:  amd::Comgr::get_data() return 0 size for agent_triple_target_ids[0]=amdgcn-amd-amdhsa--gfx90c:xnack+
:1:hip_fatbin.cpp           :780 : 251450785269 us:  Cannot find CO in the bundle /usr/lib64/librocblas.so.4.4 for ISA: amdgcn-amd-amdhsa--gfx90c:xnack+
:3:hip_platform.cpp         :740 : 251450785279 us:  init: Returned hipErrorNoBinaryForGpu : continue parsing remaining modules
:3:hip_code_object.cpp      :964 : 251450786779 us:  amd::Comgr::get_data() return 0 size for agent_triple_target_ids[0]=amdgcn-amd-amdhsa--gfx90c:xnack+
:3:hip_code_object.cpp      :964 : 251450786793 us:  amd::Comgr::get_data() return 0 size for agent_triple_target_ids[0]=amdgcn-amd-amdhsa--gfx90c:xnack+
:3:hip_code_object.cpp      :964 : 251450786798 us:  amd::Comgr::get_data() return 0 size for agent_triple_target_ids[0]=amdgcn-amd-amdhsa--gfx90c:xnack+
:1:hip_fatbin.cpp           :780 : 251450786804 us:  Cannot find CO in the bundle /usr/lib64/librocblas.so.4.4 for ISA: amdgcn-amd-amdhsa--gfx90c:xnack+
:3:hip_platform.cpp         :740 : 251450786810 us:  init: Returned hipErrorNoBinaryForGpu : continue parsing remaining modules
:3:hip_code_object.cpp      :964 : 251450787941 us:  amd::Comgr::get_data() return 0 size for agent_triple_target_ids[0]=amdgcn-amd-amdhsa--gfx90c:xnack+
:3:hip_code_object.cpp      :964 : 251450787954 us:  amd::Comgr::get_data() return 0 size for agent_triple_target_ids[0]=amdgcn-amd-amdhsa--gfx90c:xnack+
:3:hip_code_object.cpp      :964 : 251450787959 us:  amd::Comgr::get_data() return 0 size for agent_triple_target_ids[0]=amdgcn-amd-amdhsa--gfx90c:xnack+
:1:hip_fatbin.cpp           :780 : 251450787964 us:  Cannot find CO in the bundle /usr/lib64/librocsolver.so.0.4 for ISA: amdgcn-amd-amdhsa--gfx90c:xnack+
:3:hip_platform.cpp         :740 : 251450787970 us:  init: Returned hipErrorNoBinaryForGpu : continue parsing remaining modules
:3:hip_code_object.cpp      :964 : 251451408099 us:  amd::Comgr::get_data() return 0 size for agent_triple_target_ids[0]=amdgcn-amd-amdhsa--gfx90c:xnack+
:3:hip_code_object.cpp      :964 : 251451408131 us:  amd::Comgr::get_data() return 0 size for agent_triple_target_ids[0]=amdgcn-amd-amdhsa--gfx90c:xnack+
:3:hip_code_object.cpp      :964 : 251451408137 us:  amd::Comgr::get_data() return 0 size for agent_triple_target_ids[0]=amdgcn-amd-amdhsa--gfx90c:xnack+
:1:hip_fatbin.cpp           :780 : 251451408144 us:  Cannot find CO in the bundle /usr/lib64/librocblas.so.4.4 for ISA: amdgcn-amd-amdhsa--gfx90c:xnack+
:3:hip_platform.cpp         :740 : 251451408154 us:  init: Returned hipErrorNoBinaryForGpu : continue parsing remaining modules
:3:hip_code_object.cpp      :964 : 251451410366 us:  amd::Comgr::get_data() return 0 size for agent_triple_target_ids[0]=amdgcn-amd-amdhsa--gfx90c:xnack+
:3:hip_code_object.cpp      :964 : 251451410390 us:  amd::Comgr::get_data() return 0 size for agent_triple_target_ids[0]=amdgcn-amd-amdhsa--gfx90c:xnack+
:3:hip_code_object.cpp      :964 : 251451410395 us:  amd::Comgr::get_data() return 0 size for agent_triple_target_ids[0]=amdgcn-amd-amdhsa--gfx90c:xnack+
:1:hip_fatbin.cpp           :780 : 251451410402 us:  Cannot find CO in the bundle /usr/lib64/librocblas.so.4.4 for ISA: amdgcn-amd-amdhsa--gfx90c:xnack+
:3:hip_platform.cpp         :740 : 251451410421 us:  init: Returned hipErrorNoBinaryForGpu : continue parsing remaining modules
:3:hip_code_object.cpp      :964 : 251451412511 us:  amd::Comgr::get_data() return 0 size for agent_triple_target_ids[0]=amdgcn-amd-amdhsa--gfx90c:xnack+
:3:hip_code_object.cpp      :964 : 251451412529 us:  amd::Comgr::get_data() return 0 size for agent_triple_target_ids[0]=amdgcn-amd-amdhsa--gfx90c:xnack+
:3:hip_code_object.cpp      :964 : 251451412534 us:  amd::Comgr::get_data() return 0 size for agent_triple_target_ids[0]=amdgcn-amd-amdhsa--gfx90c:xnack+
:1:hip_fatbin.cpp           :780 : 251451412540 us:  Cannot find CO in the bundle /usr/lib64/librocsolver.so.0.4 for ISA: amdgcn-amd-amdhsa--gfx90c:xnack+
:3:hip_platform.cpp         :740 : 251451412547 us:  init: Returned hipErrorNoBinaryForGpu : continue parsing remaining modules
:3:hip_code_object.cpp      :964 : 251451414619 us:  amd::Comgr::get_data() return 0 size for agent_triple_target_ids[0]=amdgcn-amd-amdhsa--gfx90c:xnack+
:3:hip_code_object.cpp      :964 : 251451414634 us:  amd::Comgr::get_data() return 0 size for agent_triple_target_ids[0]=amdgcn-amd-amdhsa--gfx90c:xnack+
:3:hip_code_object.cpp      :964 : 251451414639 us:  amd::Comgr::get_data() return 0 size for agent_triple_target_ids[0]=amdgcn-amd-amdhsa--gfx90c:xnack+
:1:hip_fatbin.cpp           :780 : 251451414645 us:  Cannot find CO in the bundle /usr/lib64/librocblas.so.4.4 for ISA: amdgcn-amd-amdhsa--gfx90c:xnack+
:3:hip_platform.cpp         :740 : 251451414659 us:  init: Returned hipErrorNoBinaryForGpu : continue parsing remaining modules
:3:hip_code_object.cpp      :964 : 251451415993 us:  amd::Comgr::get_data() return 0 size for agent_triple_target_ids[0]=amdgcn-amd-amdhsa--gfx90c:xnack+
:3:hip_code_object.cpp      :964 : 251451416014 us:  amd::Comgr::get_data() return 0 size for agent_triple_target_ids[0]=amdgcn-amd-amdhsa--gfx90c:xnack+
:3:hip_code_object.cpp      :964 : 251451416019 us:  amd::Comgr::get_data() return 0 size for agent_triple_target_ids[0]=amdgcn-amd-amdhsa--gfx90c:xnack+
:1:hip_fatbin.cpp           :780 : 251451416024 us:  Cannot find CO in the bundle /usr/lib64/librocblas.so.4.4 for ISA: amdgcn-amd-amdhsa--gfx90c:xnack+
:3:hip_platform.cpp         :740 : 251451416030 us:  init: Returned hipErrorNoBinaryForGpu : continue parsing remaining modules
:3:hip_code_object.cpp      :964 : 251451417280 us:  amd::Comgr::get_data() return 0 size for agent_triple_target_ids[0]=amdgcn-amd-amdhsa--gfx90c:xnack+
:3:hip_code_object.cpp      :964 : 251451417294 us:  amd::Comgr::get_data() return 0 size for agent_triple_target_ids[0]=amdgcn-amd-amdhsa--gfx90c:xnack+
:3:hip_code_object.cpp      :964 : 251451417300 us:  amd::Comgr::get_data() return 0 size for agent_triple_target_ids[0]=amdgcn-amd-amdhsa--gfx90c:xnack+
:1:hip_fatbin.cpp           :780 : 251451417305 us:  Cannot find CO in the bundle /usr/lib64/librocblas.so.4.4 for ISA: amdgcn-amd-amdhsa--gfx90c:xnack+
:3:hip_platform.cpp         :740 : 251451417310 us:  init: Returned hipErrorNoBinaryForGpu : continue parsing remaining modules
:3:hip_code_object.cpp      :964 : 251451425932 us:  amd::Comgr::get_data() return 0 size for agent_triple_target_ids[0]=amdgcn-amd-amdhsa--gfx90c:xnack+
:3:hip_code_object.cpp      :964 : 251451425965 us:  amd::Comgr::get_data() return 0 size for agent_triple_target_ids[0]=amdgcn-amd-amdhsa--gfx90c:xnack+
:3:hip_code_object.cpp      :964 : 251451425971 us:  amd::Comgr::get_data() return 0 size for agent_triple_target_ids[0]=amdgcn-amd-amdhsa--gfx90c:xnack+
:1:hip_fatbin.cpp           :780 : 251451425978 us:  Cannot find CO in the bundle /usr/lib64/librocsolver.so.0.4 for ISA: amdgcn-amd-amdhsa--gfx90c:xnack+
:3:hip_platform.cpp         :740 : 251451425988 us:  init: Returned hipErrorNoBinaryForGpu : continue parsing remaining modules
:3:hip_code_object.cpp      :964 : 251451428866 us:  amd::Comgr::get_data() return 0 size for agent_triple_target_ids[0]=amdgcn-amd-amdhsa--gfx90c:xnack+
:3:hip_code_object.cpp      :964 : 251451428889 us:  amd::Comgr::get_data() return 0 size for agent_triple_target_ids[0]=amdgcn-amd-amdhsa--gfx90c:xnack+
:3:hip_code_object.cpp      :964 : 251451428903 us:  amd::Comgr::get_data() return 0 size for agent_triple_target_ids[0]=amdgcn-amd-amdhsa--gfx90c:xnack+
:1:hip_fatbin.cpp           :780 : 251451428910 us:  Cannot find CO in the bundle /usr/lib64/librocblas.so.4.4 for ISA: amdgcn-amd-amdhsa--gfx90c:xnack+
:3:hip_platform.cpp         :740 : 251451428919 us:  init: Returned hipErrorNoBinaryForGpu : continue parsing remaining modules
:3:hip_code_object.cpp      :964 : 251451430182 us:  amd::Comgr::get_data() return 0 size for agent_triple_target_ids[0]=amdgcn-amd-amdhsa--gfx90c:xnack+
:3:hip_code_object.cpp      :964 : 251451430196 us:  amd::Comgr::get_data() return 0 size for agent_triple_target_ids[0]=amdgcn-amd-amdhsa--gfx90c:xnack+
:3:hip_code_object.cpp      :964 : 251451430201 us:  amd::Comgr::get_data() return 0 size for agent_triple_target_ids[0]=amdgcn-amd-amdhsa--gfx90c:xnack+
:1:hip_fatbin.cpp           :780 : 251451430206 us:  Cannot find CO in the bundle /usr/lib64/librocsolver.so.0.4 for ISA: amdgcn-amd-amdhsa--gfx90c:xnack+
:3:hip_platform.cpp         :740 : 251451430212 us:  init: Returned hipErrorNoBinaryForGpu : continue parsing remaining modules
:3:hip_code_object.cpp      :964 : 251451431220 us:  amd::Comgr::get_data() return 0 size for agent_triple_target_ids[0]=amdgcn-amd-amdhsa--gfx90c:xnack+
:3:hip_code_object.cpp      :964 : 251451431233 us:  amd::Comgr::get_data() return 0 size for agent_triple_target_ids[0]=amdgcn-amd-amdhsa--gfx90c:xnack+
:3:hip_code_object.cpp      :964 : 251451431238 us:  amd::Comgr::get_data() return 0 size for agent_triple_target_ids[0]=amdgcn-amd-amdhsa--gfx90c:xnack+
:1:hip_fatbin.cpp           :780 : 251451431243 us:  Cannot find CO in the bundle /usr/lib64/librocsolver.so.0.4 for ISA: amdgcn-amd-amdhsa--gfx90c:xnack+
:3:hip_platform.cpp         :740 : 251451431249 us:  init: Returned hipErrorNoBinaryForGpu : continue parsing remaining modules
:3:hip_code_object.cpp      :964 : 251451434955 us:  amd::Comgr::get_data() return 0 size for agent_triple_target_ids[0]=amdgcn-amd-amdhsa--gfx90c:xnack+
:3:hip_code_object.cpp      :964 : 251451434980 us:  amd::Comgr::get_data() return 0 size for agent_triple_target_ids[0]=amdgcn-amd-amdhsa--gfx90c:xnack+
:3:hip_code_object.cpp      :964 : 251451434986 us:  amd::Comgr::get_data() return 0 size for agent_triple_target_ids[0]=amdgcn-amd-amdhsa--gfx90c:xnack+
:1:hip_fatbin.cpp           :780 : 251451434992 us:  Cannot find CO in the bundle /usr/lib64/librocsolver.so.0.4 for ISA: amdgcn-amd-amdhsa--gfx90c:xnack+
:3:hip_platform.cpp         :740 : 251451435011 us:  init: Returned hipErrorNoBinaryForGpu : continue parsing remaining modules
:3:hip_code_object.cpp      :964 : 251451436454 us:  amd::Comgr::get_data() return 0 size for agent_triple_target_ids[0]=amdgcn-amd-amdhsa--gfx90c:xnack+
:3:hip_code_object.cpp      :964 : 251451436468 us:  amd::Comgr::get_data() return 0 size for agent_triple_target_ids[0]=amdgcn-amd-amdhsa--gfx90c:xnack+
:3:hip_code_object.cpp      :964 : 251451436473 us:  amd::Comgr::get_data() return 0 size for agent_triple_target_ids[0]=amdgcn-amd-amdhsa--gfx90c:xnack+
:1:hip_fatbin.cpp           :780 : 251451436478 us:  Cannot find CO in the bundle /usr/lib64/librocsolver.so.0.4 for ISA: amdgcn-amd-amdhsa--gfx90c:xnack+
:3:hip_platform.cpp         :740 : 251451436484 us:  init: Returned hipErrorNoBinaryForGpu : continue parsing remaining modules
:3:hip_code_object.cpp      :964 : 251451437684 us:  amd::Comgr::get_data() return 0 size for agent_triple_target_ids[0]=amdgcn-amd-amdhsa--gfx90c:xnack+
:3:hip_code_object.cpp      :964 : 251451437701 us:  amd::Comgr::get_data() return 0 size for agent_triple_target_ids[0]=amdgcn-amd-amdhsa--gfx90c:xnack+
:3:hip_code_object.cpp      :964 : 251451437706 us:  amd::Comgr::get_data() return 0 size for agent_triple_target_ids[0]=amdgcn-amd-amdhsa--gfx90c:xnack+
:1:hip_fatbin.cpp           :780 : 251451437712 us:  Cannot find CO in the bundle /usr/lib64/librocsolver.so.0.4 for ISA: amdgcn-amd-amdhsa--gfx90c:xnack+
:3:hip_platform.cpp         :740 : 251451437727 us:  init: Returned hipErrorNoBinaryForGpu : continue parsing remaining modules
:3:hip_code_object.cpp      :964 : 251451466545 us:  amd::Comgr::get_data() return 0 size for agent_triple_target_ids[0]=amdgcn-amd-amdhsa--gfx90c:xnack+
:3:hip_code_object.cpp      :964 : 251451466581 us:  amd::Comgr::get_data() return 0 size for agent_triple_target_ids[0]=amdgcn-amd-amdhsa--gfx90c:xnack+
:3:hip_code_object.cpp      :964 : 251451466587 us:  amd::Comgr::get_data() return 0 size for agent_triple_target_ids[0]=amdgcn-amd-amdhsa--gfx90c:xnack+
:1:hip_fatbin.cpp           :780 : 251451466594 us:  Cannot find CO in the bundle /usr/lib64/librocsolver.so.0.4 for ISA: amdgcn-amd-amdhsa--gfx90c:xnack+
:3:hip_platform.cpp         :740 : 251451466604 us:  init: Returned hipErrorNoBinaryForGpu : continue parsing remaining modules
:3:hip_code_object.cpp      :964 : 251451644933 us:  amd::Comgr::get_data() return 0 size for agent_triple_target_ids[0]=amdgcn-amd-amdhsa--gfx90c:xnack+
:3:hip_code_object.cpp      :964 : 251451644991 us:  amd::Comgr::get_data() return 0 size for agent_triple_target_ids[0]=amdgcn-amd-amdhsa--gfx90c:xnack+
:3:hip_code_object.cpp      :964 : 251451644997 us:  amd::Comgr::get_data() return 0 size for agent_triple_target_ids[0]=amdgcn-amd-amdhsa--gfx90c:xnack+
:1:hip_fatbin.cpp           :780 : 251451645015 us:  Cannot find CO in the bundle /usr/lib64/librocsolver.so.0.4 for ISA: amdgcn-amd-amdhsa--gfx90c:xnack+
:3:hip_platform.cpp         :740 : 251451645033 us:  init: Returned hipErrorNoBinaryForGpu : continue parsing remaining modules
:3:hip_code_object.cpp      :964 : 251451646425 us:  amd::Comgr::get_data() return 0 size for agent_triple_target_ids[0]=amdgcn-amd-amdhsa--gfx90c:xnack+
:3:hip_code_object.cpp      :964 : 251451646441 us:  amd::Comgr::get_data() return 0 size for agent_triple_target_ids[0]=amdgcn-amd-amdhsa--gfx90c:xnack+
:3:hip_code_object.cpp      :964 : 251451646447 us:  amd::Comgr::get_data() return 0 size for agent_triple_target_ids[0]=amdgcn-amd-amdhsa--gfx90c:xnack+
:1:hip_fatbin.cpp           :780 : 251451646452 us:  Cannot find CO in the bundle /usr/lib64/librocsolver.so.0.4 for ISA: amdgcn-amd-amdhsa--gfx90c:xnack+
:3:hip_platform.cpp         :740 : 251451646459 us:  init: Returned hipErrorNoBinaryForGpu : continue parsing remaining modules
:3:hip_code_object.cpp      :964 : 251451647417 us:  amd::Comgr::get_data() return 0 size for agent_triple_target_ids[0]=amdgcn-amd-amdhsa--gfx90c:xnack+
:3:hip_code_object.cpp      :964 : 251451647429 us:  amd::Comgr::get_data() return 0 size for agent_triple_target_ids[0]=amdgcn-amd-amdhsa--gfx90c:xnack+
:3:hip_code_object.cpp      :964 : 251451647434 us:  amd::Comgr::get_data() return 0 size for agent_triple_target_ids[0]=amdgcn-amd-amdhsa--gfx90c:xnack+
:1:hip_fatbin.cpp           :780 : 251451647440 us:  Cannot find CO in the bundle /usr/lib64/librocsolver.so.0.4 for ISA: amdgcn-amd-amdhsa--gfx90c:xnack+
:3:hip_platform.cpp         :740 : 251451647445 us:  init: Returned hipErrorNoBinaryForGpu : continue parsing remaining modules
:3:hip_code_object.cpp      :964 : 251451650436 us:  amd::Comgr::get_data() return 0 size for agent_triple_target_ids[0]=amdgcn-amd-amdhsa--gfx90c:xnack+
:3:hip_code_object.cpp      :964 : 251451650463 us:  amd::Comgr::get_data() return 0 size for agent_triple_target_ids[0]=amdgcn-amd-amdhsa--gfx90c:xnack+
:3:hip_code_object.cpp      :964 : 251451650468 us:  amd::Comgr::get_data() return 0 size for agent_triple_target_ids[0]=amdgcn-amd-amdhsa--gfx90c:xnack+
:1:hip_fatbin.cpp           :780 : 251451650475 us:  Cannot find CO in the bundle /usr/lib64/librocblas.so.4.4 for ISA: amdgcn-amd-amdhsa--gfx90c:xnack+
:3:hip_platform.cpp         :740 : 251451650483 us:  init: Returned hipErrorNoBinaryForGpu : continue parsing remaining modules
:3:hip_code_object.cpp      :964 : 251451652208 us:  amd::Comgr::get_data() return 0 size for agent_triple_target_ids[0]=amdgcn-amd-amdhsa--gfx90c:xnack+
:3:hip_code_object.cpp      :964 : 251451652230 us:  amd::Comgr::get_data() return 0 size for agent_triple_target_ids[0]=amdgcn-amd-amdhsa--gfx90c:xnack+
:3:hip_code_object.cpp      :964 : 251451652245 us:  amd::Comgr::get_data() return 0 size for agent_triple_target_ids[0]=amdgcn-amd-amdhsa--gfx90c:xnack+
:1:hip_fatbin.cpp           :780 : 251451652251 us:  Cannot find CO in the bundle /usr/lib64/librocsolver.so.0.4 for ISA: amdgcn-amd-amdhsa--gfx90c:xnack+
:3:hip_platform.cpp         :740 : 251451652258 us:  init: Returned hipErrorNoBinaryForGpu : continue parsing remaining modules
:3:hip_code_object.cpp      :964 : 251451658645 us:  amd::Comgr::get_data() return 0 size for agent_triple_target_ids[0]=amdgcn-amd-amdhsa--gfx90c:xnack+
:3:hip_code_object.cpp      :964 : 251451658680 us:  amd::Comgr::get_data() return 0 size for agent_triple_target_ids[0]=amdgcn-amd-amdhsa--gfx90c:xnack+
:3:hip_code_object.cpp      :964 : 251451658686 us:  amd::Comgr::get_data() return 0 size for agent_triple_target_ids[0]=amdgcn-amd-amdhsa--gfx90c:xnack+
:1:hip_fatbin.cpp           :780 : 251451658693 us:  Cannot find CO in the bundle /usr/lib64/librocsolver.so.0.4 for ISA: amdgcn-amd-amdhsa--gfx90c:xnack+
:3:hip_platform.cpp         :740 : 251451658704 us:  init: Returned hipErrorNoBinaryForGpu : continue parsing remaining modules
:3:hip_code_object.cpp      :964 : 251451923217 us:  amd::Comgr::get_data() return 0 size for agent_triple_target_ids[0]=amdgcn-amd-amdhsa--gfx90c:xnack+
:3:hip_code_object.cpp      :964 : 251451923243 us:  amd::Comgr::get_data() return 0 size for agent_triple_target_ids[0]=amdgcn-amd-amdhsa--gfx90c:xnack+
:3:hip_code_object.cpp      :964 : 251451923248 us:  amd::Comgr::get_data() return 0 size for agent_triple_target_ids[0]=amdgcn-amd-amdhsa--gfx90c:xnack+
:1:hip_fatbin.cpp           :780 : 251451923256 us:  Cannot find CO in the bundle /usr/lib64/librocblas.so.4.4 for ISA: amdgcn-amd-amdhsa--gfx90c:xnack+
:3:hip_platform.cpp         :740 : 251451923266 us:  init: Returned hipErrorNoBinaryForGpu : continue parsing remaining modules
:3:hip_code_object.cpp      :964 : 251451925799 us:  amd::Comgr::get_data() return 0 size for agent_triple_target_ids[0]=amdgcn-amd-amdhsa--gfx90c:xnack+
:3:hip_code_object.cpp      :964 : 251451925820 us:  amd::Comgr::get_data() return 0 size for agent_triple_target_ids[0]=amdgcn-amd-amdhsa--gfx90c:xnack+
:3:hip_code_object.cpp      :964 : 251451925825 us:  amd::Comgr::get_data() return 0 size for agent_triple_target_ids[0]=amdgcn-amd-amdhsa--gfx90c:xnack+
:1:hip_fatbin.cpp           :780 : 251451925831 us:  Cannot find CO in the bundle /usr/lib64/librocsolver.so.0.4 for ISA: amdgcn-amd-amdhsa--gfx90c:xnack+
:3:hip_platform.cpp         :740 : 251451925840 us:  init: Returned hipErrorNoBinaryForGpu : continue parsing remaining modules
:3:hip_code_object.cpp      :964 : 251451928088 us:  amd::Comgr::get_data() return 0 size for agent_triple_target_ids[0]=amdgcn-amd-amdhsa--gfx90c:xnack+
:3:hip_code_object.cpp      :964 : 251451928110 us:  amd::Comgr::get_data() return 0 size for agent_triple_target_ids[0]=amdgcn-amd-amdhsa--gfx90c:xnack+
:3:hip_code_object.cpp      :964 : 251451928115 us:  amd::Comgr::get_data() return 0 size for agent_triple_target_ids[0]=amdgcn-amd-amdhsa--gfx90c:xnack+
:1:hip_fatbin.cpp           :780 : 251451928121 us:  Cannot find CO in the bundle /usr/lib64/librocblas.so.4.4 for ISA: amdgcn-amd-amdhsa--gfx90c:xnack+
:3:hip_platform.cpp         :740 : 251451928129 us:  init: Returned hipErrorNoBinaryForGpu : continue parsing remaining modules
:3:hip_code_object.cpp      :964 : 251451929489 us:  amd::Comgr::get_data() return 0 size for agent_triple_target_ids[0]=amdgcn-amd-amdhsa--gfx90c:xnack+
:3:hip_code_object.cpp      :964 : 251451929503 us:  amd::Comgr::get_data() return 0 size for agent_triple_target_ids[0]=amdgcn-amd-amdhsa--gfx90c:xnack+
:3:hip_code_object.cpp      :964 : 251451929508 us:  amd::Comgr::get_data() return 0 size for agent_triple_target_ids[0]=amdgcn-amd-amdhsa--gfx90c:xnack+
:1:hip_fatbin.cpp           :780 : 251451929514 us:  Cannot find CO in the bundle /usr/lib64/librocsolver.so.0.4 for ISA: amdgcn-amd-amdhsa--gfx90c:xnack+
:3:hip_platform.cpp         :740 : 251451929528 us:  init: Returned hipErrorNoBinaryForGpu : continue parsing remaining modules
:3:hip_code_object.cpp      :964 : 251452135054 us:  amd::Comgr::get_data() return 0 size for agent_triple_target_ids[0]=amdgcn-amd-amdhsa--gfx90c:xnack+
:3:hip_code_object.cpp      :964 : 251452135084 us:  amd::Comgr::get_data() return 0 size for agent_triple_target_ids[0]=amdgcn-amd-amdhsa--gfx90c:xnack+
:3:hip_code_object.cpp      :964 : 251452135090 us:  amd::Comgr::get_data() return 0 size for agent_triple_target_ids[0]=amdgcn-amd-amdhsa--gfx90c:xnack+
:1:hip_fatbin.cpp           :780 : 251452135097 us:  Cannot find CO in the bundle /usr/lib64/librocsolver.so.0.4 for ISA: amdgcn-amd-amdhsa--gfx90c:xnack+
:3:hip_platform.cpp         :740 : 251452135107 us:  init: Returned hipErrorNoBinaryForGpu : continue parsing remaining modules
:3:hip_code_object.cpp      :964 : 251452275497 us:  amd::Comgr::get_data() return 0 size for agent_triple_target_ids[0]=amdgcn-amd-amdhsa--gfx90c:xnack+
:3:hip_code_object.cpp      :964 : 251452275526 us:  amd::Comgr::get_data() return 0 size for agent_triple_target_ids[0]=amdgcn-amd-amdhsa--gfx90c:xnack+
:3:hip_code_object.cpp      :964 : 251452275532 us:  amd::Comgr::get_data() return 0 size for agent_triple_target_ids[0]=amdgcn-amd-amdhsa--gfx90c:xnack+
:1:hip_fatbin.cpp           :780 : 251452275539 us:  Cannot find CO in the bundle /usr/lib64/librocblas.so.4.4 for ISA: amdgcn-amd-amdhsa--gfx90c:xnack+
:3:hip_platform.cpp         :740 : 251452275548 us:  init: Returned hipErrorNoBinaryForGpu : continue parsing remaining modules
:3:hip_code_object.cpp      :964 : 251452277192 us:  amd::Comgr::get_data() return 0 size for agent_triple_target_ids[0]=amdgcn-amd-amdhsa--gfx90c:xnack+
:3:hip_code_object.cpp      :964 : 251452277208 us:  amd::Comgr::get_data() return 0 size for agent_triple_target_ids[0]=amdgcn-amd-amdhsa--gfx90c:xnack+
:3:hip_code_object.cpp      :964 : 251452277213 us:  amd::Comgr::get_data() return 0 size for agent_triple_target_ids[0]=amdgcn-amd-amdhsa--gfx90c:xnack+
:1:hip_fatbin.cpp           :780 : 251452277219 us:  Cannot find CO in the bundle /usr/lib64/librocblas.so.4.4 for ISA: amdgcn-amd-amdhsa--gfx90c:xnack+
:3:hip_platform.cpp         :740 : 251452277226 us:  init: Returned hipErrorNoBinaryForGpu : continue parsing remaining modules
:3:hip_code_object.cpp      :964 : 251452278635 us:  amd::Comgr::get_data() return 0 size for agent_triple_target_ids[0]=amdgcn-amd-amdhsa--gfx90c:xnack+
:3:hip_code_object.cpp      :964 : 251452278650 us:  amd::Comgr::get_data() return 0 size for agent_triple_target_ids[0]=amdgcn-amd-amdhsa--gfx90c:xnack+
:3:hip_code_object.cpp      :964 : 251452278655 us:  amd::Comgr::get_data() return 0 size for agent_triple_target_ids[0]=amdgcn-amd-amdhsa--gfx90c:xnack+
:1:hip_fatbin.cpp           :780 : 251452278661 us:  Cannot find CO in the bundle /usr/lib64/librocsolver.so.0.4 for ISA: amdgcn-amd-amdhsa--gfx90c:xnack+
:3:hip_platform.cpp         :740 : 251452278667 us:  init: Returned hipErrorNoBinaryForGpu : continue parsing remaining modules
:3:hip_code_object.cpp      :964 : 251452279819 us:  amd::Comgr::get_data() return 0 size for agent_triple_target_ids[0]=amdgcn-amd-amdhsa--gfx90c:xnack+
:3:hip_code_object.cpp      :964 : 251452279831 us:  amd::Comgr::get_data() return 0 size for agent_triple_target_ids[0]=amdgcn-amd-amdhsa--gfx90c:xnack+
:3:hip_code_object.cpp      :964 : 251452279836 us:  amd::Comgr::get_data() return 0 size for agent_triple_target_ids[0]=amdgcn-amd-amdhsa--gfx90c:xnack+
:1:hip_fatbin.cpp           :780 : 251452279842 us:  Cannot find CO in the bundle /usr/lib64/librocblas.so.4.4 for ISA: amdgcn-amd-amdhsa--gfx90c:xnack+
:3:hip_platform.cpp         :740 : 251452279847 us:  init: Returned hipErrorNoBinaryForGpu : continue parsing remaining modules
:3:hip_code_object.cpp      :964 : 251452281982 us:  amd::Comgr::get_data() return 0 size for agent_triple_target_ids[0]=amdgcn-amd-amdhsa--gfx90c:xnack+
:3:hip_code_object.cpp      :964 : 251452282058 us:  amd::Comgr::get_data() return 0 size for agent_triple_target_ids[0]=amdgcn-amd-amdhsa--gfx90c:xnack+
:3:hip_code_object.cpp      :964 : 251452282072 us:  amd::Comgr::get_data() return 0 size for agent_triple_target_ids[0]=amdgcn-amd-amdhsa--gfx90c:xnack+
:1:hip_fatbin.cpp           :780 : 251452282078 us:  Cannot find CO in the bundle /usr/lib64/librocblas.so.4.4 for ISA: amdgcn-amd-amdhsa--gfx90c:xnack+
:3:hip_platform.cpp         :740 : 251452282085 us:  init: Returned hipErrorNoBinaryForGpu : continue parsing remaining modules
:3:hip_code_object.cpp      :964 : 251452283715 us:  amd::Comgr::get_data() return 0 size for agent_triple_target_ids[0]=amdgcn-amd-amdhsa--gfx90c:xnack+
:3:hip_code_object.cpp      :964 : 251452283733 us:  amd::Comgr::get_data() return 0 size for agent_triple_target_ids[0]=amdgcn-amd-amdhsa--gfx90c:xnack+
:3:hip_code_object.cpp      :964 : 251452283738 us:  amd::Comgr::get_data() return 0 size for agent_triple_target_ids[0]=amdgcn-amd-amdhsa--gfx90c:xnack+
:1:hip_fatbin.cpp           :780 : 251452283744 us:  Cannot find CO in the bundle /usr/lib64/librocsolver.so.0.4 for ISA: amdgcn-amd-amdhsa--gfx90c:xnack+
:3:hip_platform.cpp         :740 : 251452283751 us:  init: Returned hipErrorNoBinaryForGpu : continue parsing remaining modules
:3:hip_code_object.cpp      :964 : 251452290508 us:  amd::Comgr::get_data() return 0 size for agent_triple_target_ids[0]=amdgcn-amd-amdhsa--gfx90c:xnack+
:3:hip_code_object.cpp      :964 : 251452290539 us:  amd::Comgr::get_data() return 0 size for agent_triple_target_ids[0]=amdgcn-amd-amdhsa--gfx90c:xnack+
:3:hip_code_object.cpp      :964 : 251452290545 us:  amd::Comgr::get_data() return 0 size for agent_triple_target_ids[0]=amdgcn-amd-amdhsa--gfx90c:xnack+
:1:hip_fatbin.cpp           :780 : 251452290551 us:  Cannot find CO in the bundle /usr/lib64/librocblas.so.4.4 for ISA: amdgcn-amd-amdhsa--gfx90c:xnack+
:3:hip_platform.cpp         :740 : 251452290561 us:  init: Returned hipErrorNoBinaryForGpu : continue parsing remaining modules
:3:hip_code_object.cpp      :964 : 251452291876 us:  amd::Comgr::get_data() return 0 size for agent_triple_target_ids[0]=amdgcn-amd-amdhsa--gfx90c:xnack+
:3:hip_code_object.cpp      :964 : 251452291892 us:  amd::Comgr::get_data() return 0 size for agent_triple_target_ids[0]=amdgcn-amd-amdhsa--gfx90c:xnack+
:3:hip_code_object.cpp      :964 : 251452291897 us:  amd::Comgr::get_data() return 0 size for agent_triple_target_ids[0]=amdgcn-amd-amdhsa--gfx90c:xnack+
:1:hip_fatbin.cpp           :780 : 251452291902 us:  Cannot find CO in the bundle /usr/lib64/librocsolver.so.0.4 for ISA: amdgcn-amd-amdhsa--gfx90c:xnack+
:3:hip_platform.cpp         :740 : 251452291908 us:  init: Returned hipErrorNoBinaryForGpu : continue parsing remaining modules
:3:hip_code_object.cpp      :964 : 251452293640 us:  amd::Comgr::get_data() return 0 size for agent_triple_target_ids[0]=amdgcn-amd-amdhsa--gfx90c:xnack+
:3:hip_code_object.cpp      :964 : 251452293659 us:  amd::Comgr::get_data() return 0 size for agent_triple_target_ids[0]=amdgcn-amd-amdhsa--gfx90c:xnack+
:3:hip_code_object.cpp      :964 : 251452293664 us:  amd::Comgr::get_data() return 0 size for agent_triple_target_ids[0]=amdgcn-amd-amdhsa--gfx90c:xnack+
:1:hip_fatbin.cpp           :780 : 251452293669 us:  Cannot find CO in the bundle /usr/lib64/librocsolver.so.0.4 for ISA: amdgcn-amd-amdhsa--gfx90c:xnack+
:3:hip_platform.cpp         :740 : 251452293676 us:  init: Returned hipErrorNoBinaryForGpu : continue parsing remaining modules
:3:hip_code_object.cpp      :964 : 251452294694 us:  amd::Comgr::get_data() return 0 size for agent_triple_target_ids[0]=amdgcn-amd-amdhsa--gfx90c:xnack+
:3:hip_code_object.cpp      :964 : 251452294708 us:  amd::Comgr::get_data() return 0 size for agent_triple_target_ids[0]=amdgcn-amd-amdhsa--gfx90c:xnack+
:3:hip_code_object.cpp      :964 : 251452294713 us:  amd::Comgr::get_data() return 0 size for agent_triple_target_ids[0]=amdgcn-amd-amdhsa--gfx90c:xnack+
:1:hip_fatbin.cpp           :780 : 251452294718 us:  Cannot find CO in the bundle /usr/lib64/librocsolver.so.0.4 for ISA: amdgcn-amd-amdhsa--gfx90c:xnack+
:3:hip_platform.cpp         :740 : 251452294732 us:  init: Returned hipErrorNoBinaryForGpu : continue parsing remaining modules
:3:hip_code_object.cpp      :964 : 251452296471 us:  amd::Comgr::get_data() return 0 size for agent_triple_target_ids[0]=amdgcn-amd-amdhsa--gfx90c:xnack+
:3:hip_code_object.cpp      :964 : 251452296486 us:  amd::Comgr::get_data() return 0 size for agent_triple_target_ids[0]=amdgcn-amd-amdhsa--gfx90c:xnack+
:3:hip_code_object.cpp      :964 : 251452296491 us:  amd::Comgr::get_data() return 0 size for agent_triple_target_ids[0]=amdgcn-amd-amdhsa--gfx90c:xnack+
:1:hip_fatbin.cpp           :780 : 251452296497 us:  Cannot find CO in the bundle /usr/lib64/librocsolver.so.0.4 for ISA: amdgcn-amd-amdhsa--gfx90c:xnack+
:3:hip_platform.cpp         :740 : 251452296503 us:  init: Returned hipErrorNoBinaryForGpu : continue parsing remaining modules
:3:hip_code_object.cpp      :964 : 251452297665 us:  amd::Comgr::get_data() return 0 size for agent_triple_target_ids[0]=amdgcn-amd-amdhsa--gfx90c:xnack+
:3:hip_code_object.cpp      :964 : 251452297677 us:  amd::Comgr::get_data() return 0 size for agent_triple_target_ids[0]=amdgcn-amd-amdhsa--gfx90c:xnack+
:3:hip_code_object.cpp      :964 : 251452297682 us:  amd::Comgr::get_data() return 0 size for agent_triple_target_ids[0]=amdgcn-amd-amdhsa--gfx90c:xnack+
:1:hip_fatbin.cpp           :780 : 251452297687 us:  Cannot find CO in the bundle /usr/lib64/librocsolver.so.0.4 for ISA: amdgcn-amd-amdhsa--gfx90c:xnack+
:3:hip_platform.cpp         :740 : 251452297693 us:  init: Returned hipErrorNoBinaryForGpu : continue parsing remaining modules
:3:hip_code_object.cpp      :964 : 251452298884 us:  amd::Comgr::get_data() return 0 size for agent_triple_target_ids[0]=amdgcn-amd-amdhsa--gfx90c:xnack+
:3:hip_code_object.cpp      :964 : 251452298896 us:  amd::Comgr::get_data() return 0 size for agent_triple_target_ids[0]=amdgcn-amd-amdhsa--gfx90c:xnack+
:3:hip_code_object.cpp      :964 : 251452298901 us:  amd::Comgr::get_data() return 0 size for agent_triple_target_ids[0]=amdgcn-amd-amdhsa--gfx90c:xnack+
:1:hip_fatbin.cpp           :780 : 251452298906 us:  Cannot find CO in the bundle /usr/lib64/librocsolver.so.0.4 for ISA: amdgcn-amd-amdhsa--gfx90c:xnack+
:3:hip_platform.cpp         :740 : 251452298912 us:  init: Returned hipErrorNoBinaryForGpu : continue parsing remaining modules
:3:hip_code_object.cpp      :964 : 251452300991 us:  amd::Comgr::get_data() return 0 size for agent_triple_target_ids[0]=amdgcn-amd-amdhsa--gfx90c:xnack+
:3:hip_code_object.cpp      :964 : 251452301046 us:  amd::Comgr::get_data() return 0 size for agent_triple_target_ids[0]=amdgcn-amd-amdhsa--gfx90c:xnack+
:3:hip_code_object.cpp      :964 : 251452301051 us:  amd::Comgr::get_data() return 0 size for agent_triple_target_ids[0]=amdgcn-amd-amdhsa--gfx90c:xnack+
:1:hip_fatbin.cpp           :780 : 251452301058 us:  Cannot find CO in the bundle /usr/lib64/librocblas.so.4.4 for ISA: amdgcn-amd-amdhsa--gfx90c:xnack+
:3:hip_platform.cpp         :740 : 251452301066 us:  init: Returned hipErrorNoBinaryForGpu : continue parsing remaining modules
:3:hip_code_object.cpp      :964 : 251452304165 us:  amd::Comgr::get_data() return 0 size for agent_triple_target_ids[0]=amdgcn-amd-amdhsa--gfx90c:xnack+
:3:hip_code_object.cpp      :964 : 251452304190 us:  amd::Comgr::get_data() return 0 size for agent_triple_target_ids[0]=amdgcn-amd-amdhsa--gfx90c:xnack+
:3:hip_code_object.cpp      :964 : 251452304195 us:  amd::Comgr::get_data() return 0 size for agent_triple_target_ids[0]=amdgcn-amd-amdhsa--gfx90c:xnack+
:1:hip_fatbin.cpp           :780 : 251452304202 us:  Cannot find CO in the bundle /usr/lib64/librocblas.so.4.4 for ISA: amdgcn-amd-amdhsa--gfx90c:xnack+
:3:hip_platform.cpp         :740 : 251452304211 us:  init: Returned hipErrorNoBinaryForGpu : continue parsing remaining modules
:3:hip_code_object.cpp      :964 : 251452305522 us:  amd::Comgr::get_data() return 0 size for agent_triple_target_ids[0]=amdgcn-amd-amdhsa--gfx90c:xnack+
:3:hip_code_object.cpp      :964 : 251452305534 us:  amd::Comgr::get_data() return 0 size for agent_triple_target_ids[0]=amdgcn-amd-amdhsa--gfx90c:xnack+
:3:hip_code_object.cpp      :964 : 251452305548 us:  amd::Comgr::get_data() return 0 size for agent_triple_target_ids[0]=amdgcn-amd-amdhsa--gfx90c:xnack+
:1:hip_fatbin.cpp           :780 : 251452305553 us:  Cannot find CO in the bundle /usr/lib64/librocblas.so.4.4 for ISA: amdgcn-amd-amdhsa--gfx90c:xnack+
:3:hip_platform.cpp         :740 : 251452305559 us:  init: Returned hipErrorNoBinaryForGpu : continue parsing remaining modules
:3:hip_code_object.cpp      :964 : 251452306624 us:  amd::Comgr::get_data() return 0 size for agent_triple_target_ids[0]=amdgcn-amd-amdhsa--gfx90c:xnack+
:3:hip_code_object.cpp      :964 : 251452306637 us:  amd::Comgr::get_data() return 0 size for agent_triple_target_ids[0]=amdgcn-amd-amdhsa--gfx90c:xnack+
:3:hip_code_object.cpp      :964 : 251452306641 us:  amd::Comgr::get_data() return 0 size for agent_triple_target_ids[0]=amdgcn-amd-amdhsa--gfx90c:xnack+
:1:hip_fatbin.cpp           :780 : 251452306646 us:  Cannot find CO in the bundle /usr/lib64/librocsolver.so.0.4 for ISA: amdgcn-amd-amdhsa--gfx90c:xnack+
:3:hip_platform.cpp         :740 : 251452306652 us:  init: Returned hipErrorNoBinaryForGpu : continue parsing remaining modules
:3:hip_code_object.cpp      :964 : 251452307529 us:  amd::Comgr::get_data() return 0 size for agent_triple_target_ids[0]=amdgcn-amd-amdhsa--gfx90c:xnack+
:3:hip_code_object.cpp      :964 : 251452307541 us:  amd::Comgr::get_data() return 0 size for agent_triple_target_ids[0]=amdgcn-amd-amdhsa--gfx90c:xnack+
:3:hip_code_object.cpp      :964 : 251452307545 us:  amd::Comgr::get_data() return 0 size for agent_triple_target_ids[0]=amdgcn-amd-amdhsa--gfx90c:xnack+
:1:hip_fatbin.cpp           :780 : 251452307550 us:  Cannot find CO in the bundle /usr/lib64/librocsolver.so.0.4 for ISA: amdgcn-amd-amdhsa--gfx90c:xnack+
:3:hip_platform.cpp         :740 : 251452307556 us:  init: Returned hipErrorNoBinaryForGpu : continue parsing remaining modules
:3:hip_code_object.cpp      :964 : 251452308722 us:  amd::Comgr::get_data() return 0 size for agent_triple_target_ids[0]=amdgcn-amd-amdhsa--gfx90c:xnack+
:3:hip_code_object.cpp      :964 : 251452308736 us:  amd::Comgr::get_data() return 0 size for agent_triple_target_ids[0]=amdgcn-amd-amdhsa--gfx90c:xnack+
:3:hip_code_object.cpp      :964 : 251452308741 us:  amd::Comgr::get_data() return 0 size for agent_triple_target_ids[0]=amdgcn-amd-amdhsa--gfx90c:xnack+
:1:hip_fatbin.cpp           :780 : 251452308746 us:  Cannot find CO in the bundle /usr/lib64/librocsolver.so.0.4 for ISA: amdgcn-amd-amdhsa--gfx90c:xnack+
:3:hip_platform.cpp         :740 : 251452308752 us:  init: Returned hipErrorNoBinaryForGpu : continue parsing remaining modules
:3:hip_code_object.cpp      :964 : 251452315054 us:  amd::Comgr::get_data() return 0 size for agent_triple_target_ids[0]=amdgcn-amd-amdhsa--gfx90c:xnack+
:3:hip_code_object.cpp      :964 : 251452315086 us:  amd::Comgr::get_data() return 0 size for agent_triple_target_ids[0]=amdgcn-amd-amdhsa--gfx90c:xnack+
:3:hip_code_object.cpp      :964 : 251452315091 us:  amd::Comgr::get_data() return 0 size for agent_triple_target_ids[0]=amdgcn-amd-amdhsa--gfx90c:xnack+
:1:hip_fatbin.cpp           :780 : 251452315098 us:  Cannot find CO in the bundle /usr/lib64/librocsolver.so.0.4 for ISA: amdgcn-amd-amdhsa--gfx90c:xnack+
:3:hip_platform.cpp         :740 : 251452315108 us:  init: Returned hipErrorNoBinaryForGpu : continue parsing remaining modules
:3:hip_code_object.cpp      :964 : 251452316291 us:  amd::Comgr::get_data() return 0 size for agent_triple_target_ids[0]=amdgcn-amd-amdhsa--gfx90c:xnack+
:3:hip_code_object.cpp      :964 : 251452316305 us:  amd::Comgr::get_data() return 0 size for agent_triple_target_ids[0]=amdgcn-amd-amdhsa--gfx90c:xnack+
:3:hip_code_object.cpp      :964 : 251452316310 us:  amd::Comgr::get_data() return 0 size for agent_triple_target_ids[0]=amdgcn-amd-amdhsa--gfx90c:xnack+
:1:hip_fatbin.cpp           :780 : 251452316315 us:  Cannot find CO in the bundle /usr/lib64/librocsolver.so.0.4 for ISA: amdgcn-amd-amdhsa--gfx90c:xnack+
:3:hip_platform.cpp         :740 : 251452316329 us:  init: Returned hipErrorNoBinaryForGpu : continue parsing remaining modules
:3:hip_code_object.cpp      :964 : 251452320154 us:  amd::Comgr::get_data() return 0 size for agent_triple_target_ids[0]=amdgcn-amd-amdhsa--gfx90c:xnack+
:3:hip_code_object.cpp      :964 : 251452320182 us:  amd::Comgr::get_data() return 0 size for agent_triple_target_ids[0]=amdgcn-amd-amdhsa--gfx90c:xnack+
:3:hip_code_object.cpp      :964 : 251452320187 us:  amd::Comgr::get_data() return 0 size for agent_triple_target_ids[0]=amdgcn-amd-amdhsa--gfx90c:xnack+
:1:hip_fatbin.cpp           :780 : 251452320194 us:  Cannot find CO in the bundle /usr/lib64/librocsolver.so.0.4 for ISA: amdgcn-amd-amdhsa--gfx90c:xnack+
:3:hip_platform.cpp         :740 : 251452320204 us:  init: Returned hipErrorNoBinaryForGpu : continue parsing remaining modules
:3:hip_code_object.cpp      :964 : 251452323215 us:  amd::Comgr::get_data() return 0 size for agent_triple_target_ids[0]=amdgcn-amd-amdhsa--gfx90c:xnack+
:3:hip_code_object.cpp      :964 : 251452323238 us:  amd::Comgr::get_data() return 0 size for agent_triple_target_ids[0]=amdgcn-amd-amdhsa--gfx90c:xnack+
:3:hip_code_object.cpp      :964 : 251452323243 us:  amd::Comgr::get_data() return 0 size for agent_triple_target_ids[0]=amdgcn-amd-amdhsa--gfx90c:xnack+
:1:hip_fatbin.cpp           :780 : 251452323250 us:  Cannot find CO in the bundle /usr/lib64/librocsolver.so.0.4 for ISA: amdgcn-amd-amdhsa--gfx90c:xnack+
:3:hip_platform.cpp         :740 : 251452323257 us:  init: Returned hipErrorNoBinaryForGpu : continue parsing remaining modules
:3:hip_code_object.cpp      :964 : 251452324457 us:  amd::Comgr::get_data() return 0 size for agent_triple_target_ids[0]=amdgcn-amd-amdhsa--gfx90c:xnack+
:3:hip_code_object.cpp      :964 : 251452324470 us:  amd::Comgr::get_data() return 0 size for agent_triple_target_ids[0]=amdgcn-amd-amdhsa--gfx90c:xnack+
:3:hip_code_object.cpp      :964 : 251452324476 us:  amd::Comgr::get_data() return 0 size for agent_triple_target_ids[0]=amdgcn-amd-amdhsa--gfx90c:xnack+
:1:hip_fatbin.cpp           :780 : 251452324481 us:  Cannot find CO in the bundle /usr/lib64/librocsolver.so.0.4 for ISA: amdgcn-amd-amdhsa--gfx90c:xnack+
:3:hip_platform.cpp         :740 : 251452324487 us:  init: Returned hipErrorNoBinaryForGpu : continue parsing remaining modules
:3:hip_code_object.cpp      :964 : 251452325440 us:  amd::Comgr::get_data() return 0 size for agent_triple_target_ids[0]=amdgcn-amd-amdhsa--gfx90c:xnack+
:3:hip_code_object.cpp      :964 : 251452325453 us:  amd::Comgr::get_data() return 0 size for agent_triple_target_ids[0]=amdgcn-amd-amdhsa--gfx90c:xnack+
:3:hip_code_object.cpp      :964 : 251452325458 us:  amd::Comgr::get_data() return 0 size for agent_triple_target_ids[0]=amdgcn-amd-amdhsa--gfx90c:xnack+
:1:hip_fatbin.cpp           :780 : 251452325463 us:  Cannot find CO in the bundle /usr/lib64/librocsolver.so.0.4 for ISA: amdgcn-amd-amdhsa--gfx90c:xnack+
:3:hip_platform.cpp         :740 : 251452325468 us:  init: Returned hipErrorNoBinaryForGpu : continue parsing remaining modules
:3:hip_code_object.cpp      :964 : 251452326549 us:  amd::Comgr::get_data() return 0 size for agent_triple_target_ids[0]=amdgcn-amd-amdhsa--gfx90c:xnack+
:3:hip_code_object.cpp      :964 : 251452326561 us:  amd::Comgr::get_data() return 0 size for agent_triple_target_ids[0]=amdgcn-amd-amdhsa--gfx90c:xnack+
:3:hip_code_object.cpp      :964 : 251452326566 us:  amd::Comgr::get_data() return 0 size for agent_triple_target_ids[0]=amdgcn-amd-amdhsa--gfx90c:xnack+
:1:hip_fatbin.cpp           :780 : 251452326571 us:  Cannot find CO in the bundle /usr/lib64/librocsolver.so.0.4 for ISA: amdgcn-amd-amdhsa--gfx90c:xnack+
:3:hip_platform.cpp         :740 : 251452326578 us:  init: Returned hipErrorNoBinaryForGpu : continue parsing remaining modules
:3:hip_code_object.cpp      :964 : 251452327565 us:  amd::Comgr::get_data() return 0 size for agent_triple_target_ids[0]=amdgcn-amd-amdhsa--gfx90c:xnack+
:3:hip_code_object.cpp      :964 : 251452327578 us:  amd::Comgr::get_data() return 0 size for agent_triple_target_ids[0]=amdgcn-amd-amdhsa--gfx90c:xnack+
:3:hip_code_object.cpp      :964 : 251452327593 us:  amd::Comgr::get_data() return 0 size for agent_triple_target_ids[0]=amdgcn-amd-amdhsa--gfx90c:xnack+
:1:hip_fatbin.cpp           :780 : 251452327598 us:  Cannot find CO in the bundle /usr/lib64/librocsolver.so.0.4 for ISA: amdgcn-amd-amdhsa--gfx90c:xnack+
:3:hip_platform.cpp         :740 : 251452327604 us:  init: Returned hipErrorNoBinaryForGpu : continue parsing remaining modules
:3:hip_code_object.cpp      :964 : 251452329103 us:  amd::Comgr::get_data() return 0 size for agent_triple_target_ids[0]=amdgcn-amd-amdhsa--gfx90c:xnack+
:3:hip_code_object.cpp      :964 : 251452329119 us:  amd::Comgr::get_data() return 0 size for agent_triple_target_ids[0]=amdgcn-amd-amdhsa--gfx90c:xnack+
:3:hip_code_object.cpp      :964 : 251452329124 us:  amd::Comgr::get_data() return 0 size for agent_triple_target_ids[0]=amdgcn-amd-amdhsa--gfx90c:xnack+
:1:hip_fatbin.cpp           :780 : 251452329129 us:  Cannot find CO in the bundle /usr/lib64/librocsolver.so.0.4 for ISA: amdgcn-amd-amdhsa--gfx90c:xnack+
:3:hip_platform.cpp         :740 : 251452329135 us:  init: Returned hipErrorNoBinaryForGpu : continue parsing remaining modules
:3:hip_code_object.cpp      :964 : 251452330012 us:  amd::Comgr::get_data() return 0 size for agent_triple_target_ids[0]=amdgcn-amd-amdhsa--gfx90c:xnack+
:3:hip_code_object.cpp      :964 : 251452330024 us:  amd::Comgr::get_data() return 0 size for agent_triple_target_ids[0]=amdgcn-amd-amdhsa--gfx90c:xnack+
:3:hip_code_object.cpp      :964 : 251452330029 us:  amd::Comgr::get_data() return 0 size for agent_triple_target_ids[0]=amdgcn-amd-amdhsa--gfx90c:xnack+
:1:hip_fatbin.cpp           :780 : 251452330034 us:  Cannot find CO in the bundle /usr/lib64/librocsolver.so.0.4 for ISA: amdgcn-amd-amdhsa--gfx90c:xnack+
:3:hip_platform.cpp         :740 : 251452330040 us:  init: Returned hipErrorNoBinaryForGpu : continue parsing remaining modules
:3:hip_code_object.cpp      :964 : 251452334249 us:  amd::Comgr::get_data() return 0 size for agent_triple_target_ids[0]=amdgcn-amd-amdhsa--gfx90c:xnack+
:3:hip_code_object.cpp      :964 : 251452334277 us:  amd::Comgr::get_data() return 0 size for agent_triple_target_ids[0]=amdgcn-amd-amdhsa--gfx90c:xnack+
:3:hip_code_object.cpp      :964 : 251452334282 us:  amd::Comgr::get_data() return 0 size for agent_triple_target_ids[0]=amdgcn-amd-amdhsa--gfx90c:xnack+
:1:hip_fatbin.cpp           :780 : 251452334289 us:  Cannot find CO in the bundle /usr/lib64/librocblas.so.4.4 for ISA: amdgcn-amd-amdhsa--gfx90c:xnack+
:3:hip_platform.cpp         :740 : 251452334298 us:  init: Returned hipErrorNoBinaryForGpu : continue parsing remaining modules
:3:hip_code_object.cpp      :964 : 251452335943 us:  amd::Comgr::get_data() return 0 size for agent_triple_target_ids[0]=amdgcn-amd-amdhsa--gfx90c:xnack+
:3:hip_code_object.cpp      :964 : 251452335957 us:  amd::Comgr::get_data() return 0 size for agent_triple_target_ids[0]=amdgcn-amd-amdhsa--gfx90c:xnack+
:3:hip_code_object.cpp      :964 : 251452335962 us:  amd::Comgr::get_data() return 0 size for agent_triple_target_ids[0]=amdgcn-amd-amdhsa--gfx90c:xnack+
:1:hip_fatbin.cpp           :780 : 251452335968 us:  Cannot find CO in the bundle /usr/lib64/librocsolver.so.0.4 for ISA: amdgcn-amd-amdhsa--gfx90c:xnack+
:3:hip_platform.cpp         :740 : 251452335974 us:  init: Returned hipErrorNoBinaryForGpu : continue parsing remaining modules
:3:hip_code_object.cpp      :964 : 251452341456 us:  amd::Comgr::get_data() return 0 size for agent_triple_target_ids[0]=amdgcn-amd-amdhsa--gfx90c:xnack+
:3:hip_code_object.cpp      :964 : 251452341486 us:  amd::Comgr::get_data() return 0 size for agent_triple_target_ids[0]=amdgcn-amd-amdhsa--gfx90c:xnack+
:3:hip_code_object.cpp      :964 : 251452341491 us:  amd::Comgr::get_data() return 0 size for agent_triple_target_ids[0]=amdgcn-amd-amdhsa--gfx90c:xnack+
:1:hip_fatbin.cpp           :780 : 251452341498 us:  Cannot find CO in the bundle /usr/lib64/librocsolver.so.0.4 for ISA: amdgcn-amd-amdhsa--gfx90c:xnack+
:3:hip_platform.cpp         :740 : 251452341518 us:  init: Returned hipErrorNoBinaryForGpu : continue parsing remaining modules
:3:hip_code_object.cpp      :964 : 251452346644 us:  amd::Comgr::get_data() return 0 size for agent_triple_target_ids[0]=amdgcn-amd-amdhsa--gfx90c:xnack+
:3:hip_code_object.cpp      :964 : 251452346676 us:  amd::Comgr::get_data() return 0 size for agent_triple_target_ids[0]=amdgcn-amd-amdhsa--gfx90c:xnack+
:3:hip_code_object.cpp      :964 : 251452346681 us:  amd::Comgr::get_data() return 0 size for agent_triple_target_ids[0]=amdgcn-amd-amdhsa--gfx90c:xnack+
:1:hip_fatbin.cpp           :780 : 251452346690 us:  Cannot find CO in the bundle /usr/lib64/librocsolver.so.0.4 for ISA: amdgcn-amd-amdhsa--gfx90c:xnack+
:3:hip_platform.cpp         :740 : 251452346702 us:  init: Returned hipErrorNoBinaryForGpu : continue parsing remaining modules
:3:hip_code_object.cpp      :964 : 251452348449 us:  amd::Comgr::get_data() return 0 size for agent_triple_target_ids[0]=amdgcn-amd-amdhsa--gfx90c:xnack+
:3:hip_code_object.cpp      :964 : 251452348464 us:  amd::Comgr::get_data() return 0 size for agent_triple_target_ids[0]=amdgcn-amd-amdhsa--gfx90c:xnack+
:3:hip_code_object.cpp      :964 : 251452348470 us:  amd::Comgr::get_data() return 0 size for agent_triple_target_ids[0]=amdgcn-amd-amdhsa--gfx90c:xnack+
:1:hip_fatbin.cpp           :780 : 251452348475 us:  Cannot find CO in the bundle /usr/lib64/librocsolver.so.0.4 for ISA: amdgcn-amd-amdhsa--gfx90c:xnack+
:3:hip_platform.cpp         :740 : 251452348482 us:  init: Returned hipErrorNoBinaryForGpu : continue parsing remaining modules
:3:hip_code_object.cpp      :964 : 251452349737 us:  amd::Comgr::get_data() return 0 size for agent_triple_target_ids[0]=amdgcn-amd-amdhsa--gfx90c:xnack+
:3:hip_code_object.cpp      :964 : 251452349751 us:  amd::Comgr::get_data() return 0 size for agent_triple_target_ids[0]=amdgcn-amd-amdhsa--gfx90c:xnack+
:3:hip_code_object.cpp      :964 : 251452349756 us:  amd::Comgr::get_data() return 0 size for agent_triple_target_ids[0]=amdgcn-amd-amdhsa--gfx90c:xnack+
:1:hip_fatbin.cpp           :780 : 251452349762 us:  Cannot find CO in the bundle /usr/lib64/librocsolver.so.0.4 for ISA: amdgcn-amd-amdhsa--gfx90c:xnack+
:3:hip_platform.cpp         :740 : 251452349768 us:  init: Returned hipErrorNoBinaryForGpu : continue parsing remaining modules
:3:hip_code_object.cpp      :964 : 251452352212 us:  amd::Comgr::get_data() return 0 size for agent_triple_target_ids[0]=amdgcn-amd-amdhsa--gfx90c:xnack+
:3:hip_code_object.cpp      :964 : 251452352233 us:  amd::Comgr::get_data() return 0 size for agent_triple_target_ids[0]=amdgcn-amd-amdhsa--gfx90c:xnack+
:3:hip_code_object.cpp      :964 : 251452352238 us:  amd::Comgr::get_data() return 0 size for agent_triple_target_ids[0]=amdgcn-amd-amdhsa--gfx90c:xnack+
:1:hip_fatbin.cpp           :780 : 251452352244 us:  Cannot find CO in the bundle /usr/lib64/librocsolver.so.0.4 for ISA: amdgcn-amd-amdhsa--gfx90c:xnack+
:3:hip_platform.cpp         :740 : 251452352252 us:  init: Returned hipErrorNoBinaryForGpu : continue parsing remaining modules
:3:hip_code_object.cpp      :964 : 251453305453 us:  amd::Comgr::get_data() return 0 size for agent_triple_target_ids[0]=amdgcn-amd-amdhsa--gfx90c:xnack+
:3:hip_code_object.cpp      :964 : 251453305486 us:  amd::Comgr::get_data() return 0 size for agent_triple_target_ids[0]=amdgcn-amd-amdhsa--gfx90c:xnack+
:3:hip_code_object.cpp      :964 : 251453305491 us:  amd::Comgr::get_data() return 0 size for agent_triple_target_ids[0]=amdgcn-amd-amdhsa--gfx90c:xnack+
:1:hip_fatbin.cpp           :780 : 251453316752 us:  Cannot find CO in the bundle /usr/lib64/librocsolver.so.0.4 for ISA: amdgcn-amd-amdhsa--gfx90c:xnack+
:3:hip_platform.cpp         :740 : 251453316784 us:  init: Returned hipErrorNoBinaryForGpu : continue parsing remaining modules
:3:hip_code_object.cpp      :964 : 251453318380 us:  amd::Comgr::get_data() return 0 size for agent_triple_target_ids[0]=amdgcn-amd-amdhsa--gfx90c:xnack+
:3:hip_code_object.cpp      :964 : 251453318398 us:  amd::Comgr::get_data() return 0 size for agent_triple_target_ids[0]=amdgcn-amd-amdhsa--gfx90c:xnack+
:3:hip_code_object.cpp      :964 : 251453318412 us:  amd::Comgr::get_data() return 0 size for agent_triple_target_ids[0]=amdgcn-amd-amdhsa--gfx90c:xnack+
:1:hip_fatbin.cpp           :780 : 251453318417 us:  Cannot find CO in the bundle /usr/lib64/librocsolver.so.0.4 for ISA: amdgcn-amd-amdhsa--gfx90c:xnack+
:3:hip_platform.cpp         :740 : 251453318424 us:  init: Returned hipErrorNoBinaryForGpu : continue parsing remaining modules
:3:hip_code_object.cpp      :964 : 251453319684 us:  amd::Comgr::get_data() return 0 size for agent_triple_target_ids[0]=amdgcn-amd-amdhsa--gfx90c:xnack+
:3:hip_code_object.cpp      :964 : 251453319698 us:  amd::Comgr::get_data() return 0 size for agent_triple_target_ids[0]=amdgcn-amd-amdhsa--gfx90c:xnack+
:3:hip_code_object.cpp      :964 : 251453319703 us:  amd::Comgr::get_data() return 0 size for agent_triple_target_ids[0]=amdgcn-amd-amdhsa--gfx90c:xnack+
:1:hip_fatbin.cpp           :780 : 251453319708 us:  Cannot find CO in the bundle /usr/lib64/librocsolver.so.0.4 for ISA: amdgcn-amd-amdhsa--gfx90c:xnack+
:3:hip_platform.cpp         :740 : 251453319714 us:  init: Returned hipErrorNoBinaryForGpu : continue parsing remaining modules
:3:hip_code_object.cpp      :964 : 251453320757 us:  amd::Comgr::get_data() return 0 size for agent_triple_target_ids[0]=amdgcn-amd-amdhsa--gfx90c:xnack+
:3:hip_code_object.cpp      :964 : 251453320770 us:  amd::Comgr::get_data() return 0 size for agent_triple_target_ids[0]=amdgcn-amd-amdhsa--gfx90c:xnack+
:3:hip_code_object.cpp      :964 : 251453320775 us:  amd::Comgr::get_data() return 0 size for agent_triple_target_ids[0]=amdgcn-amd-amdhsa--gfx90c:xnack+
:1:hip_fatbin.cpp           :780 : 251453320780 us:  Cannot find CO in the bundle /usr/lib64/librocsolver.so.0.4 for ISA: amdgcn-amd-amdhsa--gfx90c:xnack+
:3:hip_platform.cpp         :740 : 251453320785 us:  init: Returned hipErrorNoBinaryForGpu : continue parsing remaining modules
:3:hip_code_object.cpp      :964 : 251453321735 us:  amd::Comgr::get_data() return 0 size for agent_triple_target_ids[0]=amdgcn-amd-amdhsa--gfx90c:xnack+
:3:hip_code_object.cpp      :964 : 251453321748 us:  amd::Comgr::get_data() return 0 size for agent_triple_target_ids[0]=amdgcn-amd-amdhsa--gfx90c:xnack+
:3:hip_code_object.cpp      :964 : 251453321753 us:  amd::Comgr::get_data() return 0 size for agent_triple_target_ids[0]=amdgcn-amd-amdhsa--gfx90c:xnack+
:1:hip_fatbin.cpp           :780 : 251453321758 us:  Cannot find CO in the bundle /usr/lib64/librocsolver.so.0.4 for ISA: amdgcn-amd-amdhsa--gfx90c:xnack+
:3:hip_platform.cpp         :740 : 251453321763 us:  init: Returned hipErrorNoBinaryForGpu : continue parsing remaining modules
:3:hip_code_object.cpp      :964 : 251453322745 us:  amd::Comgr::get_data() return 0 size for agent_triple_target_ids[0]=amdgcn-amd-amdhsa--gfx90c:xnack+
:3:hip_code_object.cpp      :964 : 251453322757 us:  amd::Comgr::get_data() return 0 size for agent_triple_target_ids[0]=amdgcn-amd-amdhsa--gfx90c:xnack+
:3:hip_code_object.cpp      :964 : 251453322762 us:  amd::Comgr::get_data() return 0 size for agent_triple_target_ids[0]=amdgcn-amd-amdhsa--gfx90c:xnack+
:1:hip_fatbin.cpp           :780 : 251453322767 us:  Cannot find CO in the bundle /usr/lib64/librocsolver.so.0.4 for ISA: amdgcn-amd-amdhsa--gfx90c:xnack+
:3:hip_platform.cpp         :740 : 251453322773 us:  init: Returned hipErrorNoBinaryForGpu : continue parsing remaining modules
:3:hip_code_object.cpp      :964 : 251453324312 us:  amd::Comgr::get_data() return 0 size for agent_triple_target_ids[0]=amdgcn-amd-amdhsa--gfx90c:xnack+
:3:hip_code_object.cpp      :964 : 251453324327 us:  amd::Comgr::get_data() return 0 size for agent_triple_target_ids[0]=amdgcn-amd-amdhsa--gfx90c:xnack+
:3:hip_code_object.cpp      :964 : 251453324332 us:  amd::Comgr::get_data() return 0 size for agent_triple_target_ids[0]=amdgcn-amd-amdhsa--gfx90c:xnack+
:1:hip_fatbin.cpp           :780 : 251453324337 us:  Cannot find CO in the bundle /usr/lib64/librocsolver.so.0.4 for ISA: amdgcn-amd-amdhsa--gfx90c:xnack+
:3:hip_platform.cpp         :740 : 251453324351 us:  init: Returned hipErrorNoBinaryForGpu : continue parsing remaining modules
:3:hip_code_object.cpp      :964 : 251453325320 us:  amd::Comgr::get_data() return 0 size for agent_triple_target_ids[0]=amdgcn-amd-amdhsa--gfx90c:xnack+
:3:hip_code_object.cpp      :964 : 251453325333 us:  amd::Comgr::get_data() return 0 size for agent_triple_target_ids[0]=amdgcn-amd-amdhsa--gfx90c:xnack+
:3:hip_code_object.cpp      :964 : 251453325338 us:  amd::Comgr::get_data() return 0 size for agent_triple_target_ids[0]=amdgcn-amd-amdhsa--gfx90c:xnack+
:1:hip_fatbin.cpp           :780 : 251453325343 us:  Cannot find CO in the bundle /usr/lib64/librocsolver.so.0.4 for ISA: amdgcn-amd-amdhsa--gfx90c:xnack+
:3:hip_platform.cpp         :740 : 251453325348 us:  init: Returned hipErrorNoBinaryForGpu : continue parsing remaining modules
:3:hip_code_object.cpp      :964 : 251453326497 us:  amd::Comgr::get_data() return 0 size for agent_triple_target_ids[0]=amdgcn-amd-amdhsa--gfx90c:xnack+
:3:hip_code_object.cpp      :964 : 251453326511 us:  amd::Comgr::get_data() return 0 size for agent_triple_target_ids[0]=amdgcn-amd-amdhsa--gfx90c:xnack+
:3:hip_code_object.cpp      :964 : 251453326516 us:  amd::Comgr::get_data() return 0 size for agent_triple_target_ids[0]=amdgcn-amd-amdhsa--gfx90c:xnack+
:1:hip_fatbin.cpp           :780 : 251453326521 us:  Cannot find CO in the bundle /usr/lib64/librocsolver.so.0.4 for ISA: amdgcn-amd-amdhsa--gfx90c:xnack+
:3:hip_platform.cpp         :740 : 251453326527 us:  init: Returned hipErrorNoBinaryForGpu : continue parsing remaining modules
:3:hip_code_object.cpp      :964 : 251453327348 us:  amd::Comgr::get_data() return 0 size for agent_triple_target_ids[0]=amdgcn-amd-amdhsa--gfx90c:xnack+
:3:hip_code_object.cpp      :964 : 251453327360 us:  amd::Comgr::get_data() return 0 size for agent_triple_target_ids[0]=amdgcn-amd-amdhsa--gfx90c:xnack+
:3:hip_code_object.cpp      :964 : 251453327365 us:  amd::Comgr::get_data() return 0 size for agent_triple_target_ids[0]=amdgcn-amd-amdhsa--gfx90c:xnack+
:1:hip_fatbin.cpp           :780 : 251453327370 us:  Cannot find CO in the bundle /usr/lib64/librocsolver.so.0.4 for ISA: amdgcn-amd-amdhsa--gfx90c:xnack+
:3:hip_platform.cpp         :740 : 251453327375 us:  init: Returned hipErrorNoBinaryForGpu : continue parsing remaining modules
:3:hip_code_object.cpp      :964 : 251453328459 us:  amd::Comgr::get_data() return 0 size for agent_triple_target_ids[0]=amdgcn-amd-amdhsa--gfx90c:xnack+
:3:hip_code_object.cpp      :964 : 251453328472 us:  amd::Comgr::get_data() return 0 size for agent_triple_target_ids[0]=amdgcn-amd-amdhsa--gfx90c:xnack+
:3:hip_code_object.cpp      :964 : 251453328477 us:  amd::Comgr::get_data() return 0 size for agent_triple_target_ids[0]=amdgcn-amd-amdhsa--gfx90c:xnack+
:1:hip_fatbin.cpp           :780 : 251453328482 us:  Cannot find CO in the bundle /usr/lib64/librocsolver.so.0.4 for ISA: amdgcn-amd-amdhsa--gfx90c:xnack+
:3:hip_platform.cpp         :740 : 251453328488 us:  init: Returned hipErrorNoBinaryForGpu : continue parsing remaining modules
:3:hip_code_object.cpp      :964 : 251453329277 us:  amd::Comgr::get_data() return 0 size for agent_triple_target_ids[0]=amdgcn-amd-amdhsa--gfx90c:xnack+
:3:hip_code_object.cpp      :964 : 251453329289 us:  amd::Comgr::get_data() return 0 size for agent_triple_target_ids[0]=amdgcn-amd-amdhsa--gfx90c:xnack+
:3:hip_code_object.cpp      :964 : 251453329294 us:  amd::Comgr::get_data() return 0 size for agent_triple_target_ids[0]=amdgcn-amd-amdhsa--gfx90c:xnack+
:1:hip_fatbin.cpp           :780 : 251453329299 us:  Cannot find CO in the bundle /usr/lib64/librocsolver.so.0.4 for ISA: amdgcn-amd-amdhsa--gfx90c:xnack+
:3:hip_platform.cpp         :740 : 251453329305 us:  init: Returned hipErrorNoBinaryForGpu : continue parsing remaining modules
:3:hip_code_object.cpp      :964 : 251453330260 us:  amd::Comgr::get_data() return 0 size for agent_triple_target_ids[0]=amdgcn-amd-amdhsa--gfx90c:xnack+
:3:hip_code_object.cpp      :964 : 251453330273 us:  amd::Comgr::get_data() return 0 size for agent_triple_target_ids[0]=amdgcn-amd-amdhsa--gfx90c:xnack+
:3:hip_code_object.cpp      :964 : 251453330286 us:  amd::Comgr::get_data() return 0 size for agent_triple_target_ids[0]=amdgcn-amd-amdhsa--gfx90c:xnack+
:1:hip_fatbin.cpp           :780 : 251453330291 us:  Cannot find CO in the bundle /usr/lib64/librocsolver.so.0.4 for ISA: amdgcn-amd-amdhsa--gfx90c:xnack+
:3:hip_platform.cpp         :740 : 251453330296 us:  init: Returned hipErrorNoBinaryForGpu : continue parsing remaining modules
:3:hip_code_object.cpp      :964 : 251453331645 us:  amd::Comgr::get_data() return 0 size for agent_triple_target_ids[0]=amdgcn-amd-amdhsa--gfx90c:xnack+
:3:hip_code_object.cpp      :964 : 251453331659 us:  amd::Comgr::get_data() return 0 size for agent_triple_target_ids[0]=amdgcn-amd-amdhsa--gfx90c:xnack+
:3:hip_code_object.cpp      :964 : 251453331664 us:  amd::Comgr::get_data() return 0 size for agent_triple_target_ids[0]=amdgcn-amd-amdhsa--gfx90c:xnack+
:1:hip_fatbin.cpp           :780 : 251453331670 us:  Cannot find CO in the bundle /usr/lib64/librocsolver.so.0.4 for ISA: amdgcn-amd-amdhsa--gfx90c:xnack+
:3:hip_platform.cpp         :740 : 251453331675 us:  init: Returned hipErrorNoBinaryForGpu : continue parsing remaining modules
:3:hip_code_object.cpp      :964 : 251453332619 us:  amd::Comgr::get_data() return 0 size for agent_triple_target_ids[0]=amdgcn-amd-amdhsa--gfx90c:xnack+
:3:hip_code_object.cpp      :964 : 251453332631 us:  amd::Comgr::get_data() return 0 size for agent_triple_target_ids[0]=amdgcn-amd-amdhsa--gfx90c:xnack+
:3:hip_code_object.cpp      :964 : 251453332636 us:  amd::Comgr::get_data() return 0 size for agent_triple_target_ids[0]=amdgcn-amd-amdhsa--gfx90c:xnack+
:1:hip_fatbin.cpp           :780 : 251453332641 us:  Cannot find CO in the bundle /usr/lib64/librocsolver.so.0.4 for ISA: amdgcn-amd-amdhsa--gfx90c:xnack+
:3:hip_platform.cpp         :740 : 251453332647 us:  init: Returned hipErrorNoBinaryForGpu : continue parsing remaining modules
:3:hip_code_object.cpp      :964 : 251453333796 us:  amd::Comgr::get_data() return 0 size for agent_triple_target_ids[0]=amdgcn-amd-amdhsa--gfx90c:xnack+
:3:hip_code_object.cpp      :964 : 251453333808 us:  amd::Comgr::get_data() return 0 size for agent_triple_target_ids[0]=amdgcn-amd-amdhsa--gfx90c:xnack+
:3:hip_code_object.cpp      :964 : 251453333813 us:  amd::Comgr::get_data() return 0 size for agent_triple_target_ids[0]=amdgcn-amd-amdhsa--gfx90c:xnack+
:1:hip_fatbin.cpp           :780 : 251453333818 us:  Cannot find CO in the bundle /usr/lib64/librocsolver.so.0.4 for ISA: amdgcn-amd-amdhsa--gfx90c:xnack+
:3:hip_platform.cpp         :740 : 251453333824 us:  init: Returned hipErrorNoBinaryForGpu : continue parsing remaining modules
:3:hip_code_object.cpp      :964 : 251453334844 us:  amd::Comgr::get_data() return 0 size for agent_triple_target_ids[0]=amdgcn-amd-amdhsa--gfx90c:xnack+
:3:hip_code_object.cpp      :964 : 251453334859 us:  amd::Comgr::get_data() return 0 size for agent_triple_target_ids[0]=amdgcn-amd-amdhsa--gfx90c:xnack+
:3:hip_code_object.cpp      :964 : 251453334864 us:  amd::Comgr::get_data() return 0 size for agent_triple_target_ids[0]=amdgcn-amd-amdhsa--gfx90c:xnack+
:1:hip_fatbin.cpp           :780 : 251453334869 us:  Cannot find CO in the bundle /usr/lib64/librocsolver.so.0.4 for ISA: amdgcn-amd-amdhsa--gfx90c:xnack+
:3:hip_platform.cpp         :740 : 251453334875 us:  init: Returned hipErrorNoBinaryForGpu : continue parsing remaining modules
:3:hip_code_object.cpp      :964 : 251453335706 us:  amd::Comgr::get_data() return 0 size for agent_triple_target_ids[0]=amdgcn-amd-amdhsa--gfx90c:xnack+
:3:hip_code_object.cpp      :964 : 251453335718 us:  amd::Comgr::get_data() return 0 size for agent_triple_target_ids[0]=amdgcn-amd-amdhsa--gfx90c:xnack+
:3:hip_code_object.cpp      :964 : 251453335723 us:  amd::Comgr::get_data() return 0 size for agent_triple_target_ids[0]=amdgcn-amd-amdhsa--gfx90c:xnack+
:1:hip_fatbin.cpp           :780 : 251453335728 us:  Cannot find CO in the bundle /usr/lib64/librocsolver.so.0.4 for ISA: amdgcn-amd-amdhsa--gfx90c:xnack+
:3:hip_platform.cpp         :740 : 251453335740 us:  init: Returned hipErrorNoBinaryForGpu : continue parsing remaining modules
:3:hip_code_object.cpp      :964 : 251453336893 us:  amd::Comgr::get_data() return 0 size for agent_triple_target_ids[0]=amdgcn-amd-amdhsa--gfx90c:xnack+
:3:hip_code_object.cpp      :964 : 251453336906 us:  amd::Comgr::get_data() return 0 size for agent_triple_target_ids[0]=amdgcn-amd-amdhsa--gfx90c:xnack+
:3:hip_code_object.cpp      :964 : 251453336912 us:  amd::Comgr::get_data() return 0 size for agent_triple_target_ids[0]=amdgcn-amd-amdhsa--gfx90c:xnack+
:1:hip_fatbin.cpp           :780 : 251453336917 us:  Cannot find CO in the bundle /usr/lib64/librocsolver.so.0.4 for ISA: amdgcn-amd-amdhsa--gfx90c:xnack+
:3:hip_platform.cpp         :740 : 251453336923 us:  init: Returned hipErrorNoBinaryForGpu : continue parsing remaining modules
:3:hip_code_object.cpp      :964 : 251453337677 us:  amd::Comgr::get_data() return 0 size for agent_triple_target_ids[0]=amdgcn-amd-amdhsa--gfx90c:xnack+
:3:hip_code_object.cpp      :964 : 251453337689 us:  amd::Comgr::get_data() return 0 size for agent_triple_target_ids[0]=amdgcn-amd-amdhsa--gfx90c:xnack+
:3:hip_code_object.cpp      :964 : 251453337694 us:  amd::Comgr::get_data() return 0 size for agent_triple_target_ids[0]=amdgcn-amd-amdhsa--gfx90c:xnack+
:1:hip_fatbin.cpp           :780 : 251453337699 us:  Cannot find CO in the bundle /usr/lib64/librocsolver.so.0.4 for ISA: amdgcn-amd-amdhsa--gfx90c:xnack+
:3:hip_platform.cpp         :740 : 251453337705 us:  init: Returned hipErrorNoBinaryForGpu : continue parsing remaining modules
:3:hip_code_object.cpp      :964 : 251453338436 us:  amd::Comgr::get_data() return 0 size for agent_triple_target_ids[0]=amdgcn-amd-amdhsa--gfx90c:xnack+
:3:hip_code_object.cpp      :964 : 251453338448 us:  amd::Comgr::get_data() return 0 size for agent_triple_target_ids[0]=amdgcn-amd-amdhsa--gfx90c:xnack+
:3:hip_code_object.cpp      :964 : 251453338453 us:  amd::Comgr::get_data() return 0 size for agent_triple_target_ids[0]=amdgcn-amd-amdhsa--gfx90c:xnack+
:1:hip_fatbin.cpp           :780 : 251453338458 us:  Cannot find CO in the bundle /usr/lib64/librocsolver.so.0.4 for ISA: amdgcn-amd-amdhsa--gfx90c:xnack+
:3:hip_platform.cpp         :740 : 251453338463 us:  init: Returned hipErrorNoBinaryForGpu : continue parsing remaining modules
:3:hip_code_object.cpp      :964 : 251453344313 us:  amd::Comgr::get_data() return 0 size for agent_triple_target_ids[0]=amdgcn-amd-amdhsa--gfx90c:xnack+
:3:hip_code_object.cpp      :964 : 251453344342 us:  amd::Comgr::get_data() return 0 size for agent_triple_target_ids[0]=amdgcn-amd-amdhsa--gfx90c:xnack+
:3:hip_code_object.cpp      :964 : 251453344348 us:  amd::Comgr::get_data() return 0 size for agent_triple_target_ids[0]=amdgcn-amd-amdhsa--gfx90c:xnack+
:1:hip_fatbin.cpp           :780 : 251453344355 us:  Cannot find CO in the bundle /usr/lib64/librocsolver.so.0.4 for ISA: amdgcn-amd-amdhsa--gfx90c:xnack+
:3:hip_platform.cpp         :740 : 251453344364 us:  init: Returned hipErrorNoBinaryForGpu : continue parsing remaining modules
:3:hip_code_object.cpp      :964 : 251453345694 us:  amd::Comgr::get_data() return 0 size for agent_triple_target_ids[0]=amdgcn-amd-amdhsa--gfx90c:xnack+
:3:hip_code_object.cpp      :964 : 251453345711 us:  amd::Comgr::get_data() return 0 size for agent_triple_target_ids[0]=amdgcn-amd-amdhsa--gfx90c:xnack+
:3:hip_code_object.cpp      :964 : 251453345716 us:  amd::Comgr::get_data() return 0 size for agent_triple_target_ids[0]=amdgcn-amd-amdhsa--gfx90c:xnack+
:1:hip_fatbin.cpp           :780 : 251453345721 us:  Cannot find CO in the bundle /usr/lib64/librocsolver.so.0.4 for ISA: amdgcn-amd-amdhsa--gfx90c:xnack+
:3:hip_platform.cpp         :740 : 251453345727 us:  init: Returned hipErrorNoBinaryForGpu : continue parsing remaining modules
:3:hip_code_object.cpp      :964 : 251453346882 us:  amd::Comgr::get_data() return 0 size for agent_triple_target_ids[0]=amdgcn-amd-amdhsa--gfx90c:xnack+
:3:hip_code_object.cpp      :964 : 251453346898 us:  amd::Comgr::get_data() return 0 size for agent_triple_target_ids[0]=amdgcn-amd-amdhsa--gfx90c:xnack+
:3:hip_code_object.cpp      :964 : 251453346911 us:  amd::Comgr::get_data() return 0 size for agent_triple_target_ids[0]=amdgcn-amd-amdhsa--gfx90c:xnack+
:1:hip_fatbin.cpp           :780 : 251453346916 us:  Cannot find CO in the bundle /usr/lib64/librocsolver.so.0.4 for ISA: amdgcn-amd-amdhsa--gfx90c:xnack+
:3:hip_platform.cpp         :740 : 251453346923 us:  init: Returned hipErrorNoBinaryForGpu : continue parsing remaining modules
:3:hip_code_object.cpp      :964 : 251453347679 us:  amd::Comgr::get_data() return 0 size for agent_triple_target_ids[0]=amdgcn-amd-amdhsa--gfx90c:xnack+
:3:hip_code_object.cpp      :964 : 251453347691 us:  amd::Comgr::get_data() return 0 size for agent_triple_target_ids[0]=amdgcn-amd-amdhsa--gfx90c:xnack+
:3:hip_code_object.cpp      :964 : 251453347696 us:  amd::Comgr::get_data() return 0 size for agent_triple_target_ids[0]=amdgcn-amd-amdhsa--gfx90c:xnack+
:1:hip_fatbin.cpp           :780 : 251453347701 us:  Cannot find CO in the bundle /usr/lib64/librocsolver.so.0.4 for ISA: amdgcn-amd-amdhsa--gfx90c:xnack+
:3:hip_platform.cpp         :740 : 251453347707 us:  init: Returned hipErrorNoBinaryForGpu : continue parsing remaining modules
:3:hip_code_object.cpp      :964 : 251453357718 us:  amd::Comgr::get_data() return 0 size for agent_triple_target_ids[0]=amdgcn-amd-amdhsa--gfx90c:xnack+
:3:hip_code_object.cpp      :964 : 251453357749 us:  amd::Comgr::get_data() return 0 size for agent_triple_target_ids[0]=amdgcn-amd-amdhsa--gfx90c:xnack+
:3:hip_code_object.cpp      :964 : 251453357755 us:  amd::Comgr::get_data() return 0 size for agent_triple_target_ids[0]=amdgcn-amd-amdhsa--gfx90c:xnack+
:1:hip_fatbin.cpp           :780 : 251453357762 us:  Cannot find CO in the bundle /usr/lib64/librocsolver.so.0.4 for ISA: amdgcn-amd-amdhsa--gfx90c:xnack+
:3:hip_platform.cpp         :740 : 251453357772 us:  init: Returned hipErrorNoBinaryForGpu : continue parsing remaining modules
:3:hip_code_object.cpp      :964 : 251453361791 us:  amd::Comgr::get_data() return 0 size for agent_triple_target_ids[0]=amdgcn-amd-amdhsa--gfx90c:xnack+
:3:hip_code_object.cpp      :964 : 251453361821 us:  amd::Comgr::get_data() return 0 size for agent_triple_target_ids[0]=amdgcn-amd-amdhsa--gfx90c:xnack+
:3:hip_code_object.cpp      :964 : 251453361826 us:  amd::Comgr::get_data() return 0 size for agent_triple_target_ids[0]=amdgcn-amd-amdhsa--gfx90c:xnack+
:1:hip_fatbin.cpp           :780 : 251453361833 us:  Cannot find CO in the bundle /usr/lib64/librocsolver.so.0.4 for ISA: amdgcn-amd-amdhsa--gfx90c:xnack+
:3:hip_platform.cpp         :740 : 251453361844 us:  init: Returned hipErrorNoBinaryForGpu : continue parsing remaining modules
:3:hip_code_object.cpp      :964 : 251453363778 us:  amd::Comgr::get_data() return 0 size for agent_triple_target_ids[0]=amdgcn-amd-amdhsa--gfx90c:xnack+
:3:hip_code_object.cpp      :964 : 251453363801 us:  amd::Comgr::get_data() return 0 size for agent_triple_target_ids[0]=amdgcn-amd-amdhsa--gfx90c:xnack+
:3:hip_code_object.cpp      :964 : 251453363806 us:  amd::Comgr::get_data() return 0 size for agent_triple_target_ids[0]=amdgcn-amd-amdhsa--gfx90c:xnack+
:1:hip_fatbin.cpp           :780 : 251453363812 us:  Cannot find CO in the bundle /usr/lib64/librocsolver.so.0.4 for ISA: amdgcn-amd-amdhsa--gfx90c:xnack+
:3:hip_platform.cpp         :740 : 251453363820 us:  init: Returned hipErrorNoBinaryForGpu : continue parsing remaining modules
:3:hip_code_object.cpp      :964 : 251453365591 us:  amd::Comgr::get_data() return 0 size for agent_triple_target_ids[0]=amdgcn-amd-amdhsa--gfx90c:xnack+
:3:hip_code_object.cpp      :964 : 251453365609 us:  amd::Comgr::get_data() return 0 size for agent_triple_target_ids[0]=amdgcn-amd-amdhsa--gfx90c:xnack+
:3:hip_code_object.cpp      :964 : 251453365614 us:  amd::Comgr::get_data() return 0 size for agent_triple_target_ids[0]=amdgcn-amd-amdhsa--gfx90c:xnack+
:1:hip_fatbin.cpp           :780 : 251453365620 us:  Cannot find CO in the bundle /usr/lib64/librocsolver.so.0.4 for ISA: amdgcn-amd-amdhsa--gfx90c:xnack+
:3:hip_platform.cpp         :740 : 251453365635 us:  init: Returned hipErrorNoBinaryForGpu : continue parsing remaining modules
:3:hip_code_object.cpp      :964 : 251453366559 us:  amd::Comgr::get_data() return 0 size for agent_triple_target_ids[0]=amdgcn-amd-amdhsa--gfx90c:xnack+
:3:hip_code_object.cpp      :964 : 251453366572 us:  amd::Comgr::get_data() return 0 size for agent_triple_target_ids[0]=amdgcn-amd-amdhsa--gfx90c:xnack+
:3:hip_code_object.cpp      :964 : 251453366577 us:  amd::Comgr::get_data() return 0 size for agent_triple_target_ids[0]=amdgcn-amd-amdhsa--gfx90c:xnack+
:1:hip_fatbin.cpp           :780 : 251453366582 us:  Cannot find CO in the bundle /usr/lib64/librocblas.so.4.4 for ISA: amdgcn-amd-amdhsa--gfx90c:xnack+
:3:hip_platform.cpp         :740 : 251453366588 us:  init: Returned hipErrorNoBinaryForGpu : continue parsing remaining modules
:3:hip_code_object.cpp      :964 : 251453368064 us:  amd::Comgr::get_data() return 0 size for agent_triple_target_ids[0]=amdgcn-amd-amdhsa--gfx90c:xnack+
:3:hip_code_object.cpp      :964 : 251453368079 us:  amd::Comgr::get_data() return 0 size for agent_triple_target_ids[0]=amdgcn-amd-amdhsa--gfx90c:xnack+
:3:hip_code_object.cpp      :964 : 251453368084 us:  amd::Comgr::get_data() return 0 size for agent_triple_target_ids[0]=amdgcn-amd-amdhsa--gfx90c:xnack+
:1:hip_fatbin.cpp           :780 : 251453368090 us:  Cannot find CO in the bundle /usr/lib64/librocsolver.so.0.4 for ISA: amdgcn-amd-amdhsa--gfx90c:xnack+
:3:hip_platform.cpp         :740 : 251453368096 us:  init: Returned hipErrorNoBinaryForGpu : continue parsing remaining modules
:3:hip_code_object.cpp      :964 : 251453406574 us:  amd::Comgr::get_data() return 0 size for agent_triple_target_ids[0]=amdgcn-amd-amdhsa--gfx90c:xnack+
:3:hip_code_object.cpp      :964 : 251453406605 us:  amd::Comgr::get_data() return 0 size for agent_triple_target_ids[0]=amdgcn-amd-amdhsa--gfx90c:xnack+
:3:hip_code_object.cpp      :964 : 251453406611 us:  amd::Comgr::get_data() return 0 size for agent_triple_target_ids[0]=amdgcn-amd-amdhsa--gfx90c:xnack+
:1:hip_fatbin.cpp           :780 : 251453406619 us:  Cannot find CO in the bundle /usr/lib64/librocblas.so.4.4 for ISA: amdgcn-amd-amdhsa--gfx90c:xnack+
:3:hip_platform.cpp         :740 : 251453406629 us:  init: Returned hipErrorNoBinaryForGpu : continue parsing remaining modules
:3:hip_code_object.cpp      :964 : 251453408328 us:  amd::Comgr::get_data() return 0 size for agent_triple_target_ids[0]=amdgcn-amd-amdhsa--gfx90c:xnack+
:3:hip_code_object.cpp      :964 : 251453408344 us:  amd::Comgr::get_data() return 0 size for agent_triple_target_ids[0]=amdgcn-amd-amdhsa--gfx90c:xnack+
:3:hip_code_object.cpp      :964 : 251453408350 us:  amd::Comgr::get_data() return 0 size for agent_triple_target_ids[0]=amdgcn-amd-amdhsa--gfx90c:xnack+
:1:hip_fatbin.cpp           :780 : 251453408355 us:  Cannot find CO in the bundle /usr/lib64/librocsolver.so.0.4 for ISA: amdgcn-amd-amdhsa--gfx90c:xnack+
:3:hip_platform.cpp         :740 : 251453408362 us:  init: Returned hipErrorNoBinaryForGpu : continue parsing remaining modules
:3:hip_code_object.cpp      :964 : 251453409682 us:  amd::Comgr::get_data() return 0 size for agent_triple_target_ids[0]=amdgcn-amd-amdhsa--gfx90c:xnack+
:3:hip_code_object.cpp      :964 : 251453409701 us:  amd::Comgr::get_data() return 0 size for agent_triple_target_ids[0]=amdgcn-amd-amdhsa--gfx90c:xnack+
:3:hip_code_object.cpp      :964 : 251453409706 us:  amd::Comgr::get_data() return 0 size for agent_triple_target_ids[0]=amdgcn-amd-amdhsa--gfx90c:xnack+
:1:hip_fatbin.cpp           :780 : 251453409712 us:  Cannot find CO in the bundle /usr/lib64/librocsolver.so.0.4 for ISA: amdgcn-amd-amdhsa--gfx90c:xnack+
:3:hip_platform.cpp         :740 : 251453409718 us:  init: Returned hipErrorNoBinaryForGpu : continue parsing remaining modules
:3:hip_code_object.cpp      :964 : 251453411710 us:  amd::Comgr::get_data() return 0 size for agent_triple_target_ids[0]=amdgcn-amd-amdhsa--gfx90c:xnack+
:3:hip_code_object.cpp      :964 : 251453411736 us:  amd::Comgr::get_data() return 0 size for agent_triple_target_ids[0]=amdgcn-amd-amdhsa--gfx90c:xnack+
:3:hip_code_object.cpp      :964 : 251453411752 us:  amd::Comgr::get_data() return 0 size for agent_triple_target_ids[0]=amdgcn-amd-amdhsa--gfx90c:xnack+
:1:hip_fatbin.cpp           :780 : 251453411759 us:  Cannot find CO in the bundle /usr/lib64/librocsolver.so.0.4 for ISA: amdgcn-amd-amdhsa--gfx90c:xnack+
:3:hip_platform.cpp         :740 : 251453411768 us:  init: Returned hipErrorNoBinaryForGpu : continue parsing remaining modules
:3:hip_code_object.cpp      :964 : 251453413645 us:  amd::Comgr::get_data() return 0 size for agent_triple_target_ids[0]=amdgcn-amd-amdhsa--gfx90c:xnack+
:3:hip_code_object.cpp      :964 : 251453413664 us:  amd::Comgr::get_data() return 0 size for agent_triple_target_ids[0]=amdgcn-amd-amdhsa--gfx90c:xnack+
:3:hip_code_object.cpp      :964 : 251453413669 us:  amd::Comgr::get_data() return 0 size for agent_triple_target_ids[0]=amdgcn-amd-amdhsa--gfx90c:xnack+
:1:hip_fatbin.cpp           :780 : 251453413675 us:  Cannot find CO in the bundle /usr/lib64/librocsolver.so.0.4 for ISA: amdgcn-amd-amdhsa--gfx90c:xnack+
:3:hip_platform.cpp         :740 : 251453413681 us:  init: Returned hipErrorNoBinaryForGpu : continue parsing remaining modules
:3:hip_code_object.cpp      :964 : 251453414782 us:  amd::Comgr::get_data() return 0 size for agent_triple_target_ids[0]=amdgcn-amd-amdhsa--gfx90c:xnack+
:3:hip_code_object.cpp      :964 : 251453414795 us:  amd::Comgr::get_data() return 0 size for agent_triple_target_ids[0]=amdgcn-amd-amdhsa--gfx90c:xnack+
:3:hip_code_object.cpp      :964 : 251453414800 us:  amd::Comgr::get_data() return 0 size for agent_triple_target_ids[0]=amdgcn-amd-amdhsa--gfx90c:xnack+
:1:hip_fatbin.cpp           :780 : 251453414805 us:  Cannot find CO in the bundle /usr/lib64/librocsolver.so.0.4 for ISA: amdgcn-amd-amdhsa--gfx90c:xnack+
:3:hip_platform.cpp         :740 : 251453414811 us:  init: Returned hipErrorNoBinaryForGpu : continue parsing remaining modules
:3:hip_code_object.cpp      :964 : 251453429654 us:  amd::Comgr::get_data() return 0 size for agent_triple_target_ids[0]=amdgcn-amd-amdhsa--gfx90c:xnack+
:3:hip_code_object.cpp      :964 : 251453429683 us:  amd::Comgr::get_data() return 0 size for agent_triple_target_ids[0]=amdgcn-amd-amdhsa--gfx90c:xnack+
:3:hip_code_object.cpp      :964 : 251453429689 us:  amd::Comgr::get_data() return 0 size for agent_triple_target_ids[0]=amdgcn-amd-amdhsa--gfx90c:xnack+
:1:hip_fatbin.cpp           :780 : 251453429696 us:  Cannot find CO in the bundle /usr/lib64/librocsolver.so.0.4 for ISA: amdgcn-amd-amdhsa--gfx90c:xnack+
:3:hip_platform.cpp         :740 : 251453429707 us:  init: Returned hipErrorNoBinaryForGpu : continue parsing remaining modules
:3:hip_code_object.cpp      :964 : 251453435884 us:  amd::Comgr::get_data() return 0 size for agent_triple_target_ids[0]=amdgcn-amd-amdhsa--gfx90c:xnack+
:3:hip_code_object.cpp      :964 : 251453435915 us:  amd::Comgr::get_data() return 0 size for agent_triple_target_ids[0]=amdgcn-amd-amdhsa--gfx90c:xnack+
:3:hip_code_object.cpp      :964 : 251453435921 us:  amd::Comgr::get_data() return 0 size for agent_triple_target_ids[0]=amdgcn-amd-amdhsa--gfx90c:xnack+
:1:hip_fatbin.cpp           :780 : 251453435928 us:  Cannot find CO in the bundle /usr/lib64/librocsolver.so.0.4 for ISA: amdgcn-amd-amdhsa--gfx90c:xnack+
:3:hip_platform.cpp         :740 : 251453435939 us:  init: Returned hipErrorNoBinaryForGpu : continue parsing remaining modules
:3:hip_code_object.cpp      :964 : 251453437297 us:  amd::Comgr::get_data() return 0 size for agent_triple_target_ids[0]=amdgcn-amd-amdhsa--gfx90c:xnack+
:3:hip_code_object.cpp      :964 : 251453437310 us:  amd::Comgr::get_data() return 0 size for agent_triple_target_ids[0]=amdgcn-amd-amdhsa--gfx90c:xnack+
:3:hip_code_object.cpp      :964 : 251453437315 us:  amd::Comgr::get_data() return 0 size for agent_triple_target_ids[0]=amdgcn-amd-amdhsa--gfx90c:xnack+
:1:hip_fatbin.cpp           :780 : 251453437320 us:  Cannot find CO in the bundle /usr/lib64/librocsolver.so.0.4 for ISA: amdgcn-amd-amdhsa--gfx90c:xnack+
:3:hip_platform.cpp         :740 : 251453437334 us:  init: Returned hipErrorNoBinaryForGpu : continue parsing remaining modules
:3:hip_code_object.cpp      :964 : 251453438601 us:  amd::Comgr::get_data() return 0 size for agent_triple_target_ids[0]=amdgcn-amd-amdhsa--gfx90c:xnack+
:3:hip_code_object.cpp      :964 : 251453438614 us:  amd::Comgr::get_data() return 0 size for agent_triple_target_ids[0]=amdgcn-amd-amdhsa--gfx90c:xnack+
:3:hip_code_object.cpp      :964 : 251453438619 us:  amd::Comgr::get_data() return 0 size for agent_triple_target_ids[0]=amdgcn-amd-amdhsa--gfx90c:xnack+
:1:hip_fatbin.cpp           :780 : 251453438625 us:  Cannot find CO in the bundle /usr/lib64/librocsolver.so.0.4 for ISA: amdgcn-amd-amdhsa--gfx90c:xnack+
:3:hip_platform.cpp         :740 : 251453438630 us:  init: Returned hipErrorNoBinaryForGpu : continue parsing remaining modules
:3:hip_code_object.cpp      :964 : 251453440396 us:  amd::Comgr::get_data() return 0 size for agent_triple_target_ids[0]=amdgcn-amd-amdhsa--gfx90c:xnack+
:3:hip_code_object.cpp      :964 : 251453440410 us:  amd::Comgr::get_data() return 0 size for agent_triple_target_ids[0]=amdgcn-amd-amdhsa--gfx90c:xnack+
:3:hip_code_object.cpp      :964 : 251453440415 us:  amd::Comgr::get_data() return 0 size for agent_triple_target_ids[0]=amdgcn-amd-amdhsa--gfx90c:xnack+
:1:hip_fatbin.cpp           :780 : 251453440421 us:  Cannot find CO in the bundle /usr/lib64/librocsolver.so.0.4 for ISA: amdgcn-amd-amdhsa--gfx90c:xnack+
:3:hip_platform.cpp         :740 : 251453440427 us:  init: Returned hipErrorNoBinaryForGpu : continue parsing remaining modules
:3:hip_code_object.cpp      :964 : 251453441626 us:  amd::Comgr::get_data() return 0 size for agent_triple_target_ids[0]=amdgcn-amd-amdhsa--gfx90c:xnack+
:3:hip_code_object.cpp      :964 : 251453441638 us:  amd::Comgr::get_data() return 0 size for agent_triple_target_ids[0]=amdgcn-amd-amdhsa--gfx90c:xnack+
:3:hip_code_object.cpp      :964 : 251453441643 us:  amd::Comgr::get_data() return 0 size for agent_triple_target_ids[0]=amdgcn-amd-amdhsa--gfx90c:xnack+
:1:hip_fatbin.cpp           :780 : 251453441648 us:  Cannot find CO in the bundle /usr/lib64/librocsolver.so.0.4 for ISA: amdgcn-amd-amdhsa--gfx90c:xnack+
:3:hip_platform.cpp         :740 : 251453441654 us:  init: Returned hipErrorNoBinaryForGpu : continue parsing remaining modules
:3:hip_code_object.cpp      :964 : 251453446192 us:  amd::Comgr::get_data() return 0 size for agent_triple_target_ids[0]=amdgcn-amd-amdhsa--gfx90c:xnack+
:3:hip_code_object.cpp      :964 : 251453446223 us:  amd::Comgr::get_data() return 0 size for agent_triple_target_ids[0]=amdgcn-amd-amdhsa--gfx90c:xnack+
:3:hip_code_object.cpp      :964 : 251453446228 us:  amd::Comgr::get_data() return 0 size for agent_triple_target_ids[0]=amdgcn-amd-amdhsa--gfx90c:xnack+
:1:hip_fatbin.cpp           :780 : 251453446235 us:  Cannot find CO in the bundle /usr/lib64/librocsolver.so.0.4 for ISA: amdgcn-amd-amdhsa--gfx90c:xnack+
:3:hip_platform.cpp         :740 : 251453446245 us:  init: Returned hipErrorNoBinaryForGpu : continue parsing remaining modules
:3:hip_code_object.cpp      :964 : 251454065856 us:  amd::Comgr::get_data() return 0 size for agent_triple_target_ids[0]=amdgcn-amd-amdhsa--gfx90c:xnack+
:3:hip_code_object.cpp      :964 : 251454065885 us:  amd::Comgr::get_data() return 0 size for agent_triple_target_ids[0]=amdgcn-amd-amdhsa--gfx90c:xnack+
:3:hip_code_object.cpp      :964 : 251454065891 us:  amd::Comgr::get_data() return 0 size for agent_triple_target_ids[0]=amdgcn-amd-amdhsa--gfx90c:xnack+
:1:hip_fatbin.cpp           :780 : 251454065899 us:  Cannot find CO in the bundle /usr/lib64/librocblas.so.4.4 for ISA: amdgcn-amd-amdhsa--gfx90c:xnack+
:3:hip_platform.cpp         :740 : 251454065909 us:  init: Returned hipErrorNoBinaryForGpu : continue parsing remaining modules
:3:hip_code_object.cpp      :964 : 251454067551 us:  amd::Comgr::get_data() return 0 size for agent_triple_target_ids[0]=amdgcn-amd-amdhsa--gfx90c:xnack+
:3:hip_code_object.cpp      :964 : 251454067569 us:  amd::Comgr::get_data() return 0 size for agent_triple_target_ids[0]=amdgcn-amd-amdhsa--gfx90c:xnack+
:3:hip_code_object.cpp      :964 : 251454067582 us:  amd::Comgr::get_data() return 0 size for agent_triple_target_ids[0]=amdgcn-amd-amdhsa--gfx90c:xnack+
:1:hip_fatbin.cpp           :780 : 251454067588 us:  Cannot find CO in the bundle /usr/lib64/librocsolver.so.0.4 for ISA: amdgcn-amd-amdhsa--gfx90c:xnack+
:3:hip_platform.cpp         :740 : 251454067595 us:  init: Returned hipErrorNoBinaryForGpu : continue parsing remaining modules
:3:hip_code_object.cpp      :964 : 251454068740 us:  amd::Comgr::get_data() return 0 size for agent_triple_target_ids[0]=amdgcn-amd-amdhsa--gfx90c:xnack+
:3:hip_code_object.cpp      :964 : 251454068753 us:  amd::Comgr::get_data() return 0 size for agent_triple_target_ids[0]=amdgcn-amd-amdhsa--gfx90c:xnack+
:3:hip_code_object.cpp      :964 : 251454068758 us:  amd::Comgr::get_data() return 0 size for agent_triple_target_ids[0]=amdgcn-amd-amdhsa--gfx90c:xnack+
:1:hip_fatbin.cpp           :780 : 251454068764 us:  Cannot find CO in the bundle /usr/lib64/librocsolver.so.0.4 for ISA: amdgcn-amd-amdhsa--gfx90c:xnack+
:3:hip_platform.cpp         :740 : 251454068769 us:  init: Returned hipErrorNoBinaryForGpu : continue parsing remaining modules
:3:hip_code_object.cpp      :964 : 251454070121 us:  amd::Comgr::get_data() return 0 size for agent_triple_target_ids[0]=amdgcn-amd-amdhsa--gfx90c:xnack+
:3:hip_code_object.cpp      :964 : 251454070133 us:  amd::Comgr::get_data() return 0 size for agent_triple_target_ids[0]=amdgcn-amd-amdhsa--gfx90c:xnack+
:3:hip_code_object.cpp      :964 : 251454070138 us:  amd::Comgr::get_data() return 0 size for agent_triple_target_ids[0]=amdgcn-amd-amdhsa--gfx90c:xnack+
:1:hip_fatbin.cpp           :780 : 251454070143 us:  Cannot find CO in the bundle /usr/lib64/librocblas.so.4.4 for ISA: amdgcn-amd-amdhsa--gfx90c:xnack+
:3:hip_platform.cpp         :740 : 251454070149 us:  init: Returned hipErrorNoBinaryForGpu : continue parsing remaining modules
:3:hip_code_object.cpp      :964 : 251454071156 us:  amd::Comgr::get_data() return 0 size for agent_triple_target_ids[0]=amdgcn-amd-amdhsa--gfx90c:xnack+
:3:hip_code_object.cpp      :964 : 251454071169 us:  amd::Comgr::get_data() return 0 size for agent_triple_target_ids[0]=amdgcn-amd-amdhsa--gfx90c:xnack+
:3:hip_code_object.cpp      :964 : 251454071174 us:  amd::Comgr::get_data() return 0 size for agent_triple_target_ids[0]=amdgcn-amd-amdhsa--gfx90c:xnack+
:1:hip_fatbin.cpp           :780 : 251454071179 us:  Cannot find CO in the bundle /usr/lib64/librocsolver.so.0.4 for ISA: amdgcn-amd-amdhsa--gfx90c:xnack+
:3:hip_platform.cpp         :740 : 251454071185 us:  init: Returned hipErrorNoBinaryForGpu : continue parsing remaining modules
:3:hip_code_object.cpp      :964 : 251454074937 us:  amd::Comgr::get_data() return 0 size for agent_triple_target_ids[0]=amdgcn-amd-amdhsa--gfx90c:xnack+
:3:hip_code_object.cpp      :964 : 251454074963 us:  amd::Comgr::get_data() return 0 size for agent_triple_target_ids[0]=amdgcn-amd-amdhsa--gfx90c:xnack+
:3:hip_code_object.cpp      :964 : 251454074968 us:  amd::Comgr::get_data() return 0 size for agent_triple_target_ids[0]=amdgcn-amd-amdhsa--gfx90c:xnack+
:1:hip_fatbin.cpp           :780 : 251454074975 us:  Cannot find CO in the bundle /usr/lib64/librocsolver.so.0.4 for ISA: amdgcn-amd-amdhsa--gfx90c:xnack+
:3:hip_platform.cpp         :740 : 251454074984 us:  init: Returned hipErrorNoBinaryForGpu : continue parsing remaining modules
:3:hip_code_object.cpp      :964 : 251454076383 us:  amd::Comgr::get_data() return 0 size for agent_triple_target_ids[0]=amdgcn-amd-amdhsa--gfx90c:xnack+
:3:hip_code_object.cpp      :964 : 251454076397 us:  amd::Comgr::get_data() return 0 size for agent_triple_target_ids[0]=amdgcn-amd-amdhsa--gfx90c:xnack+
:3:hip_code_object.cpp      :964 : 251454076402 us:  amd::Comgr::get_data() return 0 size for agent_triple_target_ids[0]=amdgcn-amd-amdhsa--gfx90c:xnack+
:1:hip_fatbin.cpp           :780 : 251454076407 us:  Cannot find CO in the bundle /usr/lib64/librocsolver.so.0.4 for ISA: amdgcn-amd-amdhsa--gfx90c:xnack+
:3:hip_platform.cpp         :740 : 251454076422 us:  init: Returned hipErrorNoBinaryForGpu : continue parsing remaining modules
:3:hip_code_object.cpp      :964 : 251454077557 us:  amd::Comgr::get_data() return 0 size for agent_triple_target_ids[0]=amdgcn-amd-amdhsa--gfx90c:xnack+
:3:hip_code_object.cpp      :964 : 251454077569 us:  amd::Comgr::get_data() return 0 size for agent_triple_target_ids[0]=amdgcn-amd-amdhsa--gfx90c:xnack+
:3:hip_code_object.cpp      :964 : 251454077574 us:  amd::Comgr::get_data() return 0 size for agent_triple_target_ids[0]=amdgcn-amd-amdhsa--gfx90c:xnack+
:1:hip_fatbin.cpp           :780 : 251454077579 us:  Cannot find CO in the bundle /usr/lib64/librocsolver.so.0.4 for ISA: amdgcn-amd-amdhsa--gfx90c:xnack+
:3:hip_platform.cpp         :740 : 251454077585 us:  init: Returned hipErrorNoBinaryForGpu : continue parsing remaining modules
:3:hip_code_object.cpp      :964 : 251454078709 us:  amd::Comgr::get_data() return 0 size for agent_triple_target_ids[0]=amdgcn-amd-amdhsa--gfx90c:xnack+
:3:hip_code_object.cpp      :964 : 251454078722 us:  amd::Comgr::get_data() return 0 size for agent_triple_target_ids[0]=amdgcn-amd-amdhsa--gfx90c:xnack+
:3:hip_code_object.cpp      :964 : 251454078727 us:  amd::Comgr::get_data() return 0 size for agent_triple_target_ids[0]=amdgcn-amd-amdhsa--gfx90c:xnack+
:1:hip_fatbin.cpp           :780 : 251454078732 us:  Cannot find CO in the bundle /usr/lib64/librocsolver.so.0.4 for ISA: amdgcn-amd-amdhsa--gfx90c:xnack+
:3:hip_platform.cpp         :740 : 251454078737 us:  init: Returned hipErrorNoBinaryForGpu : continue parsing remaining modules
:3:hip_code_object.cpp      :964 : 251454080885 us:  amd::Comgr::get_data() return 0 size for agent_triple_target_ids[0]=amdgcn-amd-amdhsa--gfx90c:xnack+
:3:hip_code_object.cpp      :964 : 251454080906 us:  amd::Comgr::get_data() return 0 size for agent_triple_target_ids[0]=amdgcn-amd-amdhsa--gfx90c:xnack+
:3:hip_code_object.cpp      :964 : 251454080911 us:  amd::Comgr::get_data() return 0 size for agent_triple_target_ids[0]=amdgcn-amd-amdhsa--gfx90c:xnack+
:1:hip_fatbin.cpp           :780 : 251454080917 us:  Cannot find CO in the bundle /usr/lib64/librocblas.so.4.4 for ISA: amdgcn-amd-amdhsa--gfx90c:xnack+
:3:hip_platform.cpp         :740 : 251454080926 us:  init: Returned hipErrorNoBinaryForGpu : continue parsing remaining modules
:3:hip_code_object.cpp      :964 : 251454082303 us:  amd::Comgr::get_data() return 0 size for agent_triple_target_ids[0]=amdgcn-amd-amdhsa--gfx90c:xnack+
:3:hip_code_object.cpp      :964 : 251454082316 us:  amd::Comgr::get_data() return 0 size for agent_triple_target_ids[0]=amdgcn-amd-amdhsa--gfx90c:xnack+
:3:hip_code_object.cpp      :964 : 251454082321 us:  amd::Comgr::get_data() return 0 size for agent_triple_target_ids[0]=amdgcn-amd-amdhsa--gfx90c:xnack+
:1:hip_fatbin.cpp           :780 : 251454082327 us:  Cannot find CO in the bundle /usr/lib64/librocsolver.so.0.4 for ISA: amdgcn-amd-amdhsa--gfx90c:xnack+
:3:hip_platform.cpp         :740 : 251454082333 us:  init: Returned hipErrorNoBinaryForGpu : continue parsing remaining modules
:3:hip_code_object.cpp      :964 : 251454083697 us:  amd::Comgr::get_data() return 0 size for agent_triple_target_ids[0]=amdgcn-amd-amdhsa--gfx90c:xnack+
:3:hip_code_object.cpp      :964 : 251454083713 us:  amd::Comgr::get_data() return 0 size for agent_triple_target_ids[0]=amdgcn-amd-amdhsa--gfx90c:xnack+
:3:hip_code_object.cpp      :964 : 251454083718 us:  amd::Comgr::get_data() return 0 size for agent_triple_target_ids[0]=amdgcn-amd-amdhsa--gfx90c:xnack+
:1:hip_fatbin.cpp           :780 : 251454083724 us:  Cannot find CO in the bundle /usr/lib64/librocsolver.so.0.4 for ISA: amdgcn-amd-amdhsa--gfx90c:xnack+
:3:hip_platform.cpp         :740 : 251454083731 us:  init: Returned hipErrorNoBinaryForGpu : continue parsing remaining modules
:3:hip_code_object.cpp      :964 : 251454084975 us:  amd::Comgr::get_data() return 0 size for agent_triple_target_ids[0]=amdgcn-amd-amdhsa--gfx90c:xnack+
:3:hip_code_object.cpp      :964 : 251454084989 us:  amd::Comgr::get_data() return 0 size for agent_triple_target_ids[0]=amdgcn-amd-amdhsa--gfx90c:xnack+
:3:hip_code_object.cpp      :964 : 251454085009 us:  amd::Comgr::get_data() return 0 size for agent_triple_target_ids[0]=amdgcn-amd-amdhsa--gfx90c:xnack+
:1:hip_fatbin.cpp           :780 : 251454085015 us:  Cannot find CO in the bundle /usr/lib64/librocsolver.so.0.4 for ISA: amdgcn-amd-amdhsa--gfx90c:xnack+
:3:hip_platform.cpp         :740 : 251454085021 us:  init: Returned hipErrorNoBinaryForGpu : continue parsing remaining modules
:3:hip_code_object.cpp      :964 : 251454086510 us:  amd::Comgr::get_data() return 0 size for agent_triple_target_ids[0]=amdgcn-amd-amdhsa--gfx90c:xnack+
:3:hip_code_object.cpp      :964 : 251454086525 us:  amd::Comgr::get_data() return 0 size for agent_triple_target_ids[0]=amdgcn-amd-amdhsa--gfx90c:xnack+
:3:hip_code_object.cpp      :964 : 251454086530 us:  amd::Comgr::get_data() return 0 size for agent_triple_target_ids[0]=amdgcn-amd-amdhsa--gfx90c:xnack+
:1:hip_fatbin.cpp           :780 : 251454086535 us:  Cannot find CO in the bundle /usr/lib64/librocsolver.so.0.4 for ISA: amdgcn-amd-amdhsa--gfx90c:xnack+
:3:hip_platform.cpp         :740 : 251454086541 us:  init: Returned hipErrorNoBinaryForGpu : continue parsing remaining modules
:3:hip_code_object.cpp      :964 : 251454087623 us:  amd::Comgr::get_data() return 0 size for agent_triple_target_ids[0]=amdgcn-amd-amdhsa--gfx90c:xnack+
:3:hip_code_object.cpp      :964 : 251454087636 us:  amd::Comgr::get_data() return 0 size for agent_triple_target_ids[0]=amdgcn-amd-amdhsa--gfx90c:xnack+
:3:hip_code_object.cpp      :964 : 251454087641 us:  amd::Comgr::get_data() return 0 size for agent_triple_target_ids[0]=amdgcn-amd-amdhsa--gfx90c:xnack+
:1:hip_fatbin.cpp           :780 : 251454087646 us:  Cannot find CO in the bundle /usr/lib64/librocsolver.so.0.4 for ISA: amdgcn-amd-amdhsa--gfx90c:xnack+
:3:hip_platform.cpp         :740 : 251454087651 us:  init: Returned hipErrorNoBinaryForGpu : continue parsing remaining modules
:3:hip_code_object.cpp      :964 : 251454089209 us:  amd::Comgr::get_data() return 0 size for agent_triple_target_ids[0]=amdgcn-amd-amdhsa--gfx90c:xnack+
:3:hip_code_object.cpp      :964 : 251454089223 us:  amd::Comgr::get_data() return 0 size for agent_triple_target_ids[0]=amdgcn-amd-amdhsa--gfx90c:xnack+
:3:hip_code_object.cpp      :964 : 251454089228 us:  amd::Comgr::get_data() return 0 size for agent_triple_target_ids[0]=amdgcn-amd-amdhsa--gfx90c:xnack+
:1:hip_fatbin.cpp           :780 : 251454089233 us:  Cannot find CO in the bundle /usr/lib64/librocsolver.so.0.4 for ISA: amdgcn-amd-amdhsa--gfx90c:xnack+
:3:hip_platform.cpp         :740 : 251454089239 us:  init: Returned hipErrorNoBinaryForGpu : continue parsing remaining modules
:3:hip_code_object.cpp      :964 : 251454090536 us:  amd::Comgr::get_data() return 0 size for agent_triple_target_ids[0]=amdgcn-amd-amdhsa--gfx90c:xnack+
:3:hip_code_object.cpp      :964 : 251454090549 us:  amd::Comgr::get_data() return 0 size for agent_triple_target_ids[0]=amdgcn-amd-amdhsa--gfx90c:xnack+
:3:hip_code_object.cpp      :964 : 251454090554 us:  amd::Comgr::get_data() return 0 size for agent_triple_target_ids[0]=amdgcn-amd-amdhsa--gfx90c:xnack+
:1:hip_fatbin.cpp           :780 : 251454090559 us:  Cannot find CO in the bundle /usr/lib64/librocsolver.so.0.4 for ISA: amdgcn-amd-amdhsa--gfx90c:xnack+
:3:hip_platform.cpp         :740 : 251454090565 us:  init: Returned hipErrorNoBinaryForGpu : continue parsing remaining modules
:3:hip_code_object.cpp      :964 : 251454091759 us:  amd::Comgr::get_data() return 0 size for agent_triple_target_ids[0]=amdgcn-amd-amdhsa--gfx90c:xnack+
:3:hip_code_object.cpp      :964 : 251454091772 us:  amd::Comgr::get_data() return 0 size for agent_triple_target_ids[0]=amdgcn-amd-amdhsa--gfx90c:xnack+
:3:hip_code_object.cpp      :964 : 251454091777 us:  amd::Comgr::get_data() return 0 size for agent_triple_target_ids[0]=amdgcn-amd-amdhsa--gfx90c:xnack+
:1:hip_fatbin.cpp           :780 : 251454091782 us:  Cannot find CO in the bundle /usr/lib64/librocsolver.so.0.4 for ISA: amdgcn-amd-amdhsa--gfx90c:xnack+
:3:hip_platform.cpp         :740 : 251454091795 us:  init: Returned hipErrorNoBinaryForGpu : continue parsing remaining modules
:3:hip_code_object.cpp      :964 : 251454092854 us:  amd::Comgr::get_data() return 0 size for agent_triple_target_ids[0]=amdgcn-amd-amdhsa--gfx90c:xnack+
:3:hip_code_object.cpp      :964 : 251454092867 us:  amd::Comgr::get_data() return 0 size for agent_triple_target_ids[0]=amdgcn-amd-amdhsa--gfx90c:xnack+
:3:hip_code_object.cpp      :964 : 251454092873 us:  amd::Comgr::get_data() return 0 size for agent_triple_target_ids[0]=amdgcn-amd-amdhsa--gfx90c:xnack+
:1:hip_fatbin.cpp           :780 : 251454092878 us:  Cannot find CO in the bundle /usr/lib64/librocsolver.so.0.4 for ISA: amdgcn-amd-amdhsa--gfx90c:xnack+
:3:hip_platform.cpp         :740 : 251454092884 us:  init: Returned hipErrorNoBinaryForGpu : continue parsing remaining modules
:3:hip_code_object.cpp      :964 : 251454094486 us:  amd::Comgr::get_data() return 0 size for agent_triple_target_ids[0]=amdgcn-amd-amdhsa--gfx90c:xnack+
:3:hip_code_object.cpp      :964 : 251454094503 us:  amd::Comgr::get_data() return 0 size for agent_triple_target_ids[0]=amdgcn-amd-amdhsa--gfx90c:xnack+
:3:hip_code_object.cpp      :964 : 251454094509 us:  amd::Comgr::get_data() return 0 size for agent_triple_target_ids[0]=amdgcn-amd-amdhsa--gfx90c:xnack+
:1:hip_fatbin.cpp           :780 : 251454094515 us:  Cannot find CO in the bundle /usr/lib64/librocsolver.so.0.4 for ISA: amdgcn-amd-amdhsa--gfx90c:xnack+
:3:hip_platform.cpp         :740 : 251454094521 us:  init: Returned hipErrorNoBinaryForGpu : continue parsing remaining modules
:3:hip_code_object.cpp      :964 : 251454095873 us:  amd::Comgr::get_data() return 0 size for agent_triple_target_ids[0]=amdgcn-amd-amdhsa--gfx90c:xnack+
:3:hip_code_object.cpp      :964 : 251454095888 us:  amd::Comgr::get_data() return 0 size for agent_triple_target_ids[0]=amdgcn-amd-amdhsa--gfx90c:xnack+
:3:hip_code_object.cpp      :964 : 251454095894 us:  amd::Comgr::get_data() return 0 size for agent_triple_target_ids[0]=amdgcn-amd-amdhsa--gfx90c:xnack+
:1:hip_fatbin.cpp           :780 : 251454095900 us:  Cannot find CO in the bundle /usr/lib64/librocsolver.so.0.4 for ISA: amdgcn-amd-amdhsa--gfx90c:xnack+
:3:hip_platform.cpp         :740 : 251454095905 us:  init: Returned hipErrorNoBinaryForGpu : continue parsing remaining modules
:3:hip_code_object.cpp      :964 : 251454097022 us:  amd::Comgr::get_data() return 0 size for agent_triple_target_ids[0]=amdgcn-amd-amdhsa--gfx90c:xnack+
:3:hip_code_object.cpp      :964 : 251454097035 us:  amd::Comgr::get_data() return 0 size for agent_triple_target_ids[0]=amdgcn-amd-amdhsa--gfx90c:xnack+
:3:hip_code_object.cpp      :964 : 251454097040 us:  amd::Comgr::get_data() return 0 size for agent_triple_target_ids[0]=amdgcn-amd-amdhsa--gfx90c:xnack+
:1:hip_fatbin.cpp           :780 : 251454097045 us:  Cannot find CO in the bundle /usr/lib64/librocsolver.so.0.4 for ISA: amdgcn-amd-amdhsa--gfx90c:xnack+
:3:hip_platform.cpp         :740 : 251454097051 us:  init: Returned hipErrorNoBinaryForGpu : continue parsing remaining modules
:3:hip_code_object.cpp      :964 : 251454098051 us:  amd::Comgr::get_data() return 0 size for agent_triple_target_ids[0]=amdgcn-amd-amdhsa--gfx90c:xnack+
:3:hip_code_object.cpp      :964 : 251454098063 us:  amd::Comgr::get_data() return 0 size for agent_triple_target_ids[0]=amdgcn-amd-amdhsa--gfx90c:xnack+
:3:hip_code_object.cpp      :964 : 251454098068 us:  amd::Comgr::get_data() return 0 size for agent_triple_target_ids[0]=amdgcn-amd-amdhsa--gfx90c:xnack+
:1:hip_fatbin.cpp           :780 : 251454098074 us:  Cannot find CO in the bundle /usr/lib64/librocsolver.so.0.4 for ISA: amdgcn-amd-amdhsa--gfx90c:xnack+
:3:hip_platform.cpp         :740 : 251454098079 us:  init: Returned hipErrorNoBinaryForGpu : continue parsing remaining modules
:3:hip_code_object.cpp      :964 : 251454104063 us:  amd::Comgr::get_data() return 0 size for agent_triple_target_ids[0]=amdgcn-amd-amdhsa--gfx90c:xnack+
:3:hip_code_object.cpp      :964 : 251454104095 us:  amd::Comgr::get_data() return 0 size for agent_triple_target_ids[0]=amdgcn-amd-amdhsa--gfx90c:xnack+
:3:hip_code_object.cpp      :964 : 251454104110 us:  amd::Comgr::get_data() return 0 size for agent_triple_target_ids[0]=amdgcn-amd-amdhsa--gfx90c:xnack+
:1:hip_fatbin.cpp           :780 : 251454104117 us:  Cannot find CO in the bundle /usr/lib64/librocsolver.so.0.4 for ISA: amdgcn-amd-amdhsa--gfx90c:xnack+
:3:hip_platform.cpp         :740 : 251454104127 us:  init: Returned hipErrorNoBinaryForGpu : continue parsing remaining modules
:3:hip_code_object.cpp      :964 : 251454105405 us:  amd::Comgr::get_data() return 0 size for agent_triple_target_ids[0]=amdgcn-amd-amdhsa--gfx90c:xnack+
:3:hip_code_object.cpp      :964 : 251454105421 us:  amd::Comgr::get_data() return 0 size for agent_triple_target_ids[0]=amdgcn-amd-amdhsa--gfx90c:xnack+
:3:hip_code_object.cpp      :964 : 251454105426 us:  amd::Comgr::get_data() return 0 size for agent_triple_target_ids[0]=amdgcn-amd-amdhsa--gfx90c:xnack+
:1:hip_fatbin.cpp           :780 : 251454105431 us:  Cannot find CO in the bundle /usr/lib64/librocsolver.so.0.4 for ISA: amdgcn-amd-amdhsa--gfx90c:xnack+
:3:hip_platform.cpp         :740 : 251454105437 us:  init: Returned hipErrorNoBinaryForGpu : continue parsing remaining modules
:3:hip_code_object.cpp      :964 : 251454107323 us:  amd::Comgr::get_data() return 0 size for agent_triple_target_ids[0]=amdgcn-amd-amdhsa--gfx90c:xnack+
:3:hip_code_object.cpp      :964 : 251454107340 us:  amd::Comgr::get_data() return 0 size for agent_triple_target_ids[0]=amdgcn-amd-amdhsa--gfx90c:xnack+
:3:hip_code_object.cpp      :964 : 251454107345 us:  amd::Comgr::get_data() return 0 size for agent_triple_target_ids[0]=amdgcn-amd-amdhsa--gfx90c:xnack+
:1:hip_fatbin.cpp           :780 : 251454107350 us:  Cannot find CO in the bundle /usr/lib64/librocsolver.so.0.4 for ISA: amdgcn-amd-amdhsa--gfx90c:xnack+
:3:hip_platform.cpp         :740 : 251454107357 us:  init: Returned hipErrorNoBinaryForGpu : continue parsing remaining modules
:3:hip_code_object.cpp      :964 : 251454108673 us:  amd::Comgr::get_data() return 0 size for agent_triple_target_ids[0]=amdgcn-amd-amdhsa--gfx90c:xnack+
:3:hip_code_object.cpp      :964 : 251454108687 us:  amd::Comgr::get_data() return 0 size for agent_triple_target_ids[0]=amdgcn-amd-amdhsa--gfx90c:xnack+
:3:hip_code_object.cpp      :964 : 251454108692 us:  amd::Comgr::get_data() return 0 size for agent_triple_target_ids[0]=amdgcn-amd-amdhsa--gfx90c:xnack+
:1:hip_fatbin.cpp           :780 : 251454108697 us:  Cannot find CO in the bundle /usr/lib64/librocsolver.so.0.4 for ISA: amdgcn-amd-amdhsa--gfx90c:xnack+
:3:hip_platform.cpp         :740 : 251454108703 us:  init: Returned hipErrorNoBinaryForGpu : continue parsing remaining modules
:3:hip_code_object.cpp      :964 : 251454116985 us:  amd::Comgr::get_data() return 0 size for agent_triple_target_ids[0]=amdgcn-amd-amdhsa--gfx90c:xnack+
:3:hip_code_object.cpp      :964 : 251454117022 us:  amd::Comgr::get_data() return 0 size for agent_triple_target_ids[0]=amdgcn-amd-amdhsa--gfx90c:xnack+
:3:hip_code_object.cpp      :964 : 251454117028 us:  amd::Comgr::get_data() return 0 size for agent_triple_target_ids[0]=amdgcn-amd-amdhsa--gfx90c:xnack+
:1:hip_fatbin.cpp           :780 : 251454117035 us:  Cannot find CO in the bundle /usr/lib64/librocsolver.so.0.4 for ISA: amdgcn-amd-amdhsa--gfx90c:xnack+
:3:hip_platform.cpp         :740 : 251454117045 us:  init: Returned hipErrorNoBinaryForGpu : continue parsing remaining modules
:3:hip_code_object.cpp      :964 : 251454122819 us:  amd::Comgr::get_data() return 0 size for agent_triple_target_ids[0]=amdgcn-amd-amdhsa--gfx90c:xnack+
:3:hip_code_object.cpp      :964 : 251454122848 us:  amd::Comgr::get_data() return 0 size for agent_triple_target_ids[0]=amdgcn-amd-amdhsa--gfx90c:xnack+
:3:hip_code_object.cpp      :964 : 251454122853 us:  amd::Comgr::get_data() return 0 size for agent_triple_target_ids[0]=amdgcn-amd-amdhsa--gfx90c:xnack+
:1:hip_fatbin.cpp           :780 : 251454122860 us:  Cannot find CO in the bundle /usr/lib64/librocsolver.so.0.4 for ISA: amdgcn-amd-amdhsa--gfx90c:xnack+
:3:hip_platform.cpp         :740 : 251454122878 us:  init: Returned hipErrorNoBinaryForGpu : continue parsing remaining modules
:3:hip_code_object.cpp      :964 : 251454123747 us:  amd::Comgr::get_data() return 0 size for agent_triple_target_ids[0]=amdgcn-amd-amdhsa--gfx90c:xnack+
:3:hip_code_object.cpp      :964 : 251454123760 us:  amd::Comgr::get_data() return 0 size for agent_triple_target_ids[0]=amdgcn-amd-amdhsa--gfx90c:xnack+
:3:hip_code_object.cpp      :964 : 251454123766 us:  amd::Comgr::get_data() return 0 size for agent_triple_target_ids[0]=amdgcn-amd-amdhsa--gfx90c:xnack+
:1:hip_fatbin.cpp           :780 : 251454123771 us:  Cannot find CO in the bundle /usr/lib64/librocblas.so.4.4 for ISA: amdgcn-amd-amdhsa--gfx90c:xnack+
:3:hip_platform.cpp         :740 : 251454123776 us:  init: Returned hipErrorNoBinaryForGpu : continue parsing remaining modules
:3:hip_code_object.cpp      :964 : 251454125208 us:  amd::Comgr::get_data() return 0 size for agent_triple_target_ids[0]=amdgcn-amd-amdhsa--gfx90c:xnack+
:3:hip_code_object.cpp      :964 : 251454125222 us:  amd::Comgr::get_data() return 0 size for agent_triple_target_ids[0]=amdgcn-amd-amdhsa--gfx90c:xnack+
:3:hip_code_object.cpp      :964 : 251454125227 us:  amd::Comgr::get_data() return 0 size for agent_triple_target_ids[0]=amdgcn-amd-amdhsa--gfx90c:xnack+
:1:hip_fatbin.cpp           :780 : 251454125232 us:  Cannot find CO in the bundle /usr/lib64/librocsolver.so.0.4 for ISA: amdgcn-amd-amdhsa--gfx90c:xnack+
:3:hip_platform.cpp         :740 : 251454125239 us:  init: Returned hipErrorNoBinaryForGpu : continue parsing remaining modules
:3:hip_code_object.cpp      :964 : 251454126350 us:  amd::Comgr::get_data() return 0 size for agent_triple_target_ids[0]=amdgcn-amd-amdhsa--gfx90c:xnack+
:3:hip_code_object.cpp      :964 : 251454126364 us:  amd::Comgr::get_data() return 0 size for agent_triple_target_ids[0]=amdgcn-amd-amdhsa--gfx90c:xnack+
:3:hip_code_object.cpp      :964 : 251454126369 us:  amd::Comgr::get_data() return 0 size for agent_triple_target_ids[0]=amdgcn-amd-amdhsa--gfx90c:xnack+
:1:hip_fatbin.cpp           :780 : 251454126374 us:  Cannot find CO in the bundle /usr/lib64/librocsolver.so.0.4 for ISA: amdgcn-amd-amdhsa--gfx90c:xnack+
:3:hip_platform.cpp         :740 : 251454126380 us:  init: Returned hipErrorNoBinaryForGpu : continue parsing remaining modules
:3:hip_code_object.cpp      :964 : 251454127464 us:  amd::Comgr::get_data() return 0 size for agent_triple_target_ids[0]=amdgcn-amd-amdhsa--gfx90c:xnack+
:3:hip_code_object.cpp      :964 : 251454127477 us:  amd::Comgr::get_data() return 0 size for agent_triple_target_ids[0]=amdgcn-amd-amdhsa--gfx90c:xnack+
:3:hip_code_object.cpp      :964 : 251454127483 us:  amd::Comgr::get_data() return 0 size for agent_triple_target_ids[0]=amdgcn-amd-amdhsa--gfx90c:xnack+
:1:hip_fatbin.cpp           :780 : 251454127488 us:  Cannot find CO in the bundle /usr/lib64/librocsolver.so.0.4 for ISA: amdgcn-amd-amdhsa--gfx90c:xnack+
:3:hip_platform.cpp         :740 : 251454127494 us:  init: Returned hipErrorNoBinaryForGpu : continue parsing remaining modules
:3:hip_code_object.cpp      :964 : 251454128459 us:  amd::Comgr::get_data() return 0 size for agent_triple_target_ids[0]=amdgcn-amd-amdhsa--gfx90c:xnack+
:3:hip_code_object.cpp      :964 : 251454128472 us:  amd::Comgr::get_data() return 0 size for agent_triple_target_ids[0]=amdgcn-amd-amdhsa--gfx90c:xnack+
:3:hip_code_object.cpp      :964 : 251454128476 us:  amd::Comgr::get_data() return 0 size for agent_triple_target_ids[0]=amdgcn-amd-amdhsa--gfx90c:xnack+
:1:hip_fatbin.cpp           :780 : 251454128482 us:  Cannot find CO in the bundle /usr/lib64/librocsolver.so.0.4 for ISA: amdgcn-amd-amdhsa--gfx90c:xnack+
:3:hip_platform.cpp         :740 : 251454128487 us:  init: Returned hipErrorNoBinaryForGpu : continue parsing remaining modules
:3:hip_code_object.cpp      :964 : 251454134283 us:  amd::Comgr::get_data() return 0 size for agent_triple_target_ids[0]=amdgcn-amd-amdhsa--gfx90c:xnack+
:3:hip_code_object.cpp      :964 : 251454134312 us:  amd::Comgr::get_data() return 0 size for agent_triple_target_ids[0]=amdgcn-amd-amdhsa--gfx90c:xnack+
:3:hip_code_object.cpp      :964 : 251454134327 us:  amd::Comgr::get_data() return 0 size for agent_triple_target_ids[0]=amdgcn-amd-amdhsa--gfx90c:xnack+
:1:hip_fatbin.cpp           :780 : 251454134335 us:  Cannot find CO in the bundle /usr/lib64/librocsolver.so.0.4 for ISA: amdgcn-amd-amdhsa--gfx90c:xnack+
:3:hip_platform.cpp         :740 : 251454134345 us:  init: Returned hipErrorNoBinaryForGpu : continue parsing remaining modules
:3:hip_code_object.cpp      :964 : 251454135824 us:  amd::Comgr::get_data() return 0 size for agent_triple_target_ids[0]=amdgcn-amd-amdhsa--gfx90c:xnack+
:3:hip_code_object.cpp      :964 : 251454135842 us:  amd::Comgr::get_data() return 0 size for agent_triple_target_ids[0]=amdgcn-amd-amdhsa--gfx90c:xnack+
:3:hip_code_object.cpp      :964 : 251454135847 us:  amd::Comgr::get_data() return 0 size for agent_triple_target_ids[0]=amdgcn-amd-amdhsa--gfx90c:xnack+
:1:hip_fatbin.cpp           :780 : 251454135852 us:  Cannot find CO in the bundle /usr/lib64/librocsolver.so.0.4 for ISA: amdgcn-amd-amdhsa--gfx90c:xnack+
:3:hip_platform.cpp         :740 : 251454135859 us:  init: Returned hipErrorNoBinaryForGpu : continue parsing remaining modules
:3:hip_code_object.cpp      :964 : 251454143721 us:  amd::Comgr::get_data() return 0 size for agent_triple_target_ids[0]=amdgcn-amd-amdhsa--gfx90c:xnack+
:3:hip_code_object.cpp      :964 : 251454143751 us:  amd::Comgr::get_data() return 0 size for agent_triple_target_ids[0]=amdgcn-amd-amdhsa--gfx90c:xnack+
:3:hip_code_object.cpp      :964 : 251454143756 us:  amd::Comgr::get_data() return 0 size for agent_triple_target_ids[0]=amdgcn-amd-amdhsa--gfx90c:xnack+
:1:hip_fatbin.cpp           :780 : 251454143763 us:  Cannot find CO in the bundle /usr/lib64/librocsolver.so.0.4 for ISA: amdgcn-amd-amdhsa--gfx90c:xnack+
:3:hip_platform.cpp         :740 : 251454143773 us:  init: Returned hipErrorNoBinaryForGpu : continue parsing remaining modules
:3:hip_code_object.cpp      :964 : 251454145061 us:  amd::Comgr::get_data() return 0 size for agent_triple_target_ids[0]=amdgcn-amd-amdhsa--gfx90c:xnack+
:3:hip_code_object.cpp      :964 : 251454145076 us:  amd::Comgr::get_data() return 0 size for agent_triple_target_ids[0]=amdgcn-amd-amdhsa--gfx90c:xnack+
:3:hip_code_object.cpp      :964 : 251454145082 us:  amd::Comgr::get_data() return 0 size for agent_triple_target_ids[0]=amdgcn-amd-amdhsa--gfx90c:xnack+
:1:hip_fatbin.cpp           :780 : 251454145087 us:  Cannot find CO in the bundle /usr/lib64/librocsolver.so.0.4 for ISA: amdgcn-amd-amdhsa--gfx90c:xnack+
:3:hip_platform.cpp         :740 : 251454145094 us:  init: Returned hipErrorNoBinaryForGpu : continue parsing remaining modules
:3:hip_code_object.cpp      :964 : 251454148315 us:  amd::Comgr::get_data() return 0 size for agent_triple_target_ids[0]=amdgcn-amd-amdhsa--gfx90c:xnack+
:3:hip_code_object.cpp      :964 : 251454148345 us:  amd::Comgr::get_data() return 0 size for agent_triple_target_ids[0]=amdgcn-amd-amdhsa--gfx90c:xnack+
:3:hip_code_object.cpp      :964 : 251454148350 us:  amd::Comgr::get_data() return 0 size for agent_triple_target_ids[0]=amdgcn-amd-amdhsa--gfx90c:xnack+
:1:hip_fatbin.cpp           :780 : 251454148357 us:  Cannot find CO in the bundle /usr/lib64/librocsolver.so.0.4 for ISA: amdgcn-amd-amdhsa--gfx90c:xnack+
:3:hip_platform.cpp         :740 : 251454148366 us:  init: Returned hipErrorNoBinaryForGpu : continue parsing remaining modules
:3:hip_code_object.cpp      :964 : 251454149829 us:  amd::Comgr::get_data() return 0 size for agent_triple_target_ids[0]=amdgcn-amd-amdhsa--gfx90c:xnack+
:3:hip_code_object.cpp      :964 : 251454149850 us:  amd::Comgr::get_data() return 0 size for agent_triple_target_ids[0]=amdgcn-amd-amdhsa--gfx90c:xnack+
:3:hip_code_object.cpp      :964 : 251454149856 us:  amd::Comgr::get_data() return 0 size for agent_triple_target_ids[0]=amdgcn-amd-amdhsa--gfx90c:xnack+
:1:hip_fatbin.cpp           :780 : 251454149861 us:  Cannot find CO in the bundle /usr/lib64/librocsolver.so.0.4 for ISA: amdgcn-amd-amdhsa--gfx90c:xnack+
:3:hip_platform.cpp         :740 : 251454149876 us:  init: Returned hipErrorNoBinaryForGpu : continue parsing remaining modules
:3:hip_code_object.cpp      :964 : 251454151053 us:  amd::Comgr::get_data() return 0 size for agent_triple_target_ids[0]=amdgcn-amd-amdhsa--gfx90c:xnack+
:3:hip_code_object.cpp      :964 : 251454151068 us:  amd::Comgr::get_data() return 0 size for agent_triple_target_ids[0]=amdgcn-amd-amdhsa--gfx90c:xnack+
:3:hip_code_object.cpp      :964 : 251454151073 us:  amd::Comgr::get_data() return 0 size for agent_triple_target_ids[0]=amdgcn-amd-amdhsa--gfx90c:xnack+
:1:hip_fatbin.cpp           :780 : 251454151078 us:  Cannot find CO in the bundle /usr/lib64/librocsolver.so.0.4 for ISA: amdgcn-amd-amdhsa--gfx90c:xnack+
:3:hip_platform.cpp         :740 : 251454151084 us:  init: Returned hipErrorNoBinaryForGpu : continue parsing remaining modules
:3:hip_code_object.cpp      :964 : 251454152025 us:  amd::Comgr::get_data() return 0 size for agent_triple_target_ids[0]=amdgcn-amd-amdhsa--gfx90c:xnack+
:3:hip_code_object.cpp      :964 : 251454152038 us:  amd::Comgr::get_data() return 0 size for agent_triple_target_ids[0]=amdgcn-amd-amdhsa--gfx90c:xnack+
:3:hip_code_object.cpp      :964 : 251454152043 us:  amd::Comgr::get_data() return 0 size for agent_triple_target_ids[0]=amdgcn-amd-amdhsa--gfx90c:xnack+
:1:hip_fatbin.cpp           :780 : 251454152048 us:  Cannot find CO in the bundle /usr/lib64/librocsolver.so.0.4 for ISA: amdgcn-amd-amdhsa--gfx90c:xnack+
:3:hip_platform.cpp         :740 : 251454152054 us:  init: Returned hipErrorNoBinaryForGpu : continue parsing remaining modules
:3:hip_code_object.cpp      :964 : 251454731588 us:  amd::Comgr::get_data() return 0 size for agent_triple_target_ids[0]=amdgcn-amd-amdhsa--gfx90c:xnack+
:3:hip_code_object.cpp      :964 : 251454731619 us:  amd::Comgr::get_data() return 0 size for agent_triple_target_ids[0]=amdgcn-amd-amdhsa--gfx90c:xnack+
:3:hip_code_object.cpp      :964 : 251454731625 us:  amd::Comgr::get_data() return 0 size for agent_triple_target_ids[0]=amdgcn-amd-amdhsa--gfx90c:xnack+
:1:hip_fatbin.cpp           :780 : 251454737638 us:  Cannot find CO in the bundle /usr/lib64/librocsolver.so.0.4 for ISA: amdgcn-amd-amdhsa--gfx90c:xnack+
:3:hip_platform.cpp         :740 : 251454737658 us:  init: Returned hipErrorNoBinaryForGpu : continue parsing remaining modules
:3:hip_code_object.cpp      :964 : 251454743938 us:  amd::Comgr::get_data() return 0 size for agent_triple_target_ids[0]=amdgcn-amd-amdhsa--gfx90c:xnack+
:3:hip_code_object.cpp      :964 : 251454743977 us:  amd::Comgr::get_data() return 0 size for agent_triple_target_ids[0]=amdgcn-amd-amdhsa--gfx90c:xnack+
:3:hip_code_object.cpp      :964 : 251454743982 us:  amd::Comgr::get_data() return 0 size for agent_triple_target_ids[0]=amdgcn-amd-amdhsa--gfx90c:xnack+
:1:hip_fatbin.cpp           :780 : 251454743990 us:  Cannot find CO in the bundle /usr/lib64/librocsolver.so.0.4 for ISA: amdgcn-amd-amdhsa--gfx90c:xnack+
:3:hip_platform.cpp         :740 : 251454744009 us:  init: Returned hipErrorNoBinaryForGpu : continue parsing remaining modules
:3:hip_code_object.cpp      :964 : 251454745479 us:  amd::Comgr::get_data() return 0 size for agent_triple_target_ids[0]=amdgcn-amd-amdhsa--gfx90c:xnack+
:3:hip_code_object.cpp      :964 : 251454745493 us:  amd::Comgr::get_data() return 0 size for agent_triple_target_ids[0]=amdgcn-amd-amdhsa--gfx90c:xnack+
:3:hip_code_object.cpp      :964 : 251454745499 us:  amd::Comgr::get_data() return 0 size for agent_triple_target_ids[0]=amdgcn-amd-amdhsa--gfx90c:xnack+
:1:hip_fatbin.cpp           :780 : 251454745504 us:  Cannot find CO in the bundle /usr/lib64/librocsolver.so.0.4 for ISA: amdgcn-amd-amdhsa--gfx90c:xnack+
:3:hip_platform.cpp         :740 : 251454745511 us:  init: Returned hipErrorNoBinaryForGpu : continue parsing remaining modules
:3:hip_code_object.cpp      :964 : 251454754648 us:  amd::Comgr::get_data() return 0 size for agent_triple_target_ids[0]=amdgcn-amd-amdhsa--gfx90c:xnack+
:3:hip_code_object.cpp      :964 : 251454754681 us:  amd::Comgr::get_data() return 0 size for agent_triple_target_ids[0]=amdgcn-amd-amdhsa--gfx90c:xnack+
:3:hip_code_object.cpp      :964 : 251454754696 us:  amd::Comgr::get_data() return 0 size for agent_triple_target_ids[0]=amdgcn-amd-amdhsa--gfx90c:xnack+
:1:hip_fatbin.cpp           :780 : 251454754703 us:  Cannot find CO in the bundle /usr/lib64/librocsolver.so.0.4 for ISA: amdgcn-amd-amdhsa--gfx90c:xnack+
:3:hip_platform.cpp         :740 : 251454754713 us:  init: Returned hipErrorNoBinaryForGpu : continue parsing remaining modules
:3:hip_code_object.cpp      :964 : 251454760492 us:  amd::Comgr::get_data() return 0 size for agent_triple_target_ids[0]=amdgcn-amd-amdhsa--gfx90c:xnack+
:3:hip_code_object.cpp      :964 : 251454760526 us:  amd::Comgr::get_data() return 0 size for agent_triple_target_ids[0]=amdgcn-amd-amdhsa--gfx90c:xnack+
:3:hip_code_object.cpp      :964 : 251454760531 us:  amd::Comgr::get_data() return 0 size for agent_triple_target_ids[0]=amdgcn-amd-amdhsa--gfx90c:xnack+
:1:hip_fatbin.cpp           :780 : 251454760539 us:  Cannot find CO in the bundle /usr/lib64/librocsolver.so.0.4 for ISA: amdgcn-amd-amdhsa--gfx90c:xnack+
:3:hip_platform.cpp         :740 : 251454760550 us:  init: Returned hipErrorNoBinaryForGpu : continue parsing remaining modules
:3:hip_code_object.cpp      :964 : 251454766906 us:  amd::Comgr::get_data() return 0 size for agent_triple_target_ids[0]=amdgcn-amd-amdhsa--gfx90c:xnack+
:3:hip_code_object.cpp      :964 : 251454766936 us:  amd::Comgr::get_data() return 0 size for agent_triple_target_ids[0]=amdgcn-amd-amdhsa--gfx90c:xnack+
:3:hip_code_object.cpp      :964 : 251454766942 us:  amd::Comgr::get_data() return 0 size for agent_triple_target_ids[0]=amdgcn-amd-amdhsa--gfx90c:xnack+
:1:hip_fatbin.cpp           :780 : 251454766948 us:  Cannot find CO in the bundle /usr/lib64/librocsolver.so.0.4 for ISA: amdgcn-amd-amdhsa--gfx90c:xnack+
:3:hip_platform.cpp         :740 : 251454766959 us:  init: Returned hipErrorNoBinaryForGpu : continue parsing remaining modules
:3:hip_code_object.cpp      :964 : 251454773036 us:  amd::Comgr::get_data() return 0 size for agent_triple_target_ids[0]=amdgcn-amd-amdhsa--gfx90c:xnack+
:3:hip_code_object.cpp      :964 : 251454773069 us:  amd::Comgr::get_data() return 0 size for agent_triple_target_ids[0]=amdgcn-amd-amdhsa--gfx90c:xnack+
:3:hip_code_object.cpp      :964 : 251454773074 us:  amd::Comgr::get_data() return 0 size for agent_triple_target_ids[0]=amdgcn-amd-amdhsa--gfx90c:xnack+
:1:hip_fatbin.cpp           :780 : 251454773081 us:  Cannot find CO in the bundle /usr/lib64/librocblas.so.4.4 for ISA: amdgcn-amd-amdhsa--gfx90c:xnack+
:3:hip_platform.cpp         :740 : 251454773091 us:  init: Returned hipErrorNoBinaryForGpu : continue parsing remaining modules
:3:hip_code_object.cpp      :964 : 251454774561 us:  amd::Comgr::get_data() return 0 size for agent_triple_target_ids[0]=amdgcn-amd-amdhsa--gfx90c:xnack+
:3:hip_code_object.cpp      :964 : 251454774576 us:  amd::Comgr::get_data() return 0 size for agent_triple_target_ids[0]=amdgcn-amd-amdhsa--gfx90c:xnack+
:3:hip_code_object.cpp      :964 : 251454774581 us:  amd::Comgr::get_data() return 0 size for agent_triple_target_ids[0]=amdgcn-amd-amdhsa--gfx90c:xnack+
:1:hip_fatbin.cpp           :780 : 251454774587 us:  Cannot find CO in the bundle /usr/lib64/librocsolver.so.0.4 for ISA: amdgcn-amd-amdhsa--gfx90c:xnack+
:3:hip_platform.cpp         :740 : 251454774593 us:  init: Returned hipErrorNoBinaryForGpu : continue parsing remaining modules
:3:hip_code_object.cpp      :964 : 251454780402 us:  amd::Comgr::get_data() return 0 size for agent_triple_target_ids[0]=amdgcn-amd-amdhsa--gfx90c:xnack+
:3:hip_code_object.cpp      :964 : 251454780432 us:  amd::Comgr::get_data() return 0 size for agent_triple_target_ids[0]=amdgcn-amd-amdhsa--gfx90c:xnack+
:3:hip_code_object.cpp      :964 : 251454780437 us:  amd::Comgr::get_data() return 0 size for agent_triple_target_ids[0]=amdgcn-amd-amdhsa--gfx90c:xnack+
:1:hip_fatbin.cpp           :780 : 251454780445 us:  Cannot find CO in the bundle /usr/lib64/librocsolver.so.0.4 for ISA: amdgcn-amd-amdhsa--gfx90c:xnack+
:3:hip_platform.cpp         :740 : 251454780464 us:  init: Returned hipErrorNoBinaryForGpu : continue parsing remaining modules
:3:hip_code_object.cpp      :964 : 251454781603 us:  amd::Comgr::get_data() return 0 size for agent_triple_target_ids[0]=amdgcn-amd-amdhsa--gfx90c:xnack+
:3:hip_code_object.cpp      :964 : 251454781617 us:  amd::Comgr::get_data() return 0 size for agent_triple_target_ids[0]=amdgcn-amd-amdhsa--gfx90c:xnack+
:3:hip_code_object.cpp      :964 : 251454781622 us:  amd::Comgr::get_data() return 0 size for agent_triple_target_ids[0]=amdgcn-amd-amdhsa--gfx90c:xnack+
:1:hip_fatbin.cpp           :780 : 251454781627 us:  Cannot find CO in the bundle /usr/lib64/librocsolver.so.0.4 for ISA: amdgcn-amd-amdhsa--gfx90c:xnack+
:3:hip_platform.cpp         :740 : 251454781633 us:  init: Returned hipErrorNoBinaryForGpu : continue parsing remaining modules
:3:hip_code_object.cpp      :964 : 251454785533 us:  amd::Comgr::get_data() return 0 size for agent_triple_target_ids[0]=amdgcn-amd-amdhsa--gfx90c:xnack+
:3:hip_code_object.cpp      :964 : 251454785562 us:  amd::Comgr::get_data() return 0 size for agent_triple_target_ids[0]=amdgcn-amd-amdhsa--gfx90c:xnack+
:3:hip_code_object.cpp      :964 : 251454785567 us:  amd::Comgr::get_data() return 0 size for agent_triple_target_ids[0]=amdgcn-amd-amdhsa--gfx90c:xnack+
:1:hip_fatbin.cpp           :780 : 251454785574 us:  Cannot find CO in the bundle /usr/lib64/librocsolver.so.0.4 for ISA: amdgcn-amd-amdhsa--gfx90c:xnack+
:3:hip_platform.cpp         :740 : 251454785584 us:  init: Returned hipErrorNoBinaryForGpu : continue parsing remaining modules
:3:hip_code_object.cpp      :964 : 251454791747 us:  amd::Comgr::get_data() return 0 size for agent_triple_target_ids[0]=amdgcn-amd-amdhsa--gfx90c:xnack+
:3:hip_code_object.cpp      :964 : 251454791774 us:  amd::Comgr::get_data() return 0 size for agent_triple_target_ids[0]=amdgcn-amd-amdhsa--gfx90c:xnack+
:3:hip_code_object.cpp      :964 : 251454791780 us:  amd::Comgr::get_data() return 0 size for agent_triple_target_ids[0]=amdgcn-amd-amdhsa--gfx90c:xnack+
:1:hip_fatbin.cpp           :780 : 251454791787 us:  Cannot find CO in the bundle /usr/lib64/librocblas.so.4.4 for ISA: amdgcn-amd-amdhsa--gfx90c:xnack+
:3:hip_platform.cpp         :740 : 251454791796 us:  init: Returned hipErrorNoBinaryForGpu : continue parsing remaining modules
:3:hip_code_object.cpp      :964 : 251454796878 us:  amd::Comgr::get_data() return 0 size for agent_triple_target_ids[0]=amdgcn-amd-amdhsa--gfx90c:xnack+
:3:hip_code_object.cpp      :964 : 251454796909 us:  amd::Comgr::get_data() return 0 size for agent_triple_target_ids[0]=amdgcn-amd-amdhsa--gfx90c:xnack+
:3:hip_code_object.cpp      :964 : 251454796914 us:  amd::Comgr::get_data() return 0 size for agent_triple_target_ids[0]=amdgcn-amd-amdhsa--gfx90c:xnack+
:1:hip_fatbin.cpp           :780 : 251454796922 us:  Cannot find CO in the bundle /usr/lib64/librocsolver.so.0.4 for ISA: amdgcn-amd-amdhsa--gfx90c:xnack+
:3:hip_platform.cpp         :740 : 251454796932 us:  init: Returned hipErrorNoBinaryForGpu : continue parsing remaining modules
:3:hip_code_object.cpp      :964 : 251454801116 us:  amd::Comgr::get_data() return 0 size for agent_triple_target_ids[0]=amdgcn-amd-amdhsa--gfx90c:xnack+
:3:hip_code_object.cpp      :964 : 251454801147 us:  amd::Comgr::get_data() return 0 size for agent_triple_target_ids[0]=amdgcn-amd-amdhsa--gfx90c:xnack+
:3:hip_code_object.cpp      :964 : 251454801153 us:  amd::Comgr::get_data() return 0 size for agent_triple_target_ids[0]=amdgcn-amd-amdhsa--gfx90c:xnack+
:1:hip_fatbin.cpp           :780 : 251454801160 us:  Cannot find CO in the bundle /usr/lib64/librocsolver.so.0.4 for ISA: amdgcn-amd-amdhsa--gfx90c:xnack+
:3:hip_platform.cpp         :740 : 251454801170 us:  init: Returned hipErrorNoBinaryForGpu : continue parsing remaining modules
:3:hip_memory.cpp           :756 : 251454802189 us:  [32m hipMalloc ( 0x7ffc65905950, 72 ) [0m
:3:rocdevice.cpp            :2411: 251454802492 us:  Device=0x55a73e0d1b30, freeMem_ = 0x366fb2fb8
:3:hip_memory.cpp           :758 : 251454802501 us:  hipMalloc: Returned hipSuccess : 0x7f2c14600000: duration: 312 us
:3:hip_memory.cpp           :756 : 251454802516 us:  [32m hipMalloc ( 0x7ffc65905948, 24 ) [0m
:3:rocdevice.cpp            :2411: 251454802524 us:  Device=0x55a73e0d1b30, freeMem_ = 0x366fb2fa0
:3:hip_memory.cpp           :758 : 251454802528 us:  hipMalloc: Returned hipSuccess : 0x7f2c14601000: duration: 12 us
:3:hip_memory.cpp           :756 : 251454802531 us:  [32m hipMalloc ( 0x7ffc65905940, 4 ) [0m
:3:rocdevice.cpp            :2411: 251454802535 us:  Device=0x55a73e0d1b30, freeMem_ = 0x366fb2f9c
:3:hip_memory.cpp           :758 : 251454802538 us:  hipMalloc: Returned hipSuccess : 0x7f2c14602000: duration: 7 us
:3:hip_memory.cpp           :795 : 251454802548 us:  [32m hipMemcpy ( 0x7f2c14600000, 0x55a73e0aa6a0, 72, hipMemcpyHostToDevice ) [0m
:3:rocdevice.cpp            :3052: 251454802568 us:  Number of allocated hardware queues with low priority: 0, with normal priority: 0, with high priority: 0, maximum per priority is: 4
:3:rocdevice.cpp            :3131: 251454820428 us:  Created SWq=0x7f2d42df0000 to map on HWq=0x7f2c07a00000 with size 16384 with priority 1, cooperative: 0
:3:rocdevice.cpp            :3223: 251454820481 us:  acquireQueue refCount: 0x7f2c07a00000 (1)
:3:devprogram.cpp           :2658: 251455036873 us:  Using Code Object V5.
:3:rocvirtual.cpp           :763 : 251455038286 us:  Arg0: uchar* src = ptr:0x7f2c06e00000
:3:rocvirtual.cpp           :763 : 251455038302 us:  Arg1: uchar* dst = ptr:0x7f2c14600000
:3:rocvirtual.cpp           :857 : 251455038306 us:  Arg2: ulong size = val:72
:3:rocvirtual.cpp           :857 : 251455038309 us:  Arg3: uint remainder = val:8
:3:rocvirtual.cpp           :857 : 251455038312 us:  Arg4: uint aligned_size = val:16
:3:rocvirtual.cpp           :857 : 251455038314 us:  Arg5: ulong end_ptr = val:139827297124416
:3:rocvirtual.cpp           :857 : 251455038316 us:  Arg6: uint next_chunk = val:512
:3:rocvirtual.cpp           :3237: 251455038322 us:  ShaderName : __amd_rocclr_copyBuffer
:3:rocvirtual.cpp           :3451: 251455038325 us:  KernargSegmentByteSize = 304 KernargSegmentAlignment = 128
:3:rocvirtual.cpp           :534 : 251455038342 us:  Set Handler: handle(0x7f2cf65fd600), timestamp(0x55a73eedccf0)
:3:rocvirtual.hpp           :57  : 251455038346 us:  Host active wait for Signal = (0x7f2cf65fd600) for -1 ns
:3:hip_memory.cpp           :796 : 251455038400 us:  hipMemcpy: Returned hipSuccess : : duration: 235852 us
:3:hip_device_runtime.cpp   :657 : 251455038420 us:  [32m hipGetDevice ( 0x7ffc65904dd0 ) [0m
:3:hip_device_runtime.cpp   :669 : 251455038427 us:  hipGetDevice: Returned hipSuccess : 0
:3:hip_device.cpp           :654 : 251455038433 us:  [32m hipGetDevicePropertiesR0600 ( 0x7ffc65904dd0, 0 ) [0m
:3:hip_device.cpp           :656 : 251455038438 us:  hipGetDevicePropertiesR0600: Returned hipSuccess : 
:3:hip_memory.cpp           :756 : 251455038451 us:  [32m hipMalloc ( 0x55a73e26aa28, 33554432 ) [0m
:3:rocvirtual.cpp           :227 : 251455038452 us:  Handler: value(0), timestamp(0x55a73eed95d0), handle(0x7f2cf65fd600)
:3:rocdevice.cpp            :2411: 251455041606 us:  Device=0x55a73e0d1b30, freeMem_ = 0x364fb2f9c
:3:hip_memory.cpp           :758 : 251455041621 us:  hipMalloc: Returned hipSuccess : 0x7f2c04c00000: duration: 3170 us
:3:hip_device_runtime.cpp   :657 : 251455041645 us:  [32m hipGetDevice ( 0x7ffc65904ba4 ) [0m
:3:hip_device_runtime.cpp   :669 : 251455041648 us:  hipGetDevice: Returned hipSuccess : 0
:3:hip_device.cpp           :654 : 251455041660 us:  [32m hipGetDevicePropertiesR0600 ( 0x7ffc65904ba8, 0 ) [0m
:3:hip_device.cpp           :656 : 251455041663 us:  hipGetDevicePropertiesR0600: Returned hipSuccess : 
:3:hip_memory.cpp           :756 : 251455041676 us:  [32m hipMalloc ( 0x7ffc65905918, 512 ) [0m
:3:rocdevice.cpp            :2411: 251455041684 us:  Device=0x55a73e0d1b30, freeMem_ = 0x364fb2d9c
:3:hip_memory.cpp           :758 : 251455041687 us:  hipMalloc: Returned hipSuccess : 0x7f2c14603000: duration: 11 us
:3:hip_device_runtime.cpp   :657 : 251455041692 us:  [32m hipGetDevice ( 0x7ffc65905374 ) [0m
:3:hip_device_runtime.cpp   :669 : 251455041704 us:  hipGetDevice: Returned hipSuccess : 0
:3:hip_memory.cpp           :772 : 251455041708 us:  [32m hipFree ( 0x7f2c04c00000 ) [0m
:3:rocdevice.cpp            :2411: 251455041811 us:  Device=0x55a73e0d1b30, freeMem_ = 0x366fb2d9c
:3:hip_memory.cpp           :774 : 251455041819 us:  hipFree: Returned hipSuccess : 
:3:hip_device_runtime.cpp   :657 : 251455041829 us:  [32m hipGetDevice ( 0x7ffc65904b74 ) [0m
:3:hip_device_runtime.cpp   :669 : 251455041834 us:  hipGetDevice: Returned hipSuccess : 0
:3:hip_device.cpp           :654 : 251455041837 us:  [32m hipGetDevicePropertiesR0600 ( 0x7ffc65904b78, 0 ) [0m
:3:hip_device.cpp           :656 : 251455041840 us:  hipGetDevicePropertiesR0600: Returned hipSuccess : 
:3:hip_platform.cpp         :237 : 251455041854 us:  [32m __hipPushCallConfiguration ( {1,1,1}, {32,1,1}, 0, stream:<null> ) [0m
:3:hip_platform.cpp         :241 : 251455041859 us:  __hipPushCallConfiguration: Returned hipSuccess : 
:3:hip_platform.cpp         :246 : 251455041864 us:  [32m __hipPopCallConfiguration ( {0,0,1611651840}, {1703957168,32764,1703956736}, 0x7ffc65905220, 0x7ffc65905218 ) [0m
:3:hip_platform.cpp         :255 : 251455041869 us:  __hipPopCallConfiguration: Returned hipSuccess : 
:3:hip_module.cpp           :744 : 251455041880 us:  [32m hipLaunchKernel ( 0x7f2d04192a00, {1,1,1}, {32,1,1}, 0x7ffc65905260, 0, stream:<null> ) [0m
:3:hip_module.cpp           :745 : 251455041888 us:  hipLaunchKernel: Returned hipErrorInvalidDeviceFunction : : duration: 8 us
:3:hip_device_runtime.cpp   :657 : 251455041891 us:  [32m hipGetDevice ( 0x7ffc659049c4 ) [0m
:3:hip_device_runtime.cpp   :669 : 251455041894 us:  hipGetDevice: Returned hipSuccess : 0
:3:hip_device.cpp           :654 : 251455041897 us:  [32m hipGetDevicePropertiesR0600 ( 0x7ffc659049c8, 0 ) [0m
:3:hip_device.cpp           :656 : 251455041900 us:  hipGetDevicePropertiesR0600: Returned hipSuccess : 
:3:hip_memory.cpp           :3487: 251455041910 us:  [32m hipMemsetAsync ( 0x7f2c14603058, 0, 24, stream:<null> ) [0m
:3:rocvirtual.cpp           :763 : 251455041919 us:  Arg0: void* buf = ptr:0x7f2c14603058
:3:rocvirtual.cpp           :781 : 251455041924 us:  Arg0: void* buf = ptr:0x7f2c14603058 obj:[0x7f2c14603000-0x7f2c14603200]
:3:rocvirtual.cpp           :763 : 251455041927 us:  Arg1: uchar* pattern = ptr:0x7f2c07400200
:3:rocvirtual.cpp           :857 : 251455041930 us:  Arg2: uint pattern_size = val:1
:3:rocvirtual.cpp           :857 : 251455041932 us:  Arg3: uint alignment = val:1
:3:rocvirtual.cpp           :857 : 251455041935 us:  Arg4: ulong end_ptr = val:139827297136736
:3:rocvirtual.cpp           :857 : 251455041939 us:  Arg5: uint next_chunk = val:256
:3:rocvirtual.cpp           :3237: 251455041942 us:  ShaderName : __amd_rocclr_fillBufferAligned
:3:rocvirtual.cpp           :3451: 251455041946 us:  KernargSegmentByteSize = 296 KernargSegmentAlignment = 128
:3:rocvirtual.cpp           :763 : 251455041950 us:  Arg0: void* buf = ptr:0x7f2c14603060
:3:rocvirtual.cpp           :781 : 251455041953 us:  Arg0: void* buf = ptr:0x7f2c14603060 obj:[0x7f2c14603000-0x7f2c14603200]
:3:rocvirtual.cpp           :763 : 251455041956 us:  Arg1: uchar* pattern = ptr:0x7f2c07400500
:3:rocvirtual.cpp           :857 : 251455041959 us:  Arg2: uint pattern_size = val:1
:3:rocvirtual.cpp           :857 : 251455041962 us:  Arg3: uint alignment = val:16
:3:rocvirtual.cpp           :857 : 251455041964 us:  Arg4: ulong end_ptr = val:139827297136752
:3:rocvirtual.cpp           :857 : 251455041967 us:  Arg5: uint next_chunk = val:256
:3:rocvirtual.cpp           :3237: 251455041970 us:  ShaderName : __amd_rocclr_fillBufferAligned
:3:rocvirtual.cpp           :3451: 251455041972 us:  KernargSegmentByteSize = 296 KernargSegmentAlignment = 128
:3:hip_memory.cpp           :3488: 251455041976 us:  hipMemsetAsync: Returned hipSuccess : 
:3:hip_memory.cpp           :3487: 251455041980 us:  [32m hipMemsetAsync ( 0x7f2c14603098, 0, 8, stream:<null> ) [0m
:3:rocvirtual.cpp           :763 : 251455041989 us:  Arg0: void* buf = ptr:0x7f2c14603098
:3:rocvirtual.cpp           :781 : 251455041992 us:  Arg0: void* buf = ptr:0x7f2c14603098 obj:[0x7f2c14603000-0x7f2c14603200]
:3:rocvirtual.cpp           :763 : 251455041995 us:  Arg1: uchar* pattern = ptr:0x7f2c07400800
:3:rocvirtual.cpp           :857 : 251455041998 us:  Arg2: uint pattern_size = val:1
:3:rocvirtual.cpp           :857 : 251455042007 us:  Arg3: uint alignment = val:1
:3:rocvirtual.cpp           :857 : 251455042009 us:  Arg4: ulong end_ptr = val:139827297136800
:3:rocvirtual.cpp           :857 : 251455042012 us:  Arg5: uint next_chunk = val:256
:3:rocvirtual.cpp           :3237: 251455042014 us:  ShaderName : __amd_rocclr_fillBufferAligned
:3:rocvirtual.cpp           :3451: 251455042017 us:  KernargSegmentByteSize = 296 KernargSegmentAlignment = 128
:3:hip_memory.cpp           :3488: 251455042021 us:  hipMemsetAsync: Returned hipSuccess : 
:3:hip_memory.cpp           :3487: 251455042025 us:  [32m hipMemsetAsync ( 0x7f2c146030d8, 0, 48, stream:<null> ) [0m
:3:rocvirtual.cpp           :763 : 251455042030 us:  Arg0: void* buf = ptr:0x7f2c146030d8
:3:rocvirtual.cpp           :781 : 251455042033 us:  Arg0: void* buf = ptr:0x7f2c146030d8 obj:[0x7f2c14603000-0x7f2c14603200]
:3:rocvirtual.cpp           :763 : 251455042035 us:  Arg1: uchar* pattern = ptr:0x7f2c07400b00
:3:rocvirtual.cpp           :857 : 251455042038 us:  Arg2: uint pattern_size = val:1
:3:rocvirtual.cpp           :857 : 251455042041 us:  Arg3: uint alignment = val:1
:3:rocvirtual.cpp           :857 : 251455042043 us:  Arg4: ulong end_ptr = val:139827297136864
:3:rocvirtual.cpp           :857 : 251455042046 us:  Arg5: uint next_chunk = val:256
:3:rocvirtual.cpp           :3237: 251455042049 us:  ShaderName : __amd_rocclr_fillBufferAligned
:3:rocvirtual.cpp           :3451: 251455042052 us:  KernargSegmentByteSize = 296 KernargSegmentAlignment = 128
:3:rocvirtual.cpp           :763 : 251455042055 us:  Arg0: void* buf = ptr:0x7f2c146030e0
:3:rocvirtual.cpp           :781 : 251455042057 us:  Arg0: void* buf = ptr:0x7f2c146030e0 obj:[0x7f2c14603000-0x7f2c14603200]
:3:rocvirtual.cpp           :763 : 251455042059 us:  Arg1: uchar* pattern = ptr:0x7f2c07400e00
:3:rocvirtual.cpp           :857 : 251455042062 us:  Arg2: uint pattern_size = val:1
:3:rocvirtual.cpp           :857 : 251455042064 us:  Arg3: uint alignment = val:16
:3:rocvirtual.cpp           :857 : 251455042066 us:  Arg4: ulong end_ptr = val:139827297136896
:3:rocvirtual.cpp           :857 : 251455042068 us:  Arg5: uint next_chunk = val:256
:3:rocvirtual.cpp           :3237: 251455042071 us:  ShaderName : __amd_rocclr_fillBufferAligned
:3:rocvirtual.cpp           :3451: 251455042073 us:  KernargSegmentByteSize = 296 KernargSegmentAlignment = 128
:3:rocvirtual.cpp           :763 : 251455042077 us:  Arg0: void* buf = ptr:0x7f2c14603100
:3:rocvirtual.cpp           :781 : 251455042079 us:  Arg0: void* buf = ptr:0x7f2c14603100 obj:[0x7f2c14603000-0x7f2c14603200]
:3:rocvirtual.cpp           :763 : 251455042082 us:  Arg1: uchar* pattern = ptr:0x7f2c07401100
:3:rocvirtual.cpp           :857 : 251455042085 us:  Arg2: uint pattern_size = val:1
:3:rocvirtual.cpp           :857 : 251455042087 us:  Arg3: uint alignment = val:1
:3:rocvirtual.cpp           :857 : 251455042090 us:  Arg4: ulong end_ptr = val:139827297136904
:3:rocvirtual.cpp           :857 : 251455042093 us:  Arg5: uint next_chunk = val:256
:3:rocvirtual.cpp           :3237: 251455042095 us:  ShaderName : __amd_rocclr_fillBufferAligned
:3:rocvirtual.cpp           :3451: 251455042098 us:  KernargSegmentByteSize = 296 KernargSegmentAlignment = 128
:3:hip_memory.cpp           :3488: 251455042101 us:  hipMemsetAsync: Returned hipSuccess : 
:3:hip_memory.cpp           :3487: 251455042105 us:  [32m hipMemsetAsync ( char array:<null>, 0, 0, stream:<null> ) [0m
:3:hip_memory.cpp           :3488: 251455042109 us:  hipMemsetAsync: Returned hipSuccess : 
:3:hip_memory.cpp           :3487: 251455042113 us:  [32m hipMemsetAsync ( char array:<null>, 0, 0, stream:<null> ) [0m
:3:hip_memory.cpp           :3488: 251455042120 us:  hipMemsetAsync: Returned hipSuccess : 
:3:hip_memory.cpp           :3487: 251455042123 us:  [32m hipMemsetAsync ( 0x7f2c14603118, 0, 72, stream:<null> ) [0m
:3:rocvirtual.cpp           :763 : 251455042127 us:  Arg0: void* buf = ptr:0x7f2c14603118
:3:rocvirtual.cpp           :781 : 251455042130 us:  Arg0: void* buf = ptr:0x7f2c14603118 obj:[0x7f2c14603000-0x7f2c14603200]
:3:rocvirtual.cpp           :763 : 251455042134 us:  Arg1: uchar* pattern = ptr:0x7f2c07401400
:3:rocvirtual.cpp           :857 : 251455042136 us:  Arg2: uint pattern_size = val:1
:3:rocvirtual.cpp           :857 : 251455042139 us:  Arg3: uint alignment = val:1
:3:rocvirtual.cpp           :857 : 251455042141 us:  Arg4: ulong end_ptr = val:139827297136928
:3:rocvirtual.cpp           :857 : 251455042144 us:  Arg5: uint next_chunk = val:256
:3:rocvirtual.cpp           :3237: 251455042146 us:  ShaderName : __amd_rocclr_fillBufferAligned
:3:rocvirtual.cpp           :3451: 251455042149 us:  KernargSegmentByteSize = 296 KernargSegmentAlignment = 128
:3:rocvirtual.cpp           :763 : 251455042153 us:  Arg0: void* buf = ptr:0x7f2c14603120
:3:rocvirtual.cpp           :781 : 251455042155 us:  Arg0: void* buf = ptr:0x7f2c14603120 obj:[0x7f2c14603000-0x7f2c14603200]
:3:rocvirtual.cpp           :763 : 251455042158 us:  Arg1: uchar* pattern = ptr:0x7f2c07401700
:3:rocvirtual.cpp           :857 : 251455042161 us:  Arg2: uint pattern_size = val:1
:3:rocvirtual.cpp           :857 : 251455042163 us:  Arg3: uint alignment = val:16
:3:rocvirtual.cpp           :857 : 251455042166 us:  Arg4: ulong end_ptr = val:139827297136992
:3:rocvirtual.cpp           :857 : 251455042169 us:  Arg5: uint next_chunk = val:256
:3:rocvirtual.cpp           :3237: 251455042171 us:  ShaderName : __amd_rocclr_fillBufferAligned
:3:rocvirtual.cpp           :3451: 251455042174 us:  KernargSegmentByteSize = 296 KernargSegmentAlignment = 128
:3:hip_memory.cpp           :3488: 251455042177 us:  hipMemsetAsync: Returned hipSuccess : 
:3:hip_memory.cpp           :3487: 251455042181 us:  [32m hipMemsetAsync ( 0x7f2c14603198, 0, 24, stream:<null> ) [0m
:3:rocvirtual.cpp           :763 : 251455042185 us:  Arg0: void* buf = ptr:0x7f2c14603198
:3:rocvirtual.cpp           :781 : 251455042187 us:  Arg0: void* buf = ptr:0x7f2c14603198 obj:[0x7f2c14603000-0x7f2c14603200]
:3:rocvirtual.cpp           :763 : 251455042190 us:  Arg1: uchar* pattern = ptr:0x7f2c07401a00
:3:rocvirtual.cpp           :857 : 251455042193 us:  Arg2: uint pattern_size = val:1
:3:rocvirtual.cpp           :857 : 251455042195 us:  Arg3: uint alignment = val:1
:3:rocvirtual.cpp           :857 : 251455042198 us:  Arg4: ulong end_ptr = val:139827297137056
:3:rocvirtual.cpp           :857 : 251455042200 us:  Arg5: uint next_chunk = val:256
:3:rocvirtual.cpp           :3237: 251455042203 us:  ShaderName : __amd_rocclr_fillBufferAligned
:3:rocvirtual.cpp           :3451: 251455042205 us:  KernargSegmentByteSize = 296 KernargSegmentAlignment = 128
:3:rocvirtual.cpp           :763 : 251455042209 us:  Arg0: void* buf = ptr:0x7f2c146031a0
:3:rocvirtual.cpp           :781 : 251455042212 us:  Arg0: void* buf = ptr:0x7f2c146031a0 obj:[0x7f2c14603000-0x7f2c14603200]
:3:rocvirtual.cpp           :763 : 251455042214 us:  Arg1: uchar* pattern = ptr:0x7f2c07401d00
:3:rocvirtual.cpp           :857 : 251455042219 us:  Arg2: uint pattern_size = val:1
:3:rocvirtual.cpp           :857 : 251455042222 us:  Arg3: uint alignment = val:16
:3:rocvirtual.cpp           :857 : 251455042225 us:  Arg4: ulong end_ptr = val:139827297137072
:3:rocvirtual.cpp           :857 : 251455042227 us:  Arg5: uint next_chunk = val:256
:3:rocvirtual.cpp           :3237: 251455042230 us:  ShaderName : __amd_rocclr_fillBufferAligned
:3:rocvirtual.cpp           :3451: 251455042232 us:  KernargSegmentByteSize = 296 KernargSegmentAlignment = 128
:3:hip_memory.cpp           :3488: 251455042235 us:  hipMemsetAsync: Returned hipSuccess : 
:3:hip_memory.cpp           :3487: 251455042239 us:  [32m hipMemsetAsync ( char array:<null>, 0, 0, stream:<null> ) [0m
:3:hip_memory.cpp           :3488: 251455042245 us:  hipMemsetAsync: Returned hipSuccess : 
:3:hip_platform.cpp         :237 : 251455042249 us:  [32m __hipPushCallConfiguration ( {1,1,1}, {256,1,1}, 0, stream:<null> ) [0m
:3:hip_platform.cpp         :241 : 251455042254 us:  __hipPushCallConfiguration: Returned hipSuccess : 
:3:hip_platform.cpp         :246 : 251455042259 us:  [32m __hipPopCallConfiguration ( {24,0,1611651840}, {8,0,0}, 0x7ffc65905190, 0x7ffc65905188 ) [0m
:3:hip_platform.cpp         :255 : 251455042264 us:  __hipPopCallConfiguration: Returned hipSuccess : 
:3:hip_module.cpp           :744 : 251455042268 us:  [32m hipLaunchKernel ( 0x7f2d0419a5b0, {1,1,1}, {256,1,1}, 0x7ffc659051c0, 0, stream:<null> ) [0m
:3:hip_module.cpp           :745 : 251455042275 us:  hipLaunchKernel: Returned hipErrorInvalidDeviceFunction : : duration: 7 us
:3:hip_device_runtime.cpp   :657 : 251455042279 us:  [32m hipGetDevice ( 0x7ffc659045b8 ) [0m
:3:hip_device_runtime.cpp   :669 : 251455042282 us:  hipGetDevice: Returned hipSuccess : 0
:3:hip_device.cpp           :654 : 251455042285 us:  [32m hipGetDevicePropertiesR0600 ( 0x7ffc65904610, 0 ) [0m
:3:hip_device.cpp           :656 : 251455042288 us:  hipGetDevicePropertiesR0600: Returned hipSuccess : 
:3:hip_platform.cpp         :237 : 251455042292 us:  [32m __hipPushCallConfiguration ( {1,1,1}, {64,1,1}, 0, stream:<null> ) [0m
:3:hip_platform.cpp         :241 : 251455042297 us:  __hipPushCallConfiguration: Returned hipSuccess : 
:3:hip_platform.cpp         :246 : 251455042301 us:  [32m __hipPopCallConfiguration ( {1090647036,32557,1703953592}, {0,0,0}, 0x7ffc659043b0, 0x7ffc659043a8 ) [0m
:3:hip_platform.cpp         :255 : 251455042305 us:  __hipPopCallConfiguration: Returned hipSuccess : 
:3:hip_module.cpp           :744 : 251455042309 us:  [32m hipLaunchKernel ( 0x7f2d0418dbd8, {1,1,1}, {64,1,1}, 0x7ffc65904440, 0, stream:<null> ) [0m
:3:hip_module.cpp           :745 : 251455042315 us:  hipLaunchKernel: Returned hipErrorInvalidDeviceFunction : : duration: 6 us
:3:hip_platform.cpp         :237 : 251455042319 us:  [32m __hipPushCallConfiguration ( {1,1,1}, {256,1,1}, 0, stream:<null> ) [0m
:3:hip_platform.cpp         :241 : 251455042324 us:  __hipPushCallConfiguration: Returned hipSuccess : 
:3:hip_platform.cpp         :246 : 251455042328 us:  [32m __hipPopCallConfiguration ( {0,0,0}, {0,0,0}, 0x7ffc65904d58, 0x7ffc65904d50 ) [0m
:3:hip_platform.cpp         :255 : 251455042333 us:  __hipPopCallConfiguration: Returned hipSuccess : 
:3:hip_module.cpp           :744 : 251455042337 us:  [32m hipLaunchKernel ( 0x7f2d04198ab8, {1,1,1}, {256,1,1}, 0x7ffc65904d90, 0, stream:<null> ) [0m
:3:hip_module.cpp           :745 : 251455042343 us:  hipLaunchKernel: Returned hipErrorInvalidDeviceFunction : : duration: 6 us
:3:hip_error.cpp            :44  : 251455042348 us:  [32m hipPeekAtLastError (  ) [0m
:3:hip_error.cpp            :46  : 251455042351 us:  hipPeekAtLastError: Returned hipErrorInvalidDeviceFunction : 
:3:hip_platform.cpp         :237 : 251455042355 us:  [32m __hipPushCallConfiguration ( {1,1,1}, {64,4,1}, 0, stream:<null> ) [0m
:3:hip_platform.cpp         :241 : 251455042359 us:  __hipPushCallConfiguration: Returned hipSuccess : 
:3:hip_platform.cpp         :246 : 251455042368 us:  [32m __hipPopCallConfiguration ( {7,0,0}, {256,0,1}, 0x7ffc65904840, 0x7ffc65904838 ) [0m
:3:hip_platform.cpp         :255 : 251455042372 us:  __hipPopCallConfiguration: Returned hipSuccess : 
:3:hip_module.cpp           :744 : 251455042376 us:  [32m hipLaunchKernel ( 0x7f2cf7fd83f8, {1,1,1}, {64,4,1}, 0x7ffc65904890, 0, stream:<null> ) [0m
:3:hip_module.cpp           :745 : 251455042381 us:  hipLaunchKernel: Returned hipErrorInvalidDeviceFunction : : duration: 5 us
:3:hip_error.cpp            :44  : 251455042383 us:  [32m hipPeekAtLastError (  ) [0m
:3:hip_error.cpp            :46  : 251455042386 us:  hipPeekAtLastError: Returned hipErrorInvalidDeviceFunction : 
:3:hip_error.cpp            :44  : 251455042388 us:  [32m hipPeekAtLastError (  ) [0m
:3:hip_error.cpp            :46  : 251455042393 us:  hipPeekAtLastError: Returned hipErrorInvalidDeviceFunction : 
:3:hip_platform.cpp         :237 : 251455042397 us:  [32m __hipPushCallConfiguration ( {1,1,1}, {64,1,1}, 0, stream:<null> ) [0m
:3:hip_platform.cpp         :241 : 251455042401 us:  __hipPushCallConfiguration: Returned hipSuccess : 
:3:hip_platform.cpp         :246 : 251455042405 us:  [32m __hipPopCallConfiguration ( {1703954572,32764,1703954560}, {341848344,32556,1}, 0x7ffc65904878, 0x7ffc65904870 ) [0m
:3:hip_platform.cpp         :255 : 251455042409 us:  __hipPopCallConfiguration: Returned hipSuccess : 
:3:hip_module.cpp           :744 : 251455042412 us:  [32m hipLaunchKernel ( 0x7f2cf7fd8400, {1,1,1}, {64,1,1}, 0x7ffc659048d0, 0, stream:<null> ) [0m
:3:hip_module.cpp           :745 : 251455042416 us:  hipLaunchKernel: Returned hipErrorInvalidDeviceFunction : : duration: 4 us
:3:hip_error.cpp            :44  : 251455042419 us:  [32m hipPeekAtLastError (  ) [0m
:3:hip_error.cpp            :46  : 251455042421 us:  hipPeekAtLastError: Returned hipErrorInvalidDeviceFunction : 
:3:hip_error.cpp            :44  : 251455042429 us:  [32m hipPeekAtLastError (  ) [0m
:3:hip_error.cpp            :46  : 251455042431 us:  hipPeekAtLastError: Returned hipErrorInvalidDeviceFunction : 
:3:hip_platform.cpp         :237 : 251455042434 us:  [32m __hipPushCallConfiguration ( {1,1,1}, {1024,1,1}, 0, stream:<null> ) [0m
:3:hip_platform.cpp         :241 : 251455042438 us:  __hipPushCallConfiguration: Returned hipSuccess : 
:3:hip_platform.cpp         :246 : 251455042442 us:  [32m __hipPopCallConfiguration ( {1703954752,32764,1703954760}, {1703954600,32764,1703954592}, 0x7ffc659048e8, 0x7ffc659048e0 ) [0m
:3:hip_platform.cpp         :255 : 251455042446 us:  __hipPopCallConfiguration: Returned hipSuccess : 
:3:hip_module.cpp           :744 : 251455042450 us:  [32m hipLaunchKernel ( 0x7f2cf7fe0570, {1,1,1}, {1024,1,1}, 0x7ffc65904940, 0, stream:<null> ) [0m
:3:hip_module.cpp           :745 : 251455042456 us:  hipLaunchKernel: Returned hipErrorInvalidDeviceFunction : : duration: 6 us
:3:hip_error.cpp            :44  : 251455042458 us:  [32m hipPeekAtLastError (  ) [0m
:3:hip_error.cpp            :46  : 251455042460 us:  hipPeekAtLastError: Returned hipErrorInvalidDeviceFunction : 
:3:hip_platform.cpp         :237 : 251455042463 us:  [32m __hipPushCallConfiguration ( {1,1,1}, {256,1,1}, 0, stream:<null> ) [0m
:3:hip_platform.cpp         :241 : 251455042467 us:  __hipPushCallConfiguration: Returned hipSuccess : 
:3:hip_platform.cpp         :246 : 251455042470 us:  [32m __hipPopCallConfiguration ( {1,1,1}, {256,1,1}, 0x7ffc65904d20, 0x7ffc65904d18 ) [0m
:3:hip_platform.cpp         :255 : 251455042474 us:  __hipPopCallConfiguration: Returned hipSuccess : 
:3:hip_module.cpp           :744 : 251455042478 us:  [32m hipLaunchKernel ( 0x7f2d04198ac0, {1,1,1}, {256,1,1}, 0x7ffc65904d90, 0, stream:<null> ) [0m
:3:hip_module.cpp           :745 : 251455042482 us:  hipLaunchKernel: Returned hipErrorInvalidDeviceFunction : : duration: 4 us
:3:hip_error.cpp            :44  : 251455042485 us:  [32m hipPeekAtLastError (  ) [0m
:3:hip_error.cpp            :46  : 251455042488 us:  hipPeekAtLastError: Returned hipErrorInvalidDeviceFunction : 
:3:hip_platform.cpp         :237 : 251455042491 us:  [32m __hipPushCallConfiguration ( {1,1,1}, {128,8,1}, 0, stream:<null> ) [0m
:3:hip_platform.cpp         :241 : 251455042495 us:  __hipPushCallConfiguration: Returned hipSuccess : 
:3:hip_platform.cpp         :246 : 251455042499 us:  [32m __hipPopCallConfiguration ( {1703954880,32764,1703954888}, {1703954864,32764,1703954872}, 0x7ffc65904968, 0x7ffc65904960 ) [0m
:3:hip_platform.cpp         :255 : 251455042503 us:  __hipPopCallConfiguration: Returned hipSuccess : 
:3:hip_module.cpp           :744 : 251455042507 us:  [32m hipLaunchKernel ( 0x7f2cf7fd8ac8, {1,1,1}, {128,8,1}, 0x7ffc65904a00, 0, stream:<null> ) [0m
:3:hip_module.cpp           :745 : 251455042512 us:  hipLaunchKernel: Returned hipErrorInvalidDeviceFunction : : duration: 5 us
:3:hip_error.cpp            :44  : 251455042517 us:  [32m hipPeekAtLastError (  ) [0m
:3:hip_error.cpp            :46  : 251455042519 us:  hipPeekAtLastError: Returned hipErrorInvalidDeviceFunction : 
:3:hip_platform.cpp         :237 : 251455042522 us:  [32m __hipPushCallConfiguration ( {1,1,1}, {256,1,1}, 0, stream:<null> ) [0m
:3:hip_platform.cpp         :241 : 251455042526 us:  __hipPushCallConfiguration: Returned hipSuccess : 
:3:hip_platform.cpp         :246 : 251455042529 us:  [32m __hipPopCallConfiguration ( {1,1,1}, {256,1,1}, 0x7ffc65904d60, 0x7ffc65904d58 ) [0m
:3:hip_platform.cpp         :255 : 251455042533 us:  __hipPopCallConfiguration: Returned hipSuccess : 
:3:hip_module.cpp           :744 : 251455042537 us:  [32m hipLaunchKernel ( 0x7f2d04198ac8, {1,1,1}, {256,1,1}, 0x7ffc65904d90, 0, stream:<null> ) [0m
:3:hip_module.cpp           :745 : 251455042541 us:  hipLaunchKernel: Returned hipErrorInvalidDeviceFunction : : duration: 4 us
:3:hip_platform.cpp         :237 : 251455042544 us:  [32m __hipPushCallConfiguration ( {1,1,1}, {1,1,1}, 0, stream:<null> ) [0m
:3:hip_platform.cpp         :241 : 251455042549 us:  __hipPushCallConfiguration: Returned hipSuccess : 
:3:hip_platform.cpp         :246 : 251455042552 us:  [32m __hipPopCallConfiguration ( {1703955856,32764,1119839152}, {0,0,256}, 0x7ffc659045f8, 0x7ffc659045f0 ) [0m
:3:hip_platform.cpp         :255 : 251455042556 us:  __hipPopCallConfiguration: Returned hipSuccess : 
:3:hip_module.cpp           :744 : 251455042560 us:  [32m hipLaunchKernel ( 0x7f2d04192970, {1,1,1}, {1,1,1}, 0x7ffc65904610, 0, stream:<null> ) [0m
:3:hip_module.cpp           :745 : 251455042565 us:  hipLaunchKernel: Returned hipErrorInvalidDeviceFunction : : duration: 5 us
:3:hip_platform.cpp         :237 : 251455042568 us:  [32m __hipPushCallConfiguration ( {1,1,1}, {256,1,1}, 0, stream:<null> ) [0m
:3:hip_platform.cpp         :241 : 251455042572 us:  __hipPushCallConfiguration: Returned hipSuccess : 
:3:hip_platform.cpp         :246 : 251455042575 us:  [32m __hipPopCallConfiguration ( {1,1,1}, {256,1,1}, 0x7ffc65904d58, 0x7ffc65904d50 ) [0m
:3:hip_platform.cpp         :255 : 251455042579 us:  __hipPopCallConfiguration: Returned hipSuccess : 
:3:hip_module.cpp           :744 : 251455042583 us:  [32m hipLaunchKernel ( 0x7f2d04198ab8, {1,1,1}, {256,1,1}, 0x7ffc65904d90, 0, stream:<null> ) [0m
:3:hip_module.cpp           :745 : 251455042587 us:  hipLaunchKernel: Returned hipErrorInvalidDeviceFunction : : duration: 4 us
:3:hip_error.cpp            :44  : 251455042590 us:  [32m hipPeekAtLastError (  ) [0m
:3:hip_error.cpp            :46  : 251455042592 us:  hipPeekAtLastError: Returned hipErrorInvalidDeviceFunction : 
:3:hip_platform.cpp         :237 : 251455042595 us:  [32m __hipPushCallConfiguration ( {1,1,1}, {64,4,1}, 0, stream:<null> ) [0m
:3:hip_platform.cpp         :241 : 251455042601 us:  __hipPushCallConfiguration: Returned hipSuccess : 
:3:hip_platform.cpp         :246 : 251455042604 us:  [32m __hipPopCallConfiguration ( {4147354623,32556,0}, {1,0,1703954736}, 0x7ffc65904840, 0x7ffc65904838 ) [0m
:3:hip_platform.cpp         :255 : 251455042608 us:  __hipPopCallConfiguration: Returned hipSuccess : 
:3:hip_module.cpp           :744 : 251455042611 us:  [32m hipLaunchKernel ( 0x7f2cf7fd83f8, {1,1,1}, {64,4,1}, 0x7ffc65904890, 0, stream:<null> ) [0m
:3:hip_module.cpp           :745 : 251455042616 us:  hipLaunchKernel: Returned hipErrorInvalidDeviceFunction : : duration: 5 us
:3:hip_error.cpp            :44  : 251455042618 us:  [32m hipPeekAtLastError (  ) [0m
:3:hip_error.cpp            :46  : 251455042620 us:  hipPeekAtLastError: Returned hipErrorInvalidDeviceFunction : 
:3:hip_error.cpp            :44  : 251455042623 us:  [32m hipPeekAtLastError (  ) [0m
:3:hip_error.cpp            :46  : 251455042625 us:  hipPeekAtLastError: Returned hipErrorInvalidDeviceFunction : 
:3:hip_platform.cpp         :237 : 251455042628 us:  [32m __hipPushCallConfiguration ( {1,1,1}, {64,1,1}, 0, stream:<null> ) [0m
:3:hip_platform.cpp         :241 : 251455042632 us:  __hipPushCallConfiguration: Returned hipSuccess : 
:3:hip_platform.cpp         :246 : 251455042638 us:  [32m __hipPopCallConfiguration ( {1703954572,32764,1703954560}, {341848344,32556,1}, 0x7ffc65904878, 0x7ffc65904870 ) [0m
:3:hip_platform.cpp         :255 : 251455042642 us:  __hipPopCallConfiguration: Returned hipSuccess : 
:3:hip_module.cpp           :744 : 251455042646 us:  [32m hipLaunchKernel ( 0x7f2cf7fd8400, {1,1,1}, {64,1,1}, 0x7ffc659048d0, 0, stream:<null> ) [0m
:3:hip_module.cpp           :745 : 251455042650 us:  hipLaunchKernel: Returned hipErrorInvalidDeviceFunction : : duration: 4 us
:3:hip_error.cpp            :44  : 251455042653 us:  [32m hipPeekAtLastError (  ) [0m
:3:hip_error.cpp            :46  : 251455042655 us:  hipPeekAtLastError: Returned hipErrorInvalidDeviceFunction : 
:3:hip_error.cpp            :44  : 251455042657 us:  [32m hipPeekAtLastError (  ) [0m
:3:hip_error.cpp            :46  : 251455042660 us:  hipPeekAtLastError: Returned hipErrorInvalidDeviceFunction : 
:3:hip_platform.cpp         :237 : 251455042663 us:  [32m __hipPushCallConfiguration ( {1,1,1}, {1024,1,1}, 0, stream:<null> ) [0m
:3:hip_platform.cpp         :241 : 251455042667 us:  __hipPushCallConfiguration: Returned hipSuccess : 
:3:hip_platform.cpp         :246 : 251455042670 us:  [32m __hipPopCallConfiguration ( {1703954752,32764,1703954760}, {1703954600,32764,1703954592}, 0x7ffc659048e8, 0x7ffc659048e0 ) [0m
:3:hip_platform.cpp         :255 : 251455042674 us:  __hipPopCallConfiguration: Returned hipSuccess : 
:3:hip_module.cpp           :744 : 251455042677 us:  [32m hipLaunchKernel ( 0x7f2cf7fe0570, {1,1,1}, {1024,1,1}, 0x7ffc65904940, 0, stream:<null> ) [0m
:3:hip_module.cpp           :745 : 251455042682 us:  hipLaunchKernel: Returned hipErrorInvalidDeviceFunction : : duration: 5 us
:3:hip_error.cpp            :44  : 251455042684 us:  [32m hipPeekAtLastError (  ) [0m
:3:hip_error.cpp            :46  : 251455042687 us:  hipPeekAtLastError: Returned hipErrorInvalidDeviceFunction : 
:3:hip_platform.cpp         :237 : 251455042690 us:  [32m __hipPushCallConfiguration ( {1,1,1}, {256,1,1}, 0, stream:<null> ) [0m
:3:hip_platform.cpp         :241 : 251455042695 us:  __hipPushCallConfiguration: Returned hipSuccess : 
:3:hip_platform.cpp         :246 : 251455042698 us:  [32m __hipPopCallConfiguration ( {1,1,1}, {256,1,1}, 0x7ffc65904d20, 0x7ffc65904d18 ) [0m
:3:hip_platform.cpp         :255 : 251455042702 us:  __hipPopCallConfiguration: Returned hipSuccess : 
:3:hip_module.cpp           :744 : 251455042705 us:  [32m hipLaunchKernel ( 0x7f2d04198ac0, {1,1,1}, {256,1,1}, 0x7ffc65904d90, 0, stream:<null> ) [0m
:3:hip_module.cpp           :745 : 251455042709 us:  hipLaunchKernel: Returned hipErrorInvalidDeviceFunction : : duration: 4 us
:3:hip_error.cpp            :44  : 251455042712 us:  [32m hipPeekAtLastError (  ) [0m
:3:hip_error.cpp            :46  : 251455042714 us:  hipPeekAtLastError: Returned hipErrorInvalidDeviceFunction : 
:3:hip_platform.cpp         :237 : 251455042717 us:  [32m __hipPushCallConfiguration ( {1,1,1}, {128,8,1}, 0, stream:<null> ) [0m
:3:hip_platform.cpp         :241 : 251455042721 us:  __hipPushCallConfiguration: Returned hipSuccess : 
:3:hip_platform.cpp         :246 : 251455042724 us:  [32m __hipPopCallConfiguration ( {1703954880,32764,1703954888}, {1703954864,32764,1703954872}, 0x7ffc65904968, 0x7ffc65904960 ) [0m
:3:hip_platform.cpp         :255 : 251455042728 us:  __hipPopCallConfiguration: Returned hipSuccess : 
:3:hip_module.cpp           :744 : 251455042731 us:  [32m hipLaunchKernel ( 0x7f2cf7fd8ac8, {1,1,1}, {128,8,1}, 0x7ffc65904a00, 0, stream:<null> ) [0m
:3:hip_module.cpp           :745 : 251455042735 us:  hipLaunchKernel: Returned hipErrorInvalidDeviceFunction : : duration: 4 us
:3:hip_error.cpp            :44  : 251455042738 us:  [32m hipPeekAtLastError (  ) [0m
:3:hip_error.cpp            :46  : 251455042740 us:  hipPeekAtLastError: Returned hipErrorInvalidDeviceFunction : 
:3:hip_platform.cpp         :237 : 251455042743 us:  [32m __hipPushCallConfiguration ( {1,1,1}, {256,1,1}, 0, stream:<null> ) [0m
:3:hip_platform.cpp         :241 : 251455042751 us:  __hipPushCallConfiguration: Returned hipSuccess : 
:3:hip_platform.cpp         :246 : 251455042754 us:  [32m __hipPopCallConfiguration ( {1,1,1}, {256,1,1}, 0x7ffc65904d60, 0x7ffc65904d58 ) [0m
:3:hip_platform.cpp         :255 : 251455042758 us:  __hipPopCallConfiguration: Returned hipSuccess : 
:3:hip_module.cpp           :744 : 251455042761 us:  [32m hipLaunchKernel ( 0x7f2d04198ac8, {1,1,1}, {256,1,1}, 0x7ffc65904d90, 0, stream:<null> ) [0m
:3:hip_module.cpp           :745 : 251455042765 us:  hipLaunchKernel: Returned hipErrorInvalidDeviceFunction : : duration: 4 us
:3:hip_platform.cpp         :237 : 251455042768 us:  [32m __hipPushCallConfiguration ( {1,1,1}, {256,1,1}, 0, stream:<null> ) [0m
:3:hip_platform.cpp         :241 : 251455042772 us:  __hipPushCallConfiguration: Returned hipSuccess : 
:3:hip_platform.cpp         :246 : 251455042775 us:  [32m __hipPopCallConfiguration ( {1,1,1}, {256,1,1}, 0x7ffc65904d28, 0x7ffc65904d20 ) [0m
:3:hip_platform.cpp         :255 : 251455042779 us:  __hipPopCallConfiguration: Returned hipSuccess : 
:3:hip_module.cpp           :744 : 251455042783 us:  [32m hipLaunchKernel ( 0x7f2d04198ad0, {1,1,1}, {256,1,1}, 0x7ffc65904d90, 0, stream:<null> ) [0m
:3:hip_module.cpp           :745 : 251455042787 us:  hipLaunchKernel: Returned hipErrorInvalidDeviceFunction : : duration: 4 us
:3:hip_platform.cpp         :237 : 251455042790 us:  [32m __hipPushCallConfiguration ( {1,1,1}, {256,1,1}, 0, stream:<null> ) [0m
:3:hip_platform.cpp         :241 : 251455042796 us:  __hipPushCallConfiguration: Returned hipSuccess : 
:3:hip_platform.cpp         :246 : 251455042799 us:  [32m __hipPopCallConfiguration ( {1,0,1611651840}, {1,1,1}, 0x7ffc65904fc0, 0x7ffc65904fb8 ) [0m
:3:hip_platform.cpp         :255 : 251455042803 us:  __hipPopCallConfiguration: Returned hipSuccess : 
:3:hip_module.cpp           :744 : 251455042806 us:  [32m hipLaunchKernel ( 0x7f2d04193ca0, {1,1,1}, {256,1,1}, 0x7ffc65904fd0, 0, stream:<null> ) [0m
:3:hip_module.cpp           :745 : 251455042811 us:  hipLaunchKernel: Returned hipErrorInvalidDeviceFunction : : duration: 5 us
:3:hip_platform.cpp         :237 : 251455042814 us:  [32m __hipPushCallConfiguration ( {1,1,1}, {256,1,1}, 0, stream:<null> ) [0m
:3:hip_platform.cpp         :241 : 251455042818 us:  __hipPushCallConfiguration: Returned hipSuccess : 
:3:hip_platform.cpp         :246 : 251455042821 us:  [32m __hipPopCallConfiguration ( {0,0,0}, {1042721232,21927,121}, 0x7ffc65904d68, 0x7ffc65904d60 ) [0m
:3:hip_platform.cpp         :255 : 251455042825 us:  __hipPopCallConfiguration: Returned hipSuccess : 
:3:hip_module.cpp           :744 : 251455042829 us:  [32m hipLaunchKernel ( 0x7f2d04193c28, {1,1,1}, {256,1,1}, 0x7ffc65904d80, 0, stream:<null> ) [0m
:3:hip_module.cpp           :745 : 251455042834 us:  hipLaunchKernel: Returned hipErrorInvalidDeviceFunction : : duration: 5 us
:3:hip_platform.cpp         :237 : 251455042837 us:  [32m __hipPushCallConfiguration ( {1,1,1}, {32,32,1}, 0, stream:<null> ) [0m
:3:hip_platform.cpp         :241 : 251455042841 us:  __hipPushCallConfiguration: Returned hipSuccess : 
:3:hip_platform.cpp         :246 : 251455042845 us:  [32m __hipPopCallConfiguration ( {1,1,1}, {256,1,1}, 0x7ffc65904d60, 0x7ffc65904d58 ) [0m
:3:hip_platform.cpp         :255 : 251455042849 us:  __hipPopCallConfiguration: Returned hipSuccess : 
:3:hip_module.cpp           :744 : 251455042852 us:  [32m hipLaunchKernel ( 0x7f2d04193c58, {1,1,1}, {32,32,1}, 0x7ffc65904d80, 0, stream:<null> ) [0m
:3:hip_module.cpp           :745 : 251455042857 us:  hipLaunchKernel: Returned hipErrorInvalidDeviceFunction : : duration: 5 us
:3:hip_platform.cpp         :237 : 251455042860 us:  [32m __hipPushCallConfiguration ( {1,1,1}, {1,1,1}, 0, stream:<null> ) [0m
:3:hip_platform.cpp         :241 : 251455042864 us:  __hipPushCallConfiguration: Returned hipSuccess : 
:3:hip_platform.cpp         :246 : 251455042867 us:  [32m __hipPopCallConfiguration ( {1,1,1}, {32,32,1}, 0x7ffc65904ce8, 0x7ffc65904ce0 ) [0m
:3:hip_platform.cpp         :255 : 251455042875 us:  __hipPopCallConfiguration: Returned hipSuccess : 
:3:hip_module.cpp           :744 : 251455042879 us:  [32m hipLaunchKernel ( 0x7f2d04193c68, {1,1,1}, {1,1,1}, 0x7ffc65904d80, 0, stream:<null> ) [0m
:3:hip_module.cpp           :745 : 251455042883 us:  hipLaunchKernel: Returned hipErrorInvalidDeviceFunction : : duration: 4 us
:3:hip_memory.cpp           :795 : 251455042888 us:  [32m hipMemcpy ( 0x7ffc65905908, 0x7f2c14602000, 4, hipMemcpyDeviceToHost ) [0m
:3:rocvirtual.cpp           :763 : 251455042898 us:  Arg0: uchar* src = ptr:0x7f2c14602000
:3:rocvirtual.cpp           :763 : 251455042901 us:  Arg1: uchar* dst = ptr:0x7f2c15000000
:3:rocvirtual.cpp           :857 : 251455042903 us:  Arg2: ulong size = val:4
:3:rocvirtual.cpp           :857 : 251455042906 us:  Arg3: uint remainder = val:4
:3:rocvirtual.cpp           :857 : 251455042908 us:  Arg4: uint aligned_size = val:16
:3:rocvirtual.cpp           :857 : 251455042911 us:  Arg5: ulong end_ptr = val:139827307610112
:3:rocvirtual.cpp           :857 : 251455042913 us:  Arg6: uint next_chunk = val:512
:3:rocvirtual.cpp           :3237: 251455042915 us:  ShaderName : __amd_rocclr_copyBuffer
:3:rocvirtual.cpp           :3451: 251455042918 us:  KernargSegmentByteSize = 304 KernargSegmentAlignment = 128
:3:rocvirtual.hpp           :57  : 251455042926 us:  Host active wait for Signal = (0x7f2cf65ff700) for -1 ns
:3:rocvirtual.cpp           :534 : 251455042989 us:  Set Handler: handle(0x7f2cf65fd680), timestamp(0x55a73eedcbe0)
:3:rocvirtual.hpp           :57  : 251455042994 us:  Host active wait for Signal = (0x7f2cf65fd680) for -1 ns
:3:hip_memory.cpp           :796 : 251455043012 us:  hipMemcpy: Returned hipSuccess : : duration: 124 us
:3:hip_memory.cpp           :795 : 251455043025 us:  [32m hipMemcpy ( 0x55a73ee07440, 0x7f2c14601000, 24, hipMemcpyDeviceToHost ) [0m
:3:rocvirtual.cpp           :763 : 251455043037 us:  Arg0: uchar* src = ptr:0x7f2c14601000
:3:rocvirtual.cpp           :763 : 251455043040 us:  Arg1: uchar* dst = ptr:0x7f2c15000000
:3:rocvirtual.cpp           :857 : 251455043044 us:  Arg2: ulong size = val:24
:3:rocvirtual.cpp           :857 : 251455043048 us:  Arg3: uint remainder = val:8
:3:rocvirtual.cpp           :227 : 251455043044 us:  Handler: value(0), timestamp(0x55a73ef0b990), handle(0x7f2cf65fd680)
:3:rocvirtual.cpp           :857 : 251455043051 us:  Arg4: uint aligned_size = val:16
:3:rocvirtual.cpp           :857 : 251455043070 us:  Arg5: ulong end_ptr = val:139827307610128
:3:rocvirtual.cpp           :857 : 251455043073 us:  Arg6: uint next_chunk = val:512
:3:rocvirtual.cpp           :3237: 251455043075 us:  ShaderName : __amd_rocclr_copyBuffer
:3:rocvirtual.cpp           :3451: 251455043078 us:  KernargSegmentByteSize = 304 KernargSegmentAlignment = 128
:3:rocvirtual.hpp           :57  : 251455043081 us:  Host active wait for Signal = (0x7f2cf65ff600) for -1 ns
:3:rocvirtual.cpp           :534 : 251455043134 us:  Set Handler: handle(0x7f2cf65fd700), timestamp(0x55a73eedcad0)
:3:rocvirtual.hpp           :57  : 251455043138 us:  Host active wait for Signal = (0x7f2cf65fd700) for -1 ns
:3:hip_memory.cpp           :796 : 251455043157 us:  hipMemcpy: Returned hipSuccess : : duration: 132 us
:3:rocvirtual.cpp           :227 : 251455043180 us:  Handler: value(0), timestamp(0x55a73ef0ba00), handle(0x7f2cf65fd700)
:3:hip_memory.cpp           :772 : 251455043195 us:  [32m hipFree ( 0x7f2c14600000 ) [0m
:3:rocdevice.cpp            :2411: 251455043205 us:  Device=0x55a73e0d1b30, freeMem_ = 0x366fb2de4
:3:hip_memory.cpp           :774 : 251455043208 us:  hipFree: Returned hipSuccess : 
:3:hip_memory.cpp           :772 : 251455043211 us:  [32m hipFree ( 0x7f2c14601000 ) [0m
:3:rocdevice.cpp            :2411: 251455043216 us:  Device=0x55a73e0d1b30, freeMem_ = 0x366fb2dfc
:3:hip_memory.cpp           :774 : 251455043219 us:  hipFree: Returned hipSuccess : 
:3:hip_memory.cpp           :772 : 251455043222 us:  [32m hipFree ( 0x7f2c14603000 ) [0m
:3:rocdevice.cpp            :2411: 251455043229 us:  Device=0x55a73e0d1b30, freeMem_ = 0x366fb2ffc
:3:hip_memory.cpp           :774 : 251455043232 us:  hipFree: Returned hipSuccess : 
:3:hip_memory.cpp           :772 : 251455043235 us:  [32m hipFree ( 0x7f2c14602000 ) [0m
:3:rocdevice.cpp            :2411: 251455043239 us:  Device=0x55a73e0d1b30, freeMem_ = 0x366fb3000
:3:hip_memory.cpp           :774 : 251455043241 us:  hipFree: Returned hipSuccess : 
:3:rocdevice.cpp            :3255: 251455068898 us:  releaseQueue refCount:0x7f2c07a00000 (0)
:3:rocdevice.cpp            :284 : 251455073165 us:  Deleting hardware queue 0x7f2c07a00000 with refCount 0
