=== EXIT CODE: 255 ===
=== STDOUT ===
hipSOLVER call finished successfully.
Required 0 iterations.
Validation failed. Maximum element-wise error 3 is larger than allowed error 2.22045e-11

=== STDERR ===
:3:rocdevice.cpp            :465 : 251410563462 us:  Initializing HSA stack.
:3:rocdevice.cpp            :551 : 251410573304 us:  Enumerated GPU agents = 1
:3:rocdevice.cpp            :232 : 251410573350 us:  Numa selects cpu agent[0]=0x5588d832ec20(fine=0x5588d841e690,coarse=0x5588d88b6f60) for gpu agent=0x5588d88b7420 CPU<->GPU XGMI=0
:3:rocsettings.cpp          :284 : 251410573358 us:  Using dev kernel arg wa = 0
:3:comgrctx.cpp             :33  : 251410573362 us:  Loading COMGR library.
:3:comgrctx.cpp             :128 : 251410579624 us:  Loaded COMGR library version 3.0.
:3:rocdevice.cpp            :1786: 251410579847 us:  Gfx Major/Minor/Stepping: 9/0/12
:3:rocdevice.cpp            :1788: 251410579857 us:  HMM support: 1, XNACK: 1, Direct host access: 0
:3:rocdevice.cpp            :1790: 251410579860 us:  Max SDMA Read Mask: 0x1, Max SDMA Write Mask: 0x1
:3:hip_context.cpp          :54  : 251410580996 us:  Direct Dispatch: 1
:3:hip_code_object.cpp      :964 : 251410584969 us:  amd::Comgr::get_data() return 0 size for agent_triple_target_ids[0]=amdgcn-amd-amdhsa--gfx90c:xnack+
:3:hip_code_object.cpp      :964 : 251410584987 us:  amd::Comgr::get_data() return 0 size for agent_triple_target_ids[0]=amdgcn-amd-amdhsa--gfx90c:xnack+
:3:hip_code_object.cpp      :964 : 251410584993 us:  amd::Comgr::get_data() return 0 size for agent_triple_target_ids[0]=amdgcn-amd-amdhsa--gfx90c:xnack+
:1:hip_fatbin.cpp           :780 : 251410585032 us:  Cannot find CO in the bundle /usr/lib64/librocsolver.so.0.4 for ISA: amdgcn-amd-amdhsa--gfx90c:xnack+
:3:hip_platform.cpp         :740 : 251410585048 us:  init: Returned hipErrorNoBinaryForGpu : continue parsing remaining modules
:3:hip_code_object.cpp      :964 : 251410586873 us:  amd::Comgr::get_data() return 0 size for agent_triple_target_ids[0]=amdgcn-amd-amdhsa--gfx90c:xnack+
:3:hip_code_object.cpp      :964 : 251410586888 us:  amd::Comgr::get_data() return 0 size for agent_triple_target_ids[0]=amdgcn-amd-amdhsa--gfx90c:xnack+
:3:hip_code_object.cpp      :964 : 251410586893 us:  amd::Comgr::get_data() return 0 size for agent_triple_target_ids[0]=amdgcn-amd-amdhsa--gfx90c:xnack+
:1:hip_fatbin.cpp           :780 : 251410586899 us:  Cannot find CO in the bundle /usr/lib64/librocsolver.so.0.4 for ISA: amdgcn-amd-amdhsa--gfx90c:xnack+
:3:hip_platform.cpp         :740 : 251410586907 us:  init: Returned hipErrorNoBinaryForGpu : continue parsing remaining modules
:3:hip_code_object.cpp      :964 : 251410588596 us:  amd::Comgr::get_data() return 0 size for agent_triple_target_ids[0]=amdgcn-amd-amdhsa--gfx90c:xnack+
:3:hip_code_object.cpp      :964 : 251410588612 us:  amd::Comgr::get_data() return 0 size for agent_triple_target_ids[0]=amdgcn-amd-amdhsa--gfx90c:xnack+
:3:hip_code_object.cpp      :964 : 251410588617 us:  amd::Comgr::get_data() return 0 size for agent_triple_target_ids[0]=amdgcn-amd-amdhsa--gfx90c:xnack+
:1:hip_fatbin.cpp           :780 : 251410588622 us:  Cannot find CO in the bundle /usr/lib64/librocsolver.so.0.4 for ISA: amdgcn-amd-amdhsa--gfx90c:xnack+
:3:hip_platform.cpp         :740 : 251410588630 us:  init: Returned hipErrorNoBinaryForGpu : continue parsing remaining modules
:3:hip_code_object.cpp      :964 : 251410593867 us:  amd::Comgr::get_data() return 0 size for agent_triple_target_ids[0]=amdgcn-amd-amdhsa--gfx90c:xnack+
:3:hip_code_object.cpp      :964 : 251410593889 us:  amd::Comgr::get_data() return 0 size for agent_triple_target_ids[0]=amdgcn-amd-amdhsa--gfx90c:xnack+
:3:hip_code_object.cpp      :964 : 251410593895 us:  amd::Comgr::get_data() return 0 size for agent_triple_target_ids[0]=amdgcn-amd-amdhsa--gfx90c:xnack+
:1:hip_fatbin.cpp           :780 : 251410593981 us:  Cannot find CO in the bundle /usr/lib64/librocsolver.so.0.4 for ISA: amdgcn-amd-amdhsa--gfx90c:xnack+
:3:hip_platform.cpp         :740 : 251410594006 us:  init: Returned hipErrorNoBinaryForGpu : continue parsing remaining modules
:3:hip_code_object.cpp      :964 : 251410595471 us:  amd::Comgr::get_data() return 0 size for agent_triple_target_ids[0]=amdgcn-amd-amdhsa--gfx90c:xnack+
:3:hip_code_object.cpp      :964 : 251410595487 us:  amd::Comgr::get_data() return 0 size for agent_triple_target_ids[0]=amdgcn-amd-amdhsa--gfx90c:xnack+
:3:hip_code_object.cpp      :964 : 251410595500 us:  amd::Comgr::get_data() return 0 size for agent_triple_target_ids[0]=amdgcn-amd-amdhsa--gfx90c:xnack+
:1:hip_fatbin.cpp           :780 : 251410595506 us:  Cannot find CO in the bundle /usr/lib64/librocsolver.so.0.4 for ISA: amdgcn-amd-amdhsa--gfx90c:xnack+
:3:hip_platform.cpp         :740 : 251410595513 us:  init: Returned hipErrorNoBinaryForGpu : continue parsing remaining modules
:3:hip_code_object.cpp      :964 : 251410641995 us:  amd::Comgr::get_data() return 0 size for agent_triple_target_ids[0]=amdgcn-amd-amdhsa--gfx90c:xnack+
:3:hip_code_object.cpp      :964 : 251410642034 us:  amd::Comgr::get_data() return 0 size for agent_triple_target_ids[0]=amdgcn-amd-amdhsa--gfx90c:xnack+
:3:hip_code_object.cpp      :964 : 251410642040 us:  amd::Comgr::get_data() return 0 size for agent_triple_target_ids[0]=amdgcn-amd-amdhsa--gfx90c:xnack+
:1:hip_fatbin.cpp           :780 : 251410642413 us:  Cannot find CO in the bundle /usr/lib64/librocsolver.so.0.4 for ISA: amdgcn-amd-amdhsa--gfx90c:xnack+
:3:hip_platform.cpp         :740 : 251410642428 us:  init: Returned hipErrorNoBinaryForGpu : continue parsing remaining modules
:3:hip_code_object.cpp      :964 : 251410687920 us:  amd::Comgr::get_data() return 0 size for agent_triple_target_ids[0]=amdgcn-amd-amdhsa--gfx90c:xnack+
:3:hip_code_object.cpp      :964 : 251410687951 us:  amd::Comgr::get_data() return 0 size for agent_triple_target_ids[0]=amdgcn-amd-amdhsa--gfx90c:xnack+
:3:hip_code_object.cpp      :964 : 251410687957 us:  amd::Comgr::get_data() return 0 size for agent_triple_target_ids[0]=amdgcn-amd-amdhsa--gfx90c:xnack+
:1:hip_fatbin.cpp           :780 : 251410687964 us:  Cannot find CO in the bundle /usr/lib64/librocsolver.so.0.4 for ISA: amdgcn-amd-amdhsa--gfx90c:xnack+
:3:hip_platform.cpp         :740 : 251410687976 us:  init: Returned hipErrorNoBinaryForGpu : continue parsing remaining modules
:3:hip_code_object.cpp      :964 : 251410718304 us:  amd::Comgr::get_data() return 0 size for agent_triple_target_ids[0]=amdgcn-amd-amdhsa--gfx90c:xnack+
:3:hip_code_object.cpp      :964 : 251410718333 us:  amd::Comgr::get_data() return 0 size for agent_triple_target_ids[0]=amdgcn-amd-amdhsa--gfx90c:xnack+
:3:hip_code_object.cpp      :964 : 251410718339 us:  amd::Comgr::get_data() return 0 size for agent_triple_target_ids[0]=amdgcn-amd-amdhsa--gfx90c:xnack+
:1:hip_fatbin.cpp           :780 : 251410721755 us:  Cannot find CO in the bundle /usr/lib64/librocsolver.so.0.4 for ISA: amdgcn-amd-amdhsa--gfx90c:xnack+
:3:hip_platform.cpp         :740 : 251410721774 us:  init: Returned hipErrorNoBinaryForGpu : continue parsing remaining modules
:3:hip_code_object.cpp      :964 : 251410752849 us:  amd::Comgr::get_data() return 0 size for agent_triple_target_ids[0]=amdgcn-amd-amdhsa--gfx90c:xnack+
:3:hip_code_object.cpp      :964 : 251410752884 us:  amd::Comgr::get_data() return 0 size for agent_triple_target_ids[0]=amdgcn-amd-amdhsa--gfx90c:xnack+
:3:hip_code_object.cpp      :964 : 251410752890 us:  amd::Comgr::get_data() return 0 size for agent_triple_target_ids[0]=amdgcn-amd-amdhsa--gfx90c:xnack+
:1:hip_fatbin.cpp           :780 : 251410752897 us:  Cannot find CO in the bundle /usr/lib64/librocsolver.so.0.4 for ISA: amdgcn-amd-amdhsa--gfx90c:xnack+
:3:hip_platform.cpp         :740 : 251410752910 us:  init: Returned hipErrorNoBinaryForGpu : continue parsing remaining modules
:3:hip_code_object.cpp      :964 : 251410769396 us:  amd::Comgr::get_data() return 0 size for agent_triple_target_ids[0]=amdgcn-amd-amdhsa--gfx90c:xnack+
:3:hip_code_object.cpp      :964 : 251410769427 us:  amd::Comgr::get_data() return 0 size for agent_triple_target_ids[0]=amdgcn-amd-amdhsa--gfx90c:xnack+
:3:hip_code_object.cpp      :964 : 251410769433 us:  amd::Comgr::get_data() return 0 size for agent_triple_target_ids[0]=amdgcn-amd-amdhsa--gfx90c:xnack+
:1:hip_fatbin.cpp           :780 : 251410773019 us:  Cannot find CO in the bundle /usr/lib64/librocsolver.so.0.4 for ISA: amdgcn-amd-amdhsa--gfx90c:xnack+
:3:hip_platform.cpp         :740 : 251410773054 us:  init: Returned hipErrorNoBinaryForGpu : continue parsing remaining modules
:3:hip_code_object.cpp      :964 : 251410805725 us:  amd::Comgr::get_data() return 0 size for agent_triple_target_ids[0]=amdgcn-amd-amdhsa--gfx90c:xnack+
:3:hip_code_object.cpp      :964 : 251410805754 us:  amd::Comgr::get_data() return 0 size for agent_triple_target_ids[0]=amdgcn-amd-amdhsa--gfx90c:xnack+
:3:hip_code_object.cpp      :964 : 251410805760 us:  amd::Comgr::get_data() return 0 size for agent_triple_target_ids[0]=amdgcn-amd-amdhsa--gfx90c:xnack+
:1:hip_fatbin.cpp           :780 : 251410809800 us:  Cannot find CO in the bundle /usr/lib64/librocsolver.so.0.4 for ISA: amdgcn-amd-amdhsa--gfx90c:xnack+
:3:hip_platform.cpp         :740 : 251410809822 us:  init: Returned hipErrorNoBinaryForGpu : continue parsing remaining modules
:3:hip_code_object.cpp      :964 : 251410862304 us:  amd::Comgr::get_data() return 0 size for agent_triple_target_ids[0]=amdgcn-amd-amdhsa--gfx90c:xnack+
:3:hip_code_object.cpp      :964 : 251410862335 us:  amd::Comgr::get_data() return 0 size for agent_triple_target_ids[0]=amdgcn-amd-amdhsa--gfx90c:xnack+
:3:hip_code_object.cpp      :964 : 251410862341 us:  amd::Comgr::get_data() return 0 size for agent_triple_target_ids[0]=amdgcn-amd-amdhsa--gfx90c:xnack+
:1:hip_fatbin.cpp           :780 : 251410862349 us:  Cannot find CO in the bundle /usr/lib64/librocsolver.so.0.4 for ISA: amdgcn-amd-amdhsa--gfx90c:xnack+
:3:hip_platform.cpp         :740 : 251410862364 us:  init: Returned hipErrorNoBinaryForGpu : continue parsing remaining modules
:3:hip_code_object.cpp      :964 : 251410906099 us:  amd::Comgr::get_data() return 0 size for agent_triple_target_ids[0]=amdgcn-amd-amdhsa--gfx90c:xnack+
:3:hip_code_object.cpp      :964 : 251410906130 us:  amd::Comgr::get_data() return 0 size for agent_triple_target_ids[0]=amdgcn-amd-amdhsa--gfx90c:xnack+
:3:hip_code_object.cpp      :964 : 251410906136 us:  amd::Comgr::get_data() return 0 size for agent_triple_target_ids[0]=amdgcn-amd-amdhsa--gfx90c:xnack+
:1:hip_fatbin.cpp           :780 : 251410906143 us:  Cannot find CO in the bundle /usr/lib64/librocsolver.so.0.4 for ISA: amdgcn-amd-amdhsa--gfx90c:xnack+
:3:hip_platform.cpp         :740 : 251410906155 us:  init: Returned hipErrorNoBinaryForGpu : continue parsing remaining modules
:3:hip_code_object.cpp      :964 : 251410963425 us:  amd::Comgr::get_data() return 0 size for agent_triple_target_ids[0]=amdgcn-amd-amdhsa--gfx90c:xnack+
:3:hip_code_object.cpp      :964 : 251410963455 us:  amd::Comgr::get_data() return 0 size for agent_triple_target_ids[0]=amdgcn-amd-amdhsa--gfx90c:xnack+
:3:hip_code_object.cpp      :964 : 251410963461 us:  amd::Comgr::get_data() return 0 size for agent_triple_target_ids[0]=amdgcn-amd-amdhsa--gfx90c:xnack+
:1:hip_fatbin.cpp           :780 : 251410963467 us:  Cannot find CO in the bundle /usr/lib64/librocsolver.so.0.4 for ISA: amdgcn-amd-amdhsa--gfx90c:xnack+
:3:hip_platform.cpp         :740 : 251410963479 us:  init: Returned hipErrorNoBinaryForGpu : continue parsing remaining modules
:3:hip_code_object.cpp      :964 : 251410998264 us:  amd::Comgr::get_data() return 0 size for agent_triple_target_ids[0]=amdgcn-amd-amdhsa--gfx90c:xnack+
:3:hip_code_object.cpp      :964 : 251410998295 us:  amd::Comgr::get_data() return 0 size for agent_triple_target_ids[0]=amdgcn-amd-amdhsa--gfx90c:xnack+
:3:hip_code_object.cpp      :964 : 251410998301 us:  amd::Comgr::get_data() return 0 size for agent_triple_target_ids[0]=amdgcn-amd-amdhsa--gfx90c:xnack+
:1:hip_fatbin.cpp           :780 : 251410998308 us:  Cannot find CO in the bundle /usr/lib64/librocsolver.so.0.4 for ISA: amdgcn-amd-amdhsa--gfx90c:xnack+
:3:hip_platform.cpp         :740 : 251410998320 us:  init: Returned hipErrorNoBinaryForGpu : continue parsing remaining modules
:3:hip_code_object.cpp      :964 : 251411005865 us:  amd::Comgr::get_data() return 0 size for agent_triple_target_ids[0]=amdgcn-amd-amdhsa--gfx90c:xnack+
:3:hip_code_object.cpp      :964 : 251411005895 us:  amd::Comgr::get_data() return 0 size for agent_triple_target_ids[0]=amdgcn-amd-amdhsa--gfx90c:xnack+
:3:hip_code_object.cpp      :964 : 251411005909 us:  amd::Comgr::get_data() return 0 size for agent_triple_target_ids[0]=amdgcn-amd-amdhsa--gfx90c:xnack+
:1:hip_fatbin.cpp           :780 : 251411005916 us:  Cannot find CO in the bundle /usr/lib64/librocsolver.so.0.4 for ISA: amdgcn-amd-amdhsa--gfx90c:xnack+
:3:hip_platform.cpp         :740 : 251411005928 us:  init: Returned hipErrorNoBinaryForGpu : continue parsing remaining modules
:3:hip_code_object.cpp      :964 : 251411014522 us:  amd::Comgr::get_data() return 0 size for agent_triple_target_ids[0]=amdgcn-amd-amdhsa--gfx90c:xnack+
:3:hip_code_object.cpp      :964 : 251411014552 us:  amd::Comgr::get_data() return 0 size for agent_triple_target_ids[0]=amdgcn-amd-amdhsa--gfx90c:xnack+
:3:hip_code_object.cpp      :964 : 251411014558 us:  amd::Comgr::get_data() return 0 size for agent_triple_target_ids[0]=amdgcn-amd-amdhsa--gfx90c:xnack+
:1:hip_fatbin.cpp           :780 : 251411014564 us:  Cannot find CO in the bundle /usr/lib64/librocsolver.so.0.4 for ISA: amdgcn-amd-amdhsa--gfx90c:xnack+
:3:hip_platform.cpp         :740 : 251411014575 us:  init: Returned hipErrorNoBinaryForGpu : continue parsing remaining modules
:3:hip_code_object.cpp      :964 : 251411022587 us:  amd::Comgr::get_data() return 0 size for agent_triple_target_ids[0]=amdgcn-amd-amdhsa--gfx90c:xnack+
:3:hip_code_object.cpp      :964 : 251411022618 us:  amd::Comgr::get_data() return 0 size for agent_triple_target_ids[0]=amdgcn-amd-amdhsa--gfx90c:xnack+
:3:hip_code_object.cpp      :964 : 251411022623 us:  amd::Comgr::get_data() return 0 size for agent_triple_target_ids[0]=amdgcn-amd-amdhsa--gfx90c:xnack+
:1:hip_fatbin.cpp           :780 : 251411022630 us:  Cannot find CO in the bundle /usr/lib64/librocsolver.so.0.4 for ISA: amdgcn-amd-amdhsa--gfx90c:xnack+
:3:hip_platform.cpp         :740 : 251411022642 us:  init: Returned hipErrorNoBinaryForGpu : continue parsing remaining modules
:3:hip_code_object.cpp      :964 : 251411031789 us:  amd::Comgr::get_data() return 0 size for agent_triple_target_ids[0]=amdgcn-amd-amdhsa--gfx90c:xnack+
:3:hip_code_object.cpp      :964 : 251411031821 us:  amd::Comgr::get_data() return 0 size for agent_triple_target_ids[0]=amdgcn-amd-amdhsa--gfx90c:xnack+
:3:hip_code_object.cpp      :964 : 251411031826 us:  amd::Comgr::get_data() return 0 size for agent_triple_target_ids[0]=amdgcn-amd-amdhsa--gfx90c:xnack+
:1:hip_fatbin.cpp           :780 : 251411031834 us:  Cannot find CO in the bundle /usr/lib64/librocsolver.so.0.4 for ISA: amdgcn-amd-amdhsa--gfx90c:xnack+
:3:hip_platform.cpp         :740 : 251411031846 us:  init: Returned hipErrorNoBinaryForGpu : continue parsing remaining modules
:3:hip_code_object.cpp      :964 : 251411040405 us:  amd::Comgr::get_data() return 0 size for agent_triple_target_ids[0]=amdgcn-amd-amdhsa--gfx90c:xnack+
:3:hip_code_object.cpp      :964 : 251411040437 us:  amd::Comgr::get_data() return 0 size for agent_triple_target_ids[0]=amdgcn-amd-amdhsa--gfx90c:xnack+
:3:hip_code_object.cpp      :964 : 251411040445 us:  amd::Comgr::get_data() return 0 size for agent_triple_target_ids[0]=amdgcn-amd-amdhsa--gfx90c:xnack+
:1:hip_fatbin.cpp           :780 : 251411040456 us:  Cannot find CO in the bundle /usr/lib64/librocsolver.so.0.4 for ISA: amdgcn-amd-amdhsa--gfx90c:xnack+
:3:hip_platform.cpp         :740 : 251411040471 us:  init: Returned hipErrorNoBinaryForGpu : continue parsing remaining modules
:3:hip_code_object.cpp      :964 : 251411048857 us:  amd::Comgr::get_data() return 0 size for agent_triple_target_ids[0]=amdgcn-amd-amdhsa--gfx90c:xnack+
:3:hip_code_object.cpp      :964 : 251411048889 us:  amd::Comgr::get_data() return 0 size for agent_triple_target_ids[0]=amdgcn-amd-amdhsa--gfx90c:xnack+
:3:hip_code_object.cpp      :964 : 251411048894 us:  amd::Comgr::get_data() return 0 size for agent_triple_target_ids[0]=amdgcn-amd-amdhsa--gfx90c:xnack+
:1:hip_fatbin.cpp           :780 : 251411048902 us:  Cannot find CO in the bundle /usr/lib64/librocsolver.so.0.4 for ISA: amdgcn-amd-amdhsa--gfx90c:xnack+
:3:hip_platform.cpp         :740 : 251411048923 us:  init: Returned hipErrorNoBinaryForGpu : continue parsing remaining modules
:3:hip_code_object.cpp      :964 : 251411058053 us:  amd::Comgr::get_data() return 0 size for agent_triple_target_ids[0]=amdgcn-amd-amdhsa--gfx90c:xnack+
:3:hip_code_object.cpp      :964 : 251411058087 us:  amd::Comgr::get_data() return 0 size for agent_triple_target_ids[0]=amdgcn-amd-amdhsa--gfx90c:xnack+
:3:hip_code_object.cpp      :964 : 251411058092 us:  amd::Comgr::get_data() return 0 size for agent_triple_target_ids[0]=amdgcn-amd-amdhsa--gfx90c:xnack+
:1:hip_fatbin.cpp           :780 : 251411058099 us:  Cannot find CO in the bundle /usr/lib64/librocsolver.so.0.4 for ISA: amdgcn-amd-amdhsa--gfx90c:xnack+
:3:hip_platform.cpp         :740 : 251411058111 us:  init: Returned hipErrorNoBinaryForGpu : continue parsing remaining modules
:3:hip_code_object.cpp      :964 : 251411064210 us:  amd::Comgr::get_data() return 0 size for agent_triple_target_ids[0]=amdgcn-amd-amdhsa--gfx90c:xnack+
:3:hip_code_object.cpp      :964 : 251411064246 us:  amd::Comgr::get_data() return 0 size for agent_triple_target_ids[0]=amdgcn-amd-amdhsa--gfx90c:xnack+
:3:hip_code_object.cpp      :964 : 251411064253 us:  amd::Comgr::get_data() return 0 size for agent_triple_target_ids[0]=amdgcn-amd-amdhsa--gfx90c:xnack+
:1:hip_fatbin.cpp           :780 : 251411064261 us:  Cannot find CO in the bundle /usr/lib64/librocsolver.so.0.4 for ISA: amdgcn-amd-amdhsa--gfx90c:xnack+
:3:hip_platform.cpp         :740 : 251411064274 us:  init: Returned hipErrorNoBinaryForGpu : continue parsing remaining modules
:3:hip_code_object.cpp      :964 : 251411072323 us:  amd::Comgr::get_data() return 0 size for agent_triple_target_ids[0]=amdgcn-amd-amdhsa--gfx90c:xnack+
:3:hip_code_object.cpp      :964 : 251411072361 us:  amd::Comgr::get_data() return 0 size for agent_triple_target_ids[0]=amdgcn-amd-amdhsa--gfx90c:xnack+
:3:hip_code_object.cpp      :964 : 251411072367 us:  amd::Comgr::get_data() return 0 size for agent_triple_target_ids[0]=amdgcn-amd-amdhsa--gfx90c:xnack+
:1:hip_fatbin.cpp           :780 : 251411072375 us:  Cannot find CO in the bundle /usr/lib64/librocsolver.so.0.4 for ISA: amdgcn-amd-amdhsa--gfx90c:xnack+
:3:hip_platform.cpp         :740 : 251411072390 us:  init: Returned hipErrorNoBinaryForGpu : continue parsing remaining modules
:3:hip_code_object.cpp      :964 : 251411078733 us:  amd::Comgr::get_data() return 0 size for agent_triple_target_ids[0]=amdgcn-amd-amdhsa--gfx90c:xnack+
:3:hip_code_object.cpp      :964 : 251411078766 us:  amd::Comgr::get_data() return 0 size for agent_triple_target_ids[0]=amdgcn-amd-amdhsa--gfx90c:xnack+
:3:hip_code_object.cpp      :964 : 251411078772 us:  amd::Comgr::get_data() return 0 size for agent_triple_target_ids[0]=amdgcn-amd-amdhsa--gfx90c:xnack+
:1:hip_fatbin.cpp           :780 : 251411078779 us:  Cannot find CO in the bundle /usr/lib64/librocsolver.so.0.4 for ISA: amdgcn-amd-amdhsa--gfx90c:xnack+
:3:hip_platform.cpp         :740 : 251411078790 us:  init: Returned hipErrorNoBinaryForGpu : continue parsing remaining modules
:3:hip_code_object.cpp      :964 : 251411090650 us:  amd::Comgr::get_data() return 0 size for agent_triple_target_ids[0]=amdgcn-amd-amdhsa--gfx90c:xnack+
:3:hip_code_object.cpp      :964 : 251411090681 us:  amd::Comgr::get_data() return 0 size for agent_triple_target_ids[0]=amdgcn-amd-amdhsa--gfx90c:xnack+
:3:hip_code_object.cpp      :964 : 251411090686 us:  amd::Comgr::get_data() return 0 size for agent_triple_target_ids[0]=amdgcn-amd-amdhsa--gfx90c:xnack+
:1:hip_fatbin.cpp           :780 : 251411090693 us:  Cannot find CO in the bundle /usr/lib64/librocsolver.so.0.4 for ISA: amdgcn-amd-amdhsa--gfx90c:xnack+
:3:hip_platform.cpp         :740 : 251411090704 us:  init: Returned hipErrorNoBinaryForGpu : continue parsing remaining modules
:3:hip_code_object.cpp      :964 : 251411102388 us:  amd::Comgr::get_data() return 0 size for agent_triple_target_ids[0]=amdgcn-amd-amdhsa--gfx90c:xnack+
:3:hip_code_object.cpp      :964 : 251411102419 us:  amd::Comgr::get_data() return 0 size for agent_triple_target_ids[0]=amdgcn-amd-amdhsa--gfx90c:xnack+
:3:hip_code_object.cpp      :964 : 251411102433 us:  amd::Comgr::get_data() return 0 size for agent_triple_target_ids[0]=amdgcn-amd-amdhsa--gfx90c:xnack+
:1:hip_fatbin.cpp           :780 : 251411102440 us:  Cannot find CO in the bundle /usr/lib64/librocsolver.so.0.4 for ISA: amdgcn-amd-amdhsa--gfx90c:xnack+
:3:hip_platform.cpp         :740 : 251411102451 us:  init: Returned hipErrorNoBinaryForGpu : continue parsing remaining modules
:3:hip_code_object.cpp      :964 : 251411113713 us:  amd::Comgr::get_data() return 0 size for agent_triple_target_ids[0]=amdgcn-amd-amdhsa--gfx90c:xnack+
:3:hip_code_object.cpp      :964 : 251411113744 us:  amd::Comgr::get_data() return 0 size for agent_triple_target_ids[0]=amdgcn-amd-amdhsa--gfx90c:xnack+
:3:hip_code_object.cpp      :964 : 251411113749 us:  amd::Comgr::get_data() return 0 size for agent_triple_target_ids[0]=amdgcn-amd-amdhsa--gfx90c:xnack+
:1:hip_fatbin.cpp           :780 : 251411113756 us:  Cannot find CO in the bundle /usr/lib64/librocsolver.so.0.4 for ISA: amdgcn-amd-amdhsa--gfx90c:xnack+
:3:hip_platform.cpp         :740 : 251411113767 us:  init: Returned hipErrorNoBinaryForGpu : continue parsing remaining modules
:3:hip_code_object.cpp      :964 : 251411124534 us:  amd::Comgr::get_data() return 0 size for agent_triple_target_ids[0]=amdgcn-amd-amdhsa--gfx90c:xnack+
:3:hip_code_object.cpp      :964 : 251411124578 us:  amd::Comgr::get_data() return 0 size for agent_triple_target_ids[0]=amdgcn-amd-amdhsa--gfx90c:xnack+
:3:hip_code_object.cpp      :964 : 251411124583 us:  amd::Comgr::get_data() return 0 size for agent_triple_target_ids[0]=amdgcn-amd-amdhsa--gfx90c:xnack+
:1:hip_fatbin.cpp           :780 : 251411124590 us:  Cannot find CO in the bundle /usr/lib64/librocsolver.so.0.4 for ISA: amdgcn-amd-amdhsa--gfx90c:xnack+
:3:hip_platform.cpp         :740 : 251411124602 us:  init: Returned hipErrorNoBinaryForGpu : continue parsing remaining modules
:3:hip_code_object.cpp      :964 : 251411135762 us:  amd::Comgr::get_data() return 0 size for agent_triple_target_ids[0]=amdgcn-amd-amdhsa--gfx90c:xnack+
:3:hip_code_object.cpp      :964 : 251411135794 us:  amd::Comgr::get_data() return 0 size for agent_triple_target_ids[0]=amdgcn-amd-amdhsa--gfx90c:xnack+
:3:hip_code_object.cpp      :964 : 251411135799 us:  amd::Comgr::get_data() return 0 size for agent_triple_target_ids[0]=amdgcn-amd-amdhsa--gfx90c:xnack+
:1:hip_fatbin.cpp           :780 : 251411135805 us:  Cannot find CO in the bundle /usr/lib64/librocsolver.so.0.4 for ISA: amdgcn-amd-amdhsa--gfx90c:xnack+
:3:hip_platform.cpp         :740 : 251411135817 us:  init: Returned hipErrorNoBinaryForGpu : continue parsing remaining modules
:3:hip_code_object.cpp      :964 : 251411145279 us:  amd::Comgr::get_data() return 0 size for agent_triple_target_ids[0]=amdgcn-amd-amdhsa--gfx90c:xnack+
:3:hip_code_object.cpp      :964 : 251411145310 us:  amd::Comgr::get_data() return 0 size for agent_triple_target_ids[0]=amdgcn-amd-amdhsa--gfx90c:xnack+
:3:hip_code_object.cpp      :964 : 251411145316 us:  amd::Comgr::get_data() return 0 size for agent_triple_target_ids[0]=amdgcn-amd-amdhsa--gfx90c:xnack+
:1:hip_fatbin.cpp           :780 : 251411145323 us:  Cannot find CO in the bundle /usr/lib64/librocsolver.so.0.4 for ISA: amdgcn-amd-amdhsa--gfx90c:xnack+
:3:hip_platform.cpp         :740 : 251411145334 us:  init: Returned hipErrorNoBinaryForGpu : continue parsing remaining modules
:3:hip_code_object.cpp      :964 : 251411153279 us:  amd::Comgr::get_data() return 0 size for agent_triple_target_ids[0]=amdgcn-amd-amdhsa--gfx90c:xnack+
:3:hip_code_object.cpp      :964 : 251411153309 us:  amd::Comgr::get_data() return 0 size for agent_triple_target_ids[0]=amdgcn-amd-amdhsa--gfx90c:xnack+
:3:hip_code_object.cpp      :964 : 251411153315 us:  amd::Comgr::get_data() return 0 size for agent_triple_target_ids[0]=amdgcn-amd-amdhsa--gfx90c:xnack+
:1:hip_fatbin.cpp           :780 : 251411153321 us:  Cannot find CO in the bundle /usr/lib64/librocsolver.so.0.4 for ISA: amdgcn-amd-amdhsa--gfx90c:xnack+
:3:hip_platform.cpp         :740 : 251411153341 us:  init: Returned hipErrorNoBinaryForGpu : continue parsing remaining modules
:3:hip_code_object.cpp      :964 : 251411161202 us:  amd::Comgr::get_data() return 0 size for agent_triple_target_ids[0]=amdgcn-amd-amdhsa--gfx90c:xnack+
:3:hip_code_object.cpp      :964 : 251411161233 us:  amd::Comgr::get_data() return 0 size for agent_triple_target_ids[0]=amdgcn-amd-amdhsa--gfx90c:xnack+
:3:hip_code_object.cpp      :964 : 251411161239 us:  amd::Comgr::get_data() return 0 size for agent_triple_target_ids[0]=amdgcn-amd-amdhsa--gfx90c:xnack+
:1:hip_fatbin.cpp           :780 : 251411161245 us:  Cannot find CO in the bundle /usr/lib64/librocsolver.so.0.4 for ISA: amdgcn-amd-amdhsa--gfx90c:xnack+
:3:hip_platform.cpp         :740 : 251411161256 us:  init: Returned hipErrorNoBinaryForGpu : continue parsing remaining modules
:3:hip_code_object.cpp      :964 : 251411167858 us:  amd::Comgr::get_data() return 0 size for agent_triple_target_ids[0]=amdgcn-amd-amdhsa--gfx90c:xnack+
:3:hip_code_object.cpp      :964 : 251411167892 us:  amd::Comgr::get_data() return 0 size for agent_triple_target_ids[0]=amdgcn-amd-amdhsa--gfx90c:xnack+
:3:hip_code_object.cpp      :964 : 251411167897 us:  amd::Comgr::get_data() return 0 size for agent_triple_target_ids[0]=amdgcn-amd-amdhsa--gfx90c:xnack+
:1:hip_fatbin.cpp           :780 : 251411167904 us:  Cannot find CO in the bundle /usr/lib64/librocsolver.so.0.4 for ISA: amdgcn-amd-amdhsa--gfx90c:xnack+
:3:hip_platform.cpp         :740 : 251411167916 us:  init: Returned hipErrorNoBinaryForGpu : continue parsing remaining modules
:3:hip_code_object.cpp      :964 : 251411173477 us:  amd::Comgr::get_data() return 0 size for agent_triple_target_ids[0]=amdgcn-amd-amdhsa--gfx90c:xnack+
:3:hip_code_object.cpp      :964 : 251411173508 us:  amd::Comgr::get_data() return 0 size for agent_triple_target_ids[0]=amdgcn-amd-amdhsa--gfx90c:xnack+
:3:hip_code_object.cpp      :964 : 251411173513 us:  amd::Comgr::get_data() return 0 size for agent_triple_target_ids[0]=amdgcn-amd-amdhsa--gfx90c:xnack+
:1:hip_fatbin.cpp           :780 : 251411173520 us:  Cannot find CO in the bundle /usr/lib64/librocsolver.so.0.4 for ISA: amdgcn-amd-amdhsa--gfx90c:xnack+
:3:hip_platform.cpp         :740 : 251411173532 us:  init: Returned hipErrorNoBinaryForGpu : continue parsing remaining modules
:3:hip_code_object.cpp      :964 : 251411176375 us:  amd::Comgr::get_data() return 0 size for agent_triple_target_ids[0]=amdgcn-amd-amdhsa--gfx90c:xnack+
:3:hip_code_object.cpp      :964 : 251411176395 us:  amd::Comgr::get_data() return 0 size for agent_triple_target_ids[0]=amdgcn-amd-amdhsa--gfx90c:xnack+
:3:hip_code_object.cpp      :964 : 251411176400 us:  amd::Comgr::get_data() return 0 size for agent_triple_target_ids[0]=amdgcn-amd-amdhsa--gfx90c:xnack+
:1:hip_fatbin.cpp           :780 : 251411176405 us:  Cannot find CO in the bundle /usr/lib64/librocsolver.so.0.4 for ISA: amdgcn-amd-amdhsa--gfx90c:xnack+
:3:hip_platform.cpp         :740 : 251411176413 us:  init: Returned hipErrorNoBinaryForGpu : continue parsing remaining modules
:3:hip_code_object.cpp      :964 : 251411177335 us:  amd::Comgr::get_data() return 0 size for agent_triple_target_ids[0]=amdgcn-amd-amdhsa--gfx90c:xnack+
:3:hip_code_object.cpp      :964 : 251411177348 us:  amd::Comgr::get_data() return 0 size for agent_triple_target_ids[0]=amdgcn-amd-amdhsa--gfx90c:xnack+
:3:hip_code_object.cpp      :964 : 251411177353 us:  amd::Comgr::get_data() return 0 size for agent_triple_target_ids[0]=amdgcn-amd-amdhsa--gfx90c:xnack+
:1:hip_fatbin.cpp           :780 : 251411177358 us:  Cannot find CO in the bundle /usr/lib64/librocsolver.so.0.4 for ISA: amdgcn-amd-amdhsa--gfx90c:xnack+
:3:hip_platform.cpp         :740 : 251411177364 us:  init: Returned hipErrorNoBinaryForGpu : continue parsing remaining modules
:3:hip_code_object.cpp      :964 : 251411179271 us:  amd::Comgr::get_data() return 0 size for agent_triple_target_ids[0]=amdgcn-amd-amdhsa--gfx90c:xnack+
:3:hip_code_object.cpp      :964 : 251411179286 us:  amd::Comgr::get_data() return 0 size for agent_triple_target_ids[0]=amdgcn-amd-amdhsa--gfx90c:xnack+
:3:hip_code_object.cpp      :964 : 251411179298 us:  amd::Comgr::get_data() return 0 size for agent_triple_target_ids[0]=amdgcn-amd-amdhsa--gfx90c:xnack+
:1:hip_fatbin.cpp           :780 : 251411179304 us:  Cannot find CO in the bundle /usr/lib64/librocsolver.so.0.4 for ISA: amdgcn-amd-amdhsa--gfx90c:xnack+
:3:hip_platform.cpp         :740 : 251411179310 us:  init: Returned hipErrorNoBinaryForGpu : continue parsing remaining modules
:3:hip_code_object.cpp      :964 : 251411180161 us:  amd::Comgr::get_data() return 0 size for agent_triple_target_ids[0]=amdgcn-amd-amdhsa--gfx90c:xnack+
:3:hip_code_object.cpp      :964 : 251411180174 us:  amd::Comgr::get_data() return 0 size for agent_triple_target_ids[0]=amdgcn-amd-amdhsa--gfx90c:xnack+
:3:hip_code_object.cpp      :964 : 251411180180 us:  amd::Comgr::get_data() return 0 size for agent_triple_target_ids[0]=amdgcn-amd-amdhsa--gfx90c:xnack+
:1:hip_fatbin.cpp           :780 : 251411180185 us:  Cannot find CO in the bundle /usr/lib64/librocsolver.so.0.4 for ISA: amdgcn-amd-amdhsa--gfx90c:xnack+
:3:hip_platform.cpp         :740 : 251411180191 us:  init: Returned hipErrorNoBinaryForGpu : continue parsing remaining modules
:3:hip_code_object.cpp      :964 : 251411180936 us:  amd::Comgr::get_data() return 0 size for agent_triple_target_ids[0]=amdgcn-amd-amdhsa--gfx90c:xnack+
:3:hip_code_object.cpp      :964 : 251411180949 us:  amd::Comgr::get_data() return 0 size for agent_triple_target_ids[0]=amdgcn-amd-amdhsa--gfx90c:xnack+
:3:hip_code_object.cpp      :964 : 251411180954 us:  amd::Comgr::get_data() return 0 size for agent_triple_target_ids[0]=amdgcn-amd-amdhsa--gfx90c:xnack+
:1:hip_fatbin.cpp           :780 : 251411180959 us:  Cannot find CO in the bundle /usr/lib64/librocsolver.so.0.4 for ISA: amdgcn-amd-amdhsa--gfx90c:xnack+
:3:hip_platform.cpp         :740 : 251411180965 us:  init: Returned hipErrorNoBinaryForGpu : continue parsing remaining modules
:3:hip_code_object.cpp      :964 : 251411183577 us:  amd::Comgr::get_data() return 0 size for agent_triple_target_ids[0]=amdgcn-amd-amdhsa--gfx90c:xnack+
:3:hip_code_object.cpp      :964 : 251411183595 us:  amd::Comgr::get_data() return 0 size for agent_triple_target_ids[0]=amdgcn-amd-amdhsa--gfx90c:xnack+
:3:hip_code_object.cpp      :964 : 251411183600 us:  amd::Comgr::get_data() return 0 size for agent_triple_target_ids[0]=amdgcn-amd-amdhsa--gfx90c:xnack+
:1:hip_fatbin.cpp           :780 : 251411183605 us:  Cannot find CO in the bundle /usr/lib64/librocsolver.so.0.4 for ISA: amdgcn-amd-amdhsa--gfx90c:xnack+
:3:hip_platform.cpp         :740 : 251411183612 us:  init: Returned hipErrorNoBinaryForGpu : continue parsing remaining modules
:3:hip_code_object.cpp      :964 : 251411434186 us:  amd::Comgr::get_data() return 0 size for agent_triple_target_ids[0]=amdgcn-amd-amdhsa--gfx90c:xnack+
:3:hip_code_object.cpp      :964 : 251411434221 us:  amd::Comgr::get_data() return 0 size for agent_triple_target_ids[0]=amdgcn-amd-amdhsa--gfx90c:xnack+
:3:hip_code_object.cpp      :964 : 251411434227 us:  amd::Comgr::get_data() return 0 size for agent_triple_target_ids[0]=amdgcn-amd-amdhsa--gfx90c:xnack+
:1:hip_fatbin.cpp           :780 : 251411434235 us:  Cannot find CO in the bundle /usr/lib64/librocsolver.so.0.4 for ISA: amdgcn-amd-amdhsa--gfx90c:xnack+
:3:hip_platform.cpp         :740 : 251411434247 us:  init: Returned hipErrorNoBinaryForGpu : continue parsing remaining modules
:3:hip_code_object.cpp      :964 : 251411435194 us:  amd::Comgr::get_data() return 0 size for agent_triple_target_ids[0]=amdgcn-amd-amdhsa--gfx90c:xnack+
:3:hip_code_object.cpp      :964 : 251411435208 us:  amd::Comgr::get_data() return 0 size for agent_triple_target_ids[0]=amdgcn-amd-amdhsa--gfx90c:xnack+
:3:hip_code_object.cpp      :964 : 251411435214 us:  amd::Comgr::get_data() return 0 size for agent_triple_target_ids[0]=amdgcn-amd-amdhsa--gfx90c:xnack+
:1:hip_fatbin.cpp           :780 : 251411435219 us:  Cannot find CO in the bundle /usr/lib64/librocsolver.so.0.4 for ISA: amdgcn-amd-amdhsa--gfx90c:xnack+
:3:hip_platform.cpp         :740 : 251411435235 us:  init: Returned hipErrorNoBinaryForGpu : continue parsing remaining modules
:3:hip_code_object.cpp      :964 : 251411570645 us:  amd::Comgr::get_data() return 0 size for agent_triple_target_ids[0]=amdgcn-amd-amdhsa--gfx90c:xnack+
:3:hip_code_object.cpp      :964 : 251411570679 us:  amd::Comgr::get_data() return 0 size for agent_triple_target_ids[0]=amdgcn-amd-amdhsa--gfx90c:xnack+
:3:hip_code_object.cpp      :964 : 251411570685 us:  amd::Comgr::get_data() return 0 size for agent_triple_target_ids[0]=amdgcn-amd-amdhsa--gfx90c:xnack+
:1:hip_fatbin.cpp           :780 : 251411570693 us:  Cannot find CO in the bundle /usr/lib64/librocsolver.so.0.4 for ISA: amdgcn-amd-amdhsa--gfx90c:xnack+
:3:hip_platform.cpp         :740 : 251411570704 us:  init: Returned hipErrorNoBinaryForGpu : continue parsing remaining modules
:3:hip_code_object.cpp      :964 : 251411746040 us:  amd::Comgr::get_data() return 0 size for agent_triple_target_ids[0]=amdgcn-amd-amdhsa--gfx90c:xnack+
:3:hip_code_object.cpp      :964 : 251411746069 us:  amd::Comgr::get_data() return 0 size for agent_triple_target_ids[0]=amdgcn-amd-amdhsa--gfx90c:xnack+
:3:hip_code_object.cpp      :964 : 251411746075 us:  amd::Comgr::get_data() return 0 size for agent_triple_target_ids[0]=amdgcn-amd-amdhsa--gfx90c:xnack+
:1:hip_fatbin.cpp           :780 : 251411746082 us:  Cannot find CO in the bundle /usr/lib64/librocsolver.so.0.4 for ISA: amdgcn-amd-amdhsa--gfx90c:xnack+
:3:hip_platform.cpp         :740 : 251411746093 us:  init: Returned hipErrorNoBinaryForGpu : continue parsing remaining modules
:3:hip_code_object.cpp      :964 : 251412039898 us:  amd::Comgr::get_data() return 0 size for agent_triple_target_ids[0]=amdgcn-amd-amdhsa--gfx90c:xnack+
:3:hip_code_object.cpp      :964 : 251412039928 us:  amd::Comgr::get_data() return 0 size for agent_triple_target_ids[0]=amdgcn-amd-amdhsa--gfx90c:xnack+
:3:hip_code_object.cpp      :964 : 251412039934 us:  amd::Comgr::get_data() return 0 size for agent_triple_target_ids[0]=amdgcn-amd-amdhsa--gfx90c:xnack+
:1:hip_fatbin.cpp           :780 : 251412039942 us:  Cannot find CO in the bundle /usr/lib64/librocsolver.so.0.4 for ISA: amdgcn-amd-amdhsa--gfx90c:xnack+
:3:hip_platform.cpp         :740 : 251412039953 us:  init: Returned hipErrorNoBinaryForGpu : continue parsing remaining modules
:3:hip_code_object.cpp      :964 : 251412626291 us:  amd::Comgr::get_data() return 0 size for agent_triple_target_ids[0]=amdgcn-amd-amdhsa--gfx90c:xnack+
:3:hip_code_object.cpp      :964 : 251412626321 us:  amd::Comgr::get_data() return 0 size for agent_triple_target_ids[0]=amdgcn-amd-amdhsa--gfx90c:xnack+
:3:hip_code_object.cpp      :964 : 251412626327 us:  amd::Comgr::get_data() return 0 size for agent_triple_target_ids[0]=amdgcn-amd-amdhsa--gfx90c:xnack+
:1:hip_fatbin.cpp           :780 : 251412633791 us:  Cannot find CO in the bundle /usr/lib64/librocsolver.so.0.4 for ISA: amdgcn-amd-amdhsa--gfx90c:xnack+
:3:hip_platform.cpp         :740 : 251412633818 us:  init: Returned hipErrorNoBinaryForGpu : continue parsing remaining modules
:3:hip_code_object.cpp      :964 : 251412892265 us:  amd::Comgr::get_data() return 0 size for agent_triple_target_ids[0]=amdgcn-amd-amdhsa--gfx90c:xnack+
:3:hip_code_object.cpp      :964 : 251412892297 us:  amd::Comgr::get_data() return 0 size for agent_triple_target_ids[0]=amdgcn-amd-amdhsa--gfx90c:xnack+
:3:hip_code_object.cpp      :964 : 251412892303 us:  amd::Comgr::get_data() return 0 size for agent_triple_target_ids[0]=amdgcn-amd-amdhsa--gfx90c:xnack+
:1:hip_fatbin.cpp           :780 : 251412892309 us:  Cannot find CO in the bundle /usr/lib64/librocsolver.so.0.4 for ISA: amdgcn-amd-amdhsa--gfx90c:xnack+
:3:hip_platform.cpp         :740 : 251412892320 us:  init: Returned hipErrorNoBinaryForGpu : continue parsing remaining modules
:3:hip_code_object.cpp      :964 : 251412895994 us:  amd::Comgr::get_data() return 0 size for agent_triple_target_ids[0]=amdgcn-amd-amdhsa--gfx90c:xnack+
:3:hip_code_object.cpp      :964 : 251412896019 us:  amd::Comgr::get_data() return 0 size for agent_triple_target_ids[0]=amdgcn-amd-amdhsa--gfx90c:xnack+
:3:hip_code_object.cpp      :964 : 251412896032 us:  amd::Comgr::get_data() return 0 size for agent_triple_target_ids[0]=amdgcn-amd-amdhsa--gfx90c:xnack+
:1:hip_fatbin.cpp           :780 : 251412896037 us:  Cannot find CO in the bundle /usr/lib64/librocsolver.so.0.4 for ISA: amdgcn-amd-amdhsa--gfx90c:xnack+
:3:hip_platform.cpp         :740 : 251412896045 us:  init: Returned hipErrorNoBinaryForGpu : continue parsing remaining modules
:3:hip_code_object.cpp      :964 : 251412897376 us:  amd::Comgr::get_data() return 0 size for agent_triple_target_ids[0]=amdgcn-amd-amdhsa--gfx90c:xnack+
:3:hip_code_object.cpp      :964 : 251412897393 us:  amd::Comgr::get_data() return 0 size for agent_triple_target_ids[0]=amdgcn-amd-amdhsa--gfx90c:xnack+
:3:hip_code_object.cpp      :964 : 251412897398 us:  amd::Comgr::get_data() return 0 size for agent_triple_target_ids[0]=amdgcn-amd-amdhsa--gfx90c:xnack+
:1:hip_fatbin.cpp           :780 : 251412897404 us:  Cannot find CO in the bundle /usr/lib64/librocsolver.so.0.4 for ISA: amdgcn-amd-amdhsa--gfx90c:xnack+
:3:hip_platform.cpp         :740 : 251412897411 us:  init: Returned hipErrorNoBinaryForGpu : continue parsing remaining modules
:3:hip_code_object.cpp      :964 : 251412900394 us:  amd::Comgr::get_data() return 0 size for agent_triple_target_ids[0]=amdgcn-amd-amdhsa--gfx90c:xnack+
:3:hip_code_object.cpp      :964 : 251412900412 us:  amd::Comgr::get_data() return 0 size for agent_triple_target_ids[0]=amdgcn-amd-amdhsa--gfx90c:xnack+
:3:hip_code_object.cpp      :964 : 251412900418 us:  amd::Comgr::get_data() return 0 size for agent_triple_target_ids[0]=amdgcn-amd-amdhsa--gfx90c:xnack+
:1:hip_fatbin.cpp           :780 : 251412900423 us:  Cannot find CO in the bundle /usr/lib64/librocsolver.so.0.4 for ISA: amdgcn-amd-amdhsa--gfx90c:xnack+
:3:hip_platform.cpp         :740 : 251412900431 us:  init: Returned hipErrorNoBinaryForGpu : continue parsing remaining modules
:3:hip_code_object.cpp      :964 : 251413667914 us:  amd::Comgr::get_data() return 0 size for agent_triple_target_ids[0]=amdgcn-amd-amdhsa--gfx90c:xnack+
:3:hip_code_object.cpp      :964 : 251413667947 us:  amd::Comgr::get_data() return 0 size for agent_triple_target_ids[0]=amdgcn-amd-amdhsa--gfx90c:xnack+
:3:hip_code_object.cpp      :964 : 251413667953 us:  amd::Comgr::get_data() return 0 size for agent_triple_target_ids[0]=amdgcn-amd-amdhsa--gfx90c:xnack+
:1:hip_fatbin.cpp           :780 : 251413667961 us:  Cannot find CO in the bundle /usr/lib64/librocblas.so.4.4 for ISA: amdgcn-amd-amdhsa--gfx90c:xnack+
:3:hip_platform.cpp         :740 : 251413667972 us:  init: Returned hipErrorNoBinaryForGpu : continue parsing remaining modules
:3:hip_code_object.cpp      :964 : 251413907423 us:  amd::Comgr::get_data() return 0 size for agent_triple_target_ids[0]=amdgcn-amd-amdhsa--gfx90c:xnack+
:3:hip_code_object.cpp      :964 : 251413907453 us:  amd::Comgr::get_data() return 0 size for agent_triple_target_ids[0]=amdgcn-amd-amdhsa--gfx90c:xnack+
:3:hip_code_object.cpp      :964 : 251413907459 us:  amd::Comgr::get_data() return 0 size for agent_triple_target_ids[0]=amdgcn-amd-amdhsa--gfx90c:xnack+
:1:hip_fatbin.cpp           :780 : 251413907466 us:  Cannot find CO in the bundle /usr/lib64/librocsolver.so.0.4 for ISA: amdgcn-amd-amdhsa--gfx90c:xnack+
:3:hip_platform.cpp         :740 : 251413907477 us:  init: Returned hipErrorNoBinaryForGpu : continue parsing remaining modules
:3:hip_code_object.cpp      :964 : 251413908988 us:  amd::Comgr::get_data() return 0 size for agent_triple_target_ids[0]=amdgcn-amd-amdhsa--gfx90c:xnack+
:3:hip_code_object.cpp      :964 : 251413909011 us:  amd::Comgr::get_data() return 0 size for agent_triple_target_ids[0]=amdgcn-amd-amdhsa--gfx90c:xnack+
:3:hip_code_object.cpp      :964 : 251413909016 us:  amd::Comgr::get_data() return 0 size for agent_triple_target_ids[0]=amdgcn-amd-amdhsa--gfx90c:xnack+
:1:hip_fatbin.cpp           :780 : 251413909022 us:  Cannot find CO in the bundle /usr/lib64/librocsolver.so.0.4 for ISA: amdgcn-amd-amdhsa--gfx90c:xnack+
:3:hip_platform.cpp         :740 : 251413909037 us:  init: Returned hipErrorNoBinaryForGpu : continue parsing remaining modules
:3:hip_code_object.cpp      :964 : 251413912412 us:  amd::Comgr::get_data() return 0 size for agent_triple_target_ids[0]=amdgcn-amd-amdhsa--gfx90c:xnack+
:3:hip_code_object.cpp      :964 : 251413912428 us:  amd::Comgr::get_data() return 0 size for agent_triple_target_ids[0]=amdgcn-amd-amdhsa--gfx90c:xnack+
:3:hip_code_object.cpp      :964 : 251413912433 us:  amd::Comgr::get_data() return 0 size for agent_triple_target_ids[0]=amdgcn-amd-amdhsa--gfx90c:xnack+
:1:hip_fatbin.cpp           :780 : 251413912438 us:  Cannot find CO in the bundle /usr/lib64/librocsolver.so.0.4 for ISA: amdgcn-amd-amdhsa--gfx90c:xnack+
:3:hip_platform.cpp         :740 : 251413912445 us:  init: Returned hipErrorNoBinaryForGpu : continue parsing remaining modules
:3:hip_code_object.cpp      :964 : 251415065516 us:  amd::Comgr::get_data() return 0 size for agent_triple_target_ids[0]=amdgcn-amd-amdhsa--gfx90c:xnack+
:3:hip_code_object.cpp      :964 : 251415065551 us:  amd::Comgr::get_data() return 0 size for agent_triple_target_ids[0]=amdgcn-amd-amdhsa--gfx90c:xnack+
:3:hip_code_object.cpp      :964 : 251415065556 us:  amd::Comgr::get_data() return 0 size for agent_triple_target_ids[0]=amdgcn-amd-amdhsa--gfx90c:xnack+
:1:hip_fatbin.cpp           :780 : 251415065565 us:  Cannot find CO in the bundle /usr/lib64/librocblas.so.4.4 for ISA: amdgcn-amd-amdhsa--gfx90c:xnack+
:3:hip_platform.cpp         :740 : 251415065576 us:  init: Returned hipErrorNoBinaryForGpu : continue parsing remaining modules
:3:hip_code_object.cpp      :964 : 251415365352 us:  amd::Comgr::get_data() return 0 size for agent_triple_target_ids[0]=amdgcn-amd-amdhsa--gfx90c:xnack+
:3:hip_code_object.cpp      :964 : 251415365381 us:  amd::Comgr::get_data() return 0 size for agent_triple_target_ids[0]=amdgcn-amd-amdhsa--gfx90c:xnack+
:3:hip_code_object.cpp      :964 : 251415365388 us:  amd::Comgr::get_data() return 0 size for agent_triple_target_ids[0]=amdgcn-amd-amdhsa--gfx90c:xnack+
:1:hip_fatbin.cpp           :780 : 251415365396 us:  Cannot find CO in the bundle /usr/lib64/librocsolver.so.0.4 for ISA: amdgcn-amd-amdhsa--gfx90c:xnack+
:3:hip_platform.cpp         :740 : 251415365407 us:  init: Returned hipErrorNoBinaryForGpu : continue parsing remaining modules
:3:hip_code_object.cpp      :964 : 251415372149 us:  amd::Comgr::get_data() return 0 size for agent_triple_target_ids[0]=amdgcn-amd-amdhsa--gfx90c:xnack+
:3:hip_code_object.cpp      :964 : 251415372186 us:  amd::Comgr::get_data() return 0 size for agent_triple_target_ids[0]=amdgcn-amd-amdhsa--gfx90c:xnack+
:3:hip_code_object.cpp      :964 : 251415372192 us:  amd::Comgr::get_data() return 0 size for agent_triple_target_ids[0]=amdgcn-amd-amdhsa--gfx90c:xnack+
:1:hip_fatbin.cpp           :780 : 251415372199 us:  Cannot find CO in the bundle /usr/lib64/librocblas.so.4.4 for ISA: amdgcn-amd-amdhsa--gfx90c:xnack+
:3:hip_platform.cpp         :740 : 251415372210 us:  init: Returned hipErrorNoBinaryForGpu : continue parsing remaining modules
:3:hip_code_object.cpp      :964 : 251415378996 us:  amd::Comgr::get_data() return 0 size for agent_triple_target_ids[0]=amdgcn-amd-amdhsa--gfx90c:xnack+
:3:hip_code_object.cpp      :964 : 251415379037 us:  amd::Comgr::get_data() return 0 size for agent_triple_target_ids[0]=amdgcn-amd-amdhsa--gfx90c:xnack+
:3:hip_code_object.cpp      :964 : 251415379042 us:  amd::Comgr::get_data() return 0 size for agent_triple_target_ids[0]=amdgcn-amd-amdhsa--gfx90c:xnack+
:1:hip_fatbin.cpp           :780 : 251415379049 us:  Cannot find CO in the bundle /usr/lib64/librocblas.so.4.4 for ISA: amdgcn-amd-amdhsa--gfx90c:xnack+
:3:hip_platform.cpp         :740 : 251415379061 us:  init: Returned hipErrorNoBinaryForGpu : continue parsing remaining modules
:3:hip_code_object.cpp      :964 : 251415380455 us:  amd::Comgr::get_data() return 0 size for agent_triple_target_ids[0]=amdgcn-amd-amdhsa--gfx90c:xnack+
:3:hip_code_object.cpp      :964 : 251415380469 us:  amd::Comgr::get_data() return 0 size for agent_triple_target_ids[0]=amdgcn-amd-amdhsa--gfx90c:xnack+
:3:hip_code_object.cpp      :964 : 251415380482 us:  amd::Comgr::get_data() return 0 size for agent_triple_target_ids[0]=amdgcn-amd-amdhsa--gfx90c:xnack+
:1:hip_fatbin.cpp           :780 : 251415380487 us:  Cannot find CO in the bundle /usr/lib64/librocsolver.so.0.4 for ISA: amdgcn-amd-amdhsa--gfx90c:xnack+
:3:hip_platform.cpp         :740 : 251415380494 us:  init: Returned hipErrorNoBinaryForGpu : continue parsing remaining modules
:3:hip_code_object.cpp      :964 : 251415381461 us:  amd::Comgr::get_data() return 0 size for agent_triple_target_ids[0]=amdgcn-amd-amdhsa--gfx90c:xnack+
:3:hip_code_object.cpp      :964 : 251415381475 us:  amd::Comgr::get_data() return 0 size for agent_triple_target_ids[0]=amdgcn-amd-amdhsa--gfx90c:xnack+
:3:hip_code_object.cpp      :964 : 251415381480 us:  amd::Comgr::get_data() return 0 size for agent_triple_target_ids[0]=amdgcn-amd-amdhsa--gfx90c:xnack+
:1:hip_fatbin.cpp           :780 : 251415381485 us:  Cannot find CO in the bundle /usr/lib64/librocsolver.so.0.4 for ISA: amdgcn-amd-amdhsa--gfx90c:xnack+
:3:hip_platform.cpp         :740 : 251415381491 us:  init: Returned hipErrorNoBinaryForGpu : continue parsing remaining modules
:3:hip_code_object.cpp      :964 : 251415391738 us:  amd::Comgr::get_data() return 0 size for agent_triple_target_ids[0]=amdgcn-amd-amdhsa--gfx90c:xnack+
:3:hip_code_object.cpp      :964 : 251415391767 us:  amd::Comgr::get_data() return 0 size for agent_triple_target_ids[0]=amdgcn-amd-amdhsa--gfx90c:xnack+
:3:hip_code_object.cpp      :964 : 251415391773 us:  amd::Comgr::get_data() return 0 size for agent_triple_target_ids[0]=amdgcn-amd-amdhsa--gfx90c:xnack+
:1:hip_fatbin.cpp           :780 : 251415391780 us:  Cannot find CO in the bundle /usr/lib64/librocblas.so.4.4 for ISA: amdgcn-amd-amdhsa--gfx90c:xnack+
:3:hip_platform.cpp         :740 : 251415391790 us:  init: Returned hipErrorNoBinaryForGpu : continue parsing remaining modules
:3:hip_code_object.cpp      :964 : 251415394066 us:  amd::Comgr::get_data() return 0 size for agent_triple_target_ids[0]=amdgcn-amd-amdhsa--gfx90c:xnack+
:3:hip_code_object.cpp      :964 : 251415394085 us:  amd::Comgr::get_data() return 0 size for agent_triple_target_ids[0]=amdgcn-amd-amdhsa--gfx90c:xnack+
:3:hip_code_object.cpp      :964 : 251415394090 us:  amd::Comgr::get_data() return 0 size for agent_triple_target_ids[0]=amdgcn-amd-amdhsa--gfx90c:xnack+
:1:hip_fatbin.cpp           :780 : 251415394095 us:  Cannot find CO in the bundle /usr/lib64/librocblas.so.4.4 for ISA: amdgcn-amd-amdhsa--gfx90c:xnack+
:3:hip_platform.cpp         :740 : 251415394103 us:  init: Returned hipErrorNoBinaryForGpu : continue parsing remaining modules
:3:hip_code_object.cpp      :964 : 251415396688 us:  amd::Comgr::get_data() return 0 size for agent_triple_target_ids[0]=amdgcn-amd-amdhsa--gfx90c:xnack+
:3:hip_code_object.cpp      :964 : 251415396706 us:  amd::Comgr::get_data() return 0 size for agent_triple_target_ids[0]=amdgcn-amd-amdhsa--gfx90c:xnack+
:3:hip_code_object.cpp      :964 : 251415396711 us:  amd::Comgr::get_data() return 0 size for agent_triple_target_ids[0]=amdgcn-amd-amdhsa--gfx90c:xnack+
:1:hip_fatbin.cpp           :780 : 251415396716 us:  Cannot find CO in the bundle /usr/lib64/librocsolver.so.0.4 for ISA: amdgcn-amd-amdhsa--gfx90c:xnack+
:3:hip_platform.cpp         :740 : 251415396724 us:  init: Returned hipErrorNoBinaryForGpu : continue parsing remaining modules
:3:hip_code_object.cpp      :964 : 251416123355 us:  amd::Comgr::get_data() return 0 size for agent_triple_target_ids[0]=amdgcn-amd-amdhsa--gfx90c:xnack+
:3:hip_code_object.cpp      :964 : 251416123385 us:  amd::Comgr::get_data() return 0 size for agent_triple_target_ids[0]=amdgcn-amd-amdhsa--gfx90c:xnack+
:3:hip_code_object.cpp      :964 : 251416123391 us:  amd::Comgr::get_data() return 0 size for agent_triple_target_ids[0]=amdgcn-amd-amdhsa--gfx90c:xnack+
:1:hip_fatbin.cpp           :780 : 251416132486 us:  Cannot find CO in the bundle /usr/lib64/librocsolver.so.0.4 for ISA: amdgcn-amd-amdhsa--gfx90c:xnack+
:3:hip_platform.cpp         :740 : 251416132522 us:  init: Returned hipErrorNoBinaryForGpu : continue parsing remaining modules
:3:hip_code_object.cpp      :964 : 251416134033 us:  amd::Comgr::get_data() return 0 size for agent_triple_target_ids[0]=amdgcn-amd-amdhsa--gfx90c:xnack+
:3:hip_code_object.cpp      :964 : 251416134054 us:  amd::Comgr::get_data() return 0 size for agent_triple_target_ids[0]=amdgcn-amd-amdhsa--gfx90c:xnack+
:3:hip_code_object.cpp      :964 : 251416134060 us:  amd::Comgr::get_data() return 0 size for agent_triple_target_ids[0]=amdgcn-amd-amdhsa--gfx90c:xnack+
:1:hip_fatbin.cpp           :780 : 251416134066 us:  Cannot find CO in the bundle /usr/lib64/librocsolver.so.0.4 for ISA: amdgcn-amd-amdhsa--gfx90c:xnack+
:3:hip_platform.cpp         :740 : 251416134074 us:  init: Returned hipErrorNoBinaryForGpu : continue parsing remaining modules
:3:hip_code_object.cpp      :964 : 251416135647 us:  amd::Comgr::get_data() return 0 size for agent_triple_target_ids[0]=amdgcn-amd-amdhsa--gfx90c:xnack+
:3:hip_code_object.cpp      :964 : 251416135690 us:  amd::Comgr::get_data() return 0 size for agent_triple_target_ids[0]=amdgcn-amd-amdhsa--gfx90c:xnack+
:3:hip_code_object.cpp      :964 : 251416135696 us:  amd::Comgr::get_data() return 0 size for agent_triple_target_ids[0]=amdgcn-amd-amdhsa--gfx90c:xnack+
:1:hip_fatbin.cpp           :780 : 251416135702 us:  Cannot find CO in the bundle /usr/lib64/librocsolver.so.0.4 for ISA: amdgcn-amd-amdhsa--gfx90c:xnack+
:3:hip_platform.cpp         :740 : 251416135709 us:  init: Returned hipErrorNoBinaryForGpu : continue parsing remaining modules
:3:hip_code_object.cpp      :964 : 251416149653 us:  amd::Comgr::get_data() return 0 size for agent_triple_target_ids[0]=amdgcn-amd-amdhsa--gfx90c:xnack+
:3:hip_code_object.cpp      :964 : 251416149681 us:  amd::Comgr::get_data() return 0 size for agent_triple_target_ids[0]=amdgcn-amd-amdhsa--gfx90c:xnack+
:3:hip_code_object.cpp      :964 : 251416149686 us:  amd::Comgr::get_data() return 0 size for agent_triple_target_ids[0]=amdgcn-amd-amdhsa--gfx90c:xnack+
:1:hip_fatbin.cpp           :780 : 251416149692 us:  Cannot find CO in the bundle /usr/lib64/librocsolver.so.0.4 for ISA: amdgcn-amd-amdhsa--gfx90c:xnack+
:3:hip_platform.cpp         :740 : 251416149703 us:  init: Returned hipErrorNoBinaryForGpu : continue parsing remaining modules
:3:hip_code_object.cpp      :964 : 251416150829 us:  amd::Comgr::get_data() return 0 size for agent_triple_target_ids[0]=amdgcn-amd-amdhsa--gfx90c:xnack+
:3:hip_code_object.cpp      :964 : 251416150842 us:  amd::Comgr::get_data() return 0 size for agent_triple_target_ids[0]=amdgcn-amd-amdhsa--gfx90c:xnack+
:3:hip_code_object.cpp      :964 : 251416150847 us:  amd::Comgr::get_data() return 0 size for agent_triple_target_ids[0]=amdgcn-amd-amdhsa--gfx90c:xnack+
:1:hip_fatbin.cpp           :780 : 251416150852 us:  Cannot find CO in the bundle /usr/lib64/librocsolver.so.0.4 for ISA: amdgcn-amd-amdhsa--gfx90c:xnack+
:3:hip_platform.cpp         :740 : 251416150858 us:  init: Returned hipErrorNoBinaryForGpu : continue parsing remaining modules
:3:hip_code_object.cpp      :964 : 251416152451 us:  amd::Comgr::get_data() return 0 size for agent_triple_target_ids[0]=amdgcn-amd-amdhsa--gfx90c:xnack+
:3:hip_code_object.cpp      :964 : 251416152465 us:  amd::Comgr::get_data() return 0 size for agent_triple_target_ids[0]=amdgcn-amd-amdhsa--gfx90c:xnack+
:3:hip_code_object.cpp      :964 : 251416152470 us:  amd::Comgr::get_data() return 0 size for agent_triple_target_ids[0]=amdgcn-amd-amdhsa--gfx90c:xnack+
:1:hip_fatbin.cpp           :780 : 251416152475 us:  Cannot find CO in the bundle /usr/lib64/librocsolver.so.0.4 for ISA: amdgcn-amd-amdhsa--gfx90c:xnack+
:3:hip_platform.cpp         :740 : 251416152482 us:  init: Returned hipErrorNoBinaryForGpu : continue parsing remaining modules
:3:hip_code_object.cpp      :964 : 251416261680 us:  amd::Comgr::get_data() return 0 size for agent_triple_target_ids[0]=amdgcn-amd-amdhsa--gfx90c:xnack+
:3:hip_code_object.cpp      :964 : 251416261711 us:  amd::Comgr::get_data() return 0 size for agent_triple_target_ids[0]=amdgcn-amd-amdhsa--gfx90c:xnack+
:3:hip_code_object.cpp      :964 : 251416261726 us:  amd::Comgr::get_data() return 0 size for agent_triple_target_ids[0]=amdgcn-amd-amdhsa--gfx90c:xnack+
:1:hip_fatbin.cpp           :780 : 251416261733 us:  Cannot find CO in the bundle /usr/lib64/librocsolver.so.0.4 for ISA: amdgcn-amd-amdhsa--gfx90c:xnack+
:3:hip_platform.cpp         :740 : 251416261744 us:  init: Returned hipErrorNoBinaryForGpu : continue parsing remaining modules
:3:hip_code_object.cpp      :964 : 251416263375 us:  amd::Comgr::get_data() return 0 size for agent_triple_target_ids[0]=amdgcn-amd-amdhsa--gfx90c:xnack+
:3:hip_code_object.cpp      :964 : 251416263394 us:  amd::Comgr::get_data() return 0 size for agent_triple_target_ids[0]=amdgcn-amd-amdhsa--gfx90c:xnack+
:3:hip_code_object.cpp      :964 : 251416263400 us:  amd::Comgr::get_data() return 0 size for agent_triple_target_ids[0]=amdgcn-amd-amdhsa--gfx90c:xnack+
:1:hip_fatbin.cpp           :780 : 251416263405 us:  Cannot find CO in the bundle /usr/lib64/librocsolver.so.0.4 for ISA: amdgcn-amd-amdhsa--gfx90c:xnack+
:3:hip_platform.cpp         :740 : 251416263413 us:  init: Returned hipErrorNoBinaryForGpu : continue parsing remaining modules
:3:hip_code_object.cpp      :964 : 251416264508 us:  amd::Comgr::get_data() return 0 size for agent_triple_target_ids[0]=amdgcn-amd-amdhsa--gfx90c:xnack+
:3:hip_code_object.cpp      :964 : 251416264524 us:  amd::Comgr::get_data() return 0 size for agent_triple_target_ids[0]=amdgcn-amd-amdhsa--gfx90c:xnack+
:3:hip_code_object.cpp      :964 : 251416264529 us:  amd::Comgr::get_data() return 0 size for agent_triple_target_ids[0]=amdgcn-amd-amdhsa--gfx90c:xnack+
:1:hip_fatbin.cpp           :780 : 251416264535 us:  Cannot find CO in the bundle /usr/lib64/librocsolver.so.0.4 for ISA: amdgcn-amd-amdhsa--gfx90c:xnack+
:3:hip_platform.cpp         :740 : 251416264542 us:  init: Returned hipErrorNoBinaryForGpu : continue parsing remaining modules
:3:hip_code_object.cpp      :964 : 251416265989 us:  amd::Comgr::get_data() return 0 size for agent_triple_target_ids[0]=amdgcn-amd-amdhsa--gfx90c:xnack+
:3:hip_code_object.cpp      :964 : 251416266009 us:  amd::Comgr::get_data() return 0 size for agent_triple_target_ids[0]=amdgcn-amd-amdhsa--gfx90c:xnack+
:3:hip_code_object.cpp      :964 : 251416266014 us:  amd::Comgr::get_data() return 0 size for agent_triple_target_ids[0]=amdgcn-amd-amdhsa--gfx90c:xnack+
:1:hip_fatbin.cpp           :780 : 251416266020 us:  Cannot find CO in the bundle /usr/lib64/librocblas.so.4.4 for ISA: amdgcn-amd-amdhsa--gfx90c:xnack+
:3:hip_platform.cpp         :740 : 251416266026 us:  init: Returned hipErrorNoBinaryForGpu : continue parsing remaining modules
:3:hip_code_object.cpp      :964 : 251417260512 us:  amd::Comgr::get_data() return 0 size for agent_triple_target_ids[0]=amdgcn-amd-amdhsa--gfx90c:xnack+
:3:hip_code_object.cpp      :964 : 251417260543 us:  amd::Comgr::get_data() return 0 size for agent_triple_target_ids[0]=amdgcn-amd-amdhsa--gfx90c:xnack+
:3:hip_code_object.cpp      :964 : 251417260549 us:  amd::Comgr::get_data() return 0 size for agent_triple_target_ids[0]=amdgcn-amd-amdhsa--gfx90c:xnack+
:1:hip_fatbin.cpp           :780 : 251417272870 us:  Cannot find CO in the bundle /usr/lib64/librocsolver.so.0.4 for ISA: amdgcn-amd-amdhsa--gfx90c:xnack+
:3:hip_platform.cpp         :740 : 251417272899 us:  init: Returned hipErrorNoBinaryForGpu : continue parsing remaining modules
:3:hip_code_object.cpp      :964 : 251417274163 us:  amd::Comgr::get_data() return 0 size for agent_triple_target_ids[0]=amdgcn-amd-amdhsa--gfx90c:xnack+
:3:hip_code_object.cpp      :964 : 251417274182 us:  amd::Comgr::get_data() return 0 size for agent_triple_target_ids[0]=amdgcn-amd-amdhsa--gfx90c:xnack+
:3:hip_code_object.cpp      :964 : 251417274187 us:  amd::Comgr::get_data() return 0 size for agent_triple_target_ids[0]=amdgcn-amd-amdhsa--gfx90c:xnack+
:1:hip_fatbin.cpp           :780 : 251417274193 us:  Cannot find CO in the bundle /usr/lib64/librocsolver.so.0.4 for ISA: amdgcn-amd-amdhsa--gfx90c:xnack+
:3:hip_platform.cpp         :740 : 251417274209 us:  init: Returned hipErrorNoBinaryForGpu : continue parsing remaining modules
:3:hip_code_object.cpp      :964 : 251417276280 us:  amd::Comgr::get_data() return 0 size for agent_triple_target_ids[0]=amdgcn-amd-amdhsa--gfx90c:xnack+
:3:hip_code_object.cpp      :964 : 251417276299 us:  amd::Comgr::get_data() return 0 size for agent_triple_target_ids[0]=amdgcn-amd-amdhsa--gfx90c:xnack+
:3:hip_code_object.cpp      :964 : 251417276304 us:  amd::Comgr::get_data() return 0 size for agent_triple_target_ids[0]=amdgcn-amd-amdhsa--gfx90c:xnack+
:1:hip_fatbin.cpp           :780 : 251417276310 us:  Cannot find CO in the bundle /usr/lib64/librocsolver.so.0.4 for ISA: amdgcn-amd-amdhsa--gfx90c:xnack+
:3:hip_platform.cpp         :740 : 251417276318 us:  init: Returned hipErrorNoBinaryForGpu : continue parsing remaining modules
:3:hip_code_object.cpp      :964 : 251417278388 us:  amd::Comgr::get_data() return 0 size for agent_triple_target_ids[0]=amdgcn-amd-amdhsa--gfx90c:xnack+
:3:hip_code_object.cpp      :964 : 251417278404 us:  amd::Comgr::get_data() return 0 size for agent_triple_target_ids[0]=amdgcn-amd-amdhsa--gfx90c:xnack+
:3:hip_code_object.cpp      :964 : 251417278409 us:  amd::Comgr::get_data() return 0 size for agent_triple_target_ids[0]=amdgcn-amd-amdhsa--gfx90c:xnack+
:1:hip_fatbin.cpp           :780 : 251417278415 us:  Cannot find CO in the bundle /usr/lib64/librocsolver.so.0.4 for ISA: amdgcn-amd-amdhsa--gfx90c:xnack+
:3:hip_platform.cpp         :740 : 251417278422 us:  init: Returned hipErrorNoBinaryForGpu : continue parsing remaining modules
:3:hip_code_object.cpp      :964 : 251417279477 us:  amd::Comgr::get_data() return 0 size for agent_triple_target_ids[0]=amdgcn-amd-amdhsa--gfx90c:xnack+
:3:hip_code_object.cpp      :964 : 251417279492 us:  amd::Comgr::get_data() return 0 size for agent_triple_target_ids[0]=amdgcn-amd-amdhsa--gfx90c:xnack+
:3:hip_code_object.cpp      :964 : 251417279497 us:  amd::Comgr::get_data() return 0 size for agent_triple_target_ids[0]=amdgcn-amd-amdhsa--gfx90c:xnack+
:1:hip_fatbin.cpp           :780 : 251417279502 us:  Cannot find CO in the bundle /usr/lib64/librocsolver.so.0.4 for ISA: amdgcn-amd-amdhsa--gfx90c:xnack+
:3:hip_platform.cpp         :740 : 251417279509 us:  init: Returned hipErrorNoBinaryForGpu : continue parsing remaining modules
:3:hip_code_object.cpp      :964 : 251417280932 us:  amd::Comgr::get_data() return 0 size for agent_triple_target_ids[0]=amdgcn-amd-amdhsa--gfx90c:xnack+
:3:hip_code_object.cpp      :964 : 251417280949 us:  amd::Comgr::get_data() return 0 size for agent_triple_target_ids[0]=amdgcn-amd-amdhsa--gfx90c:xnack+
:3:hip_code_object.cpp      :964 : 251417280954 us:  amd::Comgr::get_data() return 0 size for agent_triple_target_ids[0]=amdgcn-amd-amdhsa--gfx90c:xnack+
:1:hip_fatbin.cpp           :780 : 251417280959 us:  Cannot find CO in the bundle /usr/lib64/librocsolver.so.0.4 for ISA: amdgcn-amd-amdhsa--gfx90c:xnack+
:3:hip_platform.cpp         :740 : 251417280966 us:  init: Returned hipErrorNoBinaryForGpu : continue parsing remaining modules
:3:hip_code_object.cpp      :964 : 251417284793 us:  amd::Comgr::get_data() return 0 size for agent_triple_target_ids[0]=amdgcn-amd-amdhsa--gfx90c:xnack+
:3:hip_code_object.cpp      :964 : 251417284815 us:  amd::Comgr::get_data() return 0 size for agent_triple_target_ids[0]=amdgcn-amd-amdhsa--gfx90c:xnack+
:3:hip_code_object.cpp      :964 : 251417284820 us:  amd::Comgr::get_data() return 0 size for agent_triple_target_ids[0]=amdgcn-amd-amdhsa--gfx90c:xnack+
:1:hip_fatbin.cpp           :780 : 251417284826 us:  Cannot find CO in the bundle /usr/lib64/librocblas.so.4.4 for ISA: amdgcn-amd-amdhsa--gfx90c:xnack+
:3:hip_platform.cpp         :740 : 251417284835 us:  init: Returned hipErrorNoBinaryForGpu : continue parsing remaining modules
:3:hip_code_object.cpp      :964 : 251417286305 us:  amd::Comgr::get_data() return 0 size for agent_triple_target_ids[0]=amdgcn-amd-amdhsa--gfx90c:xnack+
:3:hip_code_object.cpp      :964 : 251417286322 us:  amd::Comgr::get_data() return 0 size for agent_triple_target_ids[0]=amdgcn-amd-amdhsa--gfx90c:xnack+
:3:hip_code_object.cpp      :964 : 251417286336 us:  amd::Comgr::get_data() return 0 size for agent_triple_target_ids[0]=amdgcn-amd-amdhsa--gfx90c:xnack+
:1:hip_fatbin.cpp           :780 : 251417286342 us:  Cannot find CO in the bundle /usr/lib64/librocsolver.so.0.4 for ISA: amdgcn-amd-amdhsa--gfx90c:xnack+
:3:hip_platform.cpp         :740 : 251417286349 us:  init: Returned hipErrorNoBinaryForGpu : continue parsing remaining modules
:3:hip_code_object.cpp      :964 : 251417289083 us:  amd::Comgr::get_data() return 0 size for agent_triple_target_ids[0]=amdgcn-amd-amdhsa--gfx90c:xnack+
:3:hip_code_object.cpp      :964 : 251417289100 us:  amd::Comgr::get_data() return 0 size for agent_triple_target_ids[0]=amdgcn-amd-amdhsa--gfx90c:xnack+
:3:hip_code_object.cpp      :964 : 251417289106 us:  amd::Comgr::get_data() return 0 size for agent_triple_target_ids[0]=amdgcn-amd-amdhsa--gfx90c:xnack+
:1:hip_fatbin.cpp           :780 : 251417289112 us:  Cannot find CO in the bundle /usr/lib64/librocblas.so.4.4 for ISA: amdgcn-amd-amdhsa--gfx90c:xnack+
:3:hip_platform.cpp         :740 : 251417289119 us:  init: Returned hipErrorNoBinaryForGpu : continue parsing remaining modules
:3:hip_code_object.cpp      :964 : 251417290125 us:  amd::Comgr::get_data() return 0 size for agent_triple_target_ids[0]=amdgcn-amd-amdhsa--gfx90c:xnack+
:3:hip_code_object.cpp      :964 : 251417290140 us:  amd::Comgr::get_data() return 0 size for agent_triple_target_ids[0]=amdgcn-amd-amdhsa--gfx90c:xnack+
:3:hip_code_object.cpp      :964 : 251417290145 us:  amd::Comgr::get_data() return 0 size for agent_triple_target_ids[0]=amdgcn-amd-amdhsa--gfx90c:xnack+
:1:hip_fatbin.cpp           :780 : 251417290150 us:  Cannot find CO in the bundle /usr/lib64/librocsolver.so.0.4 for ISA: amdgcn-amd-amdhsa--gfx90c:xnack+
:3:hip_platform.cpp         :740 : 251417290157 us:  init: Returned hipErrorNoBinaryForGpu : continue parsing remaining modules
:3:hip_code_object.cpp      :964 : 251417298642 us:  amd::Comgr::get_data() return 0 size for agent_triple_target_ids[0]=amdgcn-amd-amdhsa--gfx90c:xnack+
:3:hip_code_object.cpp      :964 : 251417298667 us:  amd::Comgr::get_data() return 0 size for agent_triple_target_ids[0]=amdgcn-amd-amdhsa--gfx90c:xnack+
:3:hip_code_object.cpp      :964 : 251417298673 us:  amd::Comgr::get_data() return 0 size for agent_triple_target_ids[0]=amdgcn-amd-amdhsa--gfx90c:xnack+
:1:hip_fatbin.cpp           :780 : 251417298679 us:  Cannot find CO in the bundle /usr/lib64/librocsolver.so.0.4 for ISA: amdgcn-amd-amdhsa--gfx90c:xnack+
:3:hip_platform.cpp         :740 : 251417298689 us:  init: Returned hipErrorNoBinaryForGpu : continue parsing remaining modules
:3:hip_code_object.cpp      :964 : 251417300038 us:  amd::Comgr::get_data() return 0 size for agent_triple_target_ids[0]=amdgcn-amd-amdhsa--gfx90c:xnack+
:3:hip_code_object.cpp      :964 : 251417300054 us:  amd::Comgr::get_data() return 0 size for agent_triple_target_ids[0]=amdgcn-amd-amdhsa--gfx90c:xnack+
:3:hip_code_object.cpp      :964 : 251417300059 us:  amd::Comgr::get_data() return 0 size for agent_triple_target_ids[0]=amdgcn-amd-amdhsa--gfx90c:xnack+
:1:hip_fatbin.cpp           :780 : 251417300064 us:  Cannot find CO in the bundle /usr/lib64/librocsolver.so.0.4 for ISA: amdgcn-amd-amdhsa--gfx90c:xnack+
:3:hip_platform.cpp         :740 : 251417300071 us:  init: Returned hipErrorNoBinaryForGpu : continue parsing remaining modules
:3:hip_code_object.cpp      :964 : 251417301519 us:  amd::Comgr::get_data() return 0 size for agent_triple_target_ids[0]=amdgcn-amd-amdhsa--gfx90c:xnack+
:3:hip_code_object.cpp      :964 : 251417301534 us:  amd::Comgr::get_data() return 0 size for agent_triple_target_ids[0]=amdgcn-amd-amdhsa--gfx90c:xnack+
:3:hip_code_object.cpp      :964 : 251417301540 us:  amd::Comgr::get_data() return 0 size for agent_triple_target_ids[0]=amdgcn-amd-amdhsa--gfx90c:xnack+
:1:hip_fatbin.cpp           :780 : 251417301545 us:  Cannot find CO in the bundle /usr/lib64/librocblas.so.4.4 for ISA: amdgcn-amd-amdhsa--gfx90c:xnack+
:3:hip_platform.cpp         :740 : 251417301560 us:  init: Returned hipErrorNoBinaryForGpu : continue parsing remaining modules
:3:hip_code_object.cpp      :964 : 251417311540 us:  amd::Comgr::get_data() return 0 size for agent_triple_target_ids[0]=amdgcn-amd-amdhsa--gfx90c:xnack+
:3:hip_code_object.cpp      :964 : 251417311569 us:  amd::Comgr::get_data() return 0 size for agent_triple_target_ids[0]=amdgcn-amd-amdhsa--gfx90c:xnack+
:3:hip_code_object.cpp      :964 : 251417311574 us:  amd::Comgr::get_data() return 0 size for agent_triple_target_ids[0]=amdgcn-amd-amdhsa--gfx90c:xnack+
:1:hip_fatbin.cpp           :780 : 251417311582 us:  Cannot find CO in the bundle /usr/lib64/librocsolver.so.0.4 for ISA: amdgcn-amd-amdhsa--gfx90c:xnack+
:3:hip_platform.cpp         :740 : 251417311593 us:  init: Returned hipErrorNoBinaryForGpu : continue parsing remaining modules
:3:hip_code_object.cpp      :964 : 251417312698 us:  amd::Comgr::get_data() return 0 size for agent_triple_target_ids[0]=amdgcn-amd-amdhsa--gfx90c:xnack+
:3:hip_code_object.cpp      :964 : 251417312710 us:  amd::Comgr::get_data() return 0 size for agent_triple_target_ids[0]=amdgcn-amd-amdhsa--gfx90c:xnack+
:3:hip_code_object.cpp      :964 : 251417312716 us:  amd::Comgr::get_data() return 0 size for agent_triple_target_ids[0]=amdgcn-amd-amdhsa--gfx90c:xnack+
:1:hip_fatbin.cpp           :780 : 251417312721 us:  Cannot find CO in the bundle /usr/lib64/librocblas.so.4.4 for ISA: amdgcn-amd-amdhsa--gfx90c:xnack+
:3:hip_platform.cpp         :740 : 251417312727 us:  init: Returned hipErrorNoBinaryForGpu : continue parsing remaining modules
:3:hip_code_object.cpp      :964 : 251417317313 us:  amd::Comgr::get_data() return 0 size for agent_triple_target_ids[0]=amdgcn-amd-amdhsa--gfx90c:xnack+
:3:hip_code_object.cpp      :964 : 251417317346 us:  amd::Comgr::get_data() return 0 size for agent_triple_target_ids[0]=amdgcn-amd-amdhsa--gfx90c:xnack+
:3:hip_code_object.cpp      :964 : 251417317351 us:  amd::Comgr::get_data() return 0 size for agent_triple_target_ids[0]=amdgcn-amd-amdhsa--gfx90c:xnack+
:1:hip_fatbin.cpp           :780 : 251417317359 us:  Cannot find CO in the bundle /usr/lib64/librocblas.so.4.4 for ISA: amdgcn-amd-amdhsa--gfx90c:xnack+
:3:hip_platform.cpp         :740 : 251417317370 us:  init: Returned hipErrorNoBinaryForGpu : continue parsing remaining modules
:3:hip_code_object.cpp      :964 : 251417318830 us:  amd::Comgr::get_data() return 0 size for agent_triple_target_ids[0]=amdgcn-amd-amdhsa--gfx90c:xnack+
:3:hip_code_object.cpp      :964 : 251417318846 us:  amd::Comgr::get_data() return 0 size for agent_triple_target_ids[0]=amdgcn-amd-amdhsa--gfx90c:xnack+
:3:hip_code_object.cpp      :964 : 251417318851 us:  amd::Comgr::get_data() return 0 size for agent_triple_target_ids[0]=amdgcn-amd-amdhsa--gfx90c:xnack+
:1:hip_fatbin.cpp           :780 : 251417318857 us:  Cannot find CO in the bundle /usr/lib64/librocblas.so.4.4 for ISA: amdgcn-amd-amdhsa--gfx90c:xnack+
:3:hip_platform.cpp         :740 : 251417318864 us:  init: Returned hipErrorNoBinaryForGpu : continue parsing remaining modules
:3:hip_code_object.cpp      :964 : 251417322332 us:  amd::Comgr::get_data() return 0 size for agent_triple_target_ids[0]=amdgcn-amd-amdhsa--gfx90c:xnack+
:3:hip_code_object.cpp      :964 : 251417322357 us:  amd::Comgr::get_data() return 0 size for agent_triple_target_ids[0]=amdgcn-amd-amdhsa--gfx90c:xnack+
:3:hip_code_object.cpp      :964 : 251417322362 us:  amd::Comgr::get_data() return 0 size for agent_triple_target_ids[0]=amdgcn-amd-amdhsa--gfx90c:xnack+
:1:hip_fatbin.cpp           :780 : 251417322369 us:  Cannot find CO in the bundle /usr/lib64/librocsolver.so.0.4 for ISA: amdgcn-amd-amdhsa--gfx90c:xnack+
:3:hip_platform.cpp         :740 : 251417322379 us:  init: Returned hipErrorNoBinaryForGpu : continue parsing remaining modules
:3:hip_code_object.cpp      :964 : 251417323947 us:  amd::Comgr::get_data() return 0 size for agent_triple_target_ids[0]=amdgcn-amd-amdhsa--gfx90c:xnack+
:3:hip_code_object.cpp      :964 : 251417323964 us:  amd::Comgr::get_data() return 0 size for agent_triple_target_ids[0]=amdgcn-amd-amdhsa--gfx90c:xnack+
:3:hip_code_object.cpp      :964 : 251417323979 us:  amd::Comgr::get_data() return 0 size for agent_triple_target_ids[0]=amdgcn-amd-amdhsa--gfx90c:xnack+
:1:hip_fatbin.cpp           :780 : 251417323984 us:  Cannot find CO in the bundle /usr/lib64/librocsolver.so.0.4 for ISA: amdgcn-amd-amdhsa--gfx90c:xnack+
:3:hip_platform.cpp         :740 : 251417323991 us:  init: Returned hipErrorNoBinaryForGpu : continue parsing remaining modules
:3:hip_code_object.cpp      :964 : 251417765057 us:  amd::Comgr::get_data() return 0 size for agent_triple_target_ids[0]=amdgcn-amd-amdhsa--gfx90c:xnack+
:3:hip_code_object.cpp      :964 : 251417765089 us:  amd::Comgr::get_data() return 0 size for agent_triple_target_ids[0]=amdgcn-amd-amdhsa--gfx90c:xnack+
:3:hip_code_object.cpp      :964 : 251417765094 us:  amd::Comgr::get_data() return 0 size for agent_triple_target_ids[0]=amdgcn-amd-amdhsa--gfx90c:xnack+
:1:hip_fatbin.cpp           :780 : 251417765102 us:  Cannot find CO in the bundle /usr/lib64/librocblas.so.4.4 for ISA: amdgcn-amd-amdhsa--gfx90c:xnack+
:3:hip_platform.cpp         :740 : 251417765113 us:  init: Returned hipErrorNoBinaryForGpu : continue parsing remaining modules
:3:hip_code_object.cpp      :964 : 251417766615 us:  amd::Comgr::get_data() return 0 size for agent_triple_target_ids[0]=amdgcn-amd-amdhsa--gfx90c:xnack+
:3:hip_code_object.cpp      :964 : 251417766633 us:  amd::Comgr::get_data() return 0 size for agent_triple_target_ids[0]=amdgcn-amd-amdhsa--gfx90c:xnack+
:3:hip_code_object.cpp      :964 : 251417766638 us:  amd::Comgr::get_data() return 0 size for agent_triple_target_ids[0]=amdgcn-amd-amdhsa--gfx90c:xnack+
:1:hip_fatbin.cpp           :780 : 251417766644 us:  Cannot find CO in the bundle /usr/lib64/librocsolver.so.0.4 for ISA: amdgcn-amd-amdhsa--gfx90c:xnack+
:3:hip_platform.cpp         :740 : 251417766651 us:  init: Returned hipErrorNoBinaryForGpu : continue parsing remaining modules
:3:hip_code_object.cpp      :964 : 251417768374 us:  amd::Comgr::get_data() return 0 size for agent_triple_target_ids[0]=amdgcn-amd-amdhsa--gfx90c:xnack+
:3:hip_code_object.cpp      :964 : 251417768390 us:  amd::Comgr::get_data() return 0 size for agent_triple_target_ids[0]=amdgcn-amd-amdhsa--gfx90c:xnack+
:3:hip_code_object.cpp      :964 : 251417768395 us:  amd::Comgr::get_data() return 0 size for agent_triple_target_ids[0]=amdgcn-amd-amdhsa--gfx90c:xnack+
:1:hip_fatbin.cpp           :780 : 251417768401 us:  Cannot find CO in the bundle /usr/lib64/librocsolver.so.0.4 for ISA: amdgcn-amd-amdhsa--gfx90c:xnack+
:3:hip_platform.cpp         :740 : 251417768409 us:  init: Returned hipErrorNoBinaryForGpu : continue parsing remaining modules
:3:hip_code_object.cpp      :964 : 251417769745 us:  amd::Comgr::get_data() return 0 size for agent_triple_target_ids[0]=amdgcn-amd-amdhsa--gfx90c:xnack+
:3:hip_code_object.cpp      :964 : 251417769758 us:  amd::Comgr::get_data() return 0 size for agent_triple_target_ids[0]=amdgcn-amd-amdhsa--gfx90c:xnack+
:3:hip_code_object.cpp      :964 : 251417769764 us:  amd::Comgr::get_data() return 0 size for agent_triple_target_ids[0]=amdgcn-amd-amdhsa--gfx90c:xnack+
:1:hip_fatbin.cpp           :780 : 251417769769 us:  Cannot find CO in the bundle /usr/lib64/librocsolver.so.0.4 for ISA: amdgcn-amd-amdhsa--gfx90c:xnack+
:3:hip_platform.cpp         :740 : 251417769775 us:  init: Returned hipErrorNoBinaryForGpu : continue parsing remaining modules
:3:hip_code_object.cpp      :964 : 251417774251 us:  amd::Comgr::get_data() return 0 size for agent_triple_target_ids[0]=amdgcn-amd-amdhsa--gfx90c:xnack+
:3:hip_code_object.cpp      :964 : 251417774282 us:  amd::Comgr::get_data() return 0 size for agent_triple_target_ids[0]=amdgcn-amd-amdhsa--gfx90c:xnack+
:3:hip_code_object.cpp      :964 : 251417774287 us:  amd::Comgr::get_data() return 0 size for agent_triple_target_ids[0]=amdgcn-amd-amdhsa--gfx90c:xnack+
:1:hip_fatbin.cpp           :780 : 251417774294 us:  Cannot find CO in the bundle /usr/lib64/librocblas.so.4.4 for ISA: amdgcn-amd-amdhsa--gfx90c:xnack+
:3:hip_platform.cpp         :740 : 251417774317 us:  init: Returned hipErrorNoBinaryForGpu : continue parsing remaining modules
:3:hip_code_object.cpp      :964 : 251417776178 us:  amd::Comgr::get_data() return 0 size for agent_triple_target_ids[0]=amdgcn-amd-amdhsa--gfx90c:xnack+
:3:hip_code_object.cpp      :964 : 251417776192 us:  amd::Comgr::get_data() return 0 size for agent_triple_target_ids[0]=amdgcn-amd-amdhsa--gfx90c:xnack+
:3:hip_code_object.cpp      :964 : 251417776198 us:  amd::Comgr::get_data() return 0 size for agent_triple_target_ids[0]=amdgcn-amd-amdhsa--gfx90c:xnack+
:1:hip_fatbin.cpp           :780 : 251417776203 us:  Cannot find CO in the bundle /usr/lib64/librocsolver.so.0.4 for ISA: amdgcn-amd-amdhsa--gfx90c:xnack+
:3:hip_platform.cpp         :740 : 251417776210 us:  init: Returned hipErrorNoBinaryForGpu : continue parsing remaining modules
:3:hip_code_object.cpp      :964 : 251417777723 us:  amd::Comgr::get_data() return 0 size for agent_triple_target_ids[0]=amdgcn-amd-amdhsa--gfx90c:xnack+
:3:hip_code_object.cpp      :964 : 251417777737 us:  amd::Comgr::get_data() return 0 size for agent_triple_target_ids[0]=amdgcn-amd-amdhsa--gfx90c:xnack+
:3:hip_code_object.cpp      :964 : 251417777742 us:  amd::Comgr::get_data() return 0 size for agent_triple_target_ids[0]=amdgcn-amd-amdhsa--gfx90c:xnack+
:1:hip_fatbin.cpp           :780 : 251417777747 us:  Cannot find CO in the bundle /usr/lib64/librocblas.so.4.4 for ISA: amdgcn-amd-amdhsa--gfx90c:xnack+
:3:hip_platform.cpp         :740 : 251417777754 us:  init: Returned hipErrorNoBinaryForGpu : continue parsing remaining modules
:3:hip_code_object.cpp      :964 : 251417778958 us:  amd::Comgr::get_data() return 0 size for agent_triple_target_ids[0]=amdgcn-amd-amdhsa--gfx90c:xnack+
:3:hip_code_object.cpp      :964 : 251417778971 us:  amd::Comgr::get_data() return 0 size for agent_triple_target_ids[0]=amdgcn-amd-amdhsa--gfx90c:xnack+
:3:hip_code_object.cpp      :964 : 251417778976 us:  amd::Comgr::get_data() return 0 size for agent_triple_target_ids[0]=amdgcn-amd-amdhsa--gfx90c:xnack+
:1:hip_fatbin.cpp           :780 : 251417778982 us:  Cannot find CO in the bundle /usr/lib64/librocsolver.so.0.4 for ISA: amdgcn-amd-amdhsa--gfx90c:xnack+
:3:hip_platform.cpp         :740 : 251417778988 us:  init: Returned hipErrorNoBinaryForGpu : continue parsing remaining modules
:3:hip_code_object.cpp      :964 : 251417779961 us:  amd::Comgr::get_data() return 0 size for agent_triple_target_ids[0]=amdgcn-amd-amdhsa--gfx90c:xnack+
:3:hip_code_object.cpp      :964 : 251417779973 us:  amd::Comgr::get_data() return 0 size for agent_triple_target_ids[0]=amdgcn-amd-amdhsa--gfx90c:xnack+
:3:hip_code_object.cpp      :964 : 251417779978 us:  amd::Comgr::get_data() return 0 size for agent_triple_target_ids[0]=amdgcn-amd-amdhsa--gfx90c:xnack+
:1:hip_fatbin.cpp           :780 : 251417779984 us:  Cannot find CO in the bundle /usr/lib64/librocsolver.so.0.4 for ISA: amdgcn-amd-amdhsa--gfx90c:xnack+
:3:hip_platform.cpp         :740 : 251417779989 us:  init: Returned hipErrorNoBinaryForGpu : continue parsing remaining modules
:3:hip_code_object.cpp      :964 : 251417781062 us:  amd::Comgr::get_data() return 0 size for agent_triple_target_ids[0]=amdgcn-amd-amdhsa--gfx90c:xnack+
:3:hip_code_object.cpp      :964 : 251417781075 us:  amd::Comgr::get_data() return 0 size for agent_triple_target_ids[0]=amdgcn-amd-amdhsa--gfx90c:xnack+
:3:hip_code_object.cpp      :964 : 251417781080 us:  amd::Comgr::get_data() return 0 size for agent_triple_target_ids[0]=amdgcn-amd-amdhsa--gfx90c:xnack+
:1:hip_fatbin.cpp           :780 : 251417781085 us:  Cannot find CO in the bundle /usr/lib64/librocsolver.so.0.4 for ISA: amdgcn-amd-amdhsa--gfx90c:xnack+
:3:hip_platform.cpp         :740 : 251417781091 us:  init: Returned hipErrorNoBinaryForGpu : continue parsing remaining modules
:3:hip_code_object.cpp      :964 : 251417947807 us:  amd::Comgr::get_data() return 0 size for agent_triple_target_ids[0]=amdgcn-amd-amdhsa--gfx90c:xnack+
:3:hip_code_object.cpp      :964 : 251417947836 us:  amd::Comgr::get_data() return 0 size for agent_triple_target_ids[0]=amdgcn-amd-amdhsa--gfx90c:xnack+
:3:hip_code_object.cpp      :964 : 251417947852 us:  amd::Comgr::get_data() return 0 size for agent_triple_target_ids[0]=amdgcn-amd-amdhsa--gfx90c:xnack+
:1:hip_fatbin.cpp           :780 : 251417947859 us:  Cannot find CO in the bundle /usr/lib64/librocblas.so.4.4 for ISA: amdgcn-amd-amdhsa--gfx90c:xnack+
:3:hip_platform.cpp         :740 : 251417947870 us:  init: Returned hipErrorNoBinaryForGpu : continue parsing remaining modules
:3:hip_code_object.cpp      :964 : 251418053775 us:  amd::Comgr::get_data() return 0 size for agent_triple_target_ids[0]=amdgcn-amd-amdhsa--gfx90c:xnack+
:3:hip_code_object.cpp      :964 : 251418053807 us:  amd::Comgr::get_data() return 0 size for agent_triple_target_ids[0]=amdgcn-amd-amdhsa--gfx90c:xnack+
:3:hip_code_object.cpp      :964 : 251418053812 us:  amd::Comgr::get_data() return 0 size for agent_triple_target_ids[0]=amdgcn-amd-amdhsa--gfx90c:xnack+
:1:hip_fatbin.cpp           :780 : 251418053819 us:  Cannot find CO in the bundle /usr/lib64/librocblas.so.4.4 for ISA: amdgcn-amd-amdhsa--gfx90c:xnack+
:3:hip_platform.cpp         :740 : 251418053830 us:  init: Returned hipErrorNoBinaryForGpu : continue parsing remaining modules
:3:hip_code_object.cpp      :964 : 251418056657 us:  amd::Comgr::get_data() return 0 size for agent_triple_target_ids[0]=amdgcn-amd-amdhsa--gfx90c:xnack+
:3:hip_code_object.cpp      :964 : 251418056681 us:  amd::Comgr::get_data() return 0 size for agent_triple_target_ids[0]=amdgcn-amd-amdhsa--gfx90c:xnack+
:3:hip_code_object.cpp      :964 : 251418056687 us:  amd::Comgr::get_data() return 0 size for agent_triple_target_ids[0]=amdgcn-amd-amdhsa--gfx90c:xnack+
:1:hip_fatbin.cpp           :780 : 251418056692 us:  Cannot find CO in the bundle /usr/lib64/librocblas.so.4.4 for ISA: amdgcn-amd-amdhsa--gfx90c:xnack+
:3:hip_platform.cpp         :740 : 251418056702 us:  init: Returned hipErrorNoBinaryForGpu : continue parsing remaining modules
:3:hip_code_object.cpp      :964 : 251418057937 us:  amd::Comgr::get_data() return 0 size for agent_triple_target_ids[0]=amdgcn-amd-amdhsa--gfx90c:xnack+
:3:hip_code_object.cpp      :964 : 251418057951 us:  amd::Comgr::get_data() return 0 size for agent_triple_target_ids[0]=amdgcn-amd-amdhsa--gfx90c:xnack+
:3:hip_code_object.cpp      :964 : 251418057956 us:  amd::Comgr::get_data() return 0 size for agent_triple_target_ids[0]=amdgcn-amd-amdhsa--gfx90c:xnack+
:1:hip_fatbin.cpp           :780 : 251418057961 us:  Cannot find CO in the bundle /usr/lib64/librocsolver.so.0.4 for ISA: amdgcn-amd-amdhsa--gfx90c:xnack+
:3:hip_platform.cpp         :740 : 251418057968 us:  init: Returned hipErrorNoBinaryForGpu : continue parsing remaining modules
:3:hip_code_object.cpp      :964 : 251418222070 us:  amd::Comgr::get_data() return 0 size for agent_triple_target_ids[0]=amdgcn-amd-amdhsa--gfx90c:xnack+
:3:hip_code_object.cpp      :964 : 251418222098 us:  amd::Comgr::get_data() return 0 size for agent_triple_target_ids[0]=amdgcn-amd-amdhsa--gfx90c:xnack+
:3:hip_code_object.cpp      :964 : 251418222104 us:  amd::Comgr::get_data() return 0 size for agent_triple_target_ids[0]=amdgcn-amd-amdhsa--gfx90c:xnack+
:1:hip_fatbin.cpp           :780 : 251418222111 us:  Cannot find CO in the bundle /usr/lib64/librocblas.so.4.4 for ISA: amdgcn-amd-amdhsa--gfx90c:xnack+
:3:hip_platform.cpp         :740 : 251418222122 us:  init: Returned hipErrorNoBinaryForGpu : continue parsing remaining modules
:3:hip_code_object.cpp      :964 : 251418224044 us:  amd::Comgr::get_data() return 0 size for agent_triple_target_ids[0]=amdgcn-amd-amdhsa--gfx90c:xnack+
:3:hip_code_object.cpp      :964 : 251418224063 us:  amd::Comgr::get_data() return 0 size for agent_triple_target_ids[0]=amdgcn-amd-amdhsa--gfx90c:xnack+
:3:hip_code_object.cpp      :964 : 251418224068 us:  amd::Comgr::get_data() return 0 size for agent_triple_target_ids[0]=amdgcn-amd-amdhsa--gfx90c:xnack+
:1:hip_fatbin.cpp           :780 : 251418224073 us:  Cannot find CO in the bundle /usr/lib64/librocblas.so.4.4 for ISA: amdgcn-amd-amdhsa--gfx90c:xnack+
:3:hip_platform.cpp         :740 : 251418224090 us:  init: Returned hipErrorNoBinaryForGpu : continue parsing remaining modules
:3:hip_code_object.cpp      :964 : 251418225287 us:  amd::Comgr::get_data() return 0 size for agent_triple_target_ids[0]=amdgcn-amd-amdhsa--gfx90c:xnack+
:3:hip_code_object.cpp      :964 : 251418225300 us:  amd::Comgr::get_data() return 0 size for agent_triple_target_ids[0]=amdgcn-amd-amdhsa--gfx90c:xnack+
:3:hip_code_object.cpp      :964 : 251418225305 us:  amd::Comgr::get_data() return 0 size for agent_triple_target_ids[0]=amdgcn-amd-amdhsa--gfx90c:xnack+
:1:hip_fatbin.cpp           :780 : 251418225311 us:  Cannot find CO in the bundle /usr/lib64/librocsolver.so.0.4 for ISA: amdgcn-amd-amdhsa--gfx90c:xnack+
:3:hip_platform.cpp         :740 : 251418225317 us:  init: Returned hipErrorNoBinaryForGpu : continue parsing remaining modules
:3:hip_code_object.cpp      :964 : 251418226237 us:  amd::Comgr::get_data() return 0 size for agent_triple_target_ids[0]=amdgcn-amd-amdhsa--gfx90c:xnack+
:3:hip_code_object.cpp      :964 : 251418226250 us:  amd::Comgr::get_data() return 0 size for agent_triple_target_ids[0]=amdgcn-amd-amdhsa--gfx90c:xnack+
:3:hip_code_object.cpp      :964 : 251418226254 us:  amd::Comgr::get_data() return 0 size for agent_triple_target_ids[0]=amdgcn-amd-amdhsa--gfx90c:xnack+
:1:hip_fatbin.cpp           :780 : 251418226260 us:  Cannot find CO in the bundle /usr/lib64/librocsolver.so.0.4 for ISA: amdgcn-amd-amdhsa--gfx90c:xnack+
:3:hip_platform.cpp         :740 : 251418226265 us:  init: Returned hipErrorNoBinaryForGpu : continue parsing remaining modules
:3:hip_code_object.cpp      :964 : 251418227679 us:  amd::Comgr::get_data() return 0 size for agent_triple_target_ids[0]=amdgcn-amd-amdhsa--gfx90c:xnack+
:3:hip_code_object.cpp      :964 : 251418227692 us:  amd::Comgr::get_data() return 0 size for agent_triple_target_ids[0]=amdgcn-amd-amdhsa--gfx90c:xnack+
:3:hip_code_object.cpp      :964 : 251418227697 us:  amd::Comgr::get_data() return 0 size for agent_triple_target_ids[0]=amdgcn-amd-amdhsa--gfx90c:xnack+
:1:hip_fatbin.cpp           :780 : 251418227702 us:  Cannot find CO in the bundle /usr/lib64/librocblas.so.4.4 for ISA: amdgcn-amd-amdhsa--gfx90c:xnack+
:3:hip_platform.cpp         :740 : 251418227708 us:  init: Returned hipErrorNoBinaryForGpu : continue parsing remaining modules
:3:hip_code_object.cpp      :964 : 251418229637 us:  amd::Comgr::get_data() return 0 size for agent_triple_target_ids[0]=amdgcn-amd-amdhsa--gfx90c:xnack+
:3:hip_code_object.cpp      :964 : 251418229654 us:  amd::Comgr::get_data() return 0 size for agent_triple_target_ids[0]=amdgcn-amd-amdhsa--gfx90c:xnack+
:3:hip_code_object.cpp      :964 : 251418229659 us:  amd::Comgr::get_data() return 0 size for agent_triple_target_ids[0]=amdgcn-amd-amdhsa--gfx90c:xnack+
:1:hip_fatbin.cpp           :780 : 251418229664 us:  Cannot find CO in the bundle /usr/lib64/librocsolver.so.0.4 for ISA: amdgcn-amd-amdhsa--gfx90c:xnack+
:3:hip_platform.cpp         :740 : 251418229672 us:  init: Returned hipErrorNoBinaryForGpu : continue parsing remaining modules
:3:hip_code_object.cpp      :964 : 251418230538 us:  amd::Comgr::get_data() return 0 size for agent_triple_target_ids[0]=amdgcn-amd-amdhsa--gfx90c:xnack+
:3:hip_code_object.cpp      :964 : 251418230550 us:  amd::Comgr::get_data() return 0 size for agent_triple_target_ids[0]=amdgcn-amd-amdhsa--gfx90c:xnack+
:3:hip_code_object.cpp      :964 : 251418230556 us:  amd::Comgr::get_data() return 0 size for agent_triple_target_ids[0]=amdgcn-amd-amdhsa--gfx90c:xnack+
:1:hip_fatbin.cpp           :780 : 251418230561 us:  Cannot find CO in the bundle /usr/lib64/librocsolver.so.0.4 for ISA: amdgcn-amd-amdhsa--gfx90c:xnack+
:3:hip_platform.cpp         :740 : 251418230567 us:  init: Returned hipErrorNoBinaryForGpu : continue parsing remaining modules
:3:hip_code_object.cpp      :964 : 251418232126 us:  amd::Comgr::get_data() return 0 size for agent_triple_target_ids[0]=amdgcn-amd-amdhsa--gfx90c:xnack+
:3:hip_code_object.cpp      :964 : 251418232140 us:  amd::Comgr::get_data() return 0 size for agent_triple_target_ids[0]=amdgcn-amd-amdhsa--gfx90c:xnack+
:3:hip_code_object.cpp      :964 : 251418232153 us:  amd::Comgr::get_data() return 0 size for agent_triple_target_ids[0]=amdgcn-amd-amdhsa--gfx90c:xnack+
:1:hip_fatbin.cpp           :780 : 251418232159 us:  Cannot find CO in the bundle /usr/lib64/librocblas.so.4.4 for ISA: amdgcn-amd-amdhsa--gfx90c:xnack+
:3:hip_platform.cpp         :740 : 251418232165 us:  init: Returned hipErrorNoBinaryForGpu : continue parsing remaining modules
:3:hip_code_object.cpp      :964 : 251418236537 us:  amd::Comgr::get_data() return 0 size for agent_triple_target_ids[0]=amdgcn-amd-amdhsa--gfx90c:xnack+
:3:hip_code_object.cpp      :964 : 251418236571 us:  amd::Comgr::get_data() return 0 size for agent_triple_target_ids[0]=amdgcn-amd-amdhsa--gfx90c:xnack+
:3:hip_code_object.cpp      :964 : 251418236576 us:  amd::Comgr::get_data() return 0 size for agent_triple_target_ids[0]=amdgcn-amd-amdhsa--gfx90c:xnack+
:1:hip_fatbin.cpp           :780 : 251418236584 us:  Cannot find CO in the bundle /usr/lib64/librocblas.so.4.4 for ISA: amdgcn-amd-amdhsa--gfx90c:xnack+
:3:hip_platform.cpp         :740 : 251418236596 us:  init: Returned hipErrorNoBinaryForGpu : continue parsing remaining modules
:3:hip_code_object.cpp      :964 : 251418237860 us:  amd::Comgr::get_data() return 0 size for agent_triple_target_ids[0]=amdgcn-amd-amdhsa--gfx90c:xnack+
:3:hip_code_object.cpp      :964 : 251418237876 us:  amd::Comgr::get_data() return 0 size for agent_triple_target_ids[0]=amdgcn-amd-amdhsa--gfx90c:xnack+
:3:hip_code_object.cpp      :964 : 251418237881 us:  amd::Comgr::get_data() return 0 size for agent_triple_target_ids[0]=amdgcn-amd-amdhsa--gfx90c:xnack+
:1:hip_fatbin.cpp           :780 : 251418237887 us:  Cannot find CO in the bundle /usr/lib64/librocsolver.so.0.4 for ISA: amdgcn-amd-amdhsa--gfx90c:xnack+
:3:hip_platform.cpp         :740 : 251418237894 us:  init: Returned hipErrorNoBinaryForGpu : continue parsing remaining modules
:3:hip_code_object.cpp      :964 : 251418239338 us:  amd::Comgr::get_data() return 0 size for agent_triple_target_ids[0]=amdgcn-amd-amdhsa--gfx90c:xnack+
:3:hip_code_object.cpp      :964 : 251418239352 us:  amd::Comgr::get_data() return 0 size for agent_triple_target_ids[0]=amdgcn-amd-amdhsa--gfx90c:xnack+
:3:hip_code_object.cpp      :964 : 251418239357 us:  amd::Comgr::get_data() return 0 size for agent_triple_target_ids[0]=amdgcn-amd-amdhsa--gfx90c:xnack+
:1:hip_fatbin.cpp           :780 : 251418239363 us:  Cannot find CO in the bundle /usr/lib64/librocblas.so.4.4 for ISA: amdgcn-amd-amdhsa--gfx90c:xnack+
:3:hip_platform.cpp         :740 : 251418239369 us:  init: Returned hipErrorNoBinaryForGpu : continue parsing remaining modules
:3:hip_code_object.cpp      :964 : 251418689520 us:  amd::Comgr::get_data() return 0 size for agent_triple_target_ids[0]=amdgcn-amd-amdhsa--gfx90c:xnack+
:3:hip_code_object.cpp      :964 : 251418689550 us:  amd::Comgr::get_data() return 0 size for agent_triple_target_ids[0]=amdgcn-amd-amdhsa--gfx90c:xnack+
:3:hip_code_object.cpp      :964 : 251418689556 us:  amd::Comgr::get_data() return 0 size for agent_triple_target_ids[0]=amdgcn-amd-amdhsa--gfx90c:xnack+
:1:hip_fatbin.cpp           :780 : 251418689564 us:  Cannot find CO in the bundle /usr/lib64/librocblas.so.4.4 for ISA: amdgcn-amd-amdhsa--gfx90c:xnack+
:3:hip_platform.cpp         :740 : 251418689574 us:  init: Returned hipErrorNoBinaryForGpu : continue parsing remaining modules
:3:hip_code_object.cpp      :964 : 251419138498 us:  amd::Comgr::get_data() return 0 size for agent_triple_target_ids[0]=amdgcn-amd-amdhsa--gfx90c:xnack+
:3:hip_code_object.cpp      :964 : 251419138529 us:  amd::Comgr::get_data() return 0 size for agent_triple_target_ids[0]=amdgcn-amd-amdhsa--gfx90c:xnack+
:3:hip_code_object.cpp      :964 : 251419138534 us:  amd::Comgr::get_data() return 0 size for agent_triple_target_ids[0]=amdgcn-amd-amdhsa--gfx90c:xnack+
:1:hip_fatbin.cpp           :780 : 251419138542 us:  Cannot find CO in the bundle /usr/lib64/librocblas.so.4.4 for ISA: amdgcn-amd-amdhsa--gfx90c:xnack+
:3:hip_platform.cpp         :740 : 251419138562 us:  init: Returned hipErrorNoBinaryForGpu : continue parsing remaining modules
:3:hip_code_object.cpp      :964 : 251419139994 us:  amd::Comgr::get_data() return 0 size for agent_triple_target_ids[0]=amdgcn-amd-amdhsa--gfx90c:xnack+
:3:hip_code_object.cpp      :964 : 251419140016 us:  amd::Comgr::get_data() return 0 size for agent_triple_target_ids[0]=amdgcn-amd-amdhsa--gfx90c:xnack+
:3:hip_code_object.cpp      :964 : 251419140021 us:  amd::Comgr::get_data() return 0 size for agent_triple_target_ids[0]=amdgcn-amd-amdhsa--gfx90c:xnack+
:1:hip_fatbin.cpp           :780 : 251419140027 us:  Cannot find CO in the bundle /usr/lib64/librocblas.so.4.4 for ISA: amdgcn-amd-amdhsa--gfx90c:xnack+
:3:hip_platform.cpp         :740 : 251419140034 us:  init: Returned hipErrorNoBinaryForGpu : continue parsing remaining modules
:3:hip_code_object.cpp      :964 : 251419143840 us:  amd::Comgr::get_data() return 0 size for agent_triple_target_ids[0]=amdgcn-amd-amdhsa--gfx90c:xnack+
:3:hip_code_object.cpp      :964 : 251419143863 us:  amd::Comgr::get_data() return 0 size for agent_triple_target_ids[0]=amdgcn-amd-amdhsa--gfx90c:xnack+
:3:hip_code_object.cpp      :964 : 251419143868 us:  amd::Comgr::get_data() return 0 size for agent_triple_target_ids[0]=amdgcn-amd-amdhsa--gfx90c:xnack+
:1:hip_fatbin.cpp           :780 : 251419143874 us:  Cannot find CO in the bundle /usr/lib64/librocblas.so.4.4 for ISA: amdgcn-amd-amdhsa--gfx90c:xnack+
:3:hip_platform.cpp         :740 : 251419143884 us:  init: Returned hipErrorNoBinaryForGpu : continue parsing remaining modules
:3:hip_code_object.cpp      :964 : 251419145227 us:  amd::Comgr::get_data() return 0 size for agent_triple_target_ids[0]=amdgcn-amd-amdhsa--gfx90c:xnack+
:3:hip_code_object.cpp      :964 : 251419145240 us:  amd::Comgr::get_data() return 0 size for agent_triple_target_ids[0]=amdgcn-amd-amdhsa--gfx90c:xnack+
:3:hip_code_object.cpp      :964 : 251419145245 us:  amd::Comgr::get_data() return 0 size for agent_triple_target_ids[0]=amdgcn-amd-amdhsa--gfx90c:xnack+
:1:hip_fatbin.cpp           :780 : 251419145251 us:  Cannot find CO in the bundle /usr/lib64/librocblas.so.4.4 for ISA: amdgcn-amd-amdhsa--gfx90c:xnack+
:3:hip_platform.cpp         :740 : 251419145256 us:  init: Returned hipErrorNoBinaryForGpu : continue parsing remaining modules
:3:hip_code_object.cpp      :964 : 251419388513 us:  amd::Comgr::get_data() return 0 size for agent_triple_target_ids[0]=amdgcn-amd-amdhsa--gfx90c:xnack+
:3:hip_code_object.cpp      :964 : 251419388544 us:  amd::Comgr::get_data() return 0 size for agent_triple_target_ids[0]=amdgcn-amd-amdhsa--gfx90c:xnack+
:3:hip_code_object.cpp      :964 : 251419388550 us:  amd::Comgr::get_data() return 0 size for agent_triple_target_ids[0]=amdgcn-amd-amdhsa--gfx90c:xnack+
:1:hip_fatbin.cpp           :780 : 251419388557 us:  Cannot find CO in the bundle /usr/lib64/librocblas.so.4.4 for ISA: amdgcn-amd-amdhsa--gfx90c:xnack+
:3:hip_platform.cpp         :740 : 251419388568 us:  init: Returned hipErrorNoBinaryForGpu : continue parsing remaining modules
:3:hip_code_object.cpp      :964 : 251419870627 us:  amd::Comgr::get_data() return 0 size for agent_triple_target_ids[0]=amdgcn-amd-amdhsa--gfx90c:xnack+
:3:hip_code_object.cpp      :964 : 251419870659 us:  amd::Comgr::get_data() return 0 size for agent_triple_target_ids[0]=amdgcn-amd-amdhsa--gfx90c:xnack+
:3:hip_code_object.cpp      :964 : 251419870664 us:  amd::Comgr::get_data() return 0 size for agent_triple_target_ids[0]=amdgcn-amd-amdhsa--gfx90c:xnack+
:1:hip_fatbin.cpp           :780 : 251419877204 us:  Cannot find CO in the bundle /usr/lib64/librocsolver.so.0.4 for ISA: amdgcn-amd-amdhsa--gfx90c:xnack+
:3:hip_platform.cpp         :740 : 251419877237 us:  init: Returned hipErrorNoBinaryForGpu : continue parsing remaining modules
:3:hip_code_object.cpp      :964 : 251419878526 us:  amd::Comgr::get_data() return 0 size for agent_triple_target_ids[0]=amdgcn-amd-amdhsa--gfx90c:xnack+
:3:hip_code_object.cpp      :964 : 251419878541 us:  amd::Comgr::get_data() return 0 size for agent_triple_target_ids[0]=amdgcn-amd-amdhsa--gfx90c:xnack+
:3:hip_code_object.cpp      :964 : 251419878554 us:  amd::Comgr::get_data() return 0 size for agent_triple_target_ids[0]=amdgcn-amd-amdhsa--gfx90c:xnack+
:1:hip_fatbin.cpp           :780 : 251419878560 us:  Cannot find CO in the bundle /usr/lib64/librocsolver.so.0.4 for ISA: amdgcn-amd-amdhsa--gfx90c:xnack+
:3:hip_platform.cpp         :740 : 251419878567 us:  init: Returned hipErrorNoBinaryForGpu : continue parsing remaining modules
:3:hip_code_object.cpp      :964 : 251419880114 us:  amd::Comgr::get_data() return 0 size for agent_triple_target_ids[0]=amdgcn-amd-amdhsa--gfx90c:xnack+
:3:hip_code_object.cpp      :964 : 251419880128 us:  amd::Comgr::get_data() return 0 size for agent_triple_target_ids[0]=amdgcn-amd-amdhsa--gfx90c:xnack+
:3:hip_code_object.cpp      :964 : 251419880133 us:  amd::Comgr::get_data() return 0 size for agent_triple_target_ids[0]=amdgcn-amd-amdhsa--gfx90c:xnack+
:1:hip_fatbin.cpp           :780 : 251419880138 us:  Cannot find CO in the bundle /usr/lib64/librocsolver.so.0.4 for ISA: amdgcn-amd-amdhsa--gfx90c:xnack+
:3:hip_platform.cpp         :740 : 251419880145 us:  init: Returned hipErrorNoBinaryForGpu : continue parsing remaining modules
:3:hip_code_object.cpp      :964 : 251419881379 us:  amd::Comgr::get_data() return 0 size for agent_triple_target_ids[0]=amdgcn-amd-amdhsa--gfx90c:xnack+
:3:hip_code_object.cpp      :964 : 251419881393 us:  amd::Comgr::get_data() return 0 size for agent_triple_target_ids[0]=amdgcn-amd-amdhsa--gfx90c:xnack+
:3:hip_code_object.cpp      :964 : 251419881398 us:  amd::Comgr::get_data() return 0 size for agent_triple_target_ids[0]=amdgcn-amd-amdhsa--gfx90c:xnack+
:1:hip_fatbin.cpp           :780 : 251419881403 us:  Cannot find CO in the bundle /usr/lib64/librocsolver.so.0.4 for ISA: amdgcn-amd-amdhsa--gfx90c:xnack+
:3:hip_platform.cpp         :740 : 251419881409 us:  init: Returned hipErrorNoBinaryForGpu : continue parsing remaining modules
:3:hip_code_object.cpp      :964 : 251420879621 us:  amd::Comgr::get_data() return 0 size for agent_triple_target_ids[0]=amdgcn-amd-amdhsa--gfx90c:xnack+
:3:hip_code_object.cpp      :964 : 251420879653 us:  amd::Comgr::get_data() return 0 size for agent_triple_target_ids[0]=amdgcn-amd-amdhsa--gfx90c:xnack+
:3:hip_code_object.cpp      :964 : 251420879659 us:  amd::Comgr::get_data() return 0 size for agent_triple_target_ids[0]=amdgcn-amd-amdhsa--gfx90c:xnack+
:1:hip_fatbin.cpp           :780 : 251420879668 us:  Cannot find CO in the bundle /usr/lib64/librocblas.so.4.4 for ISA: amdgcn-amd-amdhsa--gfx90c:xnack+
:3:hip_platform.cpp         :740 : 251420879679 us:  init: Returned hipErrorNoBinaryForGpu : continue parsing remaining modules
:3:hip_code_object.cpp      :964 : 251420881885 us:  amd::Comgr::get_data() return 0 size for agent_triple_target_ids[0]=amdgcn-amd-amdhsa--gfx90c:xnack+
:3:hip_code_object.cpp      :964 : 251420881904 us:  amd::Comgr::get_data() return 0 size for agent_triple_target_ids[0]=amdgcn-amd-amdhsa--gfx90c:xnack+
:3:hip_code_object.cpp      :964 : 251420881909 us:  amd::Comgr::get_data() return 0 size for agent_triple_target_ids[0]=amdgcn-amd-amdhsa--gfx90c:xnack+
:1:hip_fatbin.cpp           :780 : 251420881915 us:  Cannot find CO in the bundle /usr/lib64/librocsolver.so.0.4 for ISA: amdgcn-amd-amdhsa--gfx90c:xnack+
:3:hip_platform.cpp         :740 : 251420881923 us:  init: Returned hipErrorNoBinaryForGpu : continue parsing remaining modules
:3:hip_code_object.cpp      :964 : 251420886105 us:  amd::Comgr::get_data() return 0 size for agent_triple_target_ids[0]=amdgcn-amd-amdhsa--gfx90c:xnack+
:3:hip_code_object.cpp      :964 : 251420886135 us:  amd::Comgr::get_data() return 0 size for agent_triple_target_ids[0]=amdgcn-amd-amdhsa--gfx90c:xnack+
:3:hip_code_object.cpp      :964 : 251420886140 us:  amd::Comgr::get_data() return 0 size for agent_triple_target_ids[0]=amdgcn-amd-amdhsa--gfx90c:xnack+
:1:hip_fatbin.cpp           :780 : 251420886148 us:  Cannot find CO in the bundle /usr/lib64/librocblas.so.4.4 for ISA: amdgcn-amd-amdhsa--gfx90c:xnack+
:3:hip_platform.cpp         :740 : 251420886169 us:  init: Returned hipErrorNoBinaryForGpu : continue parsing remaining modules
:3:hip_code_object.cpp      :964 : 251420890569 us:  amd::Comgr::get_data() return 0 size for agent_triple_target_ids[0]=amdgcn-amd-amdhsa--gfx90c:xnack+
:3:hip_code_object.cpp      :964 : 251420890600 us:  amd::Comgr::get_data() return 0 size for agent_triple_target_ids[0]=amdgcn-amd-amdhsa--gfx90c:xnack+
:3:hip_code_object.cpp      :964 : 251420890605 us:  amd::Comgr::get_data() return 0 size for agent_triple_target_ids[0]=amdgcn-amd-amdhsa--gfx90c:xnack+
:1:hip_fatbin.cpp           :780 : 251420890612 us:  Cannot find CO in the bundle /usr/lib64/librocblas.so.4.4 for ISA: amdgcn-amd-amdhsa--gfx90c:xnack+
:3:hip_platform.cpp         :740 : 251420890623 us:  init: Returned hipErrorNoBinaryForGpu : continue parsing remaining modules
:3:hip_code_object.cpp      :964 : 251420892520 us:  amd::Comgr::get_data() return 0 size for agent_triple_target_ids[0]=amdgcn-amd-amdhsa--gfx90c:xnack+
:3:hip_code_object.cpp      :964 : 251420892535 us:  amd::Comgr::get_data() return 0 size for agent_triple_target_ids[0]=amdgcn-amd-amdhsa--gfx90c:xnack+
:3:hip_code_object.cpp      :964 : 251420892540 us:  amd::Comgr::get_data() return 0 size for agent_triple_target_ids[0]=amdgcn-amd-amdhsa--gfx90c:xnack+
:1:hip_fatbin.cpp           :780 : 251420892545 us:  Cannot find CO in the bundle /usr/lib64/librocblas.so.4.4 for ISA: amdgcn-amd-amdhsa--gfx90c:xnack+
:3:hip_platform.cpp         :740 : 251420892552 us:  init: Returned hipErrorNoBinaryForGpu : continue parsing remaining modules
:3:hip_code_object.cpp      :964 : 251420893411 us:  amd::Comgr::get_data() return 0 size for agent_triple_target_ids[0]=amdgcn-amd-amdhsa--gfx90c:xnack+
:3:hip_code_object.cpp      :964 : 251420893424 us:  amd::Comgr::get_data() return 0 size for agent_triple_target_ids[0]=amdgcn-amd-amdhsa--gfx90c:xnack+
:3:hip_code_object.cpp      :964 : 251420893429 us:  amd::Comgr::get_data() return 0 size for agent_triple_target_ids[0]=amdgcn-amd-amdhsa--gfx90c:xnack+
:1:hip_fatbin.cpp           :780 : 251420893434 us:  Cannot find CO in the bundle /usr/lib64/librocblas.so.4.4 for ISA: amdgcn-amd-amdhsa--gfx90c:xnack+
:3:hip_platform.cpp         :740 : 251420893439 us:  init: Returned hipErrorNoBinaryForGpu : continue parsing remaining modules
:3:hip_code_object.cpp      :964 : 251420894627 us:  amd::Comgr::get_data() return 0 size for agent_triple_target_ids[0]=amdgcn-amd-amdhsa--gfx90c:xnack+
:3:hip_code_object.cpp      :964 : 251420894640 us:  amd::Comgr::get_data() return 0 size for agent_triple_target_ids[0]=amdgcn-amd-amdhsa--gfx90c:xnack+
:3:hip_code_object.cpp      :964 : 251420894645 us:  amd::Comgr::get_data() return 0 size for agent_triple_target_ids[0]=amdgcn-amd-amdhsa--gfx90c:xnack+
:1:hip_fatbin.cpp           :780 : 251420894650 us:  Cannot find CO in the bundle /usr/lib64/librocblas.so.4.4 for ISA: amdgcn-amd-amdhsa--gfx90c:xnack+
:3:hip_platform.cpp         :740 : 251420894655 us:  init: Returned hipErrorNoBinaryForGpu : continue parsing remaining modules
:3:hip_code_object.cpp      :964 : 251420895622 us:  amd::Comgr::get_data() return 0 size for agent_triple_target_ids[0]=amdgcn-amd-amdhsa--gfx90c:xnack+
:3:hip_code_object.cpp      :964 : 251420895635 us:  amd::Comgr::get_data() return 0 size for agent_triple_target_ids[0]=amdgcn-amd-amdhsa--gfx90c:xnack+
:3:hip_code_object.cpp      :964 : 251420895639 us:  amd::Comgr::get_data() return 0 size for agent_triple_target_ids[0]=amdgcn-amd-amdhsa--gfx90c:xnack+
:1:hip_fatbin.cpp           :780 : 251420895645 us:  Cannot find CO in the bundle /usr/lib64/librocsolver.so.0.4 for ISA: amdgcn-amd-amdhsa--gfx90c:xnack+
:3:hip_platform.cpp         :740 : 251420895650 us:  init: Returned hipErrorNoBinaryForGpu : continue parsing remaining modules
:3:hip_code_object.cpp      :964 : 251421228414 us:  amd::Comgr::get_data() return 0 size for agent_triple_target_ids[0]=amdgcn-amd-amdhsa--gfx90c:xnack+
:3:hip_code_object.cpp      :964 : 251421228444 us:  amd::Comgr::get_data() return 0 size for agent_triple_target_ids[0]=amdgcn-amd-amdhsa--gfx90c:xnack+
:3:hip_code_object.cpp      :964 : 251421228460 us:  amd::Comgr::get_data() return 0 size for agent_triple_target_ids[0]=amdgcn-amd-amdhsa--gfx90c:xnack+
:1:hip_fatbin.cpp           :780 : 251421228467 us:  Cannot find CO in the bundle /usr/lib64/librocblas.so.4.4 for ISA: amdgcn-amd-amdhsa--gfx90c:xnack+
:3:hip_platform.cpp         :740 : 251421228479 us:  init: Returned hipErrorNoBinaryForGpu : continue parsing remaining modules
:3:hip_code_object.cpp      :964 : 251421232175 us:  amd::Comgr::get_data() return 0 size for agent_triple_target_ids[0]=amdgcn-amd-amdhsa--gfx90c:xnack+
:3:hip_code_object.cpp      :964 : 251421232200 us:  amd::Comgr::get_data() return 0 size for agent_triple_target_ids[0]=amdgcn-amd-amdhsa--gfx90c:xnack+
:3:hip_code_object.cpp      :964 : 251421232205 us:  amd::Comgr::get_data() return 0 size for agent_triple_target_ids[0]=amdgcn-amd-amdhsa--gfx90c:xnack+
:1:hip_fatbin.cpp           :780 : 251421232212 us:  Cannot find CO in the bundle /usr/lib64/librocblas.so.4.4 for ISA: amdgcn-amd-amdhsa--gfx90c:xnack+
:3:hip_platform.cpp         :740 : 251421232222 us:  init: Returned hipErrorNoBinaryForGpu : continue parsing remaining modules
:3:hip_code_object.cpp      :964 : 251421233656 us:  amd::Comgr::get_data() return 0 size for agent_triple_target_ids[0]=amdgcn-amd-amdhsa--gfx90c:xnack+
:3:hip_code_object.cpp      :964 : 251421233670 us:  amd::Comgr::get_data() return 0 size for agent_triple_target_ids[0]=amdgcn-amd-amdhsa--gfx90c:xnack+
:3:hip_code_object.cpp      :964 : 251421233675 us:  amd::Comgr::get_data() return 0 size for agent_triple_target_ids[0]=amdgcn-amd-amdhsa--gfx90c:xnack+
:1:hip_fatbin.cpp           :780 : 251421233680 us:  Cannot find CO in the bundle /usr/lib64/librocblas.so.4.4 for ISA: amdgcn-amd-amdhsa--gfx90c:xnack+
:3:hip_platform.cpp         :740 : 251421233686 us:  init: Returned hipErrorNoBinaryForGpu : continue parsing remaining modules
:3:hip_code_object.cpp      :964 : 251421234916 us:  amd::Comgr::get_data() return 0 size for agent_triple_target_ids[0]=amdgcn-amd-amdhsa--gfx90c:xnack+
:3:hip_code_object.cpp      :964 : 251421234933 us:  amd::Comgr::get_data() return 0 size for agent_triple_target_ids[0]=amdgcn-amd-amdhsa--gfx90c:xnack+
:3:hip_code_object.cpp      :964 : 251421234937 us:  amd::Comgr::get_data() return 0 size for agent_triple_target_ids[0]=amdgcn-amd-amdhsa--gfx90c:xnack+
:1:hip_fatbin.cpp           :780 : 251421234943 us:  Cannot find CO in the bundle /usr/lib64/librocsolver.so.0.4 for ISA: amdgcn-amd-amdhsa--gfx90c:xnack+
:3:hip_platform.cpp         :740 : 251421234950 us:  init: Returned hipErrorNoBinaryForGpu : continue parsing remaining modules
:3:hip_code_object.cpp      :964 : 251421869926 us:  amd::Comgr::get_data() return 0 size for agent_triple_target_ids[0]=amdgcn-amd-amdhsa--gfx90c:xnack+
:3:hip_code_object.cpp      :964 : 251421869963 us:  amd::Comgr::get_data() return 0 size for agent_triple_target_ids[0]=amdgcn-amd-amdhsa--gfx90c:xnack+
:3:hip_code_object.cpp      :964 : 251421869969 us:  amd::Comgr::get_data() return 0 size for agent_triple_target_ids[0]=amdgcn-amd-amdhsa--gfx90c:xnack+
:1:hip_fatbin.cpp           :780 : 251421869978 us:  Cannot find CO in the bundle /usr/lib64/librocblas.so.4.4 for ISA: amdgcn-amd-amdhsa--gfx90c:xnack+
:3:hip_platform.cpp         :740 : 251421869991 us:  init: Returned hipErrorNoBinaryForGpu : continue parsing remaining modules
:3:hip_code_object.cpp      :964 : 251421872337 us:  amd::Comgr::get_data() return 0 size for agent_triple_target_ids[0]=amdgcn-amd-amdhsa--gfx90c:xnack+
:3:hip_code_object.cpp      :964 : 251421872360 us:  amd::Comgr::get_data() return 0 size for agent_triple_target_ids[0]=amdgcn-amd-amdhsa--gfx90c:xnack+
:3:hip_code_object.cpp      :964 : 251421872365 us:  amd::Comgr::get_data() return 0 size for agent_triple_target_ids[0]=amdgcn-amd-amdhsa--gfx90c:xnack+
:1:hip_fatbin.cpp           :780 : 251421872372 us:  Cannot find CO in the bundle /usr/lib64/librocblas.so.4.4 for ISA: amdgcn-amd-amdhsa--gfx90c:xnack+
:3:hip_platform.cpp         :740 : 251421872389 us:  init: Returned hipErrorNoBinaryForGpu : continue parsing remaining modules
:3:hip_code_object.cpp      :964 : 251421874367 us:  amd::Comgr::get_data() return 0 size for agent_triple_target_ids[0]=amdgcn-amd-amdhsa--gfx90c:xnack+
:3:hip_code_object.cpp      :964 : 251421874385 us:  amd::Comgr::get_data() return 0 size for agent_triple_target_ids[0]=amdgcn-amd-amdhsa--gfx90c:xnack+
:3:hip_code_object.cpp      :964 : 251421874390 us:  amd::Comgr::get_data() return 0 size for agent_triple_target_ids[0]=amdgcn-amd-amdhsa--gfx90c:xnack+
:1:hip_fatbin.cpp           :780 : 251421874396 us:  Cannot find CO in the bundle /usr/lib64/librocsolver.so.0.4 for ISA: amdgcn-amd-amdhsa--gfx90c:xnack+
:3:hip_platform.cpp         :740 : 251421874403 us:  init: Returned hipErrorNoBinaryForGpu : continue parsing remaining modules
:3:hip_code_object.cpp      :964 : 251421876512 us:  amd::Comgr::get_data() return 0 size for agent_triple_target_ids[0]=amdgcn-amd-amdhsa--gfx90c:xnack+
:3:hip_code_object.cpp      :964 : 251421876528 us:  amd::Comgr::get_data() return 0 size for agent_triple_target_ids[0]=amdgcn-amd-amdhsa--gfx90c:xnack+
:3:hip_code_object.cpp      :964 : 251421876534 us:  amd::Comgr::get_data() return 0 size for agent_triple_target_ids[0]=amdgcn-amd-amdhsa--gfx90c:xnack+
:1:hip_fatbin.cpp           :780 : 251421876539 us:  Cannot find CO in the bundle /usr/lib64/librocblas.so.4.4 for ISA: amdgcn-amd-amdhsa--gfx90c:xnack+
:3:hip_platform.cpp         :740 : 251421876546 us:  init: Returned hipErrorNoBinaryForGpu : continue parsing remaining modules
:3:hip_code_object.cpp      :964 : 251421877857 us:  amd::Comgr::get_data() return 0 size for agent_triple_target_ids[0]=amdgcn-amd-amdhsa--gfx90c:xnack+
:3:hip_code_object.cpp      :964 : 251421877869 us:  amd::Comgr::get_data() return 0 size for agent_triple_target_ids[0]=amdgcn-amd-amdhsa--gfx90c:xnack+
:3:hip_code_object.cpp      :964 : 251421877875 us:  amd::Comgr::get_data() return 0 size for agent_triple_target_ids[0]=amdgcn-amd-amdhsa--gfx90c:xnack+
:1:hip_fatbin.cpp           :780 : 251421877880 us:  Cannot find CO in the bundle /usr/lib64/librocblas.so.4.4 for ISA: amdgcn-amd-amdhsa--gfx90c:xnack+
:3:hip_platform.cpp         :740 : 251421877885 us:  init: Returned hipErrorNoBinaryForGpu : continue parsing remaining modules
:3:hip_code_object.cpp      :964 : 251421879065 us:  amd::Comgr::get_data() return 0 size for agent_triple_target_ids[0]=amdgcn-amd-amdhsa--gfx90c:xnack+
:3:hip_code_object.cpp      :964 : 251421879085 us:  amd::Comgr::get_data() return 0 size for agent_triple_target_ids[0]=amdgcn-amd-amdhsa--gfx90c:xnack+
:3:hip_code_object.cpp      :964 : 251421879092 us:  amd::Comgr::get_data() return 0 size for agent_triple_target_ids[0]=amdgcn-amd-amdhsa--gfx90c:xnack+
:1:hip_fatbin.cpp           :780 : 251421879099 us:  Cannot find CO in the bundle /usr/lib64/librocblas.so.4.4 for ISA: amdgcn-amd-amdhsa--gfx90c:xnack+
:3:hip_platform.cpp         :740 : 251421879107 us:  init: Returned hipErrorNoBinaryForGpu : continue parsing remaining modules
:3:hip_code_object.cpp      :964 : 251421888651 us:  amd::Comgr::get_data() return 0 size for agent_triple_target_ids[0]=amdgcn-amd-amdhsa--gfx90c:xnack+
:3:hip_code_object.cpp      :964 : 251421888684 us:  amd::Comgr::get_data() return 0 size for agent_triple_target_ids[0]=amdgcn-amd-amdhsa--gfx90c:xnack+
:3:hip_code_object.cpp      :964 : 251421888690 us:  amd::Comgr::get_data() return 0 size for agent_triple_target_ids[0]=amdgcn-amd-amdhsa--gfx90c:xnack+
:1:hip_fatbin.cpp           :780 : 251421888697 us:  Cannot find CO in the bundle /usr/lib64/librocsolver.so.0.4 for ISA: amdgcn-amd-amdhsa--gfx90c:xnack+
:3:hip_platform.cpp         :740 : 251421888709 us:  init: Returned hipErrorNoBinaryForGpu : continue parsing remaining modules
:3:hip_code_object.cpp      :964 : 251421890890 us:  amd::Comgr::get_data() return 0 size for agent_triple_target_ids[0]=amdgcn-amd-amdhsa--gfx90c:xnack+
:3:hip_code_object.cpp      :964 : 251421890915 us:  amd::Comgr::get_data() return 0 size for agent_triple_target_ids[0]=amdgcn-amd-amdhsa--gfx90c:xnack+
:3:hip_code_object.cpp      :964 : 251421890930 us:  amd::Comgr::get_data() return 0 size for agent_triple_target_ids[0]=amdgcn-amd-amdhsa--gfx90c:xnack+
:1:hip_fatbin.cpp           :780 : 251421890937 us:  Cannot find CO in the bundle /usr/lib64/librocblas.so.4.4 for ISA: amdgcn-amd-amdhsa--gfx90c:xnack+
:3:hip_platform.cpp         :740 : 251421890946 us:  init: Returned hipErrorNoBinaryForGpu : continue parsing remaining modules
:3:hip_code_object.cpp      :964 : 251421892143 us:  amd::Comgr::get_data() return 0 size for agent_triple_target_ids[0]=amdgcn-amd-amdhsa--gfx90c:xnack+
:3:hip_code_object.cpp      :964 : 251421892159 us:  amd::Comgr::get_data() return 0 size for agent_triple_target_ids[0]=amdgcn-amd-amdhsa--gfx90c:xnack+
:3:hip_code_object.cpp      :964 : 251421892164 us:  amd::Comgr::get_data() return 0 size for agent_triple_target_ids[0]=amdgcn-amd-amdhsa--gfx90c:xnack+
:1:hip_fatbin.cpp           :780 : 251421892169 us:  Cannot find CO in the bundle /usr/lib64/librocsolver.so.0.4 for ISA: amdgcn-amd-amdhsa--gfx90c:xnack+
:3:hip_platform.cpp         :740 : 251421892176 us:  init: Returned hipErrorNoBinaryForGpu : continue parsing remaining modules
:3:hip_code_object.cpp      :964 : 251421893205 us:  amd::Comgr::get_data() return 0 size for agent_triple_target_ids[0]=amdgcn-amd-amdhsa--gfx90c:xnack+
:3:hip_code_object.cpp      :964 : 251421893218 us:  amd::Comgr::get_data() return 0 size for agent_triple_target_ids[0]=amdgcn-amd-amdhsa--gfx90c:xnack+
:3:hip_code_object.cpp      :964 : 251421893223 us:  amd::Comgr::get_data() return 0 size for agent_triple_target_ids[0]=amdgcn-amd-amdhsa--gfx90c:xnack+
:1:hip_fatbin.cpp           :780 : 251421893228 us:  Cannot find CO in the bundle /usr/lib64/librocsolver.so.0.4 for ISA: amdgcn-amd-amdhsa--gfx90c:xnack+
:3:hip_platform.cpp         :740 : 251421893234 us:  init: Returned hipErrorNoBinaryForGpu : continue parsing remaining modules
:3:hip_code_object.cpp      :964 : 251421896847 us:  amd::Comgr::get_data() return 0 size for agent_triple_target_ids[0]=amdgcn-amd-amdhsa--gfx90c:xnack+
:3:hip_code_object.cpp      :964 : 251421896871 us:  amd::Comgr::get_data() return 0 size for agent_triple_target_ids[0]=amdgcn-amd-amdhsa--gfx90c:xnack+
:3:hip_code_object.cpp      :964 : 251421896876 us:  amd::Comgr::get_data() return 0 size for agent_triple_target_ids[0]=amdgcn-amd-amdhsa--gfx90c:xnack+
:1:hip_fatbin.cpp           :780 : 251421896882 us:  Cannot find CO in the bundle /usr/lib64/librocsolver.so.0.4 for ISA: amdgcn-amd-amdhsa--gfx90c:xnack+
:3:hip_platform.cpp         :740 : 251421896891 us:  init: Returned hipErrorNoBinaryForGpu : continue parsing remaining modules
:3:hip_code_object.cpp      :964 : 251421898286 us:  amd::Comgr::get_data() return 0 size for agent_triple_target_ids[0]=amdgcn-amd-amdhsa--gfx90c:xnack+
:3:hip_code_object.cpp      :964 : 251421898299 us:  amd::Comgr::get_data() return 0 size for agent_triple_target_ids[0]=amdgcn-amd-amdhsa--gfx90c:xnack+
:3:hip_code_object.cpp      :964 : 251421898304 us:  amd::Comgr::get_data() return 0 size for agent_triple_target_ids[0]=amdgcn-amd-amdhsa--gfx90c:xnack+
:1:hip_fatbin.cpp           :780 : 251421898309 us:  Cannot find CO in the bundle /usr/lib64/librocsolver.so.0.4 for ISA: amdgcn-amd-amdhsa--gfx90c:xnack+
:3:hip_platform.cpp         :740 : 251421898316 us:  init: Returned hipErrorNoBinaryForGpu : continue parsing remaining modules
:3:hip_code_object.cpp      :964 : 251421899491 us:  amd::Comgr::get_data() return 0 size for agent_triple_target_ids[0]=amdgcn-amd-amdhsa--gfx90c:xnack+
:3:hip_code_object.cpp      :964 : 251421899505 us:  amd::Comgr::get_data() return 0 size for agent_triple_target_ids[0]=amdgcn-amd-amdhsa--gfx90c:xnack+
:3:hip_code_object.cpp      :964 : 251421899510 us:  amd::Comgr::get_data() return 0 size for agent_triple_target_ids[0]=amdgcn-amd-amdhsa--gfx90c:xnack+
:1:hip_fatbin.cpp           :780 : 251421899515 us:  Cannot find CO in the bundle /usr/lib64/librocsolver.so.0.4 for ISA: amdgcn-amd-amdhsa--gfx90c:xnack+
:3:hip_platform.cpp         :740 : 251421899529 us:  init: Returned hipErrorNoBinaryForGpu : continue parsing remaining modules
:3:hip_code_object.cpp      :964 : 251421927060 us:  amd::Comgr::get_data() return 0 size for agent_triple_target_ids[0]=amdgcn-amd-amdhsa--gfx90c:xnack+
:3:hip_code_object.cpp      :964 : 251421927089 us:  amd::Comgr::get_data() return 0 size for agent_triple_target_ids[0]=amdgcn-amd-amdhsa--gfx90c:xnack+
:3:hip_code_object.cpp      :964 : 251421927095 us:  amd::Comgr::get_data() return 0 size for agent_triple_target_ids[0]=amdgcn-amd-amdhsa--gfx90c:xnack+
:1:hip_fatbin.cpp           :780 : 251421927101 us:  Cannot find CO in the bundle /usr/lib64/librocsolver.so.0.4 for ISA: amdgcn-amd-amdhsa--gfx90c:xnack+
:3:hip_platform.cpp         :740 : 251421927112 us:  init: Returned hipErrorNoBinaryForGpu : continue parsing remaining modules
:3:hip_code_object.cpp      :964 : 251422105562 us:  amd::Comgr::get_data() return 0 size for agent_triple_target_ids[0]=amdgcn-amd-amdhsa--gfx90c:xnack+
:3:hip_code_object.cpp      :964 : 251422105592 us:  amd::Comgr::get_data() return 0 size for agent_triple_target_ids[0]=amdgcn-amd-amdhsa--gfx90c:xnack+
:3:hip_code_object.cpp      :964 : 251422105598 us:  amd::Comgr::get_data() return 0 size for agent_triple_target_ids[0]=amdgcn-amd-amdhsa--gfx90c:xnack+
:1:hip_fatbin.cpp           :780 : 251422105605 us:  Cannot find CO in the bundle /usr/lib64/librocsolver.so.0.4 for ISA: amdgcn-amd-amdhsa--gfx90c:xnack+
:3:hip_platform.cpp         :740 : 251422105617 us:  init: Returned hipErrorNoBinaryForGpu : continue parsing remaining modules
:3:hip_code_object.cpp      :964 : 251422106784 us:  amd::Comgr::get_data() return 0 size for agent_triple_target_ids[0]=amdgcn-amd-amdhsa--gfx90c:xnack+
:3:hip_code_object.cpp      :964 : 251422106798 us:  amd::Comgr::get_data() return 0 size for agent_triple_target_ids[0]=amdgcn-amd-amdhsa--gfx90c:xnack+
:3:hip_code_object.cpp      :964 : 251422106804 us:  amd::Comgr::get_data() return 0 size for agent_triple_target_ids[0]=amdgcn-amd-amdhsa--gfx90c:xnack+
:1:hip_fatbin.cpp           :780 : 251422106809 us:  Cannot find CO in the bundle /usr/lib64/librocsolver.so.0.4 for ISA: amdgcn-amd-amdhsa--gfx90c:xnack+
:3:hip_platform.cpp         :740 : 251422106816 us:  init: Returned hipErrorNoBinaryForGpu : continue parsing remaining modules
:3:hip_code_object.cpp      :964 : 251422107816 us:  amd::Comgr::get_data() return 0 size for agent_triple_target_ids[0]=amdgcn-amd-amdhsa--gfx90c:xnack+
:3:hip_code_object.cpp      :964 : 251422107831 us:  amd::Comgr::get_data() return 0 size for agent_triple_target_ids[0]=amdgcn-amd-amdhsa--gfx90c:xnack+
:3:hip_code_object.cpp      :964 : 251422107836 us:  amd::Comgr::get_data() return 0 size for agent_triple_target_ids[0]=amdgcn-amd-amdhsa--gfx90c:xnack+
:1:hip_fatbin.cpp           :780 : 251422107842 us:  Cannot find CO in the bundle /usr/lib64/librocsolver.so.0.4 for ISA: amdgcn-amd-amdhsa--gfx90c:xnack+
:3:hip_platform.cpp         :740 : 251422107849 us:  init: Returned hipErrorNoBinaryForGpu : continue parsing remaining modules
:3:hip_code_object.cpp      :964 : 251422110886 us:  amd::Comgr::get_data() return 0 size for agent_triple_target_ids[0]=amdgcn-amd-amdhsa--gfx90c:xnack+
:3:hip_code_object.cpp      :964 : 251422110915 us:  amd::Comgr::get_data() return 0 size for agent_triple_target_ids[0]=amdgcn-amd-amdhsa--gfx90c:xnack+
:3:hip_code_object.cpp      :964 : 251422110920 us:  amd::Comgr::get_data() return 0 size for agent_triple_target_ids[0]=amdgcn-amd-amdhsa--gfx90c:xnack+
:1:hip_fatbin.cpp           :780 : 251422110927 us:  Cannot find CO in the bundle /usr/lib64/librocblas.so.4.4 for ISA: amdgcn-amd-amdhsa--gfx90c:xnack+
:3:hip_platform.cpp         :740 : 251422110938 us:  init: Returned hipErrorNoBinaryForGpu : continue parsing remaining modules
:3:hip_code_object.cpp      :964 : 251422112890 us:  amd::Comgr::get_data() return 0 size for agent_triple_target_ids[0]=amdgcn-amd-amdhsa--gfx90c:xnack+
:3:hip_code_object.cpp      :964 : 251422112919 us:  amd::Comgr::get_data() return 0 size for agent_triple_target_ids[0]=amdgcn-amd-amdhsa--gfx90c:xnack+
:3:hip_code_object.cpp      :964 : 251422112939 us:  amd::Comgr::get_data() return 0 size for agent_triple_target_ids[0]=amdgcn-amd-amdhsa--gfx90c:xnack+
:1:hip_fatbin.cpp           :780 : 251422112945 us:  Cannot find CO in the bundle /usr/lib64/librocsolver.so.0.4 for ISA: amdgcn-amd-amdhsa--gfx90c:xnack+
:3:hip_platform.cpp         :740 : 251422112955 us:  init: Returned hipErrorNoBinaryForGpu : continue parsing remaining modules
:3:hip_code_object.cpp      :964 : 251422119018 us:  amd::Comgr::get_data() return 0 size for agent_triple_target_ids[0]=amdgcn-amd-amdhsa--gfx90c:xnack+
:3:hip_code_object.cpp      :964 : 251422119048 us:  amd::Comgr::get_data() return 0 size for agent_triple_target_ids[0]=amdgcn-amd-amdhsa--gfx90c:xnack+
:3:hip_code_object.cpp      :964 : 251422119054 us:  amd::Comgr::get_data() return 0 size for agent_triple_target_ids[0]=amdgcn-amd-amdhsa--gfx90c:xnack+
:1:hip_fatbin.cpp           :780 : 251422119061 us:  Cannot find CO in the bundle /usr/lib64/librocsolver.so.0.4 for ISA: amdgcn-amd-amdhsa--gfx90c:xnack+
:3:hip_platform.cpp         :740 : 251422119073 us:  init: Returned hipErrorNoBinaryForGpu : continue parsing remaining modules
:3:hip_code_object.cpp      :964 : 251422384645 us:  amd::Comgr::get_data() return 0 size for agent_triple_target_ids[0]=amdgcn-amd-amdhsa--gfx90c:xnack+
:3:hip_code_object.cpp      :964 : 251422384673 us:  amd::Comgr::get_data() return 0 size for agent_triple_target_ids[0]=amdgcn-amd-amdhsa--gfx90c:xnack+
:3:hip_code_object.cpp      :964 : 251422384678 us:  amd::Comgr::get_data() return 0 size for agent_triple_target_ids[0]=amdgcn-amd-amdhsa--gfx90c:xnack+
:1:hip_fatbin.cpp           :780 : 251422384687 us:  Cannot find CO in the bundle /usr/lib64/librocblas.so.4.4 for ISA: amdgcn-amd-amdhsa--gfx90c:xnack+
:3:hip_platform.cpp         :740 : 251422384699 us:  init: Returned hipErrorNoBinaryForGpu : continue parsing remaining modules
:3:hip_code_object.cpp      :964 : 251422387940 us:  amd::Comgr::get_data() return 0 size for agent_triple_target_ids[0]=amdgcn-amd-amdhsa--gfx90c:xnack+
:3:hip_code_object.cpp      :964 : 251422387967 us:  amd::Comgr::get_data() return 0 size for agent_triple_target_ids[0]=amdgcn-amd-amdhsa--gfx90c:xnack+
:3:hip_code_object.cpp      :964 : 251422387972 us:  amd::Comgr::get_data() return 0 size for agent_triple_target_ids[0]=amdgcn-amd-amdhsa--gfx90c:xnack+
:1:hip_fatbin.cpp           :780 : 251422387979 us:  Cannot find CO in the bundle /usr/lib64/librocsolver.so.0.4 for ISA: amdgcn-amd-amdhsa--gfx90c:xnack+
:3:hip_platform.cpp         :740 : 251422387990 us:  init: Returned hipErrorNoBinaryForGpu : continue parsing remaining modules
:3:hip_code_object.cpp      :964 : 251422390095 us:  amd::Comgr::get_data() return 0 size for agent_triple_target_ids[0]=amdgcn-amd-amdhsa--gfx90c:xnack+
:3:hip_code_object.cpp      :964 : 251422390112 us:  amd::Comgr::get_data() return 0 size for agent_triple_target_ids[0]=amdgcn-amd-amdhsa--gfx90c:xnack+
:3:hip_code_object.cpp      :964 : 251422390117 us:  amd::Comgr::get_data() return 0 size for agent_triple_target_ids[0]=amdgcn-amd-amdhsa--gfx90c:xnack+
:1:hip_fatbin.cpp           :780 : 251422390123 us:  Cannot find CO in the bundle /usr/lib64/librocblas.so.4.4 for ISA: amdgcn-amd-amdhsa--gfx90c:xnack+
:3:hip_platform.cpp         :740 : 251422390130 us:  init: Returned hipErrorNoBinaryForGpu : continue parsing remaining modules
:3:hip_code_object.cpp      :964 : 251422391417 us:  amd::Comgr::get_data() return 0 size for agent_triple_target_ids[0]=amdgcn-amd-amdhsa--gfx90c:xnack+
:3:hip_code_object.cpp      :964 : 251422391432 us:  amd::Comgr::get_data() return 0 size for agent_triple_target_ids[0]=amdgcn-amd-amdhsa--gfx90c:xnack+
:3:hip_code_object.cpp      :964 : 251422391437 us:  amd::Comgr::get_data() return 0 size for agent_triple_target_ids[0]=amdgcn-amd-amdhsa--gfx90c:xnack+
:1:hip_fatbin.cpp           :780 : 251422391442 us:  Cannot find CO in the bundle /usr/lib64/librocsolver.so.0.4 for ISA: amdgcn-amd-amdhsa--gfx90c:xnack+
:3:hip_platform.cpp         :740 : 251422391457 us:  init: Returned hipErrorNoBinaryForGpu : continue parsing remaining modules
:3:hip_code_object.cpp      :964 : 251422597279 us:  amd::Comgr::get_data() return 0 size for agent_triple_target_ids[0]=amdgcn-amd-amdhsa--gfx90c:xnack+
:3:hip_code_object.cpp      :964 : 251422597309 us:  amd::Comgr::get_data() return 0 size for agent_triple_target_ids[0]=amdgcn-amd-amdhsa--gfx90c:xnack+
:3:hip_code_object.cpp      :964 : 251422597315 us:  amd::Comgr::get_data() return 0 size for agent_triple_target_ids[0]=amdgcn-amd-amdhsa--gfx90c:xnack+
:1:hip_fatbin.cpp           :780 : 251422597323 us:  Cannot find CO in the bundle /usr/lib64/librocsolver.so.0.4 for ISA: amdgcn-amd-amdhsa--gfx90c:xnack+
:3:hip_platform.cpp         :740 : 251422597335 us:  init: Returned hipErrorNoBinaryForGpu : continue parsing remaining modules
:3:hip_code_object.cpp      :964 : 251422737520 us:  amd::Comgr::get_data() return 0 size for agent_triple_target_ids[0]=amdgcn-amd-amdhsa--gfx90c:xnack+
:3:hip_code_object.cpp      :964 : 251422737550 us:  amd::Comgr::get_data() return 0 size for agent_triple_target_ids[0]=amdgcn-amd-amdhsa--gfx90c:xnack+
:3:hip_code_object.cpp      :964 : 251422737555 us:  amd::Comgr::get_data() return 0 size for agent_triple_target_ids[0]=amdgcn-amd-amdhsa--gfx90c:xnack+
:1:hip_fatbin.cpp           :780 : 251422737562 us:  Cannot find CO in the bundle /usr/lib64/librocblas.so.4.4 for ISA: amdgcn-amd-amdhsa--gfx90c:xnack+
:3:hip_platform.cpp         :740 : 251422737574 us:  init: Returned hipErrorNoBinaryForGpu : continue parsing remaining modules
:3:hip_code_object.cpp      :964 : 251422739275 us:  amd::Comgr::get_data() return 0 size for agent_triple_target_ids[0]=amdgcn-amd-amdhsa--gfx90c:xnack+
:3:hip_code_object.cpp      :964 : 251422739292 us:  amd::Comgr::get_data() return 0 size for agent_triple_target_ids[0]=amdgcn-amd-amdhsa--gfx90c:xnack+
:3:hip_code_object.cpp      :964 : 251422739297 us:  amd::Comgr::get_data() return 0 size for agent_triple_target_ids[0]=amdgcn-amd-amdhsa--gfx90c:xnack+
:1:hip_fatbin.cpp           :780 : 251422739303 us:  Cannot find CO in the bundle /usr/lib64/librocblas.so.4.4 for ISA: amdgcn-amd-amdhsa--gfx90c:xnack+
:3:hip_platform.cpp         :740 : 251422739311 us:  init: Returned hipErrorNoBinaryForGpu : continue parsing remaining modules
:3:hip_code_object.cpp      :964 : 251422740675 us:  amd::Comgr::get_data() return 0 size for agent_triple_target_ids[0]=amdgcn-amd-amdhsa--gfx90c:xnack+
:3:hip_code_object.cpp      :964 : 251422740690 us:  amd::Comgr::get_data() return 0 size for agent_triple_target_ids[0]=amdgcn-amd-amdhsa--gfx90c:xnack+
:3:hip_code_object.cpp      :964 : 251422740695 us:  amd::Comgr::get_data() return 0 size for agent_triple_target_ids[0]=amdgcn-amd-amdhsa--gfx90c:xnack+
:1:hip_fatbin.cpp           :780 : 251422740700 us:  Cannot find CO in the bundle /usr/lib64/librocsolver.so.0.4 for ISA: amdgcn-amd-amdhsa--gfx90c:xnack+
:3:hip_platform.cpp         :740 : 251422740706 us:  init: Returned hipErrorNoBinaryForGpu : continue parsing remaining modules
:3:hip_code_object.cpp      :964 : 251422741842 us:  amd::Comgr::get_data() return 0 size for agent_triple_target_ids[0]=amdgcn-amd-amdhsa--gfx90c:xnack+
:3:hip_code_object.cpp      :964 : 251422741855 us:  amd::Comgr::get_data() return 0 size for agent_triple_target_ids[0]=amdgcn-amd-amdhsa--gfx90c:xnack+
:3:hip_code_object.cpp      :964 : 251422741860 us:  amd::Comgr::get_data() return 0 size for agent_triple_target_ids[0]=amdgcn-amd-amdhsa--gfx90c:xnack+
:1:hip_fatbin.cpp           :780 : 251422741865 us:  Cannot find CO in the bundle /usr/lib64/librocblas.so.4.4 for ISA: amdgcn-amd-amdhsa--gfx90c:xnack+
:3:hip_platform.cpp         :740 : 251422741871 us:  init: Returned hipErrorNoBinaryForGpu : continue parsing remaining modules
:3:hip_code_object.cpp      :964 : 251422744026 us:  amd::Comgr::get_data() return 0 size for agent_triple_target_ids[0]=amdgcn-amd-amdhsa--gfx90c:xnack+
:3:hip_code_object.cpp      :964 : 251422744043 us:  amd::Comgr::get_data() return 0 size for agent_triple_target_ids[0]=amdgcn-amd-amdhsa--gfx90c:xnack+
:3:hip_code_object.cpp      :964 : 251422744057 us:  amd::Comgr::get_data() return 0 size for agent_triple_target_ids[0]=amdgcn-amd-amdhsa--gfx90c:xnack+
:1:hip_fatbin.cpp           :780 : 251422744062 us:  Cannot find CO in the bundle /usr/lib64/librocblas.so.4.4 for ISA: amdgcn-amd-amdhsa--gfx90c:xnack+
:3:hip_platform.cpp         :740 : 251422744068 us:  init: Returned hipErrorNoBinaryForGpu : continue parsing remaining modules
:3:hip_code_object.cpp      :964 : 251422745397 us:  amd::Comgr::get_data() return 0 size for agent_triple_target_ids[0]=amdgcn-amd-amdhsa--gfx90c:xnack+
:3:hip_code_object.cpp      :964 : 251422745409 us:  amd::Comgr::get_data() return 0 size for agent_triple_target_ids[0]=amdgcn-amd-amdhsa--gfx90c:xnack+
:3:hip_code_object.cpp      :964 : 251422745414 us:  amd::Comgr::get_data() return 0 size for agent_triple_target_ids[0]=amdgcn-amd-amdhsa--gfx90c:xnack+
:1:hip_fatbin.cpp           :780 : 251422745420 us:  Cannot find CO in the bundle /usr/lib64/librocsolver.so.0.4 for ISA: amdgcn-amd-amdhsa--gfx90c:xnack+
:3:hip_platform.cpp         :740 : 251422745426 us:  init: Returned hipErrorNoBinaryForGpu : continue parsing remaining modules
:3:hip_code_object.cpp      :964 : 251422751491 us:  amd::Comgr::get_data() return 0 size for agent_triple_target_ids[0]=amdgcn-amd-amdhsa--gfx90c:xnack+
:3:hip_code_object.cpp      :964 : 251422751520 us:  amd::Comgr::get_data() return 0 size for agent_triple_target_ids[0]=amdgcn-amd-amdhsa--gfx90c:xnack+
:3:hip_code_object.cpp      :964 : 251422751525 us:  amd::Comgr::get_data() return 0 size for agent_triple_target_ids[0]=amdgcn-amd-amdhsa--gfx90c:xnack+
:1:hip_fatbin.cpp           :780 : 251422751532 us:  Cannot find CO in the bundle /usr/lib64/librocblas.so.4.4 for ISA: amdgcn-amd-amdhsa--gfx90c:xnack+
:3:hip_platform.cpp         :740 : 251422751543 us:  init: Returned hipErrorNoBinaryForGpu : continue parsing remaining modules
:3:hip_code_object.cpp      :964 : 251422752996 us:  amd::Comgr::get_data() return 0 size for agent_triple_target_ids[0]=amdgcn-amd-amdhsa--gfx90c:xnack+
:3:hip_code_object.cpp      :964 : 251422753022 us:  amd::Comgr::get_data() return 0 size for agent_triple_target_ids[0]=amdgcn-amd-amdhsa--gfx90c:xnack+
:3:hip_code_object.cpp      :964 : 251422753027 us:  amd::Comgr::get_data() return 0 size for agent_triple_target_ids[0]=amdgcn-amd-amdhsa--gfx90c:xnack+
:1:hip_fatbin.cpp           :780 : 251422753032 us:  Cannot find CO in the bundle /usr/lib64/librocsolver.so.0.4 for ISA: amdgcn-amd-amdhsa--gfx90c:xnack+
:3:hip_platform.cpp         :740 : 251422753041 us:  init: Returned hipErrorNoBinaryForGpu : continue parsing remaining modules
:3:hip_code_object.cpp      :964 : 251422754968 us:  amd::Comgr::get_data() return 0 size for agent_triple_target_ids[0]=amdgcn-amd-amdhsa--gfx90c:xnack+
:3:hip_code_object.cpp      :964 : 251422754989 us:  amd::Comgr::get_data() return 0 size for agent_triple_target_ids[0]=amdgcn-amd-amdhsa--gfx90c:xnack+
:3:hip_code_object.cpp      :964 : 251422754994 us:  amd::Comgr::get_data() return 0 size for agent_triple_target_ids[0]=amdgcn-amd-amdhsa--gfx90c:xnack+
:1:hip_fatbin.cpp           :780 : 251422754999 us:  Cannot find CO in the bundle /usr/lib64/librocsolver.so.0.4 for ISA: amdgcn-amd-amdhsa--gfx90c:xnack+
:3:hip_platform.cpp         :740 : 251422755018 us:  init: Returned hipErrorNoBinaryForGpu : continue parsing remaining modules
:3:hip_code_object.cpp      :964 : 251422755983 us:  amd::Comgr::get_data() return 0 size for agent_triple_target_ids[0]=amdgcn-amd-amdhsa--gfx90c:xnack+
:3:hip_code_object.cpp      :964 : 251422755995 us:  amd::Comgr::get_data() return 0 size for agent_triple_target_ids[0]=amdgcn-amd-amdhsa--gfx90c:xnack+
:3:hip_code_object.cpp      :964 : 251422756006 us:  amd::Comgr::get_data() return 0 size for agent_triple_target_ids[0]=amdgcn-amd-amdhsa--gfx90c:xnack+
:1:hip_fatbin.cpp           :780 : 251422756012 us:  Cannot find CO in the bundle /usr/lib64/librocsolver.so.0.4 for ISA: amdgcn-amd-amdhsa--gfx90c:xnack+
:3:hip_platform.cpp         :740 : 251422756026 us:  init: Returned hipErrorNoBinaryForGpu : continue parsing remaining modules
:3:hip_code_object.cpp      :964 : 251422757688 us:  amd::Comgr::get_data() return 0 size for agent_triple_target_ids[0]=amdgcn-amd-amdhsa--gfx90c:xnack+
:3:hip_code_object.cpp      :964 : 251422757702 us:  amd::Comgr::get_data() return 0 size for agent_triple_target_ids[0]=amdgcn-amd-amdhsa--gfx90c:xnack+
:3:hip_code_object.cpp      :964 : 251422757707 us:  amd::Comgr::get_data() return 0 size for agent_triple_target_ids[0]=amdgcn-amd-amdhsa--gfx90c:xnack+
:1:hip_fatbin.cpp           :780 : 251422757712 us:  Cannot find CO in the bundle /usr/lib64/librocsolver.so.0.4 for ISA: amdgcn-amd-amdhsa--gfx90c:xnack+
:3:hip_platform.cpp         :740 : 251422757718 us:  init: Returned hipErrorNoBinaryForGpu : continue parsing remaining modules
:3:hip_code_object.cpp      :964 : 251422758879 us:  amd::Comgr::get_data() return 0 size for agent_triple_target_ids[0]=amdgcn-amd-amdhsa--gfx90c:xnack+
:3:hip_code_object.cpp      :964 : 251422758891 us:  amd::Comgr::get_data() return 0 size for agent_triple_target_ids[0]=amdgcn-amd-amdhsa--gfx90c:xnack+
:3:hip_code_object.cpp      :964 : 251422758896 us:  amd::Comgr::get_data() return 0 size for agent_triple_target_ids[0]=amdgcn-amd-amdhsa--gfx90c:xnack+
:1:hip_fatbin.cpp           :780 : 251422758901 us:  Cannot find CO in the bundle /usr/lib64/librocsolver.so.0.4 for ISA: amdgcn-amd-amdhsa--gfx90c:xnack+
:3:hip_platform.cpp         :740 : 251422758907 us:  init: Returned hipErrorNoBinaryForGpu : continue parsing remaining modules
:3:hip_code_object.cpp      :964 : 251422760128 us:  amd::Comgr::get_data() return 0 size for agent_triple_target_ids[0]=amdgcn-amd-amdhsa--gfx90c:xnack+
:3:hip_code_object.cpp      :964 : 251422760141 us:  amd::Comgr::get_data() return 0 size for agent_triple_target_ids[0]=amdgcn-amd-amdhsa--gfx90c:xnack+
:3:hip_code_object.cpp      :964 : 251422760146 us:  amd::Comgr::get_data() return 0 size for agent_triple_target_ids[0]=amdgcn-amd-amdhsa--gfx90c:xnack+
:1:hip_fatbin.cpp           :780 : 251422760151 us:  Cannot find CO in the bundle /usr/lib64/librocsolver.so.0.4 for ISA: amdgcn-amd-amdhsa--gfx90c:xnack+
:3:hip_platform.cpp         :740 : 251422760158 us:  init: Returned hipErrorNoBinaryForGpu : continue parsing remaining modules
:3:hip_code_object.cpp      :964 : 251422761966 us:  amd::Comgr::get_data() return 0 size for agent_triple_target_ids[0]=amdgcn-amd-amdhsa--gfx90c:xnack+
:3:hip_code_object.cpp      :964 : 251422761981 us:  amd::Comgr::get_data() return 0 size for agent_triple_target_ids[0]=amdgcn-amd-amdhsa--gfx90c:xnack+
:3:hip_code_object.cpp      :964 : 251422761986 us:  amd::Comgr::get_data() return 0 size for agent_triple_target_ids[0]=amdgcn-amd-amdhsa--gfx90c:xnack+
:1:hip_fatbin.cpp           :780 : 251422761992 us:  Cannot find CO in the bundle /usr/lib64/librocblas.so.4.4 for ISA: amdgcn-amd-amdhsa--gfx90c:xnack+
:3:hip_platform.cpp         :740 : 251422761999 us:  init: Returned hipErrorNoBinaryForGpu : continue parsing remaining modules
:3:hip_code_object.cpp      :964 : 251422764986 us:  amd::Comgr::get_data() return 0 size for agent_triple_target_ids[0]=amdgcn-amd-amdhsa--gfx90c:xnack+
:3:hip_code_object.cpp      :964 : 251422765015 us:  amd::Comgr::get_data() return 0 size for agent_triple_target_ids[0]=amdgcn-amd-amdhsa--gfx90c:xnack+
:3:hip_code_object.cpp      :964 : 251422765020 us:  amd::Comgr::get_data() return 0 size for agent_triple_target_ids[0]=amdgcn-amd-amdhsa--gfx90c:xnack+
:1:hip_fatbin.cpp           :780 : 251422765027 us:  Cannot find CO in the bundle /usr/lib64/librocblas.so.4.4 for ISA: amdgcn-amd-amdhsa--gfx90c:xnack+
:3:hip_platform.cpp         :740 : 251422765035 us:  init: Returned hipErrorNoBinaryForGpu : continue parsing remaining modules
:3:hip_code_object.cpp      :964 : 251422766357 us:  amd::Comgr::get_data() return 0 size for agent_triple_target_ids[0]=amdgcn-amd-amdhsa--gfx90c:xnack+
:3:hip_code_object.cpp      :964 : 251422766373 us:  amd::Comgr::get_data() return 0 size for agent_triple_target_ids[0]=amdgcn-amd-amdhsa--gfx90c:xnack+
:3:hip_code_object.cpp      :964 : 251422766387 us:  amd::Comgr::get_data() return 0 size for agent_triple_target_ids[0]=amdgcn-amd-amdhsa--gfx90c:xnack+
:1:hip_fatbin.cpp           :780 : 251422766392 us:  Cannot find CO in the bundle /usr/lib64/librocblas.so.4.4 for ISA: amdgcn-amd-amdhsa--gfx90c:xnack+
:3:hip_platform.cpp         :740 : 251422766398 us:  init: Returned hipErrorNoBinaryForGpu : continue parsing remaining modules
:3:hip_code_object.cpp      :964 : 251422767396 us:  amd::Comgr::get_data() return 0 size for agent_triple_target_ids[0]=amdgcn-amd-amdhsa--gfx90c:xnack+
:3:hip_code_object.cpp      :964 : 251422767409 us:  amd::Comgr::get_data() return 0 size for agent_triple_target_ids[0]=amdgcn-amd-amdhsa--gfx90c:xnack+
:3:hip_code_object.cpp      :964 : 251422767414 us:  amd::Comgr::get_data() return 0 size for agent_triple_target_ids[0]=amdgcn-amd-amdhsa--gfx90c:xnack+
:1:hip_fatbin.cpp           :780 : 251422767419 us:  Cannot find CO in the bundle /usr/lib64/librocsolver.so.0.4 for ISA: amdgcn-amd-amdhsa--gfx90c:xnack+
:3:hip_platform.cpp         :740 : 251422767426 us:  init: Returned hipErrorNoBinaryForGpu : continue parsing remaining modules
:3:hip_code_object.cpp      :964 : 251422768357 us:  amd::Comgr::get_data() return 0 size for agent_triple_target_ids[0]=amdgcn-amd-amdhsa--gfx90c:xnack+
:3:hip_code_object.cpp      :964 : 251422768369 us:  amd::Comgr::get_data() return 0 size for agent_triple_target_ids[0]=amdgcn-amd-amdhsa--gfx90c:xnack+
:3:hip_code_object.cpp      :964 : 251422768374 us:  amd::Comgr::get_data() return 0 size for agent_triple_target_ids[0]=amdgcn-amd-amdhsa--gfx90c:xnack+
:1:hip_fatbin.cpp           :780 : 251422768379 us:  Cannot find CO in the bundle /usr/lib64/librocsolver.so.0.4 for ISA: amdgcn-amd-amdhsa--gfx90c:xnack+
:3:hip_platform.cpp         :740 : 251422768385 us:  init: Returned hipErrorNoBinaryForGpu : continue parsing remaining modules
:3:hip_code_object.cpp      :964 : 251422769668 us:  amd::Comgr::get_data() return 0 size for agent_triple_target_ids[0]=amdgcn-amd-amdhsa--gfx90c:xnack+
:3:hip_code_object.cpp      :964 : 251422769681 us:  amd::Comgr::get_data() return 0 size for agent_triple_target_ids[0]=amdgcn-amd-amdhsa--gfx90c:xnack+
:3:hip_code_object.cpp      :964 : 251422769686 us:  amd::Comgr::get_data() return 0 size for agent_triple_target_ids[0]=amdgcn-amd-amdhsa--gfx90c:xnack+
:1:hip_fatbin.cpp           :780 : 251422769692 us:  Cannot find CO in the bundle /usr/lib64/librocsolver.so.0.4 for ISA: amdgcn-amd-amdhsa--gfx90c:xnack+
:3:hip_platform.cpp         :740 : 251422769698 us:  init: Returned hipErrorNoBinaryForGpu : continue parsing remaining modules
:3:hip_code_object.cpp      :964 : 251422775811 us:  amd::Comgr::get_data() return 0 size for agent_triple_target_ids[0]=amdgcn-amd-amdhsa--gfx90c:xnack+
:3:hip_code_object.cpp      :964 : 251422775842 us:  amd::Comgr::get_data() return 0 size for agent_triple_target_ids[0]=amdgcn-amd-amdhsa--gfx90c:xnack+
:3:hip_code_object.cpp      :964 : 251422775847 us:  amd::Comgr::get_data() return 0 size for agent_triple_target_ids[0]=amdgcn-amd-amdhsa--gfx90c:xnack+
:1:hip_fatbin.cpp           :780 : 251422775854 us:  Cannot find CO in the bundle /usr/lib64/librocsolver.so.0.4 for ISA: amdgcn-amd-amdhsa--gfx90c:xnack+
:3:hip_platform.cpp         :740 : 251422775866 us:  init: Returned hipErrorNoBinaryForGpu : continue parsing remaining modules
:3:hip_code_object.cpp      :964 : 251422777083 us:  amd::Comgr::get_data() return 0 size for agent_triple_target_ids[0]=amdgcn-amd-amdhsa--gfx90c:xnack+
:3:hip_code_object.cpp      :964 : 251422777098 us:  amd::Comgr::get_data() return 0 size for agent_triple_target_ids[0]=amdgcn-amd-amdhsa--gfx90c:xnack+
:3:hip_code_object.cpp      :964 : 251422777103 us:  amd::Comgr::get_data() return 0 size for agent_triple_target_ids[0]=amdgcn-amd-amdhsa--gfx90c:xnack+
:1:hip_fatbin.cpp           :780 : 251422777108 us:  Cannot find CO in the bundle /usr/lib64/librocsolver.so.0.4 for ISA: amdgcn-amd-amdhsa--gfx90c:xnack+
:3:hip_platform.cpp         :740 : 251422777123 us:  init: Returned hipErrorNoBinaryForGpu : continue parsing remaining modules
:3:hip_code_object.cpp      :964 : 251422780895 us:  amd::Comgr::get_data() return 0 size for agent_triple_target_ids[0]=amdgcn-amd-amdhsa--gfx90c:xnack+
:3:hip_code_object.cpp      :964 : 251422780919 us:  amd::Comgr::get_data() return 0 size for agent_triple_target_ids[0]=amdgcn-amd-amdhsa--gfx90c:xnack+
:3:hip_code_object.cpp      :964 : 251422780925 us:  amd::Comgr::get_data() return 0 size for agent_triple_target_ids[0]=amdgcn-amd-amdhsa--gfx90c:xnack+
:1:hip_fatbin.cpp           :780 : 251422780931 us:  Cannot find CO in the bundle /usr/lib64/librocsolver.so.0.4 for ISA: amdgcn-amd-amdhsa--gfx90c:xnack+
:3:hip_platform.cpp         :740 : 251422780940 us:  init: Returned hipErrorNoBinaryForGpu : continue parsing remaining modules
:3:hip_code_object.cpp      :964 : 251422783788 us:  amd::Comgr::get_data() return 0 size for agent_triple_target_ids[0]=amdgcn-amd-amdhsa--gfx90c:xnack+
:3:hip_code_object.cpp      :964 : 251422783809 us:  amd::Comgr::get_data() return 0 size for agent_triple_target_ids[0]=amdgcn-amd-amdhsa--gfx90c:xnack+
:3:hip_code_object.cpp      :964 : 251422783815 us:  amd::Comgr::get_data() return 0 size for agent_triple_target_ids[0]=amdgcn-amd-amdhsa--gfx90c:xnack+
:1:hip_fatbin.cpp           :780 : 251422783821 us:  Cannot find CO in the bundle /usr/lib64/librocsolver.so.0.4 for ISA: amdgcn-amd-amdhsa--gfx90c:xnack+
:3:hip_platform.cpp         :740 : 251422783830 us:  init: Returned hipErrorNoBinaryForGpu : continue parsing remaining modules
:3:hip_code_object.cpp      :964 : 251422785076 us:  amd::Comgr::get_data() return 0 size for agent_triple_target_ids[0]=amdgcn-amd-amdhsa--gfx90c:xnack+
:3:hip_code_object.cpp      :964 : 251422785091 us:  amd::Comgr::get_data() return 0 size for agent_triple_target_ids[0]=amdgcn-amd-amdhsa--gfx90c:xnack+
:3:hip_code_object.cpp      :964 : 251422785096 us:  amd::Comgr::get_data() return 0 size for agent_triple_target_ids[0]=amdgcn-amd-amdhsa--gfx90c:xnack+
:1:hip_fatbin.cpp           :780 : 251422785101 us:  Cannot find CO in the bundle /usr/lib64/librocsolver.so.0.4 for ISA: amdgcn-amd-amdhsa--gfx90c:xnack+
:3:hip_platform.cpp         :740 : 251422785108 us:  init: Returned hipErrorNoBinaryForGpu : continue parsing remaining modules
:3:hip_code_object.cpp      :964 : 251422786135 us:  amd::Comgr::get_data() return 0 size for agent_triple_target_ids[0]=amdgcn-amd-amdhsa--gfx90c:xnack+
:3:hip_code_object.cpp      :964 : 251422786149 us:  amd::Comgr::get_data() return 0 size for agent_triple_target_ids[0]=amdgcn-amd-amdhsa--gfx90c:xnack+
:3:hip_code_object.cpp      :964 : 251422786154 us:  amd::Comgr::get_data() return 0 size for agent_triple_target_ids[0]=amdgcn-amd-amdhsa--gfx90c:xnack+
:1:hip_fatbin.cpp           :780 : 251422786160 us:  Cannot find CO in the bundle /usr/lib64/librocsolver.so.0.4 for ISA: amdgcn-amd-amdhsa--gfx90c:xnack+
:3:hip_platform.cpp         :740 : 251422786166 us:  init: Returned hipErrorNoBinaryForGpu : continue parsing remaining modules
:3:hip_code_object.cpp      :964 : 251422787308 us:  amd::Comgr::get_data() return 0 size for agent_triple_target_ids[0]=amdgcn-amd-amdhsa--gfx90c:xnack+
:3:hip_code_object.cpp      :964 : 251422787322 us:  amd::Comgr::get_data() return 0 size for agent_triple_target_ids[0]=amdgcn-amd-amdhsa--gfx90c:xnack+
:3:hip_code_object.cpp      :964 : 251422787327 us:  amd::Comgr::get_data() return 0 size for agent_triple_target_ids[0]=amdgcn-amd-amdhsa--gfx90c:xnack+
:1:hip_fatbin.cpp           :780 : 251422787333 us:  Cannot find CO in the bundle /usr/lib64/librocsolver.so.0.4 for ISA: amdgcn-amd-amdhsa--gfx90c:xnack+
:3:hip_platform.cpp         :740 : 251422787339 us:  init: Returned hipErrorNoBinaryForGpu : continue parsing remaining modules
:3:hip_code_object.cpp      :964 : 251422788343 us:  amd::Comgr::get_data() return 0 size for agent_triple_target_ids[0]=amdgcn-amd-amdhsa--gfx90c:xnack+
:3:hip_code_object.cpp      :964 : 251422788355 us:  amd::Comgr::get_data() return 0 size for agent_triple_target_ids[0]=amdgcn-amd-amdhsa--gfx90c:xnack+
:3:hip_code_object.cpp      :964 : 251422788368 us:  amd::Comgr::get_data() return 0 size for agent_triple_target_ids[0]=amdgcn-amd-amdhsa--gfx90c:xnack+
:1:hip_fatbin.cpp           :780 : 251422788373 us:  Cannot find CO in the bundle /usr/lib64/librocsolver.so.0.4 for ISA: amdgcn-amd-amdhsa--gfx90c:xnack+
:3:hip_platform.cpp         :740 : 251422788379 us:  init: Returned hipErrorNoBinaryForGpu : continue parsing remaining modules
:3:hip_code_object.cpp      :964 : 251422789786 us:  amd::Comgr::get_data() return 0 size for agent_triple_target_ids[0]=amdgcn-amd-amdhsa--gfx90c:xnack+
:3:hip_code_object.cpp      :964 : 251422789799 us:  amd::Comgr::get_data() return 0 size for agent_triple_target_ids[0]=amdgcn-amd-amdhsa--gfx90c:xnack+
:3:hip_code_object.cpp      :964 : 251422789804 us:  amd::Comgr::get_data() return 0 size for agent_triple_target_ids[0]=amdgcn-amd-amdhsa--gfx90c:xnack+
:1:hip_fatbin.cpp           :780 : 251422789809 us:  Cannot find CO in the bundle /usr/lib64/librocsolver.so.0.4 for ISA: amdgcn-amd-amdhsa--gfx90c:xnack+
:3:hip_platform.cpp         :740 : 251422789815 us:  init: Returned hipErrorNoBinaryForGpu : continue parsing remaining modules
:3:hip_code_object.cpp      :964 : 251422790627 us:  amd::Comgr::get_data() return 0 size for agent_triple_target_ids[0]=amdgcn-amd-amdhsa--gfx90c:xnack+
:3:hip_code_object.cpp      :964 : 251422790639 us:  amd::Comgr::get_data() return 0 size for agent_triple_target_ids[0]=amdgcn-amd-amdhsa--gfx90c:xnack+
:3:hip_code_object.cpp      :964 : 251422790644 us:  amd::Comgr::get_data() return 0 size for agent_triple_target_ids[0]=amdgcn-amd-amdhsa--gfx90c:xnack+
:1:hip_fatbin.cpp           :780 : 251422790649 us:  Cannot find CO in the bundle /usr/lib64/librocsolver.so.0.4 for ISA: amdgcn-amd-amdhsa--gfx90c:xnack+
:3:hip_platform.cpp         :740 : 251422790655 us:  init: Returned hipErrorNoBinaryForGpu : continue parsing remaining modules
:3:hip_code_object.cpp      :964 : 251422794595 us:  amd::Comgr::get_data() return 0 size for agent_triple_target_ids[0]=amdgcn-amd-amdhsa--gfx90c:xnack+
:3:hip_code_object.cpp      :964 : 251422794623 us:  amd::Comgr::get_data() return 0 size for agent_triple_target_ids[0]=amdgcn-amd-amdhsa--gfx90c:xnack+
:3:hip_code_object.cpp      :964 : 251422794628 us:  amd::Comgr::get_data() return 0 size for agent_triple_target_ids[0]=amdgcn-amd-amdhsa--gfx90c:xnack+
:1:hip_fatbin.cpp           :780 : 251422794635 us:  Cannot find CO in the bundle /usr/lib64/librocblas.so.4.4 for ISA: amdgcn-amd-amdhsa--gfx90c:xnack+
:3:hip_platform.cpp         :740 : 251422794649 us:  init: Returned hipErrorNoBinaryForGpu : continue parsing remaining modules
:3:hip_code_object.cpp      :964 : 251422796197 us:  amd::Comgr::get_data() return 0 size for agent_triple_target_ids[0]=amdgcn-amd-amdhsa--gfx90c:xnack+
:3:hip_code_object.cpp      :964 : 251422796212 us:  amd::Comgr::get_data() return 0 size for agent_triple_target_ids[0]=amdgcn-amd-amdhsa--gfx90c:xnack+
:3:hip_code_object.cpp      :964 : 251422796217 us:  amd::Comgr::get_data() return 0 size for agent_triple_target_ids[0]=amdgcn-amd-amdhsa--gfx90c:xnack+
:1:hip_fatbin.cpp           :780 : 251422796222 us:  Cannot find CO in the bundle /usr/lib64/librocsolver.so.0.4 for ISA: amdgcn-amd-amdhsa--gfx90c:xnack+
:3:hip_platform.cpp         :740 : 251422796228 us:  init: Returned hipErrorNoBinaryForGpu : continue parsing remaining modules
:3:hip_code_object.cpp      :964 : 251422801612 us:  amd::Comgr::get_data() return 0 size for agent_triple_target_ids[0]=amdgcn-amd-amdhsa--gfx90c:xnack+
:3:hip_code_object.cpp      :964 : 251422801642 us:  amd::Comgr::get_data() return 0 size for agent_triple_target_ids[0]=amdgcn-amd-amdhsa--gfx90c:xnack+
:3:hip_code_object.cpp      :964 : 251422801648 us:  amd::Comgr::get_data() return 0 size for agent_triple_target_ids[0]=amdgcn-amd-amdhsa--gfx90c:xnack+
:1:hip_fatbin.cpp           :780 : 251422801655 us:  Cannot find CO in the bundle /usr/lib64/librocsolver.so.0.4 for ISA: amdgcn-amd-amdhsa--gfx90c:xnack+
:3:hip_platform.cpp         :740 : 251422801677 us:  init: Returned hipErrorNoBinaryForGpu : continue parsing remaining modules
:3:hip_code_object.cpp      :964 : 251422806644 us:  amd::Comgr::get_data() return 0 size for agent_triple_target_ids[0]=amdgcn-amd-amdhsa--gfx90c:xnack+
:3:hip_code_object.cpp      :964 : 251422806676 us:  amd::Comgr::get_data() return 0 size for agent_triple_target_ids[0]=amdgcn-amd-amdhsa--gfx90c:xnack+
:3:hip_code_object.cpp      :964 : 251422806681 us:  amd::Comgr::get_data() return 0 size for agent_triple_target_ids[0]=amdgcn-amd-amdhsa--gfx90c:xnack+
:1:hip_fatbin.cpp           :780 : 251422806689 us:  Cannot find CO in the bundle /usr/lib64/librocsolver.so.0.4 for ISA: amdgcn-amd-amdhsa--gfx90c:xnack+
:3:hip_platform.cpp         :740 : 251422806700 us:  init: Returned hipErrorNoBinaryForGpu : continue parsing remaining modules
:3:hip_code_object.cpp      :964 : 251422808373 us:  amd::Comgr::get_data() return 0 size for agent_triple_target_ids[0]=amdgcn-amd-amdhsa--gfx90c:xnack+
:3:hip_code_object.cpp      :964 : 251422808388 us:  amd::Comgr::get_data() return 0 size for agent_triple_target_ids[0]=amdgcn-amd-amdhsa--gfx90c:xnack+
:3:hip_code_object.cpp      :964 : 251422808394 us:  amd::Comgr::get_data() return 0 size for agent_triple_target_ids[0]=amdgcn-amd-amdhsa--gfx90c:xnack+
:1:hip_fatbin.cpp           :780 : 251422808399 us:  Cannot find CO in the bundle /usr/lib64/librocsolver.so.0.4 for ISA: amdgcn-amd-amdhsa--gfx90c:xnack+
:3:hip_platform.cpp         :740 : 251422808405 us:  init: Returned hipErrorNoBinaryForGpu : continue parsing remaining modules
:3:hip_code_object.cpp      :964 : 251422809551 us:  amd::Comgr::get_data() return 0 size for agent_triple_target_ids[0]=amdgcn-amd-amdhsa--gfx90c:xnack+
:3:hip_code_object.cpp      :964 : 251422809564 us:  amd::Comgr::get_data() return 0 size for agent_triple_target_ids[0]=amdgcn-amd-amdhsa--gfx90c:xnack+
:3:hip_code_object.cpp      :964 : 251422809569 us:  amd::Comgr::get_data() return 0 size for agent_triple_target_ids[0]=amdgcn-amd-amdhsa--gfx90c:xnack+
:1:hip_fatbin.cpp           :780 : 251422809574 us:  Cannot find CO in the bundle /usr/lib64/librocsolver.so.0.4 for ISA: amdgcn-amd-amdhsa--gfx90c:xnack+
:3:hip_platform.cpp         :740 : 251422809580 us:  init: Returned hipErrorNoBinaryForGpu : continue parsing remaining modules
:3:hip_code_object.cpp      :964 : 251422811900 us:  amd::Comgr::get_data() return 0 size for agent_triple_target_ids[0]=amdgcn-amd-amdhsa--gfx90c:xnack+
:3:hip_code_object.cpp      :964 : 251422811917 us:  amd::Comgr::get_data() return 0 size for agent_triple_target_ids[0]=amdgcn-amd-amdhsa--gfx90c:xnack+
:3:hip_code_object.cpp      :964 : 251422811922 us:  amd::Comgr::get_data() return 0 size for agent_triple_target_ids[0]=amdgcn-amd-amdhsa--gfx90c:xnack+
:1:hip_fatbin.cpp           :780 : 251422811927 us:  Cannot find CO in the bundle /usr/lib64/librocsolver.so.0.4 for ISA: amdgcn-amd-amdhsa--gfx90c:xnack+
:3:hip_platform.cpp         :740 : 251422811934 us:  init: Returned hipErrorNoBinaryForGpu : continue parsing remaining modules
:3:hip_code_object.cpp      :964 : 251423795169 us:  amd::Comgr::get_data() return 0 size for agent_triple_target_ids[0]=amdgcn-amd-amdhsa--gfx90c:xnack+
:3:hip_code_object.cpp      :964 : 251423795203 us:  amd::Comgr::get_data() return 0 size for agent_triple_target_ids[0]=amdgcn-amd-amdhsa--gfx90c:xnack+
:3:hip_code_object.cpp      :964 : 251423795208 us:  amd::Comgr::get_data() return 0 size for agent_triple_target_ids[0]=amdgcn-amd-amdhsa--gfx90c:xnack+
:1:hip_fatbin.cpp           :780 : 251423806986 us:  Cannot find CO in the bundle /usr/lib64/librocsolver.so.0.4 for ISA: amdgcn-amd-amdhsa--gfx90c:xnack+
:3:hip_platform.cpp         :740 : 251423807026 us:  init: Returned hipErrorNoBinaryForGpu : continue parsing remaining modules
:3:hip_code_object.cpp      :964 : 251423808592 us:  amd::Comgr::get_data() return 0 size for agent_triple_target_ids[0]=amdgcn-amd-amdhsa--gfx90c:xnack+
:3:hip_code_object.cpp      :964 : 251423808614 us:  amd::Comgr::get_data() return 0 size for agent_triple_target_ids[0]=amdgcn-amd-amdhsa--gfx90c:xnack+
:3:hip_code_object.cpp      :964 : 251423808629 us:  amd::Comgr::get_data() return 0 size for agent_triple_target_ids[0]=amdgcn-amd-amdhsa--gfx90c:xnack+
:1:hip_fatbin.cpp           :780 : 251423808636 us:  Cannot find CO in the bundle /usr/lib64/librocsolver.so.0.4 for ISA: amdgcn-amd-amdhsa--gfx90c:xnack+
:3:hip_platform.cpp         :740 : 251423808645 us:  init: Returned hipErrorNoBinaryForGpu : continue parsing remaining modules
:3:hip_code_object.cpp      :964 : 251423810555 us:  amd::Comgr::get_data() return 0 size for agent_triple_target_ids[0]=amdgcn-amd-amdhsa--gfx90c:xnack+
:3:hip_code_object.cpp      :964 : 251423810605 us:  amd::Comgr::get_data() return 0 size for agent_triple_target_ids[0]=amdgcn-amd-amdhsa--gfx90c:xnack+
:3:hip_code_object.cpp      :964 : 251423810611 us:  amd::Comgr::get_data() return 0 size for agent_triple_target_ids[0]=amdgcn-amd-amdhsa--gfx90c:xnack+
:1:hip_fatbin.cpp           :780 : 251423810620 us:  Cannot find CO in the bundle /usr/lib64/librocsolver.so.0.4 for ISA: amdgcn-amd-amdhsa--gfx90c:xnack+
:3:hip_platform.cpp         :740 : 251423810637 us:  init: Returned hipErrorNoBinaryForGpu : continue parsing remaining modules
:3:hip_code_object.cpp      :964 : 251423812426 us:  amd::Comgr::get_data() return 0 size for agent_triple_target_ids[0]=amdgcn-amd-amdhsa--gfx90c:xnack+
:3:hip_code_object.cpp      :964 : 251423812449 us:  amd::Comgr::get_data() return 0 size for agent_triple_target_ids[0]=amdgcn-amd-amdhsa--gfx90c:xnack+
:3:hip_code_object.cpp      :964 : 251423812455 us:  amd::Comgr::get_data() return 0 size for agent_triple_target_ids[0]=amdgcn-amd-amdhsa--gfx90c:xnack+
:1:hip_fatbin.cpp           :780 : 251423812461 us:  Cannot find CO in the bundle /usr/lib64/librocsolver.so.0.4 for ISA: amdgcn-amd-amdhsa--gfx90c:xnack+
:3:hip_platform.cpp         :740 : 251423812470 us:  init: Returned hipErrorNoBinaryForGpu : continue parsing remaining modules
:3:hip_code_object.cpp      :964 : 251423813670 us:  amd::Comgr::get_data() return 0 size for agent_triple_target_ids[0]=amdgcn-amd-amdhsa--gfx90c:xnack+
:3:hip_code_object.cpp      :964 : 251423813687 us:  amd::Comgr::get_data() return 0 size for agent_triple_target_ids[0]=amdgcn-amd-amdhsa--gfx90c:xnack+
:3:hip_code_object.cpp      :964 : 251423813692 us:  amd::Comgr::get_data() return 0 size for agent_triple_target_ids[0]=amdgcn-amd-amdhsa--gfx90c:xnack+
:1:hip_fatbin.cpp           :780 : 251423813697 us:  Cannot find CO in the bundle /usr/lib64/librocsolver.so.0.4 for ISA: amdgcn-amd-amdhsa--gfx90c:xnack+
:3:hip_platform.cpp         :740 : 251423813704 us:  init: Returned hipErrorNoBinaryForGpu : continue parsing remaining modules
:3:hip_code_object.cpp      :964 : 251423814875 us:  amd::Comgr::get_data() return 0 size for agent_triple_target_ids[0]=amdgcn-amd-amdhsa--gfx90c:xnack+
:3:hip_code_object.cpp      :964 : 251423814893 us:  amd::Comgr::get_data() return 0 size for agent_triple_target_ids[0]=amdgcn-amd-amdhsa--gfx90c:xnack+
:3:hip_code_object.cpp      :964 : 251423814898 us:  amd::Comgr::get_data() return 0 size for agent_triple_target_ids[0]=amdgcn-amd-amdhsa--gfx90c:xnack+
:1:hip_fatbin.cpp           :780 : 251423814903 us:  Cannot find CO in the bundle /usr/lib64/librocsolver.so.0.4 for ISA: amdgcn-amd-amdhsa--gfx90c:xnack+
:3:hip_platform.cpp         :740 : 251423814910 us:  init: Returned hipErrorNoBinaryForGpu : continue parsing remaining modules
:3:hip_code_object.cpp      :964 : 251423816692 us:  amd::Comgr::get_data() return 0 size for agent_triple_target_ids[0]=amdgcn-amd-amdhsa--gfx90c:xnack+
:3:hip_code_object.cpp      :964 : 251423816712 us:  amd::Comgr::get_data() return 0 size for agent_triple_target_ids[0]=amdgcn-amd-amdhsa--gfx90c:xnack+
:3:hip_code_object.cpp      :964 : 251423816718 us:  amd::Comgr::get_data() return 0 size for agent_triple_target_ids[0]=amdgcn-amd-amdhsa--gfx90c:xnack+
:1:hip_fatbin.cpp           :780 : 251423816723 us:  Cannot find CO in the bundle /usr/lib64/librocsolver.so.0.4 for ISA: amdgcn-amd-amdhsa--gfx90c:xnack+
:3:hip_platform.cpp         :740 : 251423816740 us:  init: Returned hipErrorNoBinaryForGpu : continue parsing remaining modules
:3:hip_code_object.cpp      :964 : 251423817871 us:  amd::Comgr::get_data() return 0 size for agent_triple_target_ids[0]=amdgcn-amd-amdhsa--gfx90c:xnack+
:3:hip_code_object.cpp      :964 : 251423817885 us:  amd::Comgr::get_data() return 0 size for agent_triple_target_ids[0]=amdgcn-amd-amdhsa--gfx90c:xnack+
:3:hip_code_object.cpp      :964 : 251423817889 us:  amd::Comgr::get_data() return 0 size for agent_triple_target_ids[0]=amdgcn-amd-amdhsa--gfx90c:xnack+
:1:hip_fatbin.cpp           :780 : 251423817895 us:  Cannot find CO in the bundle /usr/lib64/librocsolver.so.0.4 for ISA: amdgcn-amd-amdhsa--gfx90c:xnack+
:3:hip_platform.cpp         :740 : 251423817901 us:  init: Returned hipErrorNoBinaryForGpu : continue parsing remaining modules
:3:hip_code_object.cpp      :964 : 251423818999 us:  amd::Comgr::get_data() return 0 size for agent_triple_target_ids[0]=amdgcn-amd-amdhsa--gfx90c:xnack+
:3:hip_code_object.cpp      :964 : 251423819022 us:  amd::Comgr::get_data() return 0 size for agent_triple_target_ids[0]=amdgcn-amd-amdhsa--gfx90c:xnack+
:3:hip_code_object.cpp      :964 : 251423819027 us:  amd::Comgr::get_data() return 0 size for agent_triple_target_ids[0]=amdgcn-amd-amdhsa--gfx90c:xnack+
:1:hip_fatbin.cpp           :780 : 251423819032 us:  Cannot find CO in the bundle /usr/lib64/librocsolver.so.0.4 for ISA: amdgcn-amd-amdhsa--gfx90c:xnack+
:3:hip_platform.cpp         :740 : 251423819039 us:  init: Returned hipErrorNoBinaryForGpu : continue parsing remaining modules
:3:hip_code_object.cpp      :964 : 251423819861 us:  amd::Comgr::get_data() return 0 size for agent_triple_target_ids[0]=amdgcn-amd-amdhsa--gfx90c:xnack+
:3:hip_code_object.cpp      :964 : 251423819873 us:  amd::Comgr::get_data() return 0 size for agent_triple_target_ids[0]=amdgcn-amd-amdhsa--gfx90c:xnack+
:3:hip_code_object.cpp      :964 : 251423819878 us:  amd::Comgr::get_data() return 0 size for agent_triple_target_ids[0]=amdgcn-amd-amdhsa--gfx90c:xnack+
:1:hip_fatbin.cpp           :780 : 251423819883 us:  Cannot find CO in the bundle /usr/lib64/librocsolver.so.0.4 for ISA: amdgcn-amd-amdhsa--gfx90c:xnack+
:3:hip_platform.cpp         :740 : 251423819889 us:  init: Returned hipErrorNoBinaryForGpu : continue parsing remaining modules
:3:hip_code_object.cpp      :964 : 251423821020 us:  amd::Comgr::get_data() return 0 size for agent_triple_target_ids[0]=amdgcn-amd-amdhsa--gfx90c:xnack+
:3:hip_code_object.cpp      :964 : 251423821033 us:  amd::Comgr::get_data() return 0 size for agent_triple_target_ids[0]=amdgcn-amd-amdhsa--gfx90c:xnack+
:3:hip_code_object.cpp      :964 : 251423821037 us:  amd::Comgr::get_data() return 0 size for agent_triple_target_ids[0]=amdgcn-amd-amdhsa--gfx90c:xnack+
:1:hip_fatbin.cpp           :780 : 251423821042 us:  Cannot find CO in the bundle /usr/lib64/librocsolver.so.0.4 for ISA: amdgcn-amd-amdhsa--gfx90c:xnack+
:3:hip_platform.cpp         :740 : 251423821048 us:  init: Returned hipErrorNoBinaryForGpu : continue parsing remaining modules
:3:hip_code_object.cpp      :964 : 251423821829 us:  amd::Comgr::get_data() return 0 size for agent_triple_target_ids[0]=amdgcn-amd-amdhsa--gfx90c:xnack+
:3:hip_code_object.cpp      :964 : 251423821841 us:  amd::Comgr::get_data() return 0 size for agent_triple_target_ids[0]=amdgcn-amd-amdhsa--gfx90c:xnack+
:3:hip_code_object.cpp      :964 : 251423821846 us:  amd::Comgr::get_data() return 0 size for agent_triple_target_ids[0]=amdgcn-amd-amdhsa--gfx90c:xnack+
:1:hip_fatbin.cpp           :780 : 251423821851 us:  Cannot find CO in the bundle /usr/lib64/librocsolver.so.0.4 for ISA: amdgcn-amd-amdhsa--gfx90c:xnack+
:3:hip_platform.cpp         :740 : 251423821857 us:  init: Returned hipErrorNoBinaryForGpu : continue parsing remaining modules
:3:hip_code_object.cpp      :964 : 251423822802 us:  amd::Comgr::get_data() return 0 size for agent_triple_target_ids[0]=amdgcn-amd-amdhsa--gfx90c:xnack+
:3:hip_code_object.cpp      :964 : 251423822814 us:  amd::Comgr::get_data() return 0 size for agent_triple_target_ids[0]=amdgcn-amd-amdhsa--gfx90c:xnack+
:3:hip_code_object.cpp      :964 : 251423822826 us:  amd::Comgr::get_data() return 0 size for agent_triple_target_ids[0]=amdgcn-amd-amdhsa--gfx90c:xnack+
:1:hip_fatbin.cpp           :780 : 251423822831 us:  Cannot find CO in the bundle /usr/lib64/librocsolver.so.0.4 for ISA: amdgcn-amd-amdhsa--gfx90c:xnack+
:3:hip_platform.cpp         :740 : 251423822837 us:  init: Returned hipErrorNoBinaryForGpu : continue parsing remaining modules
:3:hip_code_object.cpp      :964 : 251423824169 us:  amd::Comgr::get_data() return 0 size for agent_triple_target_ids[0]=amdgcn-amd-amdhsa--gfx90c:xnack+
:3:hip_code_object.cpp      :964 : 251423824183 us:  amd::Comgr::get_data() return 0 size for agent_triple_target_ids[0]=amdgcn-amd-amdhsa--gfx90c:xnack+
:3:hip_code_object.cpp      :964 : 251423824187 us:  amd::Comgr::get_data() return 0 size for agent_triple_target_ids[0]=amdgcn-amd-amdhsa--gfx90c:xnack+
:1:hip_fatbin.cpp           :780 : 251423824192 us:  Cannot find CO in the bundle /usr/lib64/librocsolver.so.0.4 for ISA: amdgcn-amd-amdhsa--gfx90c:xnack+
:3:hip_platform.cpp         :740 : 251423824198 us:  init: Returned hipErrorNoBinaryForGpu : continue parsing remaining modules
:3:hip_code_object.cpp      :964 : 251423825164 us:  amd::Comgr::get_data() return 0 size for agent_triple_target_ids[0]=amdgcn-amd-amdhsa--gfx90c:xnack+
:3:hip_code_object.cpp      :964 : 251423825178 us:  amd::Comgr::get_data() return 0 size for agent_triple_target_ids[0]=amdgcn-amd-amdhsa--gfx90c:xnack+
:3:hip_code_object.cpp      :964 : 251423825186 us:  amd::Comgr::get_data() return 0 size for agent_triple_target_ids[0]=amdgcn-amd-amdhsa--gfx90c:xnack+
:1:hip_fatbin.cpp           :780 : 251423825193 us:  Cannot find CO in the bundle /usr/lib64/librocsolver.so.0.4 for ISA: amdgcn-amd-amdhsa--gfx90c:xnack+
:3:hip_platform.cpp         :740 : 251423825199 us:  init: Returned hipErrorNoBinaryForGpu : continue parsing remaining modules
:3:hip_code_object.cpp      :964 : 251423826325 us:  amd::Comgr::get_data() return 0 size for agent_triple_target_ids[0]=amdgcn-amd-amdhsa--gfx90c:xnack+
:3:hip_code_object.cpp      :964 : 251423826338 us:  amd::Comgr::get_data() return 0 size for agent_triple_target_ids[0]=amdgcn-amd-amdhsa--gfx90c:xnack+
:3:hip_code_object.cpp      :964 : 251423826343 us:  amd::Comgr::get_data() return 0 size for agent_triple_target_ids[0]=amdgcn-amd-amdhsa--gfx90c:xnack+
:1:hip_fatbin.cpp           :780 : 251423826348 us:  Cannot find CO in the bundle /usr/lib64/librocsolver.so.0.4 for ISA: amdgcn-amd-amdhsa--gfx90c:xnack+
:3:hip_platform.cpp         :740 : 251423826354 us:  init: Returned hipErrorNoBinaryForGpu : continue parsing remaining modules
:3:hip_code_object.cpp      :964 : 251423827264 us:  amd::Comgr::get_data() return 0 size for agent_triple_target_ids[0]=amdgcn-amd-amdhsa--gfx90c:xnack+
:3:hip_code_object.cpp      :964 : 251423827276 us:  amd::Comgr::get_data() return 0 size for agent_triple_target_ids[0]=amdgcn-amd-amdhsa--gfx90c:xnack+
:3:hip_code_object.cpp      :964 : 251423827281 us:  amd::Comgr::get_data() return 0 size for agent_triple_target_ids[0]=amdgcn-amd-amdhsa--gfx90c:xnack+
:1:hip_fatbin.cpp           :780 : 251423827286 us:  Cannot find CO in the bundle /usr/lib64/librocsolver.so.0.4 for ISA: amdgcn-amd-amdhsa--gfx90c:xnack+
:3:hip_platform.cpp         :740 : 251423827292 us:  init: Returned hipErrorNoBinaryForGpu : continue parsing remaining modules
:3:hip_code_object.cpp      :964 : 251423828014 us:  amd::Comgr::get_data() return 0 size for agent_triple_target_ids[0]=amdgcn-amd-amdhsa--gfx90c:xnack+
:3:hip_code_object.cpp      :964 : 251423828026 us:  amd::Comgr::get_data() return 0 size for agent_triple_target_ids[0]=amdgcn-amd-amdhsa--gfx90c:xnack+
:3:hip_code_object.cpp      :964 : 251423828031 us:  amd::Comgr::get_data() return 0 size for agent_triple_target_ids[0]=amdgcn-amd-amdhsa--gfx90c:xnack+
:1:hip_fatbin.cpp           :780 : 251423828036 us:  Cannot find CO in the bundle /usr/lib64/librocsolver.so.0.4 for ISA: amdgcn-amd-amdhsa--gfx90c:xnack+
:3:hip_platform.cpp         :740 : 251423828049 us:  init: Returned hipErrorNoBinaryForGpu : continue parsing remaining modules
:3:hip_code_object.cpp      :964 : 251423829152 us:  amd::Comgr::get_data() return 0 size for agent_triple_target_ids[0]=amdgcn-amd-amdhsa--gfx90c:xnack+
:3:hip_code_object.cpp      :964 : 251423829165 us:  amd::Comgr::get_data() return 0 size for agent_triple_target_ids[0]=amdgcn-amd-amdhsa--gfx90c:xnack+
:3:hip_code_object.cpp      :964 : 251423829170 us:  amd::Comgr::get_data() return 0 size for agent_triple_target_ids[0]=amdgcn-amd-amdhsa--gfx90c:xnack+
:1:hip_fatbin.cpp           :780 : 251423829174 us:  Cannot find CO in the bundle /usr/lib64/librocsolver.so.0.4 for ISA: amdgcn-amd-amdhsa--gfx90c:xnack+
:3:hip_platform.cpp         :740 : 251423829180 us:  init: Returned hipErrorNoBinaryForGpu : continue parsing remaining modules
:3:hip_code_object.cpp      :964 : 251423829925 us:  amd::Comgr::get_data() return 0 size for agent_triple_target_ids[0]=amdgcn-amd-amdhsa--gfx90c:xnack+
:3:hip_code_object.cpp      :964 : 251423829937 us:  amd::Comgr::get_data() return 0 size for agent_triple_target_ids[0]=amdgcn-amd-amdhsa--gfx90c:xnack+
:3:hip_code_object.cpp      :964 : 251423829942 us:  amd::Comgr::get_data() return 0 size for agent_triple_target_ids[0]=amdgcn-amd-amdhsa--gfx90c:xnack+
:1:hip_fatbin.cpp           :780 : 251423829947 us:  Cannot find CO in the bundle /usr/lib64/librocsolver.so.0.4 for ISA: amdgcn-amd-amdhsa--gfx90c:xnack+
:3:hip_platform.cpp         :740 : 251423829952 us:  init: Returned hipErrorNoBinaryForGpu : continue parsing remaining modules
:3:hip_code_object.cpp      :964 : 251423830687 us:  amd::Comgr::get_data() return 0 size for agent_triple_target_ids[0]=amdgcn-amd-amdhsa--gfx90c:xnack+
:3:hip_code_object.cpp      :964 : 251423830698 us:  amd::Comgr::get_data() return 0 size for agent_triple_target_ids[0]=amdgcn-amd-amdhsa--gfx90c:xnack+
:3:hip_code_object.cpp      :964 : 251423830703 us:  amd::Comgr::get_data() return 0 size for agent_triple_target_ids[0]=amdgcn-amd-amdhsa--gfx90c:xnack+
:1:hip_fatbin.cpp           :780 : 251423830708 us:  Cannot find CO in the bundle /usr/lib64/librocsolver.so.0.4 for ISA: amdgcn-amd-amdhsa--gfx90c:xnack+
:3:hip_platform.cpp         :740 : 251423830714 us:  init: Returned hipErrorNoBinaryForGpu : continue parsing remaining modules
:3:hip_code_object.cpp      :964 : 251423836667 us:  amd::Comgr::get_data() return 0 size for agent_triple_target_ids[0]=amdgcn-amd-amdhsa--gfx90c:xnack+
:3:hip_code_object.cpp      :964 : 251423836696 us:  amd::Comgr::get_data() return 0 size for agent_triple_target_ids[0]=amdgcn-amd-amdhsa--gfx90c:xnack+
:3:hip_code_object.cpp      :964 : 251423836701 us:  amd::Comgr::get_data() return 0 size for agent_triple_target_ids[0]=amdgcn-amd-amdhsa--gfx90c:xnack+
:1:hip_fatbin.cpp           :780 : 251423836709 us:  Cannot find CO in the bundle /usr/lib64/librocsolver.so.0.4 for ISA: amdgcn-amd-amdhsa--gfx90c:xnack+
:3:hip_platform.cpp         :740 : 251423836720 us:  init: Returned hipErrorNoBinaryForGpu : continue parsing remaining modules
:3:hip_code_object.cpp      :964 : 251423837997 us:  amd::Comgr::get_data() return 0 size for agent_triple_target_ids[0]=amdgcn-amd-amdhsa--gfx90c:xnack+
:3:hip_code_object.cpp      :964 : 251423838020 us:  amd::Comgr::get_data() return 0 size for agent_triple_target_ids[0]=amdgcn-amd-amdhsa--gfx90c:xnack+
:3:hip_code_object.cpp      :964 : 251423838025 us:  amd::Comgr::get_data() return 0 size for agent_triple_target_ids[0]=amdgcn-amd-amdhsa--gfx90c:xnack+
:1:hip_fatbin.cpp           :780 : 251423838030 us:  Cannot find CO in the bundle /usr/lib64/librocsolver.so.0.4 for ISA: amdgcn-amd-amdhsa--gfx90c:xnack+
:3:hip_platform.cpp         :740 : 251423838038 us:  init: Returned hipErrorNoBinaryForGpu : continue parsing remaining modules
:3:hip_code_object.cpp      :964 : 251423839131 us:  amd::Comgr::get_data() return 0 size for agent_triple_target_ids[0]=amdgcn-amd-amdhsa--gfx90c:xnack+
:3:hip_code_object.cpp      :964 : 251423839144 us:  amd::Comgr::get_data() return 0 size for agent_triple_target_ids[0]=amdgcn-amd-amdhsa--gfx90c:xnack+
:3:hip_code_object.cpp      :964 : 251423839157 us:  amd::Comgr::get_data() return 0 size for agent_triple_target_ids[0]=amdgcn-amd-amdhsa--gfx90c:xnack+
:1:hip_fatbin.cpp           :780 : 251423839162 us:  Cannot find CO in the bundle /usr/lib64/librocsolver.so.0.4 for ISA: amdgcn-amd-amdhsa--gfx90c:xnack+
:3:hip_platform.cpp         :740 : 251423839169 us:  init: Returned hipErrorNoBinaryForGpu : continue parsing remaining modules
:3:hip_code_object.cpp      :964 : 251423839909 us:  amd::Comgr::get_data() return 0 size for agent_triple_target_ids[0]=amdgcn-amd-amdhsa--gfx90c:xnack+
:3:hip_code_object.cpp      :964 : 251423839921 us:  amd::Comgr::get_data() return 0 size for agent_triple_target_ids[0]=amdgcn-amd-amdhsa--gfx90c:xnack+
:3:hip_code_object.cpp      :964 : 251423839926 us:  amd::Comgr::get_data() return 0 size for agent_triple_target_ids[0]=amdgcn-amd-amdhsa--gfx90c:xnack+
:1:hip_fatbin.cpp           :780 : 251423839931 us:  Cannot find CO in the bundle /usr/lib64/librocsolver.so.0.4 for ISA: amdgcn-amd-amdhsa--gfx90c:xnack+
:3:hip_platform.cpp         :740 : 251423839936 us:  init: Returned hipErrorNoBinaryForGpu : continue parsing remaining modules
:3:hip_code_object.cpp      :964 : 251423850651 us:  amd::Comgr::get_data() return 0 size for agent_triple_target_ids[0]=amdgcn-amd-amdhsa--gfx90c:xnack+
:3:hip_code_object.cpp      :964 : 251423850686 us:  amd::Comgr::get_data() return 0 size for agent_triple_target_ids[0]=amdgcn-amd-amdhsa--gfx90c:xnack+
:3:hip_code_object.cpp      :964 : 251423850692 us:  amd::Comgr::get_data() return 0 size for agent_triple_target_ids[0]=amdgcn-amd-amdhsa--gfx90c:xnack+
:1:hip_fatbin.cpp           :780 : 251423850700 us:  Cannot find CO in the bundle /usr/lib64/librocsolver.so.0.4 for ISA: amdgcn-amd-amdhsa--gfx90c:xnack+
:3:hip_platform.cpp         :740 : 251423850711 us:  init: Returned hipErrorNoBinaryForGpu : continue parsing remaining modules
:3:hip_code_object.cpp      :964 : 251423854868 us:  amd::Comgr::get_data() return 0 size for agent_triple_target_ids[0]=amdgcn-amd-amdhsa--gfx90c:xnack+
:3:hip_code_object.cpp      :964 : 251423854901 us:  amd::Comgr::get_data() return 0 size for agent_triple_target_ids[0]=amdgcn-amd-amdhsa--gfx90c:xnack+
:3:hip_code_object.cpp      :964 : 251423854907 us:  amd::Comgr::get_data() return 0 size for agent_triple_target_ids[0]=amdgcn-amd-amdhsa--gfx90c:xnack+
:1:hip_fatbin.cpp           :780 : 251423854914 us:  Cannot find CO in the bundle /usr/lib64/librocsolver.so.0.4 for ISA: amdgcn-amd-amdhsa--gfx90c:xnack+
:3:hip_platform.cpp         :740 : 251423854925 us:  init: Returned hipErrorNoBinaryForGpu : continue parsing remaining modules
:3:hip_code_object.cpp      :964 : 251423857098 us:  amd::Comgr::get_data() return 0 size for agent_triple_target_ids[0]=amdgcn-amd-amdhsa--gfx90c:xnack+
:3:hip_code_object.cpp      :964 : 251423857126 us:  amd::Comgr::get_data() return 0 size for agent_triple_target_ids[0]=amdgcn-amd-amdhsa--gfx90c:xnack+
:3:hip_code_object.cpp      :964 : 251423857131 us:  amd::Comgr::get_data() return 0 size for agent_triple_target_ids[0]=amdgcn-amd-amdhsa--gfx90c:xnack+
:1:hip_fatbin.cpp           :780 : 251423857137 us:  Cannot find CO in the bundle /usr/lib64/librocsolver.so.0.4 for ISA: amdgcn-amd-amdhsa--gfx90c:xnack+
:3:hip_platform.cpp         :740 : 251423857148 us:  init: Returned hipErrorNoBinaryForGpu : continue parsing remaining modules
:3:hip_code_object.cpp      :964 : 251423859130 us:  amd::Comgr::get_data() return 0 size for agent_triple_target_ids[0]=amdgcn-amd-amdhsa--gfx90c:xnack+
:3:hip_code_object.cpp      :964 : 251423859147 us:  amd::Comgr::get_data() return 0 size for agent_triple_target_ids[0]=amdgcn-amd-amdhsa--gfx90c:xnack+
:3:hip_code_object.cpp      :964 : 251423859153 us:  amd::Comgr::get_data() return 0 size for agent_triple_target_ids[0]=amdgcn-amd-amdhsa--gfx90c:xnack+
:1:hip_fatbin.cpp           :780 : 251423859158 us:  Cannot find CO in the bundle /usr/lib64/librocsolver.so.0.4 for ISA: amdgcn-amd-amdhsa--gfx90c:xnack+
:3:hip_platform.cpp         :740 : 251423859175 us:  init: Returned hipErrorNoBinaryForGpu : continue parsing remaining modules
:3:hip_code_object.cpp      :964 : 251423860044 us:  amd::Comgr::get_data() return 0 size for agent_triple_target_ids[0]=amdgcn-amd-amdhsa--gfx90c:xnack+
:3:hip_code_object.cpp      :964 : 251423860056 us:  amd::Comgr::get_data() return 0 size for agent_triple_target_ids[0]=amdgcn-amd-amdhsa--gfx90c:xnack+
:3:hip_code_object.cpp      :964 : 251423860061 us:  amd::Comgr::get_data() return 0 size for agent_triple_target_ids[0]=amdgcn-amd-amdhsa--gfx90c:xnack+
:1:hip_fatbin.cpp           :780 : 251423860066 us:  Cannot find CO in the bundle /usr/lib64/librocblas.so.4.4 for ISA: amdgcn-amd-amdhsa--gfx90c:xnack+
:3:hip_platform.cpp         :740 : 251423860072 us:  init: Returned hipErrorNoBinaryForGpu : continue parsing remaining modules
:3:hip_code_object.cpp      :964 : 251423861488 us:  amd::Comgr::get_data() return 0 size for agent_triple_target_ids[0]=amdgcn-amd-amdhsa--gfx90c:xnack+
:3:hip_code_object.cpp      :964 : 251423861503 us:  amd::Comgr::get_data() return 0 size for agent_triple_target_ids[0]=amdgcn-amd-amdhsa--gfx90c:xnack+
:3:hip_code_object.cpp      :964 : 251423861508 us:  amd::Comgr::get_data() return 0 size for agent_triple_target_ids[0]=amdgcn-amd-amdhsa--gfx90c:xnack+
:1:hip_fatbin.cpp           :780 : 251423861513 us:  Cannot find CO in the bundle /usr/lib64/librocsolver.so.0.4 for ISA: amdgcn-amd-amdhsa--gfx90c:xnack+
:3:hip_platform.cpp         :740 : 251423861520 us:  init: Returned hipErrorNoBinaryForGpu : continue parsing remaining modules
:3:hip_code_object.cpp      :964 : 251423900887 us:  amd::Comgr::get_data() return 0 size for agent_triple_target_ids[0]=amdgcn-amd-amdhsa--gfx90c:xnack+
:3:hip_code_object.cpp      :964 : 251423900919 us:  amd::Comgr::get_data() return 0 size for agent_triple_target_ids[0]=amdgcn-amd-amdhsa--gfx90c:xnack+
:3:hip_code_object.cpp      :964 : 251423900924 us:  amd::Comgr::get_data() return 0 size for agent_triple_target_ids[0]=amdgcn-amd-amdhsa--gfx90c:xnack+
:1:hip_fatbin.cpp           :780 : 251423900932 us:  Cannot find CO in the bundle /usr/lib64/librocblas.so.4.4 for ISA: amdgcn-amd-amdhsa--gfx90c:xnack+
:3:hip_platform.cpp         :740 : 251423900943 us:  init: Returned hipErrorNoBinaryForGpu : continue parsing remaining modules
:3:hip_code_object.cpp      :964 : 251423902728 us:  amd::Comgr::get_data() return 0 size for agent_triple_target_ids[0]=amdgcn-amd-amdhsa--gfx90c:xnack+
:3:hip_code_object.cpp      :964 : 251423902755 us:  amd::Comgr::get_data() return 0 size for agent_triple_target_ids[0]=amdgcn-amd-amdhsa--gfx90c:xnack+
:3:hip_code_object.cpp      :964 : 251423902760 us:  amd::Comgr::get_data() return 0 size for agent_triple_target_ids[0]=amdgcn-amd-amdhsa--gfx90c:xnack+
:1:hip_fatbin.cpp           :780 : 251423902766 us:  Cannot find CO in the bundle /usr/lib64/librocsolver.so.0.4 for ISA: amdgcn-amd-amdhsa--gfx90c:xnack+
:3:hip_platform.cpp         :740 : 251423902777 us:  init: Returned hipErrorNoBinaryForGpu : continue parsing remaining modules
:3:hip_code_object.cpp      :964 : 251423904334 us:  amd::Comgr::get_data() return 0 size for agent_triple_target_ids[0]=amdgcn-amd-amdhsa--gfx90c:xnack+
:3:hip_code_object.cpp      :964 : 251423904349 us:  amd::Comgr::get_data() return 0 size for agent_triple_target_ids[0]=amdgcn-amd-amdhsa--gfx90c:xnack+
:3:hip_code_object.cpp      :964 : 251423904354 us:  amd::Comgr::get_data() return 0 size for agent_triple_target_ids[0]=amdgcn-amd-amdhsa--gfx90c:xnack+
:1:hip_fatbin.cpp           :780 : 251423904359 us:  Cannot find CO in the bundle /usr/lib64/librocsolver.so.0.4 for ISA: amdgcn-amd-amdhsa--gfx90c:xnack+
:3:hip_platform.cpp         :740 : 251423904366 us:  init: Returned hipErrorNoBinaryForGpu : continue parsing remaining modules
:3:hip_code_object.cpp      :964 : 251423906238 us:  amd::Comgr::get_data() return 0 size for agent_triple_target_ids[0]=amdgcn-amd-amdhsa--gfx90c:xnack+
:3:hip_code_object.cpp      :964 : 251423906263 us:  amd::Comgr::get_data() return 0 size for agent_triple_target_ids[0]=amdgcn-amd-amdhsa--gfx90c:xnack+
:3:hip_code_object.cpp      :964 : 251423906276 us:  amd::Comgr::get_data() return 0 size for agent_triple_target_ids[0]=amdgcn-amd-amdhsa--gfx90c:xnack+
:1:hip_fatbin.cpp           :780 : 251423906282 us:  Cannot find CO in the bundle /usr/lib64/librocsolver.so.0.4 for ISA: amdgcn-amd-amdhsa--gfx90c:xnack+
:3:hip_platform.cpp         :740 : 251423906291 us:  init: Returned hipErrorNoBinaryForGpu : continue parsing remaining modules
:3:hip_code_object.cpp      :964 : 251423908200 us:  amd::Comgr::get_data() return 0 size for agent_triple_target_ids[0]=amdgcn-amd-amdhsa--gfx90c:xnack+
:3:hip_code_object.cpp      :964 : 251423908219 us:  amd::Comgr::get_data() return 0 size for agent_triple_target_ids[0]=amdgcn-amd-amdhsa--gfx90c:xnack+
:3:hip_code_object.cpp      :964 : 251423908224 us:  amd::Comgr::get_data() return 0 size for agent_triple_target_ids[0]=amdgcn-amd-amdhsa--gfx90c:xnack+
:1:hip_fatbin.cpp           :780 : 251423908229 us:  Cannot find CO in the bundle /usr/lib64/librocsolver.so.0.4 for ISA: amdgcn-amd-amdhsa--gfx90c:xnack+
:3:hip_platform.cpp         :740 : 251423908237 us:  init: Returned hipErrorNoBinaryForGpu : continue parsing remaining modules
:3:hip_code_object.cpp      :964 : 251423909446 us:  amd::Comgr::get_data() return 0 size for agent_triple_target_ids[0]=amdgcn-amd-amdhsa--gfx90c:xnack+
:3:hip_code_object.cpp      :964 : 251423909460 us:  amd::Comgr::get_data() return 0 size for agent_triple_target_ids[0]=amdgcn-amd-amdhsa--gfx90c:xnack+
:3:hip_code_object.cpp      :964 : 251423909465 us:  amd::Comgr::get_data() return 0 size for agent_triple_target_ids[0]=amdgcn-amd-amdhsa--gfx90c:xnack+
:1:hip_fatbin.cpp           :780 : 251423909470 us:  Cannot find CO in the bundle /usr/lib64/librocsolver.so.0.4 for ISA: amdgcn-amd-amdhsa--gfx90c:xnack+
:3:hip_platform.cpp         :740 : 251423909476 us:  init: Returned hipErrorNoBinaryForGpu : continue parsing remaining modules
:3:hip_code_object.cpp      :964 : 251423924248 us:  amd::Comgr::get_data() return 0 size for agent_triple_target_ids[0]=amdgcn-amd-amdhsa--gfx90c:xnack+
:3:hip_code_object.cpp      :964 : 251423924277 us:  amd::Comgr::get_data() return 0 size for agent_triple_target_ids[0]=amdgcn-amd-amdhsa--gfx90c:xnack+
:3:hip_code_object.cpp      :964 : 251423924282 us:  amd::Comgr::get_data() return 0 size for agent_triple_target_ids[0]=amdgcn-amd-amdhsa--gfx90c:xnack+
:1:hip_fatbin.cpp           :780 : 251423924290 us:  Cannot find CO in the bundle /usr/lib64/librocsolver.so.0.4 for ISA: amdgcn-amd-amdhsa--gfx90c:xnack+
:3:hip_platform.cpp         :740 : 251423924301 us:  init: Returned hipErrorNoBinaryForGpu : continue parsing remaining modules
:3:hip_code_object.cpp      :964 : 251423930321 us:  amd::Comgr::get_data() return 0 size for agent_triple_target_ids[0]=amdgcn-amd-amdhsa--gfx90c:xnack+
:3:hip_code_object.cpp      :964 : 251423930357 us:  amd::Comgr::get_data() return 0 size for agent_triple_target_ids[0]=amdgcn-amd-amdhsa--gfx90c:xnack+
:3:hip_code_object.cpp      :964 : 251423930362 us:  amd::Comgr::get_data() return 0 size for agent_triple_target_ids[0]=amdgcn-amd-amdhsa--gfx90c:xnack+
:1:hip_fatbin.cpp           :780 : 251423930369 us:  Cannot find CO in the bundle /usr/lib64/librocsolver.so.0.4 for ISA: amdgcn-amd-amdhsa--gfx90c:xnack+
:3:hip_platform.cpp         :740 : 251423930383 us:  init: Returned hipErrorNoBinaryForGpu : continue parsing remaining modules
:3:hip_code_object.cpp      :964 : 251423931719 us:  amd::Comgr::get_data() return 0 size for agent_triple_target_ids[0]=amdgcn-amd-amdhsa--gfx90c:xnack+
:3:hip_code_object.cpp      :964 : 251423931732 us:  amd::Comgr::get_data() return 0 size for agent_triple_target_ids[0]=amdgcn-amd-amdhsa--gfx90c:xnack+
:3:hip_code_object.cpp      :964 : 251423931738 us:  amd::Comgr::get_data() return 0 size for agent_triple_target_ids[0]=amdgcn-amd-amdhsa--gfx90c:xnack+
:1:hip_fatbin.cpp           :780 : 251423931743 us:  Cannot find CO in the bundle /usr/lib64/librocsolver.so.0.4 for ISA: amdgcn-amd-amdhsa--gfx90c:xnack+
:3:hip_platform.cpp         :740 : 251423931757 us:  init: Returned hipErrorNoBinaryForGpu : continue parsing remaining modules
:3:hip_code_object.cpp      :964 : 251423933044 us:  amd::Comgr::get_data() return 0 size for agent_triple_target_ids[0]=amdgcn-amd-amdhsa--gfx90c:xnack+
:3:hip_code_object.cpp      :964 : 251423933057 us:  amd::Comgr::get_data() return 0 size for agent_triple_target_ids[0]=amdgcn-amd-amdhsa--gfx90c:xnack+
:3:hip_code_object.cpp      :964 : 251423933062 us:  amd::Comgr::get_data() return 0 size for agent_triple_target_ids[0]=amdgcn-amd-amdhsa--gfx90c:xnack+
:1:hip_fatbin.cpp           :780 : 251423933067 us:  Cannot find CO in the bundle /usr/lib64/librocsolver.so.0.4 for ISA: amdgcn-amd-amdhsa--gfx90c:xnack+
:3:hip_platform.cpp         :740 : 251423933073 us:  init: Returned hipErrorNoBinaryForGpu : continue parsing remaining modules
:3:hip_code_object.cpp      :964 : 251423934854 us:  amd::Comgr::get_data() return 0 size for agent_triple_target_ids[0]=amdgcn-amd-amdhsa--gfx90c:xnack+
:3:hip_code_object.cpp      :964 : 251423934871 us:  amd::Comgr::get_data() return 0 size for agent_triple_target_ids[0]=amdgcn-amd-amdhsa--gfx90c:xnack+
:3:hip_code_object.cpp      :964 : 251423934876 us:  amd::Comgr::get_data() return 0 size for agent_triple_target_ids[0]=amdgcn-amd-amdhsa--gfx90c:xnack+
:1:hip_fatbin.cpp           :780 : 251423934882 us:  Cannot find CO in the bundle /usr/lib64/librocsolver.so.0.4 for ISA: amdgcn-amd-amdhsa--gfx90c:xnack+
:3:hip_platform.cpp         :740 : 251423934888 us:  init: Returned hipErrorNoBinaryForGpu : continue parsing remaining modules
:3:hip_code_object.cpp      :964 : 251423936258 us:  amd::Comgr::get_data() return 0 size for agent_triple_target_ids[0]=amdgcn-amd-amdhsa--gfx90c:xnack+
:3:hip_code_object.cpp      :964 : 251423936273 us:  amd::Comgr::get_data() return 0 size for agent_triple_target_ids[0]=amdgcn-amd-amdhsa--gfx90c:xnack+
:3:hip_code_object.cpp      :964 : 251423936278 us:  amd::Comgr::get_data() return 0 size for agent_triple_target_ids[0]=amdgcn-amd-amdhsa--gfx90c:xnack+
:1:hip_fatbin.cpp           :780 : 251423936283 us:  Cannot find CO in the bundle /usr/lib64/librocsolver.so.0.4 for ISA: amdgcn-amd-amdhsa--gfx90c:xnack+
:3:hip_platform.cpp         :740 : 251423936290 us:  init: Returned hipErrorNoBinaryForGpu : continue parsing remaining modules
:3:hip_code_object.cpp      :964 : 251423940243 us:  amd::Comgr::get_data() return 0 size for agent_triple_target_ids[0]=amdgcn-amd-amdhsa--gfx90c:xnack+
:3:hip_code_object.cpp      :964 : 251423940270 us:  amd::Comgr::get_data() return 0 size for agent_triple_target_ids[0]=amdgcn-amd-amdhsa--gfx90c:xnack+
:3:hip_code_object.cpp      :964 : 251423940276 us:  amd::Comgr::get_data() return 0 size for agent_triple_target_ids[0]=amdgcn-amd-amdhsa--gfx90c:xnack+
:1:hip_fatbin.cpp           :780 : 251423940283 us:  Cannot find CO in the bundle /usr/lib64/librocsolver.so.0.4 for ISA: amdgcn-amd-amdhsa--gfx90c:xnack+
:3:hip_platform.cpp         :740 : 251423940294 us:  init: Returned hipErrorNoBinaryForGpu : continue parsing remaining modules
:3:hip_code_object.cpp      :964 : 251424574659 us:  amd::Comgr::get_data() return 0 size for agent_triple_target_ids[0]=amdgcn-amd-amdhsa--gfx90c:xnack+
:3:hip_code_object.cpp      :964 : 251424574692 us:  amd::Comgr::get_data() return 0 size for agent_triple_target_ids[0]=amdgcn-amd-amdhsa--gfx90c:xnack+
:3:hip_code_object.cpp      :964 : 251424574698 us:  amd::Comgr::get_data() return 0 size for agent_triple_target_ids[0]=amdgcn-amd-amdhsa--gfx90c:xnack+
:1:hip_fatbin.cpp           :780 : 251424574706 us:  Cannot find CO in the bundle /usr/lib64/librocblas.so.4.4 for ISA: amdgcn-amd-amdhsa--gfx90c:xnack+
:3:hip_platform.cpp         :740 : 251424574718 us:  init: Returned hipErrorNoBinaryForGpu : continue parsing remaining modules
:3:hip_code_object.cpp      :964 : 251424576456 us:  amd::Comgr::get_data() return 0 size for agent_triple_target_ids[0]=amdgcn-amd-amdhsa--gfx90c:xnack+
:3:hip_code_object.cpp      :964 : 251424576477 us:  amd::Comgr::get_data() return 0 size for agent_triple_target_ids[0]=amdgcn-amd-amdhsa--gfx90c:xnack+
:3:hip_code_object.cpp      :964 : 251424576492 us:  amd::Comgr::get_data() return 0 size for agent_triple_target_ids[0]=amdgcn-amd-amdhsa--gfx90c:xnack+
:1:hip_fatbin.cpp           :780 : 251424576498 us:  Cannot find CO in the bundle /usr/lib64/librocsolver.so.0.4 for ISA: amdgcn-amd-amdhsa--gfx90c:xnack+
:3:hip_platform.cpp         :740 : 251424576506 us:  init: Returned hipErrorNoBinaryForGpu : continue parsing remaining modules
:3:hip_code_object.cpp      :964 : 251424577859 us:  amd::Comgr::get_data() return 0 size for agent_triple_target_ids[0]=amdgcn-amd-amdhsa--gfx90c:xnack+
:3:hip_code_object.cpp      :964 : 251424577875 us:  amd::Comgr::get_data() return 0 size for agent_triple_target_ids[0]=amdgcn-amd-amdhsa--gfx90c:xnack+
:3:hip_code_object.cpp      :964 : 251424577881 us:  amd::Comgr::get_data() return 0 size for agent_triple_target_ids[0]=amdgcn-amd-amdhsa--gfx90c:xnack+
:1:hip_fatbin.cpp           :780 : 251424577887 us:  Cannot find CO in the bundle /usr/lib64/librocsolver.so.0.4 for ISA: amdgcn-amd-amdhsa--gfx90c:xnack+
:3:hip_platform.cpp         :740 : 251424577894 us:  init: Returned hipErrorNoBinaryForGpu : continue parsing remaining modules
:3:hip_code_object.cpp      :964 : 251424579388 us:  amd::Comgr::get_data() return 0 size for agent_triple_target_ids[0]=amdgcn-amd-amdhsa--gfx90c:xnack+
:3:hip_code_object.cpp      :964 : 251424579402 us:  amd::Comgr::get_data() return 0 size for agent_triple_target_ids[0]=amdgcn-amd-amdhsa--gfx90c:xnack+
:3:hip_code_object.cpp      :964 : 251424579408 us:  amd::Comgr::get_data() return 0 size for agent_triple_target_ids[0]=amdgcn-amd-amdhsa--gfx90c:xnack+
:1:hip_fatbin.cpp           :780 : 251424579413 us:  Cannot find CO in the bundle /usr/lib64/librocblas.so.4.4 for ISA: amdgcn-amd-amdhsa--gfx90c:xnack+
:3:hip_platform.cpp         :740 : 251424579420 us:  init: Returned hipErrorNoBinaryForGpu : continue parsing remaining modules
:3:hip_code_object.cpp      :964 : 251424580586 us:  amd::Comgr::get_data() return 0 size for agent_triple_target_ids[0]=amdgcn-amd-amdhsa--gfx90c:xnack+
:3:hip_code_object.cpp      :964 : 251424580601 us:  amd::Comgr::get_data() return 0 size for agent_triple_target_ids[0]=amdgcn-amd-amdhsa--gfx90c:xnack+
:3:hip_code_object.cpp      :964 : 251424580606 us:  amd::Comgr::get_data() return 0 size for agent_triple_target_ids[0]=amdgcn-amd-amdhsa--gfx90c:xnack+
:1:hip_fatbin.cpp           :780 : 251424580612 us:  Cannot find CO in the bundle /usr/lib64/librocsolver.so.0.4 for ISA: amdgcn-amd-amdhsa--gfx90c:xnack+
:3:hip_platform.cpp         :740 : 251424580618 us:  init: Returned hipErrorNoBinaryForGpu : continue parsing remaining modules
:3:hip_code_object.cpp      :964 : 251424585079 us:  amd::Comgr::get_data() return 0 size for agent_triple_target_ids[0]=amdgcn-amd-amdhsa--gfx90c:xnack+
:3:hip_code_object.cpp      :964 : 251424585111 us:  amd::Comgr::get_data() return 0 size for agent_triple_target_ids[0]=amdgcn-amd-amdhsa--gfx90c:xnack+
:3:hip_code_object.cpp      :964 : 251424585116 us:  amd::Comgr::get_data() return 0 size for agent_triple_target_ids[0]=amdgcn-amd-amdhsa--gfx90c:xnack+
:1:hip_fatbin.cpp           :780 : 251424585124 us:  Cannot find CO in the bundle /usr/lib64/librocsolver.so.0.4 for ISA: amdgcn-amd-amdhsa--gfx90c:xnack+
:3:hip_platform.cpp         :740 : 251424585136 us:  init: Returned hipErrorNoBinaryForGpu : continue parsing remaining modules
:3:hip_code_object.cpp      :964 : 251424586890 us:  amd::Comgr::get_data() return 0 size for agent_triple_target_ids[0]=amdgcn-amd-amdhsa--gfx90c:xnack+
:3:hip_code_object.cpp      :964 : 251424586912 us:  amd::Comgr::get_data() return 0 size for agent_triple_target_ids[0]=amdgcn-amd-amdhsa--gfx90c:xnack+
:3:hip_code_object.cpp      :964 : 251424586917 us:  amd::Comgr::get_data() return 0 size for agent_triple_target_ids[0]=amdgcn-amd-amdhsa--gfx90c:xnack+
:1:hip_fatbin.cpp           :780 : 251424586924 us:  Cannot find CO in the bundle /usr/lib64/librocsolver.so.0.4 for ISA: amdgcn-amd-amdhsa--gfx90c:xnack+
:3:hip_platform.cpp         :740 : 251424586942 us:  init: Returned hipErrorNoBinaryForGpu : continue parsing remaining modules
:3:hip_code_object.cpp      :964 : 251424588329 us:  amd::Comgr::get_data() return 0 size for agent_triple_target_ids[0]=amdgcn-amd-amdhsa--gfx90c:xnack+
:3:hip_code_object.cpp      :964 : 251424588345 us:  amd::Comgr::get_data() return 0 size for agent_triple_target_ids[0]=amdgcn-amd-amdhsa--gfx90c:xnack+
:3:hip_code_object.cpp      :964 : 251424588350 us:  amd::Comgr::get_data() return 0 size for agent_triple_target_ids[0]=amdgcn-amd-amdhsa--gfx90c:xnack+
:1:hip_fatbin.cpp           :780 : 251424588356 us:  Cannot find CO in the bundle /usr/lib64/librocsolver.so.0.4 for ISA: amdgcn-amd-amdhsa--gfx90c:xnack+
:3:hip_platform.cpp         :740 : 251424588362 us:  init: Returned hipErrorNoBinaryForGpu : continue parsing remaining modules
:3:hip_code_object.cpp      :964 : 251424589631 us:  amd::Comgr::get_data() return 0 size for agent_triple_target_ids[0]=amdgcn-amd-amdhsa--gfx90c:xnack+
:3:hip_code_object.cpp      :964 : 251424589648 us:  amd::Comgr::get_data() return 0 size for agent_triple_target_ids[0]=amdgcn-amd-amdhsa--gfx90c:xnack+
:3:hip_code_object.cpp      :964 : 251424589653 us:  amd::Comgr::get_data() return 0 size for agent_triple_target_ids[0]=amdgcn-amd-amdhsa--gfx90c:xnack+
:1:hip_fatbin.cpp           :780 : 251424589659 us:  Cannot find CO in the bundle /usr/lib64/librocsolver.so.0.4 for ISA: amdgcn-amd-amdhsa--gfx90c:xnack+
:3:hip_platform.cpp         :740 : 251424589666 us:  init: Returned hipErrorNoBinaryForGpu : continue parsing remaining modules
:3:hip_code_object.cpp      :964 : 251424591987 us:  amd::Comgr::get_data() return 0 size for agent_triple_target_ids[0]=amdgcn-amd-amdhsa--gfx90c:xnack+
:3:hip_code_object.cpp      :964 : 251424592016 us:  amd::Comgr::get_data() return 0 size for agent_triple_target_ids[0]=amdgcn-amd-amdhsa--gfx90c:xnack+
:3:hip_code_object.cpp      :964 : 251424592021 us:  amd::Comgr::get_data() return 0 size for agent_triple_target_ids[0]=amdgcn-amd-amdhsa--gfx90c:xnack+
:1:hip_fatbin.cpp           :780 : 251424592027 us:  Cannot find CO in the bundle /usr/lib64/librocblas.so.4.4 for ISA: amdgcn-amd-amdhsa--gfx90c:xnack+
:3:hip_platform.cpp         :740 : 251424592035 us:  init: Returned hipErrorNoBinaryForGpu : continue parsing remaining modules
:3:hip_code_object.cpp      :964 : 251424593502 us:  amd::Comgr::get_data() return 0 size for agent_triple_target_ids[0]=amdgcn-amd-amdhsa--gfx90c:xnack+
:3:hip_code_object.cpp      :964 : 251424593518 us:  amd::Comgr::get_data() return 0 size for agent_triple_target_ids[0]=amdgcn-amd-amdhsa--gfx90c:xnack+
:3:hip_code_object.cpp      :964 : 251424593523 us:  amd::Comgr::get_data() return 0 size for agent_triple_target_ids[0]=amdgcn-amd-amdhsa--gfx90c:xnack+
:1:hip_fatbin.cpp           :780 : 251424593528 us:  Cannot find CO in the bundle /usr/lib64/librocsolver.so.0.4 for ISA: amdgcn-amd-amdhsa--gfx90c:xnack+
:3:hip_platform.cpp         :740 : 251424593535 us:  init: Returned hipErrorNoBinaryForGpu : continue parsing remaining modules
:3:hip_code_object.cpp      :964 : 251424595091 us:  amd::Comgr::get_data() return 0 size for agent_triple_target_ids[0]=amdgcn-amd-amdhsa--gfx90c:xnack+
:3:hip_code_object.cpp      :964 : 251424595113 us:  amd::Comgr::get_data() return 0 size for agent_triple_target_ids[0]=amdgcn-amd-amdhsa--gfx90c:xnack+
:3:hip_code_object.cpp      :964 : 251424595118 us:  amd::Comgr::get_data() return 0 size for agent_triple_target_ids[0]=amdgcn-amd-amdhsa--gfx90c:xnack+
:1:hip_fatbin.cpp           :780 : 251424595124 us:  Cannot find CO in the bundle /usr/lib64/librocsolver.so.0.4 for ISA: amdgcn-amd-amdhsa--gfx90c:xnack+
:3:hip_platform.cpp         :740 : 251424595132 us:  init: Returned hipErrorNoBinaryForGpu : continue parsing remaining modules
:3:hip_code_object.cpp      :964 : 251424596521 us:  amd::Comgr::get_data() return 0 size for agent_triple_target_ids[0]=amdgcn-amd-amdhsa--gfx90c:xnack+
:3:hip_code_object.cpp      :964 : 251424596536 us:  amd::Comgr::get_data() return 0 size for agent_triple_target_ids[0]=amdgcn-amd-amdhsa--gfx90c:xnack+
:3:hip_code_object.cpp      :964 : 251424596549 us:  amd::Comgr::get_data() return 0 size for agent_triple_target_ids[0]=amdgcn-amd-amdhsa--gfx90c:xnack+
:1:hip_fatbin.cpp           :780 : 251424596554 us:  Cannot find CO in the bundle /usr/lib64/librocsolver.so.0.4 for ISA: amdgcn-amd-amdhsa--gfx90c:xnack+
:3:hip_platform.cpp         :740 : 251424596561 us:  init: Returned hipErrorNoBinaryForGpu : continue parsing remaining modules
:3:hip_code_object.cpp      :964 : 251424598194 us:  amd::Comgr::get_data() return 0 size for agent_triple_target_ids[0]=amdgcn-amd-amdhsa--gfx90c:xnack+
:3:hip_code_object.cpp      :964 : 251424598210 us:  amd::Comgr::get_data() return 0 size for agent_triple_target_ids[0]=amdgcn-amd-amdhsa--gfx90c:xnack+
:3:hip_code_object.cpp      :964 : 251424598215 us:  amd::Comgr::get_data() return 0 size for agent_triple_target_ids[0]=amdgcn-amd-amdhsa--gfx90c:xnack+
:1:hip_fatbin.cpp           :780 : 251424598220 us:  Cannot find CO in the bundle /usr/lib64/librocsolver.so.0.4 for ISA: amdgcn-amd-amdhsa--gfx90c:xnack+
:3:hip_platform.cpp         :740 : 251424598227 us:  init: Returned hipErrorNoBinaryForGpu : continue parsing remaining modules
:3:hip_code_object.cpp      :964 : 251424599391 us:  amd::Comgr::get_data() return 0 size for agent_triple_target_ids[0]=amdgcn-amd-amdhsa--gfx90c:xnack+
:3:hip_code_object.cpp      :964 : 251424599404 us:  amd::Comgr::get_data() return 0 size for agent_triple_target_ids[0]=amdgcn-amd-amdhsa--gfx90c:xnack+
:3:hip_code_object.cpp      :964 : 251424599409 us:  amd::Comgr::get_data() return 0 size for agent_triple_target_ids[0]=amdgcn-amd-amdhsa--gfx90c:xnack+
:1:hip_fatbin.cpp           :780 : 251424599414 us:  Cannot find CO in the bundle /usr/lib64/librocsolver.so.0.4 for ISA: amdgcn-amd-amdhsa--gfx90c:xnack+
:3:hip_platform.cpp         :740 : 251424599421 us:  init: Returned hipErrorNoBinaryForGpu : continue parsing remaining modules
:3:hip_code_object.cpp      :964 : 251424601084 us:  amd::Comgr::get_data() return 0 size for agent_triple_target_ids[0]=amdgcn-amd-amdhsa--gfx90c:xnack+
:3:hip_code_object.cpp      :964 : 251424601098 us:  amd::Comgr::get_data() return 0 size for agent_triple_target_ids[0]=amdgcn-amd-amdhsa--gfx90c:xnack+
:3:hip_code_object.cpp      :964 : 251424601103 us:  amd::Comgr::get_data() return 0 size for agent_triple_target_ids[0]=amdgcn-amd-amdhsa--gfx90c:xnack+
:1:hip_fatbin.cpp           :780 : 251424601108 us:  Cannot find CO in the bundle /usr/lib64/librocsolver.so.0.4 for ISA: amdgcn-amd-amdhsa--gfx90c:xnack+
:3:hip_platform.cpp         :740 : 251424601114 us:  init: Returned hipErrorNoBinaryForGpu : continue parsing remaining modules
:3:hip_code_object.cpp      :964 : 251424602436 us:  amd::Comgr::get_data() return 0 size for agent_triple_target_ids[0]=amdgcn-amd-amdhsa--gfx90c:xnack+
:3:hip_code_object.cpp      :964 : 251424602450 us:  amd::Comgr::get_data() return 0 size for agent_triple_target_ids[0]=amdgcn-amd-amdhsa--gfx90c:xnack+
:3:hip_code_object.cpp      :964 : 251424602455 us:  amd::Comgr::get_data() return 0 size for agent_triple_target_ids[0]=amdgcn-amd-amdhsa--gfx90c:xnack+
:1:hip_fatbin.cpp           :780 : 251424602461 us:  Cannot find CO in the bundle /usr/lib64/librocsolver.so.0.4 for ISA: amdgcn-amd-amdhsa--gfx90c:xnack+
:3:hip_platform.cpp         :740 : 251424602467 us:  init: Returned hipErrorNoBinaryForGpu : continue parsing remaining modules
:3:hip_code_object.cpp      :964 : 251424603826 us:  amd::Comgr::get_data() return 0 size for agent_triple_target_ids[0]=amdgcn-amd-amdhsa--gfx90c:xnack+
:3:hip_code_object.cpp      :964 : 251424603841 us:  amd::Comgr::get_data() return 0 size for agent_triple_target_ids[0]=amdgcn-amd-amdhsa--gfx90c:xnack+
:3:hip_code_object.cpp      :964 : 251424603846 us:  amd::Comgr::get_data() return 0 size for agent_triple_target_ids[0]=amdgcn-amd-amdhsa--gfx90c:xnack+
:1:hip_fatbin.cpp           :780 : 251424603852 us:  Cannot find CO in the bundle /usr/lib64/librocsolver.so.0.4 for ISA: amdgcn-amd-amdhsa--gfx90c:xnack+
:3:hip_platform.cpp         :740 : 251424603867 us:  init: Returned hipErrorNoBinaryForGpu : continue parsing remaining modules
:3:hip_code_object.cpp      :964 : 251424605041 us:  amd::Comgr::get_data() return 0 size for agent_triple_target_ids[0]=amdgcn-amd-amdhsa--gfx90c:xnack+
:3:hip_code_object.cpp      :964 : 251424605054 us:  amd::Comgr::get_data() return 0 size for agent_triple_target_ids[0]=amdgcn-amd-amdhsa--gfx90c:xnack+
:3:hip_code_object.cpp      :964 : 251424605059 us:  amd::Comgr::get_data() return 0 size for agent_triple_target_ids[0]=amdgcn-amd-amdhsa--gfx90c:xnack+
:1:hip_fatbin.cpp           :780 : 251424605064 us:  Cannot find CO in the bundle /usr/lib64/librocsolver.so.0.4 for ISA: amdgcn-amd-amdhsa--gfx90c:xnack+
:3:hip_platform.cpp         :740 : 251424605070 us:  init: Returned hipErrorNoBinaryForGpu : continue parsing remaining modules
:3:hip_code_object.cpp      :964 : 251424606646 us:  amd::Comgr::get_data() return 0 size for agent_triple_target_ids[0]=amdgcn-amd-amdhsa--gfx90c:xnack+
:3:hip_code_object.cpp      :964 : 251424606664 us:  amd::Comgr::get_data() return 0 size for agent_triple_target_ids[0]=amdgcn-amd-amdhsa--gfx90c:xnack+
:3:hip_code_object.cpp      :964 : 251424606669 us:  amd::Comgr::get_data() return 0 size for agent_triple_target_ids[0]=amdgcn-amd-amdhsa--gfx90c:xnack+
:1:hip_fatbin.cpp           :780 : 251424606675 us:  Cannot find CO in the bundle /usr/lib64/librocsolver.so.0.4 for ISA: amdgcn-amd-amdhsa--gfx90c:xnack+
:3:hip_platform.cpp         :740 : 251424606682 us:  init: Returned hipErrorNoBinaryForGpu : continue parsing remaining modules
:3:hip_code_object.cpp      :964 : 251424608081 us:  amd::Comgr::get_data() return 0 size for agent_triple_target_ids[0]=amdgcn-amd-amdhsa--gfx90c:xnack+
:3:hip_code_object.cpp      :964 : 251424608096 us:  amd::Comgr::get_data() return 0 size for agent_triple_target_ids[0]=amdgcn-amd-amdhsa--gfx90c:xnack+
:3:hip_code_object.cpp      :964 : 251424608101 us:  amd::Comgr::get_data() return 0 size for agent_triple_target_ids[0]=amdgcn-amd-amdhsa--gfx90c:xnack+
:1:hip_fatbin.cpp           :780 : 251424608106 us:  Cannot find CO in the bundle /usr/lib64/librocsolver.so.0.4 for ISA: amdgcn-amd-amdhsa--gfx90c:xnack+
:3:hip_platform.cpp         :740 : 251424608113 us:  init: Returned hipErrorNoBinaryForGpu : continue parsing remaining modules
:3:hip_code_object.cpp      :964 : 251424609281 us:  amd::Comgr::get_data() return 0 size for agent_triple_target_ids[0]=amdgcn-amd-amdhsa--gfx90c:xnack+
:3:hip_code_object.cpp      :964 : 251424609294 us:  amd::Comgr::get_data() return 0 size for agent_triple_target_ids[0]=amdgcn-amd-amdhsa--gfx90c:xnack+
:3:hip_code_object.cpp      :964 : 251424609299 us:  amd::Comgr::get_data() return 0 size for agent_triple_target_ids[0]=amdgcn-amd-amdhsa--gfx90c:xnack+
:1:hip_fatbin.cpp           :780 : 251424609304 us:  Cannot find CO in the bundle /usr/lib64/librocsolver.so.0.4 for ISA: amdgcn-amd-amdhsa--gfx90c:xnack+
:3:hip_platform.cpp         :740 : 251424609311 us:  init: Returned hipErrorNoBinaryForGpu : continue parsing remaining modules
:3:hip_code_object.cpp      :964 : 251424610344 us:  amd::Comgr::get_data() return 0 size for agent_triple_target_ids[0]=amdgcn-amd-amdhsa--gfx90c:xnack+
:3:hip_code_object.cpp      :964 : 251424610357 us:  amd::Comgr::get_data() return 0 size for agent_triple_target_ids[0]=amdgcn-amd-amdhsa--gfx90c:xnack+
:3:hip_code_object.cpp      :964 : 251424610362 us:  amd::Comgr::get_data() return 0 size for agent_triple_target_ids[0]=amdgcn-amd-amdhsa--gfx90c:xnack+
:1:hip_fatbin.cpp           :780 : 251424610367 us:  Cannot find CO in the bundle /usr/lib64/librocsolver.so.0.4 for ISA: amdgcn-amd-amdhsa--gfx90c:xnack+
:3:hip_platform.cpp         :740 : 251424610373 us:  init: Returned hipErrorNoBinaryForGpu : continue parsing remaining modules
:3:hip_code_object.cpp      :964 : 251424616303 us:  amd::Comgr::get_data() return 0 size for agent_triple_target_ids[0]=amdgcn-amd-amdhsa--gfx90c:xnack+
:3:hip_code_object.cpp      :964 : 251424616335 us:  amd::Comgr::get_data() return 0 size for agent_triple_target_ids[0]=amdgcn-amd-amdhsa--gfx90c:xnack+
:3:hip_code_object.cpp      :964 : 251424616349 us:  amd::Comgr::get_data() return 0 size for agent_triple_target_ids[0]=amdgcn-amd-amdhsa--gfx90c:xnack+
:1:hip_fatbin.cpp           :780 : 251424616356 us:  Cannot find CO in the bundle /usr/lib64/librocsolver.so.0.4 for ISA: amdgcn-amd-amdhsa--gfx90c:xnack+
:3:hip_platform.cpp         :740 : 251424616368 us:  init: Returned hipErrorNoBinaryForGpu : continue parsing remaining modules
:3:hip_code_object.cpp      :964 : 251424617658 us:  amd::Comgr::get_data() return 0 size for agent_triple_target_ids[0]=amdgcn-amd-amdhsa--gfx90c:xnack+
:3:hip_code_object.cpp      :964 : 251424617673 us:  amd::Comgr::get_data() return 0 size for agent_triple_target_ids[0]=amdgcn-amd-amdhsa--gfx90c:xnack+
:3:hip_code_object.cpp      :964 : 251424617678 us:  amd::Comgr::get_data() return 0 size for agent_triple_target_ids[0]=amdgcn-amd-amdhsa--gfx90c:xnack+
:1:hip_fatbin.cpp           :780 : 251424617683 us:  Cannot find CO in the bundle /usr/lib64/librocsolver.so.0.4 for ISA: amdgcn-amd-amdhsa--gfx90c:xnack+
:3:hip_platform.cpp         :740 : 251424617690 us:  init: Returned hipErrorNoBinaryForGpu : continue parsing remaining modules
:3:hip_code_object.cpp      :964 : 251424619638 us:  amd::Comgr::get_data() return 0 size for agent_triple_target_ids[0]=amdgcn-amd-amdhsa--gfx90c:xnack+
:3:hip_code_object.cpp      :964 : 251424619658 us:  amd::Comgr::get_data() return 0 size for agent_triple_target_ids[0]=amdgcn-amd-amdhsa--gfx90c:xnack+
:3:hip_code_object.cpp      :964 : 251424619664 us:  amd::Comgr::get_data() return 0 size for agent_triple_target_ids[0]=amdgcn-amd-amdhsa--gfx90c:xnack+
:1:hip_fatbin.cpp           :780 : 251424619670 us:  Cannot find CO in the bundle /usr/lib64/librocsolver.so.0.4 for ISA: amdgcn-amd-amdhsa--gfx90c:xnack+
:3:hip_platform.cpp         :740 : 251424619680 us:  init: Returned hipErrorNoBinaryForGpu : continue parsing remaining modules
:3:hip_code_object.cpp      :964 : 251424621190 us:  amd::Comgr::get_data() return 0 size for agent_triple_target_ids[0]=amdgcn-amd-amdhsa--gfx90c:xnack+
:3:hip_code_object.cpp      :964 : 251424621206 us:  amd::Comgr::get_data() return 0 size for agent_triple_target_ids[0]=amdgcn-amd-amdhsa--gfx90c:xnack+
:3:hip_code_object.cpp      :964 : 251424621212 us:  amd::Comgr::get_data() return 0 size for agent_triple_target_ids[0]=amdgcn-amd-amdhsa--gfx90c:xnack+
:1:hip_fatbin.cpp           :780 : 251424621218 us:  Cannot find CO in the bundle /usr/lib64/librocsolver.so.0.4 for ISA: amdgcn-amd-amdhsa--gfx90c:xnack+
:3:hip_platform.cpp         :740 : 251424621225 us:  init: Returned hipErrorNoBinaryForGpu : continue parsing remaining modules
:3:hip_code_object.cpp      :964 : 251424629660 us:  amd::Comgr::get_data() return 0 size for agent_triple_target_ids[0]=amdgcn-amd-amdhsa--gfx90c:xnack+
:3:hip_code_object.cpp      :964 : 251424629689 us:  amd::Comgr::get_data() return 0 size for agent_triple_target_ids[0]=amdgcn-amd-amdhsa--gfx90c:xnack+
:3:hip_code_object.cpp      :964 : 251424629695 us:  amd::Comgr::get_data() return 0 size for agent_triple_target_ids[0]=amdgcn-amd-amdhsa--gfx90c:xnack+
:1:hip_fatbin.cpp           :780 : 251424629702 us:  Cannot find CO in the bundle /usr/lib64/librocsolver.so.0.4 for ISA: amdgcn-amd-amdhsa--gfx90c:xnack+
:3:hip_platform.cpp         :740 : 251424629713 us:  init: Returned hipErrorNoBinaryForGpu : continue parsing remaining modules
:3:hip_code_object.cpp      :964 : 251424635535 us:  amd::Comgr::get_data() return 0 size for agent_triple_target_ids[0]=amdgcn-amd-amdhsa--gfx90c:xnack+
:3:hip_code_object.cpp      :964 : 251424635563 us:  amd::Comgr::get_data() return 0 size for agent_triple_target_ids[0]=amdgcn-amd-amdhsa--gfx90c:xnack+
:3:hip_code_object.cpp      :964 : 251424635569 us:  amd::Comgr::get_data() return 0 size for agent_triple_target_ids[0]=amdgcn-amd-amdhsa--gfx90c:xnack+
:1:hip_fatbin.cpp           :780 : 251424635575 us:  Cannot find CO in the bundle /usr/lib64/librocsolver.so.0.4 for ISA: amdgcn-amd-amdhsa--gfx90c:xnack+
:3:hip_platform.cpp         :740 : 251424635596 us:  init: Returned hipErrorNoBinaryForGpu : continue parsing remaining modules
:3:hip_code_object.cpp      :964 : 251424636543 us:  amd::Comgr::get_data() return 0 size for agent_triple_target_ids[0]=amdgcn-amd-amdhsa--gfx90c:xnack+
:3:hip_code_object.cpp      :964 : 251424636573 us:  amd::Comgr::get_data() return 0 size for agent_triple_target_ids[0]=amdgcn-amd-amdhsa--gfx90c:xnack+
:3:hip_code_object.cpp      :964 : 251424636579 us:  amd::Comgr::get_data() return 0 size for agent_triple_target_ids[0]=amdgcn-amd-amdhsa--gfx90c:xnack+
:1:hip_fatbin.cpp           :780 : 251424636584 us:  Cannot find CO in the bundle /usr/lib64/librocblas.so.4.4 for ISA: amdgcn-amd-amdhsa--gfx90c:xnack+
:3:hip_platform.cpp         :740 : 251424636591 us:  init: Returned hipErrorNoBinaryForGpu : continue parsing remaining modules
:3:hip_code_object.cpp      :964 : 251424638232 us:  amd::Comgr::get_data() return 0 size for agent_triple_target_ids[0]=amdgcn-amd-amdhsa--gfx90c:xnack+
:3:hip_code_object.cpp      :964 : 251424638248 us:  amd::Comgr::get_data() return 0 size for agent_triple_target_ids[0]=amdgcn-amd-amdhsa--gfx90c:xnack+
:3:hip_code_object.cpp      :964 : 251424638253 us:  amd::Comgr::get_data() return 0 size for agent_triple_target_ids[0]=amdgcn-amd-amdhsa--gfx90c:xnack+
:1:hip_fatbin.cpp           :780 : 251424638258 us:  Cannot find CO in the bundle /usr/lib64/librocsolver.so.0.4 for ISA: amdgcn-amd-amdhsa--gfx90c:xnack+
:3:hip_platform.cpp         :740 : 251424638265 us:  init: Returned hipErrorNoBinaryForGpu : continue parsing remaining modules
:3:hip_code_object.cpp      :964 : 251424639419 us:  amd::Comgr::get_data() return 0 size for agent_triple_target_ids[0]=amdgcn-amd-amdhsa--gfx90c:xnack+
:3:hip_code_object.cpp      :964 : 251424639435 us:  amd::Comgr::get_data() return 0 size for agent_triple_target_ids[0]=amdgcn-amd-amdhsa--gfx90c:xnack+
:3:hip_code_object.cpp      :964 : 251424639440 us:  amd::Comgr::get_data() return 0 size for agent_triple_target_ids[0]=amdgcn-amd-amdhsa--gfx90c:xnack+
:1:hip_fatbin.cpp           :780 : 251424639446 us:  Cannot find CO in the bundle /usr/lib64/librocsolver.so.0.4 for ISA: amdgcn-amd-amdhsa--gfx90c:xnack+
:3:hip_platform.cpp         :740 : 251424639453 us:  init: Returned hipErrorNoBinaryForGpu : continue parsing remaining modules
:3:hip_code_object.cpp      :964 : 251424640502 us:  amd::Comgr::get_data() return 0 size for agent_triple_target_ids[0]=amdgcn-amd-amdhsa--gfx90c:xnack+
:3:hip_code_object.cpp      :964 : 251424640516 us:  amd::Comgr::get_data() return 0 size for agent_triple_target_ids[0]=amdgcn-amd-amdhsa--gfx90c:xnack+
:3:hip_code_object.cpp      :964 : 251424640521 us:  amd::Comgr::get_data() return 0 size for agent_triple_target_ids[0]=amdgcn-amd-amdhsa--gfx90c:xnack+
:1:hip_fatbin.cpp           :780 : 251424640527 us:  Cannot find CO in the bundle /usr/lib64/librocsolver.so.0.4 for ISA: amdgcn-amd-amdhsa--gfx90c:xnack+
:3:hip_platform.cpp         :740 : 251424640534 us:  init: Returned hipErrorNoBinaryForGpu : continue parsing remaining modules
:3:hip_code_object.cpp      :964 : 251424641548 us:  amd::Comgr::get_data() return 0 size for agent_triple_target_ids[0]=amdgcn-amd-amdhsa--gfx90c:xnack+
:3:hip_code_object.cpp      :964 : 251424641561 us:  amd::Comgr::get_data() return 0 size for agent_triple_target_ids[0]=amdgcn-amd-amdhsa--gfx90c:xnack+
:3:hip_code_object.cpp      :964 : 251424641566 us:  amd::Comgr::get_data() return 0 size for agent_triple_target_ids[0]=amdgcn-amd-amdhsa--gfx90c:xnack+
:1:hip_fatbin.cpp           :780 : 251424641571 us:  Cannot find CO in the bundle /usr/lib64/librocsolver.so.0.4 for ISA: amdgcn-amd-amdhsa--gfx90c:xnack+
:3:hip_platform.cpp         :740 : 251424641578 us:  init: Returned hipErrorNoBinaryForGpu : continue parsing remaining modules
:3:hip_code_object.cpp      :964 : 251424647240 us:  amd::Comgr::get_data() return 0 size for agent_triple_target_ids[0]=amdgcn-amd-amdhsa--gfx90c:xnack+
:3:hip_code_object.cpp      :964 : 251424647269 us:  amd::Comgr::get_data() return 0 size for agent_triple_target_ids[0]=amdgcn-amd-amdhsa--gfx90c:xnack+
:3:hip_code_object.cpp      :964 : 251424647285 us:  amd::Comgr::get_data() return 0 size for agent_triple_target_ids[0]=amdgcn-amd-amdhsa--gfx90c:xnack+
:1:hip_fatbin.cpp           :780 : 251424647292 us:  Cannot find CO in the bundle /usr/lib64/librocsolver.so.0.4 for ISA: amdgcn-amd-amdhsa--gfx90c:xnack+
:3:hip_platform.cpp         :740 : 251424647303 us:  init: Returned hipErrorNoBinaryForGpu : continue parsing remaining modules
:3:hip_code_object.cpp      :964 : 251424648614 us:  amd::Comgr::get_data() return 0 size for agent_triple_target_ids[0]=amdgcn-amd-amdhsa--gfx90c:xnack+
:3:hip_code_object.cpp      :964 : 251424648629 us:  amd::Comgr::get_data() return 0 size for agent_triple_target_ids[0]=amdgcn-amd-amdhsa--gfx90c:xnack+
:3:hip_code_object.cpp      :964 : 251424648635 us:  amd::Comgr::get_data() return 0 size for agent_triple_target_ids[0]=amdgcn-amd-amdhsa--gfx90c:xnack+
:1:hip_fatbin.cpp           :780 : 251424648640 us:  Cannot find CO in the bundle /usr/lib64/librocsolver.so.0.4 for ISA: amdgcn-amd-amdhsa--gfx90c:xnack+
:3:hip_platform.cpp         :740 : 251424648648 us:  init: Returned hipErrorNoBinaryForGpu : continue parsing remaining modules
:3:hip_code_object.cpp      :964 : 251424656945 us:  amd::Comgr::get_data() return 0 size for agent_triple_target_ids[0]=amdgcn-amd-amdhsa--gfx90c:xnack+
:3:hip_code_object.cpp      :964 : 251424656978 us:  amd::Comgr::get_data() return 0 size for agent_triple_target_ids[0]=amdgcn-amd-amdhsa--gfx90c:xnack+
:3:hip_code_object.cpp      :964 : 251424656983 us:  amd::Comgr::get_data() return 0 size for agent_triple_target_ids[0]=amdgcn-amd-amdhsa--gfx90c:xnack+
:1:hip_fatbin.cpp           :780 : 251424656991 us:  Cannot find CO in the bundle /usr/lib64/librocsolver.so.0.4 for ISA: amdgcn-amd-amdhsa--gfx90c:xnack+
:3:hip_platform.cpp         :740 : 251424657010 us:  init: Returned hipErrorNoBinaryForGpu : continue parsing remaining modules
:3:hip_code_object.cpp      :964 : 251424658316 us:  amd::Comgr::get_data() return 0 size for agent_triple_target_ids[0]=amdgcn-amd-amdhsa--gfx90c:xnack+
:3:hip_code_object.cpp      :964 : 251424658333 us:  amd::Comgr::get_data() return 0 size for agent_triple_target_ids[0]=amdgcn-amd-amdhsa--gfx90c:xnack+
:3:hip_code_object.cpp      :964 : 251424658338 us:  amd::Comgr::get_data() return 0 size for agent_triple_target_ids[0]=amdgcn-amd-amdhsa--gfx90c:xnack+
:1:hip_fatbin.cpp           :780 : 251424658344 us:  Cannot find CO in the bundle /usr/lib64/librocsolver.so.0.4 for ISA: amdgcn-amd-amdhsa--gfx90c:xnack+
:3:hip_platform.cpp         :740 : 251424658351 us:  init: Returned hipErrorNoBinaryForGpu : continue parsing remaining modules
:3:hip_code_object.cpp      :964 : 251424661537 us:  amd::Comgr::get_data() return 0 size for agent_triple_target_ids[0]=amdgcn-amd-amdhsa--gfx90c:xnack+
:3:hip_code_object.cpp      :964 : 251424661563 us:  amd::Comgr::get_data() return 0 size for agent_triple_target_ids[0]=amdgcn-amd-amdhsa--gfx90c:xnack+
:3:hip_code_object.cpp      :964 : 251424661568 us:  amd::Comgr::get_data() return 0 size for agent_triple_target_ids[0]=amdgcn-amd-amdhsa--gfx90c:xnack+
:1:hip_fatbin.cpp           :780 : 251424661575 us:  Cannot find CO in the bundle /usr/lib64/librocsolver.so.0.4 for ISA: amdgcn-amd-amdhsa--gfx90c:xnack+
:3:hip_platform.cpp         :740 : 251424661585 us:  init: Returned hipErrorNoBinaryForGpu : continue parsing remaining modules
:3:hip_code_object.cpp      :964 : 251424662997 us:  amd::Comgr::get_data() return 0 size for agent_triple_target_ids[0]=amdgcn-amd-amdhsa--gfx90c:xnack+
:3:hip_code_object.cpp      :964 : 251424663021 us:  amd::Comgr::get_data() return 0 size for agent_triple_target_ids[0]=amdgcn-amd-amdhsa--gfx90c:xnack+
:3:hip_code_object.cpp      :964 : 251424663026 us:  amd::Comgr::get_data() return 0 size for agent_triple_target_ids[0]=amdgcn-amd-amdhsa--gfx90c:xnack+
:1:hip_fatbin.cpp           :780 : 251424663031 us:  Cannot find CO in the bundle /usr/lib64/librocsolver.so.0.4 for ISA: amdgcn-amd-amdhsa--gfx90c:xnack+
:3:hip_platform.cpp         :740 : 251424663046 us:  init: Returned hipErrorNoBinaryForGpu : continue parsing remaining modules
:3:hip_code_object.cpp      :964 : 251424664139 us:  amd::Comgr::get_data() return 0 size for agent_triple_target_ids[0]=amdgcn-amd-amdhsa--gfx90c:xnack+
:3:hip_code_object.cpp      :964 : 251424664152 us:  amd::Comgr::get_data() return 0 size for agent_triple_target_ids[0]=amdgcn-amd-amdhsa--gfx90c:xnack+
:3:hip_code_object.cpp      :964 : 251424664158 us:  amd::Comgr::get_data() return 0 size for agent_triple_target_ids[0]=amdgcn-amd-amdhsa--gfx90c:xnack+
:1:hip_fatbin.cpp           :780 : 251424664163 us:  Cannot find CO in the bundle /usr/lib64/librocsolver.so.0.4 for ISA: amdgcn-amd-amdhsa--gfx90c:xnack+
:3:hip_platform.cpp         :740 : 251424664169 us:  init: Returned hipErrorNoBinaryForGpu : continue parsing remaining modules
:3:hip_code_object.cpp      :964 : 251424665106 us:  amd::Comgr::get_data() return 0 size for agent_triple_target_ids[0]=amdgcn-amd-amdhsa--gfx90c:xnack+
:3:hip_code_object.cpp      :964 : 251424665118 us:  amd::Comgr::get_data() return 0 size for agent_triple_target_ids[0]=amdgcn-amd-amdhsa--gfx90c:xnack+
:3:hip_code_object.cpp      :964 : 251424665123 us:  amd::Comgr::get_data() return 0 size for agent_triple_target_ids[0]=amdgcn-amd-amdhsa--gfx90c:xnack+
:1:hip_fatbin.cpp           :780 : 251424665128 us:  Cannot find CO in the bundle /usr/lib64/librocsolver.so.0.4 for ISA: amdgcn-amd-amdhsa--gfx90c:xnack+
:3:hip_platform.cpp         :740 : 251424665134 us:  init: Returned hipErrorNoBinaryForGpu : continue parsing remaining modules
:3:hip_code_object.cpp      :964 : 251425284533 us:  amd::Comgr::get_data() return 0 size for agent_triple_target_ids[0]=amdgcn-amd-amdhsa--gfx90c:xnack+
:3:hip_code_object.cpp      :964 : 251425284565 us:  amd::Comgr::get_data() return 0 size for agent_triple_target_ids[0]=amdgcn-amd-amdhsa--gfx90c:xnack+
:3:hip_code_object.cpp      :964 : 251425284571 us:  amd::Comgr::get_data() return 0 size for agent_triple_target_ids[0]=amdgcn-amd-amdhsa--gfx90c:xnack+
:1:hip_fatbin.cpp           :780 : 251425292304 us:  Cannot find CO in the bundle /usr/lib64/librocsolver.so.0.4 for ISA: amdgcn-amd-amdhsa--gfx90c:xnack+
:3:hip_platform.cpp         :740 : 251425292339 us:  init: Returned hipErrorNoBinaryForGpu : continue parsing remaining modules
:3:hip_code_object.cpp      :964 : 251425298477 us:  amd::Comgr::get_data() return 0 size for agent_triple_target_ids[0]=amdgcn-amd-amdhsa--gfx90c:xnack+
:3:hip_code_object.cpp      :964 : 251425298508 us:  amd::Comgr::get_data() return 0 size for agent_triple_target_ids[0]=amdgcn-amd-amdhsa--gfx90c:xnack+
:3:hip_code_object.cpp      :964 : 251425298514 us:  amd::Comgr::get_data() return 0 size for agent_triple_target_ids[0]=amdgcn-amd-amdhsa--gfx90c:xnack+
:1:hip_fatbin.cpp           :780 : 251425298521 us:  Cannot find CO in the bundle /usr/lib64/librocsolver.so.0.4 for ISA: amdgcn-amd-amdhsa--gfx90c:xnack+
:3:hip_platform.cpp         :740 : 251425298532 us:  init: Returned hipErrorNoBinaryForGpu : continue parsing remaining modules
:3:hip_code_object.cpp      :964 : 251425299943 us:  amd::Comgr::get_data() return 0 size for agent_triple_target_ids[0]=amdgcn-amd-amdhsa--gfx90c:xnack+
:3:hip_code_object.cpp      :964 : 251425299956 us:  amd::Comgr::get_data() return 0 size for agent_triple_target_ids[0]=amdgcn-amd-amdhsa--gfx90c:xnack+
:3:hip_code_object.cpp      :964 : 251425299961 us:  amd::Comgr::get_data() return 0 size for agent_triple_target_ids[0]=amdgcn-amd-amdhsa--gfx90c:xnack+
:1:hip_fatbin.cpp           :780 : 251425299967 us:  Cannot find CO in the bundle /usr/lib64/librocsolver.so.0.4 for ISA: amdgcn-amd-amdhsa--gfx90c:xnack+
:3:hip_platform.cpp         :740 : 251425299973 us:  init: Returned hipErrorNoBinaryForGpu : continue parsing remaining modules
:3:hip_code_object.cpp      :964 : 251425309768 us:  amd::Comgr::get_data() return 0 size for agent_triple_target_ids[0]=amdgcn-amd-amdhsa--gfx90c:xnack+
:3:hip_code_object.cpp      :964 : 251425309798 us:  amd::Comgr::get_data() return 0 size for agent_triple_target_ids[0]=amdgcn-amd-amdhsa--gfx90c:xnack+
:3:hip_code_object.cpp      :964 : 251425309812 us:  amd::Comgr::get_data() return 0 size for agent_triple_target_ids[0]=amdgcn-amd-amdhsa--gfx90c:xnack+
:1:hip_fatbin.cpp           :780 : 251425309819 us:  Cannot find CO in the bundle /usr/lib64/librocsolver.so.0.4 for ISA: amdgcn-amd-amdhsa--gfx90c:xnack+
:3:hip_platform.cpp         :740 : 251425309831 us:  init: Returned hipErrorNoBinaryForGpu : continue parsing remaining modules
:3:hip_code_object.cpp      :964 : 251425315747 us:  amd::Comgr::get_data() return 0 size for agent_triple_target_ids[0]=amdgcn-amd-amdhsa--gfx90c:xnack+
:3:hip_code_object.cpp      :964 : 251425315777 us:  amd::Comgr::get_data() return 0 size for agent_triple_target_ids[0]=amdgcn-amd-amdhsa--gfx90c:xnack+
:3:hip_code_object.cpp      :964 : 251425315783 us:  amd::Comgr::get_data() return 0 size for agent_triple_target_ids[0]=amdgcn-amd-amdhsa--gfx90c:xnack+
:1:hip_fatbin.cpp           :780 : 251425315790 us:  Cannot find CO in the bundle /usr/lib64/librocsolver.so.0.4 for ISA: amdgcn-amd-amdhsa--gfx90c:xnack+
:3:hip_platform.cpp         :740 : 251425315801 us:  init: Returned hipErrorNoBinaryForGpu : continue parsing remaining modules
:3:hip_code_object.cpp      :964 : 251425322110 us:  amd::Comgr::get_data() return 0 size for agent_triple_target_ids[0]=amdgcn-amd-amdhsa--gfx90c:xnack+
:3:hip_code_object.cpp      :964 : 251425322142 us:  amd::Comgr::get_data() return 0 size for agent_triple_target_ids[0]=amdgcn-amd-amdhsa--gfx90c:xnack+
:3:hip_code_object.cpp      :964 : 251425322148 us:  amd::Comgr::get_data() return 0 size for agent_triple_target_ids[0]=amdgcn-amd-amdhsa--gfx90c:xnack+
:1:hip_fatbin.cpp           :780 : 251425322156 us:  Cannot find CO in the bundle /usr/lib64/librocsolver.so.0.4 for ISA: amdgcn-amd-amdhsa--gfx90c:xnack+
:3:hip_platform.cpp         :740 : 251425322167 us:  init: Returned hipErrorNoBinaryForGpu : continue parsing remaining modules
:3:hip_code_object.cpp      :964 : 251425328991 us:  amd::Comgr::get_data() return 0 size for agent_triple_target_ids[0]=amdgcn-amd-amdhsa--gfx90c:xnack+
:3:hip_code_object.cpp      :964 : 251425329049 us:  amd::Comgr::get_data() return 0 size for agent_triple_target_ids[0]=amdgcn-amd-amdhsa--gfx90c:xnack+
:3:hip_code_object.cpp      :964 : 251425329055 us:  amd::Comgr::get_data() return 0 size for agent_triple_target_ids[0]=amdgcn-amd-amdhsa--gfx90c:xnack+
:1:hip_fatbin.cpp           :780 : 251425329062 us:  Cannot find CO in the bundle /usr/lib64/librocblas.so.4.4 for ISA: amdgcn-amd-amdhsa--gfx90c:xnack+
:3:hip_platform.cpp         :740 : 251425329074 us:  init: Returned hipErrorNoBinaryForGpu : continue parsing remaining modules
:3:hip_code_object.cpp      :964 : 251425330494 us:  amd::Comgr::get_data() return 0 size for agent_triple_target_ids[0]=amdgcn-amd-amdhsa--gfx90c:xnack+
:3:hip_code_object.cpp      :964 : 251425330508 us:  amd::Comgr::get_data() return 0 size for agent_triple_target_ids[0]=amdgcn-amd-amdhsa--gfx90c:xnack+
:3:hip_code_object.cpp      :964 : 251425330513 us:  amd::Comgr::get_data() return 0 size for agent_triple_target_ids[0]=amdgcn-amd-amdhsa--gfx90c:xnack+
:1:hip_fatbin.cpp           :780 : 251425330518 us:  Cannot find CO in the bundle /usr/lib64/librocsolver.so.0.4 for ISA: amdgcn-amd-amdhsa--gfx90c:xnack+
:3:hip_platform.cpp         :740 : 251425330524 us:  init: Returned hipErrorNoBinaryForGpu : continue parsing remaining modules
:3:hip_code_object.cpp      :964 : 251425336032 us:  amd::Comgr::get_data() return 0 size for agent_triple_target_ids[0]=amdgcn-amd-amdhsa--gfx90c:xnack+
:3:hip_code_object.cpp      :964 : 251425336062 us:  amd::Comgr::get_data() return 0 size for agent_triple_target_ids[0]=amdgcn-amd-amdhsa--gfx90c:xnack+
:3:hip_code_object.cpp      :964 : 251425336067 us:  amd::Comgr::get_data() return 0 size for agent_triple_target_ids[0]=amdgcn-amd-amdhsa--gfx90c:xnack+
:1:hip_fatbin.cpp           :780 : 251425336074 us:  Cannot find CO in the bundle /usr/lib64/librocsolver.so.0.4 for ISA: amdgcn-amd-amdhsa--gfx90c:xnack+
:3:hip_platform.cpp         :740 : 251425336093 us:  init: Returned hipErrorNoBinaryForGpu : continue parsing remaining modules
:3:hip_code_object.cpp      :964 : 251425337325 us:  amd::Comgr::get_data() return 0 size for agent_triple_target_ids[0]=amdgcn-amd-amdhsa--gfx90c:xnack+
:3:hip_code_object.cpp      :964 : 251425337341 us:  amd::Comgr::get_data() return 0 size for agent_triple_target_ids[0]=amdgcn-amd-amdhsa--gfx90c:xnack+
:3:hip_code_object.cpp      :964 : 251425337347 us:  amd::Comgr::get_data() return 0 size for agent_triple_target_ids[0]=amdgcn-amd-amdhsa--gfx90c:xnack+
:1:hip_fatbin.cpp           :780 : 251425337352 us:  Cannot find CO in the bundle /usr/lib64/librocsolver.so.0.4 for ISA: amdgcn-amd-amdhsa--gfx90c:xnack+
:3:hip_platform.cpp         :740 : 251425337359 us:  init: Returned hipErrorNoBinaryForGpu : continue parsing remaining modules
:3:hip_code_object.cpp      :964 : 251425341530 us:  amd::Comgr::get_data() return 0 size for agent_triple_target_ids[0]=amdgcn-amd-amdhsa--gfx90c:xnack+
:3:hip_code_object.cpp      :964 : 251425341565 us:  amd::Comgr::get_data() return 0 size for agent_triple_target_ids[0]=amdgcn-amd-amdhsa--gfx90c:xnack+
:3:hip_code_object.cpp      :964 : 251425341571 us:  amd::Comgr::get_data() return 0 size for agent_triple_target_ids[0]=amdgcn-amd-amdhsa--gfx90c:xnack+
:1:hip_fatbin.cpp           :780 : 251425341578 us:  Cannot find CO in the bundle /usr/lib64/librocsolver.so.0.4 for ISA: amdgcn-amd-amdhsa--gfx90c:xnack+
:3:hip_platform.cpp         :740 : 251425341590 us:  init: Returned hipErrorNoBinaryForGpu : continue parsing remaining modules
:3:hip_code_object.cpp      :964 : 251425348052 us:  amd::Comgr::get_data() return 0 size for agent_triple_target_ids[0]=amdgcn-amd-amdhsa--gfx90c:xnack+
:3:hip_code_object.cpp      :964 : 251425348080 us:  amd::Comgr::get_data() return 0 size for agent_triple_target_ids[0]=amdgcn-amd-amdhsa--gfx90c:xnack+
:3:hip_code_object.cpp      :964 : 251425348085 us:  amd::Comgr::get_data() return 0 size for agent_triple_target_ids[0]=amdgcn-amd-amdhsa--gfx90c:xnack+
:1:hip_fatbin.cpp           :780 : 251425348092 us:  Cannot find CO in the bundle /usr/lib64/librocblas.so.4.4 for ISA: amdgcn-amd-amdhsa--gfx90c:xnack+
:3:hip_platform.cpp         :740 : 251425348103 us:  init: Returned hipErrorNoBinaryForGpu : continue parsing remaining modules
:3:hip_code_object.cpp      :964 : 251425353029 us:  amd::Comgr::get_data() return 0 size for agent_triple_target_ids[0]=amdgcn-amd-amdhsa--gfx90c:xnack+
:3:hip_code_object.cpp      :964 : 251425353055 us:  amd::Comgr::get_data() return 0 size for agent_triple_target_ids[0]=amdgcn-amd-amdhsa--gfx90c:xnack+
:3:hip_code_object.cpp      :964 : 251425353060 us:  amd::Comgr::get_data() return 0 size for agent_triple_target_ids[0]=amdgcn-amd-amdhsa--gfx90c:xnack+
:1:hip_fatbin.cpp           :780 : 251425353067 us:  Cannot find CO in the bundle /usr/lib64/librocsolver.so.0.4 for ISA: amdgcn-amd-amdhsa--gfx90c:xnack+
:3:hip_platform.cpp         :740 : 251425353079 us:  init: Returned hipErrorNoBinaryForGpu : continue parsing remaining modules
:3:hip_code_object.cpp      :964 : 251425357324 us:  amd::Comgr::get_data() return 0 size for agent_triple_target_ids[0]=amdgcn-amd-amdhsa--gfx90c:xnack+
:3:hip_code_object.cpp      :964 : 251425357355 us:  amd::Comgr::get_data() return 0 size for agent_triple_target_ids[0]=amdgcn-amd-amdhsa--gfx90c:xnack+
:3:hip_code_object.cpp      :964 : 251425357361 us:  amd::Comgr::get_data() return 0 size for agent_triple_target_ids[0]=amdgcn-amd-amdhsa--gfx90c:xnack+
:1:hip_fatbin.cpp           :780 : 251425357368 us:  Cannot find CO in the bundle /usr/lib64/librocsolver.so.0.4 for ISA: amdgcn-amd-amdhsa--gfx90c:xnack+
:3:hip_platform.cpp         :740 : 251425357380 us:  init: Returned hipErrorNoBinaryForGpu : continue parsing remaining modules
:3:hip_memory.cpp           :756 : 251425358589 us:  [32m hipMalloc ( 0x7fff77ee1788, 48 ) [0m
:3:rocdevice.cpp            :2411: 251425358873 us:  Device=0x5588d88d7d10, freeMem_ = 0x366fb2fd0
:3:hip_memory.cpp           :758 : 251425358883 us:  hipMalloc: Returned hipSuccess : 0x7ff368000000: duration: 294 us
:3:hip_memory.cpp           :756 : 251425358897 us:  [32m hipMalloc ( 0x7fff77ee1780, 24 ) [0m
:3:rocdevice.cpp            :2411: 251425358906 us:  Device=0x5588d88d7d10, freeMem_ = 0x366fb2fb8
:3:hip_memory.cpp           :758 : 251425358910 us:  hipMalloc: Returned hipSuccess : 0x7ff368001000: duration: 13 us
:3:hip_memory.cpp           :756 : 251425358913 us:  [32m hipMalloc ( 0x7fff77ee1778, 16 ) [0m
:3:rocdevice.cpp            :2411: 251425358916 us:  Device=0x5588d88d7d10, freeMem_ = 0x366fb2fa8
:3:hip_memory.cpp           :758 : 251425358920 us:  hipMalloc: Returned hipSuccess : 0x7ff368002000: duration: 7 us
:3:hip_memory.cpp           :795 : 251425358930 us:  [32m hipMemcpy ( 0x7ff368000000, 0x5588d8358be0, 48, hipMemcpyHostToDevice ) [0m
:3:rocdevice.cpp            :3052: 251425358951 us:  Number of allocated hardware queues with low priority: 0, with normal priority: 0, with high priority: 0, maximum per priority is: 4
:3:rocdevice.cpp            :3131: 251425377105 us:  Created SWq=0x7ff4a26b0000 to map on HWq=0x7ff374200000 with size 16384 with priority 1, cooperative: 0
:3:rocdevice.cpp            :3223: 251425377144 us:  acquireQueue refCount: 0x7ff374200000 (1)
:3:devprogram.cpp           :2658: 251425593088 us:  Using Code Object V5.
:3:rocvirtual.cpp           :763 : 251425594476 us:  Arg0: uchar* src = ptr:0x7ff366800000
:3:rocvirtual.cpp           :763 : 251425594489 us:  Arg1: uchar* dst = ptr:0x7ff368000000
:3:rocvirtual.cpp           :857 : 251425594493 us:  Arg2: ulong size = val:48
:3:rocvirtual.cpp           :857 : 251425594496 us:  Arg3: uint remainder = val:0
:3:rocvirtual.cpp           :857 : 251425594499 us:  Arg4: uint aligned_size = val:16
:3:rocvirtual.cpp           :857 : 251425594501 us:  Arg5: ulong end_ptr = val:140683398610992
:3:rocvirtual.cpp           :857 : 251425594504 us:  Arg6: uint next_chunk = val:512
:3:rocvirtual.cpp           :3237: 251425594509 us:  ShaderName : __amd_rocclr_copyBuffer
:3:rocvirtual.cpp           :3451: 251425594512 us:  KernargSegmentByteSize = 304 KernargSegmentAlignment = 128
:3:rocvirtual.cpp           :534 : 251425594524 us:  Set Handler: handle(0x7ff455ffd600), timestamp(0x5588d96526e0)
:3:rocvirtual.hpp           :57  : 251425594529 us:  Host active wait for Signal = (0x7ff455ffd600) for -1 ns
:3:hip_memory.cpp           :796 : 251425594538 us:  hipMemcpy: Returned hipSuccess : : duration: 235608 us
:3:hip_memory.cpp           :795 : 251425594556 us:  [32m hipMemcpy ( 0x7ff368001000, 0x5588d88b07b0, 24, hipMemcpyHostToDevice ) [0m
:3:rocvirtual.cpp           :227 : 251425594564 us:  Handler: value(0), timestamp(0x5588d96b4b50), handle(0x7ff455ffd600)
:3:rocvirtual.cpp           :763 : 251425594568 us:  Arg0: uchar* src = ptr:0x7ff366800100
:3:rocvirtual.cpp           :763 : 251425594592 us:  Arg1: uchar* dst = ptr:0x7ff368001000
:3:rocvirtual.cpp           :857 : 251425594596 us:  Arg2: ulong size = val:24
:3:rocvirtual.cpp           :857 : 251425594599 us:  Arg3: uint remainder = val:8
:3:rocvirtual.cpp           :857 : 251425594601 us:  Arg4: uint aligned_size = val:16
:3:rocvirtual.cpp           :857 : 251425594604 us:  Arg5: ulong end_ptr = val:140683398615056
:3:rocvirtual.cpp           :857 : 251425594606 us:  Arg6: uint next_chunk = val:512
:3:rocvirtual.cpp           :3237: 251425594608 us:  ShaderName : __amd_rocclr_copyBuffer
:3:rocvirtual.cpp           :3451: 251425594611 us:  KernargSegmentByteSize = 304 KernargSegmentAlignment = 128
:3:rocvirtual.cpp           :534 : 251425594618 us:  Set Handler: handle(0x7ff455ffd680), timestamp(0x5588d970efd0)
:3:rocvirtual.hpp           :57  : 251425594625 us:  Host active wait for Signal = (0x7ff455ffd680) for -1 ns
:3:hip_memory.cpp           :796 : 251425594629 us:  hipMemcpy: Returned hipSuccess : : duration: 73 us
:3:rocvirtual.cpp           :227 : 251425594631 us:  Handler: value(0), timestamp(0x5588d96b4ae0), handle(0x7ff455ffd680)
:3:hip_device_runtime.cpp   :657 : 251425594651 us:  [32m hipGetDevice ( 0x7fff77ee0a70 ) [0m
:3:hip_device_runtime.cpp   :669 : 251425594664 us:  hipGetDevice: Returned hipSuccess : 0
:3:hip_device.cpp           :654 : 251425594668 us:  [32m hipGetDevicePropertiesR0600 ( 0x7fff77ee0a70, 0 ) [0m
:3:hip_device.cpp           :656 : 251425594672 us:  hipGetDevicePropertiesR0600: Returned hipSuccess : 
:3:hip_memory.cpp           :756 : 251425594684 us:  [32m hipMalloc ( 0x5588d9825bf8, 33554432 ) [0m
:3:rocdevice.cpp            :2411: 251425598193 us:  Device=0x5588d88d7d10, freeMem_ = 0x364fb2fa8
:3:hip_memory.cpp           :758 : 251425598243 us:  hipMalloc: Returned hipSuccess : 0x7ff364600000: duration: 3559 us
:3:hip_device_runtime.cpp   :657 : 251425598282 us:  [32m hipGetDevice ( 0x7fff77ee0834 ) [0m
:3:hip_device_runtime.cpp   :669 : 251425598287 us:  hipGetDevice: Returned hipSuccess : 0
:3:hip_device.cpp           :654 : 251425598298 us:  [32m hipGetDevicePropertiesR0600 ( 0x7fff77ee0838, 0 ) [0m
:3:hip_device.cpp           :656 : 251425598303 us:  hipGetDevicePropertiesR0600: Returned hipSuccess : 
:3:hip_device_runtime.cpp   :657 : 251425598306 us:  [32m hipGetDevice ( 0x7fff77ee04e4 ) [0m
:3:hip_device_runtime.cpp   :669 : 251425598309 us:  hipGetDevice: Returned hipSuccess : 0
:3:hip_device.cpp           :654 : 251425598312 us:  [32m hipGetDevicePropertiesR0600 ( 0x7fff77ee04e8, 0 ) [0m
:3:hip_device.cpp           :656 : 251425598314 us:  hipGetDevicePropertiesR0600: Returned hipSuccess : 
:3:hip_memory.cpp           :756 : 251425598318 us:  [32m hipMalloc ( 0x7fff77ee1718, 320 ) [0m
:3:rocdevice.cpp            :2411: 251425598329 us:  Device=0x5588d88d7d10, freeMem_ = 0x364fb2e68
:3:hip_memory.cpp           :758 : 251425598332 us:  hipMalloc: Returned hipSuccess : 0x7ff368003000: duration: 14 us
:3:hip_memory.cpp           :756 : 251425598335 us:  [32m hipMalloc ( 0x7fff77ee1700, 4 ) [0m
:3:rocdevice.cpp            :2411: 251425598339 us:  Device=0x5588d88d7d10, freeMem_ = 0x364fb2e64
:3:hip_memory.cpp           :758 : 251425598342 us:  hipMalloc: Returned hipSuccess : 0x7ff368004000: duration: 7 us
:3:hip_device_runtime.cpp   :657 : 251425598348 us:  [32m hipGetDevice ( 0x7fff77ee1054 ) [0m
:3:hip_device_runtime.cpp   :669 : 251425598350 us:  hipGetDevice: Returned hipSuccess : 0
:3:hip_memory.cpp           :772 : 251425598356 us:  [32m hipFree ( 0x7ff364600000 ) [0m
:3:rocdevice.cpp            :2411: 251425598484 us:  Device=0x5588d88d7d10, freeMem_ = 0x366fb2e64
:3:hip_memory.cpp           :774 : 251425598494 us:  hipFree: Returned hipSuccess : 
:3:hip_device_runtime.cpp   :657 : 251425598500 us:  [32m hipGetDevice ( 0x7fff77ee0834 ) [0m
:3:hip_device_runtime.cpp   :669 : 251425598504 us:  hipGetDevice: Returned hipSuccess : 0
:3:hip_device.cpp           :654 : 251425598507 us:  [32m hipGetDevicePropertiesR0600 ( 0x7fff77ee0838, 0 ) [0m
:3:hip_device.cpp           :656 : 251425598510 us:  hipGetDevicePropertiesR0600: Returned hipSuccess : 
:3:hip_platform.cpp         :237 : 251425598524 us:  [32m __hipPushCallConfiguration ( {1,1,1}, {32,1,1}, 0, stream:<null> ) [0m
:3:hip_platform.cpp         :241 : 251425598528 us:  __hipPushCallConfiguration: Returned hipSuccess : 
:3:hip_platform.cpp         :246 : 251425598536 us:  [32m __hipPopCallConfiguration ( {2012090256,32767,2012089840}, {0,0,48}, 0x7fff77ee0f00, 0x7fff77ee0ef8 ) [0m
:3:hip_platform.cpp         :255 : 251425598540 us:  __hipPopCallConfiguration: Returned hipSuccess : 
:3:hip_module.cpp           :744 : 251425598550 us:  [32m hipLaunchKernel ( 0x7ff463b92a00, {1,1,1}, {32,1,1}, 0x7fff77ee0f40, 0, stream:<null> ) [0m
:3:hip_module.cpp           :745 : 251425598560 us:  hipLaunchKernel: Returned hipErrorInvalidDeviceFunction : : duration: 10 us
:3:hip_platform.cpp         :237 : 251425598565 us:  [32m __hipPushCallConfiguration ( {1,1,1}, {256,1,1}, 0, stream:<null> ) [0m
:3:hip_platform.cpp         :241 : 251425598570 us:  __hipPushCallConfiguration: Returned hipSuccess : 
:3:hip_platform.cpp         :246 : 251425598573 us:  [32m __hipPopCallConfiguration ( {0,0,0}, {0,0,0}, 0x7fff77ee0c60, 0x7fff77ee0c40 ) [0m
:3:hip_platform.cpp         :255 : 251425598588 us:  __hipPopCallConfiguration: Returned hipSuccess : 
:3:hip_module.cpp           :744 : 251425598592 us:  [32m hipLaunchKernel ( 0x7ff463b954c0, {1,1,1}, {256,1,1}, 0x7fff77ee0cc0, 0, stream:<null> ) [0m
:3:hip_module.cpp           :745 : 251425598599 us:  hipLaunchKernel: Returned hipErrorInvalidDeviceFunction : : duration: 7 us
:3:hip_device_runtime.cpp   :657 : 251425598602 us:  [32m hipGetDevice ( 0x7fff77ee0188 ) [0m
:3:hip_device_runtime.cpp   :669 : 251425598605 us:  hipGetDevice: Returned hipSuccess : 0
:3:hip_device.cpp           :654 : 251425598608 us:  [32m hipGetDevicePropertiesR0600 ( 0x7fff77ee01e0, 0 ) [0m
:3:hip_device.cpp           :656 : 251425598612 us:  hipGetDevicePropertiesR0600: Returned hipSuccess : 
:3:hip_platform.cpp         :237 : 251425598618 us:  [32m __hipPushCallConfiguration ( {1,1,1}, {64,1,1}, 0, stream:<null> ) [0m
:3:hip_platform.cpp         :241 : 251425598625 us:  __hipPushCallConfiguration: Returned hipSuccess : 
:3:hip_platform.cpp         :246 : 251425598630 us:  [32m __hipPopCallConfiguration ( {0,0,0}, {0,0,0}, 0x7fff77edff80, 0x7fff77edff78 ) [0m
:3:hip_platform.cpp         :255 : 251425598634 us:  __hipPopCallConfiguration: Returned hipSuccess : 
:3:hip_module.cpp           :744 : 251425598638 us:  [32m hipLaunchKernel ( 0x7ff463b8dbd8, {1,1,1}, {64,1,1}, 0x7fff77ee0010, 0, stream:<null> ) [0m
:3:hip_module.cpp           :745 : 251425598644 us:  hipLaunchKernel: Returned hipErrorInvalidDeviceFunction : : duration: 6 us
:3:hip_platform.cpp         :237 : 251425598648 us:  [32m __hipPushCallConfiguration ( {1,1,1}, {256,1,1}, 0, stream:<null> ) [0m
:3:hip_platform.cpp         :241 : 251425598652 us:  __hipPushCallConfiguration: Returned hipSuccess : 
:3:hip_platform.cpp         :246 : 251425598655 us:  [32m __hipPopCallConfiguration ( {0,0,0}, {0,0,0}, 0x7fff77ee05d0, 0x7fff77ee05c8 ) [0m
:3:hip_platform.cpp         :255 : 251425598659 us:  __hipPopCallConfiguration: Returned hipSuccess : 
:3:hip_module.cpp           :744 : 251425598662 us:  [32m hipLaunchKernel ( 0x7ff463b8da78, {1,1,1}, {256,1,1}, 0x7fff77ee0650, 0, stream:<null> ) [0m
:3:hip_module.cpp           :745 : 251425598667 us:  hipLaunchKernel: Returned hipErrorInvalidDeviceFunction : : duration: 5 us
:3:hip_device_runtime.cpp   :657 : 251425598670 us:  [32m hipGetDevice ( 0x7fff77ee0188 ) [0m
:3:hip_device_runtime.cpp   :669 : 251425598672 us:  hipGetDevice: Returned hipSuccess : 0
:3:hip_device.cpp           :654 : 251425598675 us:  [32m hipGetDevicePropertiesR0600 ( 0x7fff77ee01e0, 0 ) [0m
:3:hip_device.cpp           :656 : 251425598677 us:  hipGetDevicePropertiesR0600: Returned hipSuccess : 
:3:hip_platform.cpp         :237 : 251425598680 us:  [32m __hipPushCallConfiguration ( {1,1,1}, {64,1,1}, 0, stream:<null> ) [0m
:3:hip_platform.cpp         :241 : 251425598684 us:  __hipPushCallConfiguration: Returned hipSuccess : 
:3:hip_platform.cpp         :246 : 251425598687 us:  [32m __hipPopCallConfiguration ( {1,1,1}, {64,1,1}, 0x7fff77edff80, 0x7fff77edff78 ) [0m
:3:hip_platform.cpp         :255 : 251425598693 us:  __hipPopCallConfiguration: Returned hipSuccess : 
:3:hip_module.cpp           :744 : 251425598696 us:  [32m hipLaunchKernel ( 0x7ff463b8dbd8, {1,1,1}, {64,1,1}, 0x7fff77ee0010, 0, stream:<null> ) [0m
:3:hip_module.cpp           :745 : 251425598700 us:  hipLaunchKernel: Returned hipErrorInvalidDeviceFunction : : duration: 4 us
:3:hip_platform.cpp         :237 : 251425598704 us:  [32m __hipPushCallConfiguration ( {1,1,1}, {1,64,1}, 0, stream:<null> ) [0m
:3:hip_platform.cpp         :241 : 251425598708 us:  __hipPushCallConfiguration: Returned hipSuccess : 
:3:hip_platform.cpp         :246 : 251425598711 us:  [32m __hipPopCallConfiguration ( {0,0,0}, {0,0,0}, 0x7fff77ee08c0, 0x7fff77ee08b8 ) [0m
:3:hip_platform.cpp         :255 : 251425598715 us:  __hipPopCallConfiguration: Returned hipSuccess : 
:3:hip_module.cpp           :744 : 251425598719 us:  [32m hipLaunchKernel ( 0x7ff463b94f98, {1,1,1}, {1,64,1}, 0x7fff77ee0920, 0, stream:<null> ) [0m
:3:hip_module.cpp           :745 : 251425598729 us:  hipLaunchKernel: Returned hipErrorInvalidDeviceFunction : : duration: 10 us
:3:hip_platform.cpp         :237 : 251425598734 us:  [32m __hipPushCallConfiguration ( {1,1,1}, {32,32,1}, 0, stream:<null> ) [0m
:3:hip_platform.cpp         :241 : 251425598740 us:  __hipPushCallConfiguration: Returned hipSuccess : 
:3:hip_platform.cpp         :246 : 251425598743 us:  [32m __hipPopCallConfiguration ( {1,1,1}, {256,1,1}, 0x7fff77ee0c20, 0x7fff77ee0b80 ) [0m
:3:hip_platform.cpp         :255 : 251425598747 us:  __hipPopCallConfiguration: Returned hipSuccess : 
:3:hip_module.cpp           :744 : 251425598750 us:  [32m hipLaunchKernel ( 0x7ff463b95540, {1,1,1}, {32,32,1}, 0x7fff77ee0cc0, 0, stream:<null> ) [0m
:3:hip_module.cpp           :745 : 251425598755 us:  hipLaunchKernel: Returned hipErrorInvalidDeviceFunction : : duration: 5 us
:3:hip_platform.cpp         :237 : 251425598758 us:  [32m __hipPushCallConfiguration ( {1,1,1}, {1,1,1}, 0, stream:<null> ) [0m
:3:hip_platform.cpp         :241 : 251425598762 us:  __hipPushCallConfiguration: Returned hipSuccess : 
:3:hip_platform.cpp         :246 : 251425598765 us:  [32m __hipPopCallConfiguration ( {2,0,1}, {0,0,3}, 0x7fff77ee0820, 0x7fff77ee0818 ) [0m
:3:hip_platform.cpp         :255 : 251425598770 us:  __hipPopCallConfiguration: Returned hipSuccess : 
:3:hip_module.cpp           :744 : 251425598773 us:  [32m hipLaunchKernel ( 0x7ff463b93348, {1,1,1}, {1,1,1}, 0x7fff77ee0880, 0, stream:<null> ) [0m
:3:hip_module.cpp           :745 : 251425598778 us:  hipLaunchKernel: Returned hipErrorInvalidDeviceFunction : : duration: 5 us
:3:hip_platform.cpp         :237 : 251425598781 us:  [32m __hipPushCallConfiguration ( {1,1,1}, {256,1,1}, 0, stream:<null> ) [0m
:3:hip_platform.cpp         :241 : 251425598786 us:  __hipPushCallConfiguration: Returned hipSuccess : 
:3:hip_platform.cpp         :246 : 251425598789 us:  [32m __hipPopCallConfiguration ( {0,0,0}, {0,0,0}, 0x7fff77ee0520, 0x7fff77ee0518 ) [0m
:3:hip_platform.cpp         :255 : 251425598793 us:  __hipPopCallConfiguration: Returned hipSuccess : 
:3:hip_module.cpp           :744 : 251425598796 us:  [32m hipLaunchKernel ( 0x7ff463b8da78, {1,1,1}, {256,1,1}, 0x7fff77ee05a0, 0, stream:<null> ) [0m
:3:hip_module.cpp           :745 : 251425598801 us:  hipLaunchKernel: Returned hipErrorInvalidDeviceFunction : : duration: 5 us
:3:hip_platform.cpp         :237 : 251425598804 us:  [32m __hipPushCallConfiguration ( {1,1,1}, {1,1,1}, 0, stream:<null> ) [0m
:3:hip_platform.cpp         :241 : 251425598808 us:  __hipPushCallConfiguration: Returned hipSuccess : 
:3:hip_platform.cpp         :246 : 251425598811 us:  [32m __hipPopCallConfiguration ( {1,1,1}, {1,1,1}, 0x7fff77ee0820, 0x7fff77ee0818 ) [0m
:3:hip_platform.cpp         :255 : 251425598816 us:  __hipPopCallConfiguration: Returned hipSuccess : 
:3:hip_module.cpp           :744 : 251425598819 us:  [32m hipLaunchKernel ( 0x7ff463b93350, {1,1,1}, {1,1,1}, 0x7fff77ee0880, 0, stream:<null> ) [0m
:3:hip_module.cpp           :745 : 251425598823 us:  hipLaunchKernel: Returned hipErrorInvalidDeviceFunction : : duration: 4 us
:3:hip_platform.cpp         :237 : 251425598826 us:  [32m __hipPushCallConfiguration ( {1,1,1}, {1,1,1}, 0, stream:<null> ) [0m
:3:hip_platform.cpp         :241 : 251425598831 us:  __hipPushCallConfiguration: Returned hipSuccess : 
:3:hip_platform.cpp         :246 : 251425598835 us:  [32m __hipPopCallConfiguration ( {1,1,1}, {1,1,1}, 0x7fff77ee0820, 0x7fff77ee0818 ) [0m
:3:hip_platform.cpp         :255 : 251425598839 us:  __hipPopCallConfiguration: Returned hipSuccess : 
:3:hip_module.cpp           :744 : 251425598842 us:  [32m hipLaunchKernel ( 0x7ff463b93348, {1,1,1}, {1,1,1}, 0x7fff77ee0880, 0, stream:<null> ) [0m
:3:hip_module.cpp           :745 : 251425598846 us:  hipLaunchKernel: Returned hipErrorInvalidDeviceFunction : : duration: 4 us
:3:hip_platform.cpp         :237 : 251425598849 us:  [32m __hipPushCallConfiguration ( {1,1,1}, {256,1,1}, 0, stream:<null> ) [0m
:3:hip_platform.cpp         :241 : 251425598858 us:  __hipPushCallConfiguration: Returned hipSuccess : 
:3:hip_platform.cpp         :246 : 251425598861 us:  [32m __hipPopCallConfiguration ( {1,1,1}, {256,1,1}, 0x7fff77ee0520, 0x7fff77ee0518 ) [0m
:3:hip_platform.cpp         :255 : 251425598865 us:  __hipPopCallConfiguration: Returned hipSuccess : 
:3:hip_module.cpp           :744 : 251425598868 us:  [32m hipLaunchKernel ( 0x7ff463b8da78, {1,1,1}, {256,1,1}, 0x7fff77ee05a0, 0, stream:<null> ) [0m
:3:hip_module.cpp           :745 : 251425598872 us:  hipLaunchKernel: Returned hipErrorInvalidDeviceFunction : : duration: 4 us
:3:hip_platform.cpp         :237 : 251425598875 us:  [32m __hipPushCallConfiguration ( {1,1,1}, {1,1,1}, 0, stream:<null> ) [0m
:3:hip_platform.cpp         :241 : 251425598880 us:  __hipPushCallConfiguration: Returned hipSuccess : 
:3:hip_platform.cpp         :246 : 251425598883 us:  [32m __hipPopCallConfiguration ( {1,1,1}, {1,1,1}, 0x7fff77ee0820, 0x7fff77ee0818 ) [0m
:3:hip_platform.cpp         :255 : 251425598887 us:  __hipPopCallConfiguration: Returned hipSuccess : 
:3:hip_module.cpp           :744 : 251425598891 us:  [32m hipLaunchKernel ( 0x7ff463b93350, {1,1,1}, {1,1,1}, 0x7fff77ee0880, 0, stream:<null> ) [0m
:3:hip_module.cpp           :745 : 251425598895 us:  hipLaunchKernel: Returned hipErrorInvalidDeviceFunction : : duration: 4 us
:3:hip_platform.cpp         :237 : 251425598898 us:  [32m __hipPushCallConfiguration ( {1,1,1}, {1,64,1}, 0, stream:<null> ) [0m
:3:hip_platform.cpp         :241 : 251425598902 us:  __hipPushCallConfiguration: Returned hipSuccess : 
:3:hip_platform.cpp         :246 : 251425598905 us:  [32m __hipPopCallConfiguration ( {1,1,1}, {32,32,1}, 0x7fff77ee0c20, 0x7fff77ee0b80 ) [0m
:3:hip_platform.cpp         :255 : 251425598909 us:  __hipPopCallConfiguration: Returned hipSuccess : 
:3:hip_module.cpp           :744 : 251425598912 us:  [32m hipLaunchKernel ( 0x7ff463b95548, {1,1,1}, {1,64,1}, 0x7fff77ee0cc0, 0, stream:<null> ) [0m
:3:hip_module.cpp           :745 : 251425598917 us:  hipLaunchKernel: Returned hipErrorInvalidDeviceFunction : : duration: 5 us
:3:hip_device_runtime.cpp   :657 : 251425598920 us:  [32m hipGetDevice ( 0x7fff77ee0344 ) [0m
:3:hip_device_runtime.cpp   :669 : 251425598922 us:  hipGetDevice: Returned hipSuccess : 0
:3:hip_device.cpp           :654 : 251425598925 us:  [32m hipGetDevicePropertiesR0600 ( 0x7fff77ee0420, 0 ) [0m
:3:hip_device.cpp           :656 : 251425598928 us:  hipGetDevicePropertiesR0600: Returned hipSuccess : 
:3:hip_platform.cpp         :237 : 251425598938 us:  [32m __hipPushCallConfiguration ( {1,1,1}, {2,512,1}, 4096, stream:<null> ) [0m
:3:hip_platform.cpp         :241 : 251425598942 us:  __hipPushCallConfiguration: Returned hipSuccess : 
:3:hip_platform.cpp         :246 : 251425598946 us:  [32m __hipPopCallConfiguration ( {0,0,0}, {0,32767,2012086696}, 0x7fff77ee0188, 0x7fff77ee0180 ) [0m
:3:hip_platform.cpp         :255 : 251425598950 us:  __hipPopCallConfiguration: Returned hipSuccess : 
:3:hip_module.cpp           :744 : 251425598954 us:  [32m hipLaunchKernel ( 0x7ff463b8e430, {1,1,1}, {2,512,1}, 0x7fff77ee01d0, 4096, stream:<null> ) [0m
:3:hip_module.cpp           :745 : 251425598958 us:  hipLaunchKernel: Returned hipErrorInvalidDeviceFunction : : duration: 4 us
:3:hip_platform.cpp         :237 : 251425598962 us:  [32m __hipPushCallConfiguration ( {1,1,1}, {32,32,1}, 0, stream:<null> ) [0m
:3:hip_platform.cpp         :241 : 251425598966 us:  __hipPushCallConfiguration: Returned hipSuccess : 
:3:hip_platform.cpp         :246 : 251425598969 us:  [32m __hipPopCallConfiguration ( {1,1,1}, {1,64,1}, 0x7fff77ee0b80, 0x7fff77ee0b68 ) [0m
:3:hip_platform.cpp         :255 : 251425598974 us:  __hipPopCallConfiguration: Returned hipSuccess : 
:3:hip_module.cpp           :744 : 251425598977 us:  [32m hipLaunchKernel ( 0x7ff463b95550, {1,1,1}, {32,32,1}, 0x7fff77ee0cc0, 0, stream:<null> ) [0m
:3:hip_module.cpp           :745 : 251425598982 us:  hipLaunchKernel: Returned hipErrorInvalidDeviceFunction : : duration: 5 us
:3:hip_platform.cpp         :237 : 251425598990 us:  [32m __hipPushCallConfiguration ( {1,1,1}, {32,32,1}, 0, stream:<null> ) [0m
:3:hip_platform.cpp         :241 : 251425598994 us:  __hipPushCallConfiguration: Returned hipSuccess : 
:3:hip_platform.cpp         :246 : 251425598997 us:  [32m __hipPopCallConfiguration ( {1,1,1}, {32,32,1}, 0x7fff77ee0c20, 0x7fff77ee0b80 ) [0m
:3:hip_platform.cpp         :255 : 251425599010 us:  __hipPopCallConfiguration: Returned hipSuccess : 
:3:hip_module.cpp           :744 : 251425599014 us:  [32m hipLaunchKernel ( 0x7ff463b95540, {1,1,1}, {32,32,1}, 0x7fff77ee0cc0, 0, stream:<null> ) [0m
:3:hip_module.cpp           :745 : 251425599021 us:  hipLaunchKernel: Returned hipErrorInvalidDeviceFunction : : duration: 7 us
:3:hip_memory.cpp           :795 : 251425599026 us:  [32m hipMemcpy ( 0x5588d970e8f0, 0x7ff368002000, 16, hipMemcpyDeviceToHost ) [0m
:3:rocvirtual.cpp           :763 : 251425599042 us:  Arg0: uchar* src = ptr:0x7ff368002000
:3:rocvirtual.cpp           :763 : 251425599046 us:  Arg1: uchar* dst = ptr:0x7ff374a00000
:3:rocvirtual.cpp           :857 : 251425599049 us:  Arg2: ulong size = val:16
:3:rocvirtual.cpp           :857 : 251425599051 us:  Arg3: uint remainder = val:0
:3:rocvirtual.cpp           :857 : 251425599054 us:  Arg4: uint aligned_size = val:16
:3:rocvirtual.cpp           :857 : 251425599056 us:  Arg5: ulong end_ptr = val:140683610423312
:3:rocvirtual.cpp           :857 : 251425599058 us:  Arg6: uint next_chunk = val:512
:3:rocvirtual.cpp           :3237: 251425599061 us:  ShaderName : __amd_rocclr_copyBuffer
:3:rocvirtual.cpp           :3451: 251425599064 us:  KernargSegmentByteSize = 304 KernargSegmentAlignment = 128
:3:rocvirtual.hpp           :57  : 251425599077 us:  Host active wait for Signal = (0x7ff455fff680) for -1 ns
:3:rocvirtual.cpp           :534 : 251425599140 us:  Set Handler: handle(0x7ff455ffd700), timestamp(0x5588d970eec0)
:3:rocvirtual.hpp           :57  : 251425599147 us:  Host active wait for Signal = (0x7ff455ffd700) for -1 ns
:3:hip_memory.cpp           :796 : 251425599166 us:  hipMemcpy: Returned hipSuccess : : duration: 140 us
:3:hip_memory.cpp           :795 : 251425599171 us:  [32m hipMemcpy ( 0x7fff77ee16d8, 0x7ff368004000, 4, hipMemcpyDeviceToHost ) [0m
:3:rocvirtual.cpp           :763 : 251425599189 us:  Arg0: uchar* src = ptr:0x7ff368004000
:3:rocvirtual.cpp           :763 : 251425599193 us:  Arg1: uchar* dst = ptr:0x7ff374a00000
:3:rocvirtual.cpp           :857 : 251425599196 us:  Arg2: ulong size = val:4
:3:rocvirtual.cpp           :227 : 251425599201 us:  Handler: value(0), timestamp(0x5588d8c64e50), handle(0x7ff455ffd700)
:3:rocvirtual.cpp           :857 : 251425599202 us:  Arg3: uint remainder = val:4
:3:rocvirtual.cpp           :857 : 251425599219 us:  Arg4: uint aligned_size = val:16
:3:rocvirtual.cpp           :857 : 251425599222 us:  Arg5: ulong end_ptr = val:140683610423296
:3:rocvirtual.cpp           :857 : 251425599225 us:  Arg6: uint next_chunk = val:512
:3:rocvirtual.cpp           :3237: 251425599227 us:  ShaderName : __amd_rocclr_copyBuffer
:3:rocvirtual.cpp           :3451: 251425599230 us:  KernargSegmentByteSize = 304 KernargSegmentAlignment = 128
:3:rocvirtual.hpp           :57  : 251425599233 us:  Host active wait for Signal = (0x7ff455fff580) for -1 ns
:3:rocvirtual.cpp           :534 : 251425599275 us:  Set Handler: handle(0x7ff455ffd780), timestamp(0x5588d970edb0)
:3:rocvirtual.hpp           :57  : 251425599282 us:  Host active wait for Signal = (0x7ff455ffd780) for -1 ns
:3:hip_memory.cpp           :796 : 251425599300 us:  hipMemcpy: Returned hipSuccess : : duration: 129 us
:3:rocvirtual.cpp           :227 : 251425599323 us:  Handler: value(0), timestamp(0x5588d96b3540), handle(0x7ff455ffd780)
:3:hip_memory.cpp           :772 : 251425599343 us:  [32m hipFree ( 0x7ff368004000 ) [0m
:3:rocdevice.cpp            :2411: 251425599352 us:  Device=0x5588d88d7d10, freeMem_ = 0x366fb2e68
:3:hip_memory.cpp           :774 : 251425599354 us:  hipFree: Returned hipSuccess : 
:3:hip_memory.cpp           :772 : 251425599361 us:  [32m hipFree ( 0x7ff368003000 ) [0m
:3:rocdevice.cpp            :2411: 251425599365 us:  Device=0x5588d88d7d10, freeMem_ = 0x366fb2fa8
:3:hip_memory.cpp           :774 : 251425599367 us:  hipFree: Returned hipSuccess : 
:3:hip_memory.cpp           :772 : 251425599370 us:  [32m hipFree ( 0x7ff368002000 ) [0m
:3:rocdevice.cpp            :2411: 251425599373 us:  Device=0x5588d88d7d10, freeMem_ = 0x366fb2fb8
:3:hip_memory.cpp           :774 : 251425599376 us:  hipFree: Returned hipSuccess : 
:3:hip_memory.cpp           :772 : 251425599378 us:  [32m hipFree ( 0x7ff368001000 ) [0m
:3:rocdevice.cpp            :2411: 251425599382 us:  Device=0x5588d88d7d10, freeMem_ = 0x366fb2fd0
:3:hip_memory.cpp           :774 : 251425599384 us:  hipFree: Returned hipSuccess : 
:3:hip_memory.cpp           :772 : 251425599388 us:  [32m hipFree ( 0x7ff368000000 ) [0m
:3:rocdevice.cpp            :2411: 251425599392 us:  Device=0x5588d88d7d10, freeMem_ = 0x366fb3000
:3:hip_memory.cpp           :774 : 251425599395 us:  hipFree: Returned hipSuccess : 
:3:rocdevice.cpp            :3255: 251425619971 us:  releaseQueue refCount:0x7ff374200000 (0)
:3:rocdevice.cpp            :284 : 251425620292 us:  Deleting hardware queue 0x7ff374200000 with refCount 0
