:3:rocdevice.cpp            :465 : 251425707613 us:  Initializing HSA stack.
:3:rocdevice.cpp            :551 : 251425716698 us:  Enumerated GPU agents = 1
:3:rocdevice.cpp            :232 : 251425716732 us:  Numa selects cpu agent[0]=0x55dfa4547c20(fine=0x55dfa4637690,coarse=0x55dfa4acfd30) for gpu agent=0x55dfa4ad01c0 CPU<->GPU XGMI=0
:3:rocsettings.cpp          :284 : 251425716739 us:  Using dev kernel arg wa = 0
:3:comgrctx.cpp             :33  : 251425716743 us:  Loading COMGR library.
:3:comgrctx.cpp             :128 : 251425722547 us:  Loaded COMGR library version 3.0.
:3:rocdevice.cpp            :1786: 251425722738 us:  Gfx Major/Minor/Stepping: 9/0/12
:3:rocdevice.cpp            :1788: 251425722746 us:  HMM support: 1, XNACK: 1, Direct host access: 0
:3:rocdevice.cpp            :1790: 251425722749 us:  Max SDMA Read Mask: 0x1, Max SDMA Write Mask: 0x1
:3:hip_context.cpp          :54  : 251425723740 us:  Direct Dispatch: 1
:3:hip_code_object.cpp      :964 : 251425725805 us:  amd::Comgr::get_data() return 0 size for agent_triple_target_ids[0]=amdgcn-amd-amdhsa--gfx90c:xnack+
:3:hip_code_object.cpp      :964 : 251425725819 us:  amd::Comgr::get_data() return 0 size for agent_triple_target_ids[0]=amdgcn-amd-amdhsa--gfx90c:xnack+
:3:hip_code_object.cpp      :964 : 251425725825 us:  amd::Comgr::get_data() return 0 size for agent_triple_target_ids[0]=amdgcn-amd-amdhsa--gfx90c:xnack+
:1:hip_fatbin.cpp           :780 : 251425725848 us:  Cannot find CO in the bundle /usr/lib64/librocsolver.so.0.4 for ISA: amdgcn-amd-amdhsa--gfx90c:xnack+
:3:hip_platform.cpp         :740 : 251425725860 us:  init: Returned hipErrorNoBinaryForGpu : continue parsing remaining modules
:3:hip_code_object.cpp      :964 : 251425727395 us:  amd::Comgr::get_data() return 0 size for agent_triple_target_ids[0]=amdgcn-amd-amdhsa--gfx90c:xnack+
:3:hip_code_object.cpp      :964 : 251425727408 us:  amd::Comgr::get_data() return 0 size for agent_triple_target_ids[0]=amdgcn-amd-amdhsa--gfx90c:xnack+
:3:hip_code_object.cpp      :964 : 251425727414 us:  amd::Comgr::get_data() return 0 size for agent_triple_target_ids[0]=amdgcn-amd-amdhsa--gfx90c:xnack+
:1:hip_fatbin.cpp           :780 : 251425727419 us:  Cannot find CO in the bundle /usr/lib64/librocsolver.so.0.4 for ISA: amdgcn-amd-amdhsa--gfx90c:xnack+
:3:hip_platform.cpp         :740 : 251425727424 us:  init: Returned hipErrorNoBinaryForGpu : continue parsing remaining modules
:3:hip_code_object.cpp      :964 : 251425728898 us:  amd::Comgr::get_data() return 0 size for agent_triple_target_ids[0]=amdgcn-amd-amdhsa--gfx90c:xnack+
:3:hip_code_object.cpp      :964 : 251425728910 us:  amd::Comgr::get_data() return 0 size for agent_triple_target_ids[0]=amdgcn-amd-amdhsa--gfx90c:xnack+
:3:hip_code_object.cpp      :964 : 251425728915 us:  amd::Comgr::get_data() return 0 size for agent_triple_target_ids[0]=amdgcn-amd-amdhsa--gfx90c:xnack+
:1:hip_fatbin.cpp           :780 : 251425728920 us:  Cannot find CO in the bundle /usr/lib64/librocsolver.so.0.4 for ISA: amdgcn-amd-amdhsa--gfx90c:xnack+
:3:hip_platform.cpp         :740 : 251425728926 us:  init: Returned hipErrorNoBinaryForGpu : continue parsing remaining modules
:3:hip_code_object.cpp      :964 : 251425733180 us:  amd::Comgr::get_data() return 0 size for agent_triple_target_ids[0]=amdgcn-amd-amdhsa--gfx90c:xnack+
:3:hip_code_object.cpp      :964 : 251425733196 us:  amd::Comgr::get_data() return 0 size for agent_triple_target_ids[0]=amdgcn-amd-amdhsa--gfx90c:xnack+
:3:hip_code_object.cpp      :964 : 251425733201 us:  amd::Comgr::get_data() return 0 size for agent_triple_target_ids[0]=amdgcn-amd-amdhsa--gfx90c:xnack+
:1:hip_fatbin.cpp           :780 : 251425733265 us:  Cannot find CO in the bundle /usr/lib64/librocsolver.so.0.4 for ISA: amdgcn-amd-amdhsa--gfx90c:xnack+
:3:hip_platform.cpp         :740 : 251425733273 us:  init: Returned hipErrorNoBinaryForGpu : continue parsing remaining modules
:3:hip_code_object.cpp      :964 : 251425734401 us:  amd::Comgr::get_data() return 0 size for agent_triple_target_ids[0]=amdgcn-amd-amdhsa--gfx90c:xnack+
:3:hip_code_object.cpp      :964 : 251425734413 us:  amd::Comgr::get_data() return 0 size for agent_triple_target_ids[0]=amdgcn-amd-amdhsa--gfx90c:xnack+
:3:hip_code_object.cpp      :964 : 251425734426 us:  amd::Comgr::get_data() return 0 size for agent_triple_target_ids[0]=amdgcn-amd-amdhsa--gfx90c:xnack+
:1:hip_fatbin.cpp           :780 : 251425734431 us:  Cannot find CO in the bundle /usr/lib64/librocsolver.so.0.4 for ISA: amdgcn-amd-amdhsa--gfx90c:xnack+
:3:hip_platform.cpp         :740 : 251425734437 us:  init: Returned hipErrorNoBinaryForGpu : continue parsing remaining modules
:3:hip_code_object.cpp      :964 : 251425771118 us:  amd::Comgr::get_data() return 0 size for agent_triple_target_ids[0]=amdgcn-amd-amdhsa--gfx90c:xnack+
:3:hip_code_object.cpp      :964 : 251425771149 us:  amd::Comgr::get_data() return 0 size for agent_triple_target_ids[0]=amdgcn-amd-amdhsa--gfx90c:xnack+
:3:hip_code_object.cpp      :964 : 251425771155 us:  amd::Comgr::get_data() return 0 size for agent_triple_target_ids[0]=amdgcn-amd-amdhsa--gfx90c:xnack+
:1:hip_fatbin.cpp           :780 : 251425771464 us:  Cannot find CO in the bundle /usr/lib64/librocsolver.so.0.4 for ISA: amdgcn-amd-amdhsa--gfx90c:xnack+
:3:hip_platform.cpp         :740 : 251425771477 us:  init: Returned hipErrorNoBinaryForGpu : continue parsing remaining modules
:3:hip_code_object.cpp      :964 : 251425809396 us:  amd::Comgr::get_data() return 0 size for agent_triple_target_ids[0]=amdgcn-amd-amdhsa--gfx90c:xnack+
:3:hip_code_object.cpp      :964 : 251425809425 us:  amd::Comgr::get_data() return 0 size for agent_triple_target_ids[0]=amdgcn-amd-amdhsa--gfx90c:xnack+
:3:hip_code_object.cpp      :964 : 251425809430 us:  amd::Comgr::get_data() return 0 size for agent_triple_target_ids[0]=amdgcn-amd-amdhsa--gfx90c:xnack+
:1:hip_fatbin.cpp           :780 : 251425809437 us:  Cannot find CO in the bundle /usr/lib64/librocsolver.so.0.4 for ISA: amdgcn-amd-amdhsa--gfx90c:xnack+
:3:hip_platform.cpp         :740 : 251425809448 us:  init: Returned hipErrorNoBinaryForGpu : continue parsing remaining modules
:3:hip_code_object.cpp      :964 : 251425836481 us:  amd::Comgr::get_data() return 0 size for agent_triple_target_ids[0]=amdgcn-amd-amdhsa--gfx90c:xnack+
:3:hip_code_object.cpp      :964 : 251425836511 us:  amd::Comgr::get_data() return 0 size for agent_triple_target_ids[0]=amdgcn-amd-amdhsa--gfx90c:xnack+
:3:hip_code_object.cpp      :964 : 251425836516 us:  amd::Comgr::get_data() return 0 size for agent_triple_target_ids[0]=amdgcn-amd-amdhsa--gfx90c:xnack+
:1:hip_fatbin.cpp           :780 : 251425840195 us:  Cannot find CO in the bundle /usr/lib64/librocsolver.so.0.4 for ISA: amdgcn-amd-amdhsa--gfx90c:xnack+
:3:hip_platform.cpp         :740 : 251425840215 us:  init: Returned hipErrorNoBinaryForGpu : continue parsing remaining modules
:3:hip_code_object.cpp      :964 : 251425867140 us:  amd::Comgr::get_data() return 0 size for agent_triple_target_ids[0]=amdgcn-amd-amdhsa--gfx90c:xnack+
:3:hip_code_object.cpp      :964 : 251425867170 us:  amd::Comgr::get_data() return 0 size for agent_triple_target_ids[0]=amdgcn-amd-amdhsa--gfx90c:xnack+
:3:hip_code_object.cpp      :964 : 251425867176 us:  amd::Comgr::get_data() return 0 size for agent_triple_target_ids[0]=amdgcn-amd-amdhsa--gfx90c:xnack+
:1:hip_fatbin.cpp           :780 : 251425867182 us:  Cannot find CO in the bundle /usr/lib64/librocsolver.so.0.4 for ISA: amdgcn-amd-amdhsa--gfx90c:xnack+
:3:hip_platform.cpp         :740 : 251425867193 us:  init: Returned hipErrorNoBinaryForGpu : continue parsing remaining modules
:3:hip_code_object.cpp      :964 : 251425880060 us:  amd::Comgr::get_data() return 0 size for agent_triple_target_ids[0]=amdgcn-amd-amdhsa--gfx90c:xnack+
:3:hip_code_object.cpp      :964 : 251425880091 us:  amd::Comgr::get_data() return 0 size for agent_triple_target_ids[0]=amdgcn-amd-amdhsa--gfx90c:xnack+
:3:hip_code_object.cpp      :964 : 251425880096 us:  amd::Comgr::get_data() return 0 size for agent_triple_target_ids[0]=amdgcn-amd-amdhsa--gfx90c:xnack+
:1:hip_fatbin.cpp           :780 : 251425882919 us:  Cannot find CO in the bundle /usr/lib64/librocsolver.so.0.4 for ISA: amdgcn-amd-amdhsa--gfx90c:xnack+
:3:hip_platform.cpp         :740 : 251425882941 us:  init: Returned hipErrorNoBinaryForGpu : continue parsing remaining modules
:3:hip_code_object.cpp      :964 : 251425910444 us:  amd::Comgr::get_data() return 0 size for agent_triple_target_ids[0]=amdgcn-amd-amdhsa--gfx90c:xnack+
:3:hip_code_object.cpp      :964 : 251425910477 us:  amd::Comgr::get_data() return 0 size for agent_triple_target_ids[0]=amdgcn-amd-amdhsa--gfx90c:xnack+
:3:hip_code_object.cpp      :964 : 251425910483 us:  amd::Comgr::get_data() return 0 size for agent_triple_target_ids[0]=amdgcn-amd-amdhsa--gfx90c:xnack+
:1:hip_fatbin.cpp           :780 : 251425913233 us:  Cannot find CO in the bundle /usr/lib64/librocsolver.so.0.4 for ISA: amdgcn-amd-amdhsa--gfx90c:xnack+
:3:hip_platform.cpp         :740 : 251425913247 us:  init: Returned hipErrorNoBinaryForGpu : continue parsing remaining modules
:3:hip_code_object.cpp      :964 : 251425960744 us:  amd::Comgr::get_data() return 0 size for agent_triple_target_ids[0]=amdgcn-amd-amdhsa--gfx90c:xnack+
:3:hip_code_object.cpp      :964 : 251425960774 us:  amd::Comgr::get_data() return 0 size for agent_triple_target_ids[0]=amdgcn-amd-amdhsa--gfx90c:xnack+
:3:hip_code_object.cpp      :964 : 251425960780 us:  amd::Comgr::get_data() return 0 size for agent_triple_target_ids[0]=amdgcn-amd-amdhsa--gfx90c:xnack+
:1:hip_fatbin.cpp           :780 : 251425960787 us:  Cannot find CO in the bundle /usr/lib64/librocsolver.so.0.4 for ISA: amdgcn-amd-amdhsa--gfx90c:xnack+
:3:hip_platform.cpp         :740 : 251425960796 us:  init: Returned hipErrorNoBinaryForGpu : continue parsing remaining modules
:3:hip_code_object.cpp      :964 : 251425995959 us:  amd::Comgr::get_data() return 0 size for agent_triple_target_ids[0]=amdgcn-amd-amdhsa--gfx90c:xnack+
:3:hip_code_object.cpp      :964 : 251425995989 us:  amd::Comgr::get_data() return 0 size for agent_triple_target_ids[0]=amdgcn-amd-amdhsa--gfx90c:xnack+
:3:hip_code_object.cpp      :964 : 251425995995 us:  amd::Comgr::get_data() return 0 size for agent_triple_target_ids[0]=amdgcn-amd-amdhsa--gfx90c:xnack+
:1:hip_fatbin.cpp           :780 : 251425996011 us:  Cannot find CO in the bundle /usr/lib64/librocsolver.so.0.4 for ISA: amdgcn-amd-amdhsa--gfx90c:xnack+
:3:hip_platform.cpp         :740 : 251425996020 us:  init: Returned hipErrorNoBinaryForGpu : continue parsing remaining modules
:3:hip_code_object.cpp      :964 : 251426042845 us:  amd::Comgr::get_data() return 0 size for agent_triple_target_ids[0]=amdgcn-amd-amdhsa--gfx90c:xnack+
:3:hip_code_object.cpp      :964 : 251426042877 us:  amd::Comgr::get_data() return 0 size for agent_triple_target_ids[0]=amdgcn-amd-amdhsa--gfx90c:xnack+
:3:hip_code_object.cpp      :964 : 251426042882 us:  amd::Comgr::get_data() return 0 size for agent_triple_target_ids[0]=amdgcn-amd-amdhsa--gfx90c:xnack+
:1:hip_fatbin.cpp           :780 : 251426042889 us:  Cannot find CO in the bundle /usr/lib64/librocsolver.so.0.4 for ISA: amdgcn-amd-amdhsa--gfx90c:xnack+
:3:hip_platform.cpp         :740 : 251426042899 us:  init: Returned hipErrorNoBinaryForGpu : continue parsing remaining modules
:3:hip_code_object.cpp      :964 : 251426073024 us:  amd::Comgr::get_data() return 0 size for agent_triple_target_ids[0]=amdgcn-amd-amdhsa--gfx90c:xnack+
:3:hip_code_object.cpp      :964 : 251426073056 us:  amd::Comgr::get_data() return 0 size for agent_triple_target_ids[0]=amdgcn-amd-amdhsa--gfx90c:xnack+
:3:hip_code_object.cpp      :964 : 251426073062 us:  amd::Comgr::get_data() return 0 size for agent_triple_target_ids[0]=amdgcn-amd-amdhsa--gfx90c:xnack+
:1:hip_fatbin.cpp           :780 : 251426073069 us:  Cannot find CO in the bundle /usr/lib64/librocsolver.so.0.4 for ISA: amdgcn-amd-amdhsa--gfx90c:xnack+
:3:hip_platform.cpp         :740 : 251426073079 us:  init: Returned hipErrorNoBinaryForGpu : continue parsing remaining modules
:3:hip_code_object.cpp      :964 : 251426079523 us:  amd::Comgr::get_data() return 0 size for agent_triple_target_ids[0]=amdgcn-amd-amdhsa--gfx90c:xnack+
:3:hip_code_object.cpp      :964 : 251426079554 us:  amd::Comgr::get_data() return 0 size for agent_triple_target_ids[0]=amdgcn-amd-amdhsa--gfx90c:xnack+
:3:hip_code_object.cpp      :964 : 251426079568 us:  amd::Comgr::get_data() return 0 size for agent_triple_target_ids[0]=amdgcn-amd-amdhsa--gfx90c:xnack+
:1:hip_fatbin.cpp           :780 : 251426079575 us:  Cannot find CO in the bundle /usr/lib64/librocsolver.so.0.4 for ISA: amdgcn-amd-amdhsa--gfx90c:xnack+
:3:hip_platform.cpp         :740 : 251426079584 us:  init: Returned hipErrorNoBinaryForGpu : continue parsing remaining modules
:3:hip_code_object.cpp      :964 : 251426085496 us:  amd::Comgr::get_data() return 0 size for agent_triple_target_ids[0]=amdgcn-amd-amdhsa--gfx90c:xnack+
:3:hip_code_object.cpp      :964 : 251426085527 us:  amd::Comgr::get_data() return 0 size for agent_triple_target_ids[0]=amdgcn-amd-amdhsa--gfx90c:xnack+
:3:hip_code_object.cpp      :964 : 251426085533 us:  amd::Comgr::get_data() return 0 size for agent_triple_target_ids[0]=amdgcn-amd-amdhsa--gfx90c:xnack+
:1:hip_fatbin.cpp           :780 : 251426085539 us:  Cannot find CO in the bundle /usr/lib64/librocsolver.so.0.4 for ISA: amdgcn-amd-amdhsa--gfx90c:xnack+
:3:hip_platform.cpp         :740 : 251426085550 us:  init: Returned hipErrorNoBinaryForGpu : continue parsing remaining modules
:3:hip_code_object.cpp      :964 : 251426092727 us:  amd::Comgr::get_data() return 0 size for agent_triple_target_ids[0]=amdgcn-amd-amdhsa--gfx90c:xnack+
:3:hip_code_object.cpp      :964 : 251426092759 us:  amd::Comgr::get_data() return 0 size for agent_triple_target_ids[0]=amdgcn-amd-amdhsa--gfx90c:xnack+
:3:hip_code_object.cpp      :964 : 251426092765 us:  amd::Comgr::get_data() return 0 size for agent_triple_target_ids[0]=amdgcn-amd-amdhsa--gfx90c:xnack+
:1:hip_fatbin.cpp           :780 : 251426092772 us:  Cannot find CO in the bundle /usr/lib64/librocsolver.so.0.4 for ISA: amdgcn-amd-amdhsa--gfx90c:xnack+
:3:hip_platform.cpp         :740 : 251426092783 us:  init: Returned hipErrorNoBinaryForGpu : continue parsing remaining modules
:3:hip_code_object.cpp      :964 : 251426099657 us:  amd::Comgr::get_data() return 0 size for agent_triple_target_ids[0]=amdgcn-amd-amdhsa--gfx90c:xnack+
:3:hip_code_object.cpp      :964 : 251426099689 us:  amd::Comgr::get_data() return 0 size for agent_triple_target_ids[0]=amdgcn-amd-amdhsa--gfx90c:xnack+
:3:hip_code_object.cpp      :964 : 251426099694 us:  amd::Comgr::get_data() return 0 size for agent_triple_target_ids[0]=amdgcn-amd-amdhsa--gfx90c:xnack+
:1:hip_fatbin.cpp           :780 : 251426099701 us:  Cannot find CO in the bundle /usr/lib64/librocsolver.so.0.4 for ISA: amdgcn-amd-amdhsa--gfx90c:xnack+
:3:hip_platform.cpp         :740 : 251426099711 us:  init: Returned hipErrorNoBinaryForGpu : continue parsing remaining modules
:3:hip_code_object.cpp      :964 : 251426106279 us:  amd::Comgr::get_data() return 0 size for agent_triple_target_ids[0]=amdgcn-amd-amdhsa--gfx90c:xnack+
:3:hip_code_object.cpp      :964 : 251426106311 us:  amd::Comgr::get_data() return 0 size for agent_triple_target_ids[0]=amdgcn-amd-amdhsa--gfx90c:xnack+
:3:hip_code_object.cpp      :964 : 251426106316 us:  amd::Comgr::get_data() return 0 size for agent_triple_target_ids[0]=amdgcn-amd-amdhsa--gfx90c:xnack+
:1:hip_fatbin.cpp           :780 : 251426106323 us:  Cannot find CO in the bundle /usr/lib64/librocsolver.so.0.4 for ISA: amdgcn-amd-amdhsa--gfx90c:xnack+
:3:hip_platform.cpp         :740 : 251426106333 us:  init: Returned hipErrorNoBinaryForGpu : continue parsing remaining modules
:3:hip_code_object.cpp      :964 : 251426113230 us:  amd::Comgr::get_data() return 0 size for agent_triple_target_ids[0]=amdgcn-amd-amdhsa--gfx90c:xnack+
:3:hip_code_object.cpp      :964 : 251426113261 us:  amd::Comgr::get_data() return 0 size for agent_triple_target_ids[0]=amdgcn-amd-amdhsa--gfx90c:xnack+
:3:hip_code_object.cpp      :964 : 251426113266 us:  amd::Comgr::get_data() return 0 size for agent_triple_target_ids[0]=amdgcn-amd-amdhsa--gfx90c:xnack+
:1:hip_fatbin.cpp           :780 : 251426113273 us:  Cannot find CO in the bundle /usr/lib64/librocsolver.so.0.4 for ISA: amdgcn-amd-amdhsa--gfx90c:xnack+
:3:hip_platform.cpp         :740 : 251426113292 us:  init: Returned hipErrorNoBinaryForGpu : continue parsing remaining modules
:3:hip_code_object.cpp      :964 : 251426119278 us:  amd::Comgr::get_data() return 0 size for agent_triple_target_ids[0]=amdgcn-amd-amdhsa--gfx90c:xnack+
:3:hip_code_object.cpp      :964 : 251426119310 us:  amd::Comgr::get_data() return 0 size for agent_triple_target_ids[0]=amdgcn-amd-amdhsa--gfx90c:xnack+
:3:hip_code_object.cpp      :964 : 251426119315 us:  amd::Comgr::get_data() return 0 size for agent_triple_target_ids[0]=amdgcn-amd-amdhsa--gfx90c:xnack+
:1:hip_fatbin.cpp           :780 : 251426119322 us:  Cannot find CO in the bundle /usr/lib64/librocsolver.so.0.4 for ISA: amdgcn-amd-amdhsa--gfx90c:xnack+
:3:hip_platform.cpp         :740 : 251426119331 us:  init: Returned hipErrorNoBinaryForGpu : continue parsing remaining modules
:3:hip_code_object.cpp      :964 : 251426125451 us:  amd::Comgr::get_data() return 0 size for agent_triple_target_ids[0]=amdgcn-amd-amdhsa--gfx90c:xnack+
:3:hip_code_object.cpp      :964 : 251426125486 us:  amd::Comgr::get_data() return 0 size for agent_triple_target_ids[0]=amdgcn-amd-amdhsa--gfx90c:xnack+
:3:hip_code_object.cpp      :964 : 251426125492 us:  amd::Comgr::get_data() return 0 size for agent_triple_target_ids[0]=amdgcn-amd-amdhsa--gfx90c:xnack+
:1:hip_fatbin.cpp           :780 : 251426125499 us:  Cannot find CO in the bundle /usr/lib64/librocsolver.so.0.4 for ISA: amdgcn-amd-amdhsa--gfx90c:xnack+
:3:hip_platform.cpp         :740 : 251426125511 us:  init: Returned hipErrorNoBinaryForGpu : continue parsing remaining modules
:3:hip_code_object.cpp      :964 : 251426132286 us:  amd::Comgr::get_data() return 0 size for agent_triple_target_ids[0]=amdgcn-amd-amdhsa--gfx90c:xnack+
:3:hip_code_object.cpp      :964 : 251426132330 us:  amd::Comgr::get_data() return 0 size for agent_triple_target_ids[0]=amdgcn-amd-amdhsa--gfx90c:xnack+
:3:hip_code_object.cpp      :964 : 251426132335 us:  amd::Comgr::get_data() return 0 size for agent_triple_target_ids[0]=amdgcn-amd-amdhsa--gfx90c:xnack+
:1:hip_fatbin.cpp           :780 : 251426132343 us:  Cannot find CO in the bundle /usr/lib64/librocsolver.so.0.4 for ISA: amdgcn-amd-amdhsa--gfx90c:xnack+
:3:hip_platform.cpp         :740 : 251426132355 us:  init: Returned hipErrorNoBinaryForGpu : continue parsing remaining modules
:3:hip_code_object.cpp      :964 : 251426138722 us:  amd::Comgr::get_data() return 0 size for agent_triple_target_ids[0]=amdgcn-amd-amdhsa--gfx90c:xnack+
:3:hip_code_object.cpp      :964 : 251426138764 us:  amd::Comgr::get_data() return 0 size for agent_triple_target_ids[0]=amdgcn-amd-amdhsa--gfx90c:xnack+
:3:hip_code_object.cpp      :964 : 251426138769 us:  amd::Comgr::get_data() return 0 size for agent_triple_target_ids[0]=amdgcn-amd-amdhsa--gfx90c:xnack+
:1:hip_fatbin.cpp           :780 : 251426138777 us:  Cannot find CO in the bundle /usr/lib64/librocsolver.so.0.4 for ISA: amdgcn-amd-amdhsa--gfx90c:xnack+
:3:hip_platform.cpp         :740 : 251426138788 us:  init: Returned hipErrorNoBinaryForGpu : continue parsing remaining modules
:3:hip_code_object.cpp      :964 : 251426148562 us:  amd::Comgr::get_data() return 0 size for agent_triple_target_ids[0]=amdgcn-amd-amdhsa--gfx90c:xnack+
:3:hip_code_object.cpp      :964 : 251426148595 us:  amd::Comgr::get_data() return 0 size for agent_triple_target_ids[0]=amdgcn-amd-amdhsa--gfx90c:xnack+
:3:hip_code_object.cpp      :964 : 251426148600 us:  amd::Comgr::get_data() return 0 size for agent_triple_target_ids[0]=amdgcn-amd-amdhsa--gfx90c:xnack+
:1:hip_fatbin.cpp           :780 : 251426148607 us:  Cannot find CO in the bundle /usr/lib64/librocsolver.so.0.4 for ISA: amdgcn-amd-amdhsa--gfx90c:xnack+
:3:hip_platform.cpp         :740 : 251426148617 us:  init: Returned hipErrorNoBinaryForGpu : continue parsing remaining modules
:3:hip_code_object.cpp      :964 : 251426157343 us:  amd::Comgr::get_data() return 0 size for agent_triple_target_ids[0]=amdgcn-amd-amdhsa--gfx90c:xnack+
:3:hip_code_object.cpp      :964 : 251426157369 us:  amd::Comgr::get_data() return 0 size for agent_triple_target_ids[0]=amdgcn-amd-amdhsa--gfx90c:xnack+
:3:hip_code_object.cpp      :964 : 251426157383 us:  amd::Comgr::get_data() return 0 size for agent_triple_target_ids[0]=amdgcn-amd-amdhsa--gfx90c:xnack+
:1:hip_fatbin.cpp           :780 : 251426157389 us:  Cannot find CO in the bundle /usr/lib64/librocsolver.so.0.4 for ISA: amdgcn-amd-amdhsa--gfx90c:xnack+
:3:hip_platform.cpp         :740 : 251426157399 us:  init: Returned hipErrorNoBinaryForGpu : continue parsing remaining modules
:3:hip_code_object.cpp      :964 : 251426165782 us:  amd::Comgr::get_data() return 0 size for agent_triple_target_ids[0]=amdgcn-amd-amdhsa--gfx90c:xnack+
:3:hip_code_object.cpp      :964 : 251426165807 us:  amd::Comgr::get_data() return 0 size for agent_triple_target_ids[0]=amdgcn-amd-amdhsa--gfx90c:xnack+
:3:hip_code_object.cpp      :964 : 251426165813 us:  amd::Comgr::get_data() return 0 size for agent_triple_target_ids[0]=amdgcn-amd-amdhsa--gfx90c:xnack+
:1:hip_fatbin.cpp           :780 : 251426165819 us:  Cannot find CO in the bundle /usr/lib64/librocsolver.so.0.4 for ISA: amdgcn-amd-amdhsa--gfx90c:xnack+
:3:hip_platform.cpp         :740 : 251426165827 us:  init: Returned hipErrorNoBinaryForGpu : continue parsing remaining modules
:3:hip_code_object.cpp      :964 : 251426173817 us:  amd::Comgr::get_data() return 0 size for agent_triple_target_ids[0]=amdgcn-amd-amdhsa--gfx90c:xnack+
:3:hip_code_object.cpp      :964 : 251426173847 us:  amd::Comgr::get_data() return 0 size for agent_triple_target_ids[0]=amdgcn-amd-amdhsa--gfx90c:xnack+
:3:hip_code_object.cpp      :964 : 251426173852 us:  amd::Comgr::get_data() return 0 size for agent_triple_target_ids[0]=amdgcn-amd-amdhsa--gfx90c:xnack+
:1:hip_fatbin.cpp           :780 : 251426173860 us:  Cannot find CO in the bundle /usr/lib64/librocsolver.so.0.4 for ISA: amdgcn-amd-amdhsa--gfx90c:xnack+
:3:hip_platform.cpp         :740 : 251426173871 us:  init: Returned hipErrorNoBinaryForGpu : continue parsing remaining modules
:3:hip_code_object.cpp      :964 : 251426183758 us:  amd::Comgr::get_data() return 0 size for agent_triple_target_ids[0]=amdgcn-amd-amdhsa--gfx90c:xnack+
:3:hip_code_object.cpp      :964 : 251426183785 us:  amd::Comgr::get_data() return 0 size for agent_triple_target_ids[0]=amdgcn-amd-amdhsa--gfx90c:xnack+
:3:hip_code_object.cpp      :964 : 251426183791 us:  amd::Comgr::get_data() return 0 size for agent_triple_target_ids[0]=amdgcn-amd-amdhsa--gfx90c:xnack+
:1:hip_fatbin.cpp           :780 : 251426183797 us:  Cannot find CO in the bundle /usr/lib64/librocsolver.so.0.4 for ISA: amdgcn-amd-amdhsa--gfx90c:xnack+
:3:hip_platform.cpp         :740 : 251426183807 us:  init: Returned hipErrorNoBinaryForGpu : continue parsing remaining modules
:3:hip_code_object.cpp      :964 : 251426191731 us:  amd::Comgr::get_data() return 0 size for agent_triple_target_ids[0]=amdgcn-amd-amdhsa--gfx90c:xnack+
:3:hip_code_object.cpp      :964 : 251426191760 us:  amd::Comgr::get_data() return 0 size for agent_triple_target_ids[0]=amdgcn-amd-amdhsa--gfx90c:xnack+
:3:hip_code_object.cpp      :964 : 251426191765 us:  amd::Comgr::get_data() return 0 size for agent_triple_target_ids[0]=amdgcn-amd-amdhsa--gfx90c:xnack+
:1:hip_fatbin.cpp           :780 : 251426191772 us:  Cannot find CO in the bundle /usr/lib64/librocsolver.so.0.4 for ISA: amdgcn-amd-amdhsa--gfx90c:xnack+
:3:hip_platform.cpp         :740 : 251426191781 us:  init: Returned hipErrorNoBinaryForGpu : continue parsing remaining modules
:3:hip_code_object.cpp      :964 : 251426197619 us:  amd::Comgr::get_data() return 0 size for agent_triple_target_ids[0]=amdgcn-amd-amdhsa--gfx90c:xnack+
:3:hip_code_object.cpp      :964 : 251426197647 us:  amd::Comgr::get_data() return 0 size for agent_triple_target_ids[0]=amdgcn-amd-amdhsa--gfx90c:xnack+
:3:hip_code_object.cpp      :964 : 251426197652 us:  amd::Comgr::get_data() return 0 size for agent_triple_target_ids[0]=amdgcn-amd-amdhsa--gfx90c:xnack+
:1:hip_fatbin.cpp           :780 : 251426197659 us:  Cannot find CO in the bundle /usr/lib64/librocsolver.so.0.4 for ISA: amdgcn-amd-amdhsa--gfx90c:xnack+
:3:hip_platform.cpp         :740 : 251426197678 us:  init: Returned hipErrorNoBinaryForGpu : continue parsing remaining modules
:3:hip_code_object.cpp      :964 : 251426202702 us:  amd::Comgr::get_data() return 0 size for agent_triple_target_ids[0]=amdgcn-amd-amdhsa--gfx90c:xnack+
:3:hip_code_object.cpp      :964 : 251426202729 us:  amd::Comgr::get_data() return 0 size for agent_triple_target_ids[0]=amdgcn-amd-amdhsa--gfx90c:xnack+
:3:hip_code_object.cpp      :964 : 251426202734 us:  amd::Comgr::get_data() return 0 size for agent_triple_target_ids[0]=amdgcn-amd-amdhsa--gfx90c:xnack+
:1:hip_fatbin.cpp           :780 : 251426202741 us:  Cannot find CO in the bundle /usr/lib64/librocsolver.so.0.4 for ISA: amdgcn-amd-amdhsa--gfx90c:xnack+
:3:hip_platform.cpp         :740 : 251426202750 us:  init: Returned hipErrorNoBinaryForGpu : continue parsing remaining modules
:3:hip_code_object.cpp      :964 : 251426209129 us:  amd::Comgr::get_data() return 0 size for agent_triple_target_ids[0]=amdgcn-amd-amdhsa--gfx90c:xnack+
:3:hip_code_object.cpp      :964 : 251426209161 us:  amd::Comgr::get_data() return 0 size for agent_triple_target_ids[0]=amdgcn-amd-amdhsa--gfx90c:xnack+
:3:hip_code_object.cpp      :964 : 251426209166 us:  amd::Comgr::get_data() return 0 size for agent_triple_target_ids[0]=amdgcn-amd-amdhsa--gfx90c:xnack+
:1:hip_fatbin.cpp           :780 : 251426209174 us:  Cannot find CO in the bundle /usr/lib64/librocsolver.so.0.4 for ISA: amdgcn-amd-amdhsa--gfx90c:xnack+
:3:hip_platform.cpp         :740 : 251426209184 us:  init: Returned hipErrorNoBinaryForGpu : continue parsing remaining modules
:3:hip_code_object.cpp      :964 : 251426213523 us:  amd::Comgr::get_data() return 0 size for agent_triple_target_ids[0]=amdgcn-amd-amdhsa--gfx90c:xnack+
:3:hip_code_object.cpp      :964 : 251426213550 us:  amd::Comgr::get_data() return 0 size for agent_triple_target_ids[0]=amdgcn-amd-amdhsa--gfx90c:xnack+
:3:hip_code_object.cpp      :964 : 251426213555 us:  amd::Comgr::get_data() return 0 size for agent_triple_target_ids[0]=amdgcn-amd-amdhsa--gfx90c:xnack+
:1:hip_fatbin.cpp           :780 : 251426213562 us:  Cannot find CO in the bundle /usr/lib64/librocsolver.so.0.4 for ISA: amdgcn-amd-amdhsa--gfx90c:xnack+
:3:hip_platform.cpp         :740 : 251426213572 us:  init: Returned hipErrorNoBinaryForGpu : continue parsing remaining modules
:3:hip_code_object.cpp      :964 : 251426214814 us:  amd::Comgr::get_data() return 0 size for agent_triple_target_ids[0]=amdgcn-amd-amdhsa--gfx90c:xnack+
:3:hip_code_object.cpp      :964 : 251426214832 us:  amd::Comgr::get_data() return 0 size for agent_triple_target_ids[0]=amdgcn-amd-amdhsa--gfx90c:xnack+
:3:hip_code_object.cpp      :964 : 251426214837 us:  amd::Comgr::get_data() return 0 size for agent_triple_target_ids[0]=amdgcn-amd-amdhsa--gfx90c:xnack+
:1:hip_fatbin.cpp           :780 : 251426214843 us:  Cannot find CO in the bundle /usr/lib64/librocsolver.so.0.4 for ISA: amdgcn-amd-amdhsa--gfx90c:xnack+
:3:hip_platform.cpp         :740 : 251426214850 us:  init: Returned hipErrorNoBinaryForGpu : continue parsing remaining modules
:3:hip_code_object.cpp      :964 : 251426215951 us:  amd::Comgr::get_data() return 0 size for agent_triple_target_ids[0]=amdgcn-amd-amdhsa--gfx90c:xnack+
:3:hip_code_object.cpp      :964 : 251426215968 us:  amd::Comgr::get_data() return 0 size for agent_triple_target_ids[0]=amdgcn-amd-amdhsa--gfx90c:xnack+
:3:hip_code_object.cpp      :964 : 251426215973 us:  amd::Comgr::get_data() return 0 size for agent_triple_target_ids[0]=amdgcn-amd-amdhsa--gfx90c:xnack+
:1:hip_fatbin.cpp           :780 : 251426215979 us:  Cannot find CO in the bundle /usr/lib64/librocsolver.so.0.4 for ISA: amdgcn-amd-amdhsa--gfx90c:xnack+
:3:hip_platform.cpp         :740 : 251426215986 us:  init: Returned hipErrorNoBinaryForGpu : continue parsing remaining modules
:3:hip_code_object.cpp      :964 : 251426216881 us:  amd::Comgr::get_data() return 0 size for agent_triple_target_ids[0]=amdgcn-amd-amdhsa--gfx90c:xnack+
:3:hip_code_object.cpp      :964 : 251426216895 us:  amd::Comgr::get_data() return 0 size for agent_triple_target_ids[0]=amdgcn-amd-amdhsa--gfx90c:xnack+
:3:hip_code_object.cpp      :964 : 251426216908 us:  amd::Comgr::get_data() return 0 size for agent_triple_target_ids[0]=amdgcn-amd-amdhsa--gfx90c:xnack+
:1:hip_fatbin.cpp           :780 : 251426216914 us:  Cannot find CO in the bundle /usr/lib64/librocsolver.so.0.4 for ISA: amdgcn-amd-amdhsa--gfx90c:xnack+
:3:hip_platform.cpp         :740 : 251426216920 us:  init: Returned hipErrorNoBinaryForGpu : continue parsing remaining modules
:3:hip_code_object.cpp      :964 : 251426217764 us:  amd::Comgr::get_data() return 0 size for agent_triple_target_ids[0]=amdgcn-amd-amdhsa--gfx90c:xnack+
:3:hip_code_object.cpp      :964 : 251426217777 us:  amd::Comgr::get_data() return 0 size for agent_triple_target_ids[0]=amdgcn-amd-amdhsa--gfx90c:xnack+
:3:hip_code_object.cpp      :964 : 251426217782 us:  amd::Comgr::get_data() return 0 size for agent_triple_target_ids[0]=amdgcn-amd-amdhsa--gfx90c:xnack+
:1:hip_fatbin.cpp           :780 : 251426217787 us:  Cannot find CO in the bundle /usr/lib64/librocsolver.so.0.4 for ISA: amdgcn-amd-amdhsa--gfx90c:xnack+
:3:hip_platform.cpp         :740 : 251426217793 us:  init: Returned hipErrorNoBinaryForGpu : continue parsing remaining modules
:3:hip_code_object.cpp      :964 : 251426218559 us:  amd::Comgr::get_data() return 0 size for agent_triple_target_ids[0]=amdgcn-amd-amdhsa--gfx90c:xnack+
:3:hip_code_object.cpp      :964 : 251426218571 us:  amd::Comgr::get_data() return 0 size for agent_triple_target_ids[0]=amdgcn-amd-amdhsa--gfx90c:xnack+
:3:hip_code_object.cpp      :964 : 251426218576 us:  amd::Comgr::get_data() return 0 size for agent_triple_target_ids[0]=amdgcn-amd-amdhsa--gfx90c:xnack+
:1:hip_fatbin.cpp           :780 : 251426218581 us:  Cannot find CO in the bundle /usr/lib64/librocsolver.so.0.4 for ISA: amdgcn-amd-amdhsa--gfx90c:xnack+
:3:hip_platform.cpp         :740 : 251426218586 us:  init: Returned hipErrorNoBinaryForGpu : continue parsing remaining modules
:3:hip_code_object.cpp      :964 : 251426220377 us:  amd::Comgr::get_data() return 0 size for agent_triple_target_ids[0]=amdgcn-amd-amdhsa--gfx90c:xnack+
:3:hip_code_object.cpp      :964 : 251426220392 us:  amd::Comgr::get_data() return 0 size for agent_triple_target_ids[0]=amdgcn-amd-amdhsa--gfx90c:xnack+
:3:hip_code_object.cpp      :964 : 251426220397 us:  amd::Comgr::get_data() return 0 size for agent_triple_target_ids[0]=amdgcn-amd-amdhsa--gfx90c:xnack+
:1:hip_fatbin.cpp           :780 : 251426220402 us:  Cannot find CO in the bundle /usr/lib64/librocsolver.so.0.4 for ISA: amdgcn-amd-amdhsa--gfx90c:xnack+
:3:hip_platform.cpp         :740 : 251426220408 us:  init: Returned hipErrorNoBinaryForGpu : continue parsing remaining modules
:3:hip_code_object.cpp      :964 : 251426467294 us:  amd::Comgr::get_data() return 0 size for agent_triple_target_ids[0]=amdgcn-amd-amdhsa--gfx90c:xnack+
:3:hip_code_object.cpp      :964 : 251426467325 us:  amd::Comgr::get_data() return 0 size for agent_triple_target_ids[0]=amdgcn-amd-amdhsa--gfx90c:xnack+
:3:hip_code_object.cpp      :964 : 251426467331 us:  amd::Comgr::get_data() return 0 size for agent_triple_target_ids[0]=amdgcn-amd-amdhsa--gfx90c:xnack+
:1:hip_fatbin.cpp           :780 : 251426467339 us:  Cannot find CO in the bundle /usr/lib64/librocsolver.so.0.4 for ISA: amdgcn-amd-amdhsa--gfx90c:xnack+
:3:hip_platform.cpp         :740 : 251426467348 us:  init: Returned hipErrorNoBinaryForGpu : continue parsing remaining modules
:3:hip_code_object.cpp      :964 : 251426468240 us:  amd::Comgr::get_data() return 0 size for agent_triple_target_ids[0]=amdgcn-amd-amdhsa--gfx90c:xnack+
:3:hip_code_object.cpp      :964 : 251426468255 us:  amd::Comgr::get_data() return 0 size for agent_triple_target_ids[0]=amdgcn-amd-amdhsa--gfx90c:xnack+
:3:hip_code_object.cpp      :964 : 251426468260 us:  amd::Comgr::get_data() return 0 size for agent_triple_target_ids[0]=amdgcn-amd-amdhsa--gfx90c:xnack+
:1:hip_fatbin.cpp           :780 : 251426468266 us:  Cannot find CO in the bundle /usr/lib64/librocsolver.so.0.4 for ISA: amdgcn-amd-amdhsa--gfx90c:xnack+
:3:hip_platform.cpp         :740 : 251426468279 us:  init: Returned hipErrorNoBinaryForGpu : continue parsing remaining modules
:3:hip_code_object.cpp      :964 : 251426597564 us:  amd::Comgr::get_data() return 0 size for agent_triple_target_ids[0]=amdgcn-amd-amdhsa--gfx90c:xnack+
:3:hip_code_object.cpp      :964 : 251426597596 us:  amd::Comgr::get_data() return 0 size for agent_triple_target_ids[0]=amdgcn-amd-amdhsa--gfx90c:xnack+
:3:hip_code_object.cpp      :964 : 251426597602 us:  amd::Comgr::get_data() return 0 size for agent_triple_target_ids[0]=amdgcn-amd-amdhsa--gfx90c:xnack+
:1:hip_fatbin.cpp           :780 : 251426597610 us:  Cannot find CO in the bundle /usr/lib64/librocsolver.so.0.4 for ISA: amdgcn-amd-amdhsa--gfx90c:xnack+
:3:hip_platform.cpp         :740 : 251426597620 us:  init: Returned hipErrorNoBinaryForGpu : continue parsing remaining modules
:3:hip_code_object.cpp      :964 : 251426758112 us:  amd::Comgr::get_data() return 0 size for agent_triple_target_ids[0]=amdgcn-amd-amdhsa--gfx90c:xnack+
:3:hip_code_object.cpp      :964 : 251426758141 us:  amd::Comgr::get_data() return 0 size for agent_triple_target_ids[0]=amdgcn-amd-amdhsa--gfx90c:xnack+
:3:hip_code_object.cpp      :964 : 251426758147 us:  amd::Comgr::get_data() return 0 size for agent_triple_target_ids[0]=amdgcn-amd-amdhsa--gfx90c:xnack+
:1:hip_fatbin.cpp           :780 : 251426758155 us:  Cannot find CO in the bundle /usr/lib64/librocsolver.so.0.4 for ISA: amdgcn-amd-amdhsa--gfx90c:xnack+
:3:hip_platform.cpp         :740 : 251426758165 us:  init: Returned hipErrorNoBinaryForGpu : continue parsing remaining modules
:3:hip_code_object.cpp      :964 : 251427023465 us:  amd::Comgr::get_data() return 0 size for agent_triple_target_ids[0]=amdgcn-amd-amdhsa--gfx90c:xnack+
:3:hip_code_object.cpp      :964 : 251427023496 us:  amd::Comgr::get_data() return 0 size for agent_triple_target_ids[0]=amdgcn-amd-amdhsa--gfx90c:xnack+
:3:hip_code_object.cpp      :964 : 251427023501 us:  amd::Comgr::get_data() return 0 size for agent_triple_target_ids[0]=amdgcn-amd-amdhsa--gfx90c:xnack+
:1:hip_fatbin.cpp           :780 : 251427023509 us:  Cannot find CO in the bundle /usr/lib64/librocsolver.so.0.4 for ISA: amdgcn-amd-amdhsa--gfx90c:xnack+
:3:hip_platform.cpp         :740 : 251427023520 us:  init: Returned hipErrorNoBinaryForGpu : continue parsing remaining modules
:3:hip_code_object.cpp      :964 : 251427600380 us:  amd::Comgr::get_data() return 0 size for agent_triple_target_ids[0]=amdgcn-amd-amdhsa--gfx90c:xnack+
:3:hip_code_object.cpp      :964 : 251427600410 us:  amd::Comgr::get_data() return 0 size for agent_triple_target_ids[0]=amdgcn-amd-amdhsa--gfx90c:xnack+
:3:hip_code_object.cpp      :964 : 251427600415 us:  amd::Comgr::get_data() return 0 size for agent_triple_target_ids[0]=amdgcn-amd-amdhsa--gfx90c:xnack+
:1:hip_fatbin.cpp           :780 : 251427607817 us:  Cannot find CO in the bundle /usr/lib64/librocsolver.so.0.4 for ISA: amdgcn-amd-amdhsa--gfx90c:xnack+
:3:hip_platform.cpp         :740 : 251427607838 us:  init: Returned hipErrorNoBinaryForGpu : continue parsing remaining modules
:3:hip_code_object.cpp      :964 : 251427863957 us:  amd::Comgr::get_data() return 0 size for agent_triple_target_ids[0]=amdgcn-amd-amdhsa--gfx90c:xnack+
:3:hip_code_object.cpp      :964 : 251427863993 us:  amd::Comgr::get_data() return 0 size for agent_triple_target_ids[0]=amdgcn-amd-amdhsa--gfx90c:xnack+
:3:hip_code_object.cpp      :964 : 251427863999 us:  amd::Comgr::get_data() return 0 size for agent_triple_target_ids[0]=amdgcn-amd-amdhsa--gfx90c:xnack+
:1:hip_fatbin.cpp           :780 : 251427864024 us:  Cannot find CO in the bundle /usr/lib64/librocsolver.so.0.4 for ISA: amdgcn-amd-amdhsa--gfx90c:xnack+
:3:hip_platform.cpp         :740 : 251427864040 us:  init: Returned hipErrorNoBinaryForGpu : continue parsing remaining modules
:3:hip_code_object.cpp      :964 : 251427865614 us:  amd::Comgr::get_data() return 0 size for agent_triple_target_ids[0]=amdgcn-amd-amdhsa--gfx90c:xnack+
:3:hip_code_object.cpp      :964 : 251427865631 us:  amd::Comgr::get_data() return 0 size for agent_triple_target_ids[0]=amdgcn-amd-amdhsa--gfx90c:xnack+
:3:hip_code_object.cpp      :964 : 251427865645 us:  amd::Comgr::get_data() return 0 size for agent_triple_target_ids[0]=amdgcn-amd-amdhsa--gfx90c:xnack+
:1:hip_fatbin.cpp           :780 : 251427865651 us:  Cannot find CO in the bundle /usr/lib64/librocsolver.so.0.4 for ISA: amdgcn-amd-amdhsa--gfx90c:xnack+
:3:hip_platform.cpp         :740 : 251427865659 us:  init: Returned hipErrorNoBinaryForGpu : continue parsing remaining modules
:3:hip_code_object.cpp      :964 : 251427867224 us:  amd::Comgr::get_data() return 0 size for agent_triple_target_ids[0]=amdgcn-amd-amdhsa--gfx90c:xnack+
:3:hip_code_object.cpp      :964 : 251427867240 us:  amd::Comgr::get_data() return 0 size for agent_triple_target_ids[0]=amdgcn-amd-amdhsa--gfx90c:xnack+
:3:hip_code_object.cpp      :964 : 251427867245 us:  amd::Comgr::get_data() return 0 size for agent_triple_target_ids[0]=amdgcn-amd-amdhsa--gfx90c:xnack+
:1:hip_fatbin.cpp           :780 : 251427867251 us:  Cannot find CO in the bundle /usr/lib64/librocsolver.so.0.4 for ISA: amdgcn-amd-amdhsa--gfx90c:xnack+
:3:hip_platform.cpp         :740 : 251427867258 us:  init: Returned hipErrorNoBinaryForGpu : continue parsing remaining modules
:3:hip_code_object.cpp      :964 : 251427868431 us:  amd::Comgr::get_data() return 0 size for agent_triple_target_ids[0]=amdgcn-amd-amdhsa--gfx90c:xnack+
:3:hip_code_object.cpp      :964 : 251427868445 us:  amd::Comgr::get_data() return 0 size for agent_triple_target_ids[0]=amdgcn-amd-amdhsa--gfx90c:xnack+
:3:hip_code_object.cpp      :964 : 251427868450 us:  amd::Comgr::get_data() return 0 size for agent_triple_target_ids[0]=amdgcn-amd-amdhsa--gfx90c:xnack+
:1:hip_fatbin.cpp           :780 : 251427868456 us:  Cannot find CO in the bundle /usr/lib64/librocsolver.so.0.4 for ISA: amdgcn-amd-amdhsa--gfx90c:xnack+
:3:hip_platform.cpp         :740 : 251427868462 us:  init: Returned hipErrorNoBinaryForGpu : continue parsing remaining modules
:3:hip_code_object.cpp      :964 : 251428665688 us:  amd::Comgr::get_data() return 0 size for agent_triple_target_ids[0]=amdgcn-amd-amdhsa--gfx90c:xnack+
:3:hip_code_object.cpp      :964 : 251428665723 us:  amd::Comgr::get_data() return 0 size for agent_triple_target_ids[0]=amdgcn-amd-amdhsa--gfx90c:xnack+
:3:hip_code_object.cpp      :964 : 251428665729 us:  amd::Comgr::get_data() return 0 size for agent_triple_target_ids[0]=amdgcn-amd-amdhsa--gfx90c:xnack+
:1:hip_fatbin.cpp           :780 : 251428665737 us:  Cannot find CO in the bundle /usr/lib64/librocblas.so.4.4 for ISA: amdgcn-amd-amdhsa--gfx90c:xnack+
:3:hip_platform.cpp         :740 : 251428665747 us:  init: Returned hipErrorNoBinaryForGpu : continue parsing remaining modules
:3:hip_code_object.cpp      :964 : 251428905279 us:  amd::Comgr::get_data() return 0 size for agent_triple_target_ids[0]=amdgcn-amd-amdhsa--gfx90c:xnack+
:3:hip_code_object.cpp      :964 : 251428905311 us:  amd::Comgr::get_data() return 0 size for agent_triple_target_ids[0]=amdgcn-amd-amdhsa--gfx90c:xnack+
:3:hip_code_object.cpp      :964 : 251428905316 us:  amd::Comgr::get_data() return 0 size for agent_triple_target_ids[0]=amdgcn-amd-amdhsa--gfx90c:xnack+
:1:hip_fatbin.cpp           :780 : 251428905324 us:  Cannot find CO in the bundle /usr/lib64/librocsolver.so.0.4 for ISA: amdgcn-amd-amdhsa--gfx90c:xnack+
:3:hip_platform.cpp         :740 : 251428905334 us:  init: Returned hipErrorNoBinaryForGpu : continue parsing remaining modules
:3:hip_code_object.cpp      :964 : 251428907052 us:  amd::Comgr::get_data() return 0 size for agent_triple_target_ids[0]=amdgcn-amd-amdhsa--gfx90c:xnack+
:3:hip_code_object.cpp      :964 : 251428907071 us:  amd::Comgr::get_data() return 0 size for agent_triple_target_ids[0]=amdgcn-amd-amdhsa--gfx90c:xnack+
:3:hip_code_object.cpp      :964 : 251428907077 us:  amd::Comgr::get_data() return 0 size for agent_triple_target_ids[0]=amdgcn-amd-amdhsa--gfx90c:xnack+
:1:hip_fatbin.cpp           :780 : 251428907083 us:  Cannot find CO in the bundle /usr/lib64/librocsolver.so.0.4 for ISA: amdgcn-amd-amdhsa--gfx90c:xnack+
:3:hip_platform.cpp         :740 : 251428907099 us:  init: Returned hipErrorNoBinaryForGpu : continue parsing remaining modules
:3:hip_code_object.cpp      :964 : 251428908154 us:  amd::Comgr::get_data() return 0 size for agent_triple_target_ids[0]=amdgcn-amd-amdhsa--gfx90c:xnack+
:3:hip_code_object.cpp      :964 : 251428908170 us:  amd::Comgr::get_data() return 0 size for agent_triple_target_ids[0]=amdgcn-amd-amdhsa--gfx90c:xnack+
:3:hip_code_object.cpp      :964 : 251428908176 us:  amd::Comgr::get_data() return 0 size for agent_triple_target_ids[0]=amdgcn-amd-amdhsa--gfx90c:xnack+
:1:hip_fatbin.cpp           :780 : 251428908181 us:  Cannot find CO in the bundle /usr/lib64/librocsolver.so.0.4 for ISA: amdgcn-amd-amdhsa--gfx90c:xnack+
:3:hip_platform.cpp         :740 : 251428908189 us:  init: Returned hipErrorNoBinaryForGpu : continue parsing remaining modules
:3:hip_code_object.cpp      :964 : 251430050744 us:  amd::Comgr::get_data() return 0 size for agent_triple_target_ids[0]=amdgcn-amd-amdhsa--gfx90c:xnack+
:3:hip_code_object.cpp      :964 : 251430050780 us:  amd::Comgr::get_data() return 0 size for agent_triple_target_ids[0]=amdgcn-amd-amdhsa--gfx90c:xnack+
:3:hip_code_object.cpp      :964 : 251430050787 us:  amd::Comgr::get_data() return 0 size for agent_triple_target_ids[0]=amdgcn-amd-amdhsa--gfx90c:xnack+
:1:hip_fatbin.cpp           :780 : 251430050796 us:  Cannot find CO in the bundle /usr/lib64/librocblas.so.4.4 for ISA: amdgcn-amd-amdhsa--gfx90c:xnack+
:3:hip_platform.cpp         :740 : 251430050806 us:  init: Returned hipErrorNoBinaryForGpu : continue parsing remaining modules
:3:hip_code_object.cpp      :964 : 251430306913 us:  amd::Comgr::get_data() return 0 size for agent_triple_target_ids[0]=amdgcn-amd-amdhsa--gfx90c:xnack+
:3:hip_code_object.cpp      :964 : 251430306943 us:  amd::Comgr::get_data() return 0 size for agent_triple_target_ids[0]=amdgcn-amd-amdhsa--gfx90c:xnack+
:3:hip_code_object.cpp      :964 : 251430306949 us:  amd::Comgr::get_data() return 0 size for agent_triple_target_ids[0]=amdgcn-amd-amdhsa--gfx90c:xnack+
:1:hip_fatbin.cpp           :780 : 251430306957 us:  Cannot find CO in the bundle /usr/lib64/librocsolver.so.0.4 for ISA: amdgcn-amd-amdhsa--gfx90c:xnack+
:3:hip_platform.cpp         :740 : 251430306967 us:  init: Returned hipErrorNoBinaryForGpu : continue parsing remaining modules
:3:hip_code_object.cpp      :964 : 251430311104 us:  amd::Comgr::get_data() return 0 size for agent_triple_target_ids[0]=amdgcn-amd-amdhsa--gfx90c:xnack+
:3:hip_code_object.cpp      :964 : 251430311124 us:  amd::Comgr::get_data() return 0 size for agent_triple_target_ids[0]=amdgcn-amd-amdhsa--gfx90c:xnack+
:3:hip_code_object.cpp      :964 : 251430311130 us:  amd::Comgr::get_data() return 0 size for agent_triple_target_ids[0]=amdgcn-amd-amdhsa--gfx90c:xnack+
:1:hip_fatbin.cpp           :780 : 251430311136 us:  Cannot find CO in the bundle /usr/lib64/librocblas.so.4.4 for ISA: amdgcn-amd-amdhsa--gfx90c:xnack+
:3:hip_platform.cpp         :740 : 251430311144 us:  init: Returned hipErrorNoBinaryForGpu : continue parsing remaining modules
:3:hip_code_object.cpp      :964 : 251430315210 us:  amd::Comgr::get_data() return 0 size for agent_triple_target_ids[0]=amdgcn-amd-amdhsa--gfx90c:xnack+
:3:hip_code_object.cpp      :964 : 251430315234 us:  amd::Comgr::get_data() return 0 size for agent_triple_target_ids[0]=amdgcn-amd-amdhsa--gfx90c:xnack+
:3:hip_code_object.cpp      :964 : 251430315240 us:  amd::Comgr::get_data() return 0 size for agent_triple_target_ids[0]=amdgcn-amd-amdhsa--gfx90c:xnack+
:1:hip_fatbin.cpp           :780 : 251430315246 us:  Cannot find CO in the bundle /usr/lib64/librocblas.so.4.4 for ISA: amdgcn-amd-amdhsa--gfx90c:xnack+
:3:hip_platform.cpp         :740 : 251430315254 us:  init: Returned hipErrorNoBinaryForGpu : continue parsing remaining modules
:3:hip_code_object.cpp      :964 : 251430316635 us:  amd::Comgr::get_data() return 0 size for agent_triple_target_ids[0]=amdgcn-amd-amdhsa--gfx90c:xnack+
:3:hip_code_object.cpp      :964 : 251430316652 us:  amd::Comgr::get_data() return 0 size for agent_triple_target_ids[0]=amdgcn-amd-amdhsa--gfx90c:xnack+
:3:hip_code_object.cpp      :964 : 251430316666 us:  amd::Comgr::get_data() return 0 size for agent_triple_target_ids[0]=amdgcn-amd-amdhsa--gfx90c:xnack+
:1:hip_fatbin.cpp           :780 : 251430316672 us:  Cannot find CO in the bundle /usr/lib64/librocsolver.so.0.4 for ISA: amdgcn-amd-amdhsa--gfx90c:xnack+
:3:hip_platform.cpp         :740 : 251430316679 us:  init: Returned hipErrorNoBinaryForGpu : continue parsing remaining modules
:3:hip_code_object.cpp      :964 : 251430317792 us:  amd::Comgr::get_data() return 0 size for agent_triple_target_ids[0]=amdgcn-amd-amdhsa--gfx90c:xnack+
:3:hip_code_object.cpp      :964 : 251430317809 us:  amd::Comgr::get_data() return 0 size for agent_triple_target_ids[0]=amdgcn-amd-amdhsa--gfx90c:xnack+
:3:hip_code_object.cpp      :964 : 251430317814 us:  amd::Comgr::get_data() return 0 size for agent_triple_target_ids[0]=amdgcn-amd-amdhsa--gfx90c:xnack+
:1:hip_fatbin.cpp           :780 : 251430317820 us:  Cannot find CO in the bundle /usr/lib64/librocsolver.so.0.4 for ISA: amdgcn-amd-amdhsa--gfx90c:xnack+
:3:hip_platform.cpp         :740 : 251430317827 us:  init: Returned hipErrorNoBinaryForGpu : continue parsing remaining modules
:3:hip_code_object.cpp      :964 : 251430329039 us:  amd::Comgr::get_data() return 0 size for agent_triple_target_ids[0]=amdgcn-amd-amdhsa--gfx90c:xnack+
:3:hip_code_object.cpp      :964 : 251430329070 us:  amd::Comgr::get_data() return 0 size for agent_triple_target_ids[0]=amdgcn-amd-amdhsa--gfx90c:xnack+
:3:hip_code_object.cpp      :964 : 251430329075 us:  amd::Comgr::get_data() return 0 size for agent_triple_target_ids[0]=amdgcn-amd-amdhsa--gfx90c:xnack+
:1:hip_fatbin.cpp           :780 : 251430329083 us:  Cannot find CO in the bundle /usr/lib64/librocblas.so.4.4 for ISA: amdgcn-amd-amdhsa--gfx90c:xnack+
:3:hip_platform.cpp         :740 : 251430329093 us:  init: Returned hipErrorNoBinaryForGpu : continue parsing remaining modules
:3:hip_code_object.cpp      :964 : 251430331738 us:  amd::Comgr::get_data() return 0 size for agent_triple_target_ids[0]=amdgcn-amd-amdhsa--gfx90c:xnack+
:3:hip_code_object.cpp      :964 : 251430331758 us:  amd::Comgr::get_data() return 0 size for agent_triple_target_ids[0]=amdgcn-amd-amdhsa--gfx90c:xnack+
:3:hip_code_object.cpp      :964 : 251430331763 us:  amd::Comgr::get_data() return 0 size for agent_triple_target_ids[0]=amdgcn-amd-amdhsa--gfx90c:xnack+
:1:hip_fatbin.cpp           :780 : 251430331769 us:  Cannot find CO in the bundle /usr/lib64/librocblas.so.4.4 for ISA: amdgcn-amd-amdhsa--gfx90c:xnack+
:3:hip_platform.cpp         :740 : 251430331776 us:  init: Returned hipErrorNoBinaryForGpu : continue parsing remaining modules
:3:hip_code_object.cpp      :964 : 251430333129 us:  amd::Comgr::get_data() return 0 size for agent_triple_target_ids[0]=amdgcn-amd-amdhsa--gfx90c:xnack+
:3:hip_code_object.cpp      :964 : 251430333146 us:  amd::Comgr::get_data() return 0 size for agent_triple_target_ids[0]=amdgcn-amd-amdhsa--gfx90c:xnack+
:3:hip_code_object.cpp      :964 : 251430333151 us:  amd::Comgr::get_data() return 0 size for agent_triple_target_ids[0]=amdgcn-amd-amdhsa--gfx90c:xnack+
:1:hip_fatbin.cpp           :780 : 251430333157 us:  Cannot find CO in the bundle /usr/lib64/librocsolver.so.0.4 for ISA: amdgcn-amd-amdhsa--gfx90c:xnack+
:3:hip_platform.cpp         :740 : 251430333164 us:  init: Returned hipErrorNoBinaryForGpu : continue parsing remaining modules
:3:hip_code_object.cpp      :964 : 251431038397 us:  amd::Comgr::get_data() return 0 size for agent_triple_target_ids[0]=amdgcn-amd-amdhsa--gfx90c:xnack+
:3:hip_code_object.cpp      :964 : 251431038426 us:  amd::Comgr::get_data() return 0 size for agent_triple_target_ids[0]=amdgcn-amd-amdhsa--gfx90c:xnack+
:3:hip_code_object.cpp      :964 : 251431038432 us:  amd::Comgr::get_data() return 0 size for agent_triple_target_ids[0]=amdgcn-amd-amdhsa--gfx90c:xnack+
:1:hip_fatbin.cpp           :780 : 251431047265 us:  Cannot find CO in the bundle /usr/lib64/librocsolver.so.0.4 for ISA: amdgcn-amd-amdhsa--gfx90c:xnack+
:3:hip_platform.cpp         :740 : 251431047294 us:  init: Returned hipErrorNoBinaryForGpu : continue parsing remaining modules
:3:hip_code_object.cpp      :964 : 251431048655 us:  amd::Comgr::get_data() return 0 size for agent_triple_target_ids[0]=amdgcn-amd-amdhsa--gfx90c:xnack+
:3:hip_code_object.cpp      :964 : 251431048673 us:  amd::Comgr::get_data() return 0 size for agent_triple_target_ids[0]=amdgcn-amd-amdhsa--gfx90c:xnack+
:3:hip_code_object.cpp      :964 : 251431048678 us:  amd::Comgr::get_data() return 0 size for agent_triple_target_ids[0]=amdgcn-amd-amdhsa--gfx90c:xnack+
:1:hip_fatbin.cpp           :780 : 251431048684 us:  Cannot find CO in the bundle /usr/lib64/librocsolver.so.0.4 for ISA: amdgcn-amd-amdhsa--gfx90c:xnack+
:3:hip_platform.cpp         :740 : 251431048692 us:  init: Returned hipErrorNoBinaryForGpu : continue parsing remaining modules
:3:hip_code_object.cpp      :964 : 251431050218 us:  amd::Comgr::get_data() return 0 size for agent_triple_target_ids[0]=amdgcn-amd-amdhsa--gfx90c:xnack+
:3:hip_code_object.cpp      :964 : 251431050236 us:  amd::Comgr::get_data() return 0 size for agent_triple_target_ids[0]=amdgcn-amd-amdhsa--gfx90c:xnack+
:3:hip_code_object.cpp      :964 : 251431050241 us:  amd::Comgr::get_data() return 0 size for agent_triple_target_ids[0]=amdgcn-amd-amdhsa--gfx90c:xnack+
:1:hip_fatbin.cpp           :780 : 251431050247 us:  Cannot find CO in the bundle /usr/lib64/librocsolver.so.0.4 for ISA: amdgcn-amd-amdhsa--gfx90c:xnack+
:3:hip_platform.cpp         :740 : 251431050254 us:  init: Returned hipErrorNoBinaryForGpu : continue parsing remaining modules
:3:hip_code_object.cpp      :964 : 251431052365 us:  amd::Comgr::get_data() return 0 size for agent_triple_target_ids[0]=amdgcn-amd-amdhsa--gfx90c:xnack+
:3:hip_code_object.cpp      :964 : 251431052382 us:  amd::Comgr::get_data() return 0 size for agent_triple_target_ids[0]=amdgcn-amd-amdhsa--gfx90c:xnack+
:3:hip_code_object.cpp      :964 : 251431052388 us:  amd::Comgr::get_data() return 0 size for agent_triple_target_ids[0]=amdgcn-amd-amdhsa--gfx90c:xnack+
:1:hip_fatbin.cpp           :780 : 251431052394 us:  Cannot find CO in the bundle /usr/lib64/librocsolver.so.0.4 for ISA: amdgcn-amd-amdhsa--gfx90c:xnack+
:3:hip_platform.cpp         :740 : 251431052401 us:  init: Returned hipErrorNoBinaryForGpu : continue parsing remaining modules
:3:hip_code_object.cpp      :964 : 251431053506 us:  amd::Comgr::get_data() return 0 size for agent_triple_target_ids[0]=amdgcn-amd-amdhsa--gfx90c:xnack+
:3:hip_code_object.cpp      :964 : 251431053520 us:  amd::Comgr::get_data() return 0 size for agent_triple_target_ids[0]=amdgcn-amd-amdhsa--gfx90c:xnack+
:3:hip_code_object.cpp      :964 : 251431053525 us:  amd::Comgr::get_data() return 0 size for agent_triple_target_ids[0]=amdgcn-amd-amdhsa--gfx90c:xnack+
:1:hip_fatbin.cpp           :780 : 251431053530 us:  Cannot find CO in the bundle /usr/lib64/librocsolver.so.0.4 for ISA: amdgcn-amd-amdhsa--gfx90c:xnack+
:3:hip_platform.cpp         :740 : 251431053537 us:  init: Returned hipErrorNoBinaryForGpu : continue parsing remaining modules
:3:hip_code_object.cpp      :964 : 251431055354 us:  amd::Comgr::get_data() return 0 size for agent_triple_target_ids[0]=amdgcn-amd-amdhsa--gfx90c:xnack+
:3:hip_code_object.cpp      :964 : 251431055369 us:  amd::Comgr::get_data() return 0 size for agent_triple_target_ids[0]=amdgcn-amd-amdhsa--gfx90c:xnack+
:3:hip_code_object.cpp      :964 : 251431055374 us:  amd::Comgr::get_data() return 0 size for agent_triple_target_ids[0]=amdgcn-amd-amdhsa--gfx90c:xnack+
:1:hip_fatbin.cpp           :780 : 251431055380 us:  Cannot find CO in the bundle /usr/lib64/librocsolver.so.0.4 for ISA: amdgcn-amd-amdhsa--gfx90c:xnack+
:3:hip_platform.cpp         :740 : 251431055386 us:  init: Returned hipErrorNoBinaryForGpu : continue parsing remaining modules
:3:hip_code_object.cpp      :964 : 251431166648 us:  amd::Comgr::get_data() return 0 size for agent_triple_target_ids[0]=amdgcn-amd-amdhsa--gfx90c:xnack+
:3:hip_code_object.cpp      :964 : 251431166677 us:  amd::Comgr::get_data() return 0 size for agent_triple_target_ids[0]=amdgcn-amd-amdhsa--gfx90c:xnack+
:3:hip_code_object.cpp      :964 : 251431166690 us:  amd::Comgr::get_data() return 0 size for agent_triple_target_ids[0]=amdgcn-amd-amdhsa--gfx90c:xnack+
:1:hip_fatbin.cpp           :780 : 251431166697 us:  Cannot find CO in the bundle /usr/lib64/librocsolver.so.0.4 for ISA: amdgcn-amd-amdhsa--gfx90c:xnack+
:3:hip_platform.cpp         :740 : 251431166707 us:  init: Returned hipErrorNoBinaryForGpu : continue parsing remaining modules
:3:hip_code_object.cpp      :964 : 251431168442 us:  amd::Comgr::get_data() return 0 size for agent_triple_target_ids[0]=amdgcn-amd-amdhsa--gfx90c:xnack+
:3:hip_code_object.cpp      :964 : 251431168466 us:  amd::Comgr::get_data() return 0 size for agent_triple_target_ids[0]=amdgcn-amd-amdhsa--gfx90c:xnack+
:3:hip_code_object.cpp      :964 : 251431168471 us:  amd::Comgr::get_data() return 0 size for agent_triple_target_ids[0]=amdgcn-amd-amdhsa--gfx90c:xnack+
:1:hip_fatbin.cpp           :780 : 251431168478 us:  Cannot find CO in the bundle /usr/lib64/librocsolver.so.0.4 for ISA: amdgcn-amd-amdhsa--gfx90c:xnack+
:3:hip_platform.cpp         :740 : 251431168486 us:  init: Returned hipErrorNoBinaryForGpu : continue parsing remaining modules
:3:hip_code_object.cpp      :964 : 251431169590 us:  amd::Comgr::get_data() return 0 size for agent_triple_target_ids[0]=amdgcn-amd-amdhsa--gfx90c:xnack+
:3:hip_code_object.cpp      :964 : 251431169606 us:  amd::Comgr::get_data() return 0 size for agent_triple_target_ids[0]=amdgcn-amd-amdhsa--gfx90c:xnack+
:3:hip_code_object.cpp      :964 : 251431169611 us:  amd::Comgr::get_data() return 0 size for agent_triple_target_ids[0]=amdgcn-amd-amdhsa--gfx90c:xnack+
:1:hip_fatbin.cpp           :780 : 251431169616 us:  Cannot find CO in the bundle /usr/lib64/librocsolver.so.0.4 for ISA: amdgcn-amd-amdhsa--gfx90c:xnack+
:3:hip_platform.cpp         :740 : 251431169623 us:  init: Returned hipErrorNoBinaryForGpu : continue parsing remaining modules
:3:hip_code_object.cpp      :964 : 251431171086 us:  amd::Comgr::get_data() return 0 size for agent_triple_target_ids[0]=amdgcn-amd-amdhsa--gfx90c:xnack+
:3:hip_code_object.cpp      :964 : 251431171103 us:  amd::Comgr::get_data() return 0 size for agent_triple_target_ids[0]=amdgcn-amd-amdhsa--gfx90c:xnack+
:3:hip_code_object.cpp      :964 : 251431171108 us:  amd::Comgr::get_data() return 0 size for agent_triple_target_ids[0]=amdgcn-amd-amdhsa--gfx90c:xnack+
:1:hip_fatbin.cpp           :780 : 251431171114 us:  Cannot find CO in the bundle /usr/lib64/librocblas.so.4.4 for ISA: amdgcn-amd-amdhsa--gfx90c:xnack+
:3:hip_platform.cpp         :740 : 251431171120 us:  init: Returned hipErrorNoBinaryForGpu : continue parsing remaining modules
:3:hip_code_object.cpp      :964 : 251432143034 us:  amd::Comgr::get_data() return 0 size for agent_triple_target_ids[0]=amdgcn-amd-amdhsa--gfx90c:xnack+
:3:hip_code_object.cpp      :964 : 251432143067 us:  amd::Comgr::get_data() return 0 size for agent_triple_target_ids[0]=amdgcn-amd-amdhsa--gfx90c:xnack+
:3:hip_code_object.cpp      :964 : 251432143073 us:  amd::Comgr::get_data() return 0 size for agent_triple_target_ids[0]=amdgcn-amd-amdhsa--gfx90c:xnack+
:1:hip_fatbin.cpp           :780 : 251432155369 us:  Cannot find CO in the bundle /usr/lib64/librocsolver.so.0.4 for ISA: amdgcn-amd-amdhsa--gfx90c:xnack+
:3:hip_platform.cpp         :740 : 251432155399 us:  init: Returned hipErrorNoBinaryForGpu : continue parsing remaining modules
:3:hip_code_object.cpp      :964 : 251432156668 us:  amd::Comgr::get_data() return 0 size for agent_triple_target_ids[0]=amdgcn-amd-amdhsa--gfx90c:xnack+
:3:hip_code_object.cpp      :964 : 251432156686 us:  amd::Comgr::get_data() return 0 size for agent_triple_target_ids[0]=amdgcn-amd-amdhsa--gfx90c:xnack+
:3:hip_code_object.cpp      :964 : 251432156691 us:  amd::Comgr::get_data() return 0 size for agent_triple_target_ids[0]=amdgcn-amd-amdhsa--gfx90c:xnack+
:1:hip_fatbin.cpp           :780 : 251432156697 us:  Cannot find CO in the bundle /usr/lib64/librocsolver.so.0.4 for ISA: amdgcn-amd-amdhsa--gfx90c:xnack+
:3:hip_platform.cpp         :740 : 251432156713 us:  init: Returned hipErrorNoBinaryForGpu : continue parsing remaining modules
:3:hip_code_object.cpp      :964 : 251432158695 us:  amd::Comgr::get_data() return 0 size for agent_triple_target_ids[0]=amdgcn-amd-amdhsa--gfx90c:xnack+
:3:hip_code_object.cpp      :964 : 251432158712 us:  amd::Comgr::get_data() return 0 size for agent_triple_target_ids[0]=amdgcn-amd-amdhsa--gfx90c:xnack+
:3:hip_code_object.cpp      :964 : 251432158717 us:  amd::Comgr::get_data() return 0 size for agent_triple_target_ids[0]=amdgcn-amd-amdhsa--gfx90c:xnack+
:1:hip_fatbin.cpp           :780 : 251432158723 us:  Cannot find CO in the bundle /usr/lib64/librocsolver.so.0.4 for ISA: amdgcn-amd-amdhsa--gfx90c:xnack+
:3:hip_platform.cpp         :740 : 251432158731 us:  init: Returned hipErrorNoBinaryForGpu : continue parsing remaining modules
:3:hip_code_object.cpp      :964 : 251432160476 us:  amd::Comgr::get_data() return 0 size for agent_triple_target_ids[0]=amdgcn-amd-amdhsa--gfx90c:xnack+
:3:hip_code_object.cpp      :964 : 251432160492 us:  amd::Comgr::get_data() return 0 size for agent_triple_target_ids[0]=amdgcn-amd-amdhsa--gfx90c:xnack+
:3:hip_code_object.cpp      :964 : 251432160498 us:  amd::Comgr::get_data() return 0 size for agent_triple_target_ids[0]=amdgcn-amd-amdhsa--gfx90c:xnack+
:1:hip_fatbin.cpp           :780 : 251432160503 us:  Cannot find CO in the bundle /usr/lib64/librocsolver.so.0.4 for ISA: amdgcn-amd-amdhsa--gfx90c:xnack+
:3:hip_platform.cpp         :740 : 251432160510 us:  init: Returned hipErrorNoBinaryForGpu : continue parsing remaining modules
:3:hip_code_object.cpp      :964 : 251432161572 us:  amd::Comgr::get_data() return 0 size for agent_triple_target_ids[0]=amdgcn-amd-amdhsa--gfx90c:xnack+
:3:hip_code_object.cpp      :964 : 251432161587 us:  amd::Comgr::get_data() return 0 size for agent_triple_target_ids[0]=amdgcn-amd-amdhsa--gfx90c:xnack+
:3:hip_code_object.cpp      :964 : 251432161592 us:  amd::Comgr::get_data() return 0 size for agent_triple_target_ids[0]=amdgcn-amd-amdhsa--gfx90c:xnack+
:1:hip_fatbin.cpp           :780 : 251432161597 us:  Cannot find CO in the bundle /usr/lib64/librocsolver.so.0.4 for ISA: amdgcn-amd-amdhsa--gfx90c:xnack+
:3:hip_platform.cpp         :740 : 251432161603 us:  init: Returned hipErrorNoBinaryForGpu : continue parsing remaining modules
:3:hip_code_object.cpp      :964 : 251432162993 us:  amd::Comgr::get_data() return 0 size for agent_triple_target_ids[0]=amdgcn-amd-amdhsa--gfx90c:xnack+
:3:hip_code_object.cpp      :964 : 251432163018 us:  amd::Comgr::get_data() return 0 size for agent_triple_target_ids[0]=amdgcn-amd-amdhsa--gfx90c:xnack+
:3:hip_code_object.cpp      :964 : 251432163023 us:  amd::Comgr::get_data() return 0 size for agent_triple_target_ids[0]=amdgcn-amd-amdhsa--gfx90c:xnack+
:1:hip_fatbin.cpp           :780 : 251432163029 us:  Cannot find CO in the bundle /usr/lib64/librocsolver.so.0.4 for ISA: amdgcn-amd-amdhsa--gfx90c:xnack+
:3:hip_platform.cpp         :740 : 251432163035 us:  init: Returned hipErrorNoBinaryForGpu : continue parsing remaining modules
:3:hip_code_object.cpp      :964 : 251432166602 us:  amd::Comgr::get_data() return 0 size for agent_triple_target_ids[0]=amdgcn-amd-amdhsa--gfx90c:xnack+
:3:hip_code_object.cpp      :964 : 251432166618 us:  amd::Comgr::get_data() return 0 size for agent_triple_target_ids[0]=amdgcn-amd-amdhsa--gfx90c:xnack+
:3:hip_code_object.cpp      :964 : 251432166623 us:  amd::Comgr::get_data() return 0 size for agent_triple_target_ids[0]=amdgcn-amd-amdhsa--gfx90c:xnack+
:1:hip_fatbin.cpp           :780 : 251432166629 us:  Cannot find CO in the bundle /usr/lib64/librocblas.so.4.4 for ISA: amdgcn-amd-amdhsa--gfx90c:xnack+
:3:hip_platform.cpp         :740 : 251432166636 us:  init: Returned hipErrorNoBinaryForGpu : continue parsing remaining modules
:3:hip_code_object.cpp      :964 : 251432167940 us:  amd::Comgr::get_data() return 0 size for agent_triple_target_ids[0]=amdgcn-amd-amdhsa--gfx90c:xnack+
:3:hip_code_object.cpp      :964 : 251432167954 us:  amd::Comgr::get_data() return 0 size for agent_triple_target_ids[0]=amdgcn-amd-amdhsa--gfx90c:xnack+
:3:hip_code_object.cpp      :964 : 251432167967 us:  amd::Comgr::get_data() return 0 size for agent_triple_target_ids[0]=amdgcn-amd-amdhsa--gfx90c:xnack+
:1:hip_fatbin.cpp           :780 : 251432167972 us:  Cannot find CO in the bundle /usr/lib64/librocsolver.so.0.4 for ISA: amdgcn-amd-amdhsa--gfx90c:xnack+
:3:hip_platform.cpp         :740 : 251432167979 us:  init: Returned hipErrorNoBinaryForGpu : continue parsing remaining modules
:3:hip_code_object.cpp      :964 : 251432170719 us:  amd::Comgr::get_data() return 0 size for agent_triple_target_ids[0]=amdgcn-amd-amdhsa--gfx90c:xnack+
:3:hip_code_object.cpp      :964 : 251432170737 us:  amd::Comgr::get_data() return 0 size for agent_triple_target_ids[0]=amdgcn-amd-amdhsa--gfx90c:xnack+
:3:hip_code_object.cpp      :964 : 251432170742 us:  amd::Comgr::get_data() return 0 size for agent_triple_target_ids[0]=amdgcn-amd-amdhsa--gfx90c:xnack+
:1:hip_fatbin.cpp           :780 : 251432170748 us:  Cannot find CO in the bundle /usr/lib64/librocblas.so.4.4 for ISA: amdgcn-amd-amdhsa--gfx90c:xnack+
:3:hip_platform.cpp         :740 : 251432170755 us:  init: Returned hipErrorNoBinaryForGpu : continue parsing remaining modules
:3:hip_code_object.cpp      :964 : 251432171840 us:  amd::Comgr::get_data() return 0 size for agent_triple_target_ids[0]=amdgcn-amd-amdhsa--gfx90c:xnack+
:3:hip_code_object.cpp      :964 : 251432171855 us:  amd::Comgr::get_data() return 0 size for agent_triple_target_ids[0]=amdgcn-amd-amdhsa--gfx90c:xnack+
:3:hip_code_object.cpp      :964 : 251432171860 us:  amd::Comgr::get_data() return 0 size for agent_triple_target_ids[0]=amdgcn-amd-amdhsa--gfx90c:xnack+
:1:hip_fatbin.cpp           :780 : 251432171865 us:  Cannot find CO in the bundle /usr/lib64/librocsolver.so.0.4 for ISA: amdgcn-amd-amdhsa--gfx90c:xnack+
:3:hip_platform.cpp         :740 : 251432171872 us:  init: Returned hipErrorNoBinaryForGpu : continue parsing remaining modules
:3:hip_code_object.cpp      :964 : 251432180683 us:  amd::Comgr::get_data() return 0 size for agent_triple_target_ids[0]=amdgcn-amd-amdhsa--gfx90c:xnack+
:3:hip_code_object.cpp      :964 : 251432180708 us:  amd::Comgr::get_data() return 0 size for agent_triple_target_ids[0]=amdgcn-amd-amdhsa--gfx90c:xnack+
:3:hip_code_object.cpp      :964 : 251432180714 us:  amd::Comgr::get_data() return 0 size for agent_triple_target_ids[0]=amdgcn-amd-amdhsa--gfx90c:xnack+
:1:hip_fatbin.cpp           :780 : 251432180721 us:  Cannot find CO in the bundle /usr/lib64/librocsolver.so.0.4 for ISA: amdgcn-amd-amdhsa--gfx90c:xnack+
:3:hip_platform.cpp         :740 : 251432180730 us:  init: Returned hipErrorNoBinaryForGpu : continue parsing remaining modules
:3:hip_code_object.cpp      :964 : 251432182077 us:  amd::Comgr::get_data() return 0 size for agent_triple_target_ids[0]=amdgcn-amd-amdhsa--gfx90c:xnack+
:3:hip_code_object.cpp      :964 : 251432182093 us:  amd::Comgr::get_data() return 0 size for agent_triple_target_ids[0]=amdgcn-amd-amdhsa--gfx90c:xnack+
:3:hip_code_object.cpp      :964 : 251432182098 us:  amd::Comgr::get_data() return 0 size for agent_triple_target_ids[0]=amdgcn-amd-amdhsa--gfx90c:xnack+
:1:hip_fatbin.cpp           :780 : 251432182103 us:  Cannot find CO in the bundle /usr/lib64/librocsolver.so.0.4 for ISA: amdgcn-amd-amdhsa--gfx90c:xnack+
:3:hip_platform.cpp         :740 : 251432182110 us:  init: Returned hipErrorNoBinaryForGpu : continue parsing remaining modules
:3:hip_code_object.cpp      :964 : 251432183545 us:  amd::Comgr::get_data() return 0 size for agent_triple_target_ids[0]=amdgcn-amd-amdhsa--gfx90c:xnack+
:3:hip_code_object.cpp      :964 : 251432183561 us:  amd::Comgr::get_data() return 0 size for agent_triple_target_ids[0]=amdgcn-amd-amdhsa--gfx90c:xnack+
:3:hip_code_object.cpp      :964 : 251432183566 us:  amd::Comgr::get_data() return 0 size for agent_triple_target_ids[0]=amdgcn-amd-amdhsa--gfx90c:xnack+
:1:hip_fatbin.cpp           :780 : 251432183571 us:  Cannot find CO in the bundle /usr/lib64/librocblas.so.4.4 for ISA: amdgcn-amd-amdhsa--gfx90c:xnack+
:3:hip_platform.cpp         :740 : 251432183585 us:  init: Returned hipErrorNoBinaryForGpu : continue parsing remaining modules
:3:hip_code_object.cpp      :964 : 251432193579 us:  amd::Comgr::get_data() return 0 size for agent_triple_target_ids[0]=amdgcn-amd-amdhsa--gfx90c:xnack+
:3:hip_code_object.cpp      :964 : 251432193608 us:  amd::Comgr::get_data() return 0 size for agent_triple_target_ids[0]=amdgcn-amd-amdhsa--gfx90c:xnack+
:3:hip_code_object.cpp      :964 : 251432193613 us:  amd::Comgr::get_data() return 0 size for agent_triple_target_ids[0]=amdgcn-amd-amdhsa--gfx90c:xnack+
:1:hip_fatbin.cpp           :780 : 251432193621 us:  Cannot find CO in the bundle /usr/lib64/librocsolver.so.0.4 for ISA: amdgcn-amd-amdhsa--gfx90c:xnack+
:3:hip_platform.cpp         :740 : 251432193631 us:  init: Returned hipErrorNoBinaryForGpu : continue parsing remaining modules
:3:hip_code_object.cpp      :964 : 251432194850 us:  amd::Comgr::get_data() return 0 size for agent_triple_target_ids[0]=amdgcn-amd-amdhsa--gfx90c:xnack+
:3:hip_code_object.cpp      :964 : 251432194866 us:  amd::Comgr::get_data() return 0 size for agent_triple_target_ids[0]=amdgcn-amd-amdhsa--gfx90c:xnack+
:3:hip_code_object.cpp      :964 : 251432194871 us:  amd::Comgr::get_data() return 0 size for agent_triple_target_ids[0]=amdgcn-amd-amdhsa--gfx90c:xnack+
:1:hip_fatbin.cpp           :780 : 251432194877 us:  Cannot find CO in the bundle /usr/lib64/librocblas.so.4.4 for ISA: amdgcn-amd-amdhsa--gfx90c:xnack+
:3:hip_platform.cpp         :740 : 251432194883 us:  init: Returned hipErrorNoBinaryForGpu : continue parsing remaining modules
:3:hip_code_object.cpp      :964 : 251432198774 us:  amd::Comgr::get_data() return 0 size for agent_triple_target_ids[0]=amdgcn-amd-amdhsa--gfx90c:xnack+
:3:hip_code_object.cpp      :964 : 251432198793 us:  amd::Comgr::get_data() return 0 size for agent_triple_target_ids[0]=amdgcn-amd-amdhsa--gfx90c:xnack+
:3:hip_code_object.cpp      :964 : 251432198798 us:  amd::Comgr::get_data() return 0 size for agent_triple_target_ids[0]=amdgcn-amd-amdhsa--gfx90c:xnack+
:1:hip_fatbin.cpp           :780 : 251432198804 us:  Cannot find CO in the bundle /usr/lib64/librocblas.so.4.4 for ISA: amdgcn-amd-amdhsa--gfx90c:xnack+
:3:hip_platform.cpp         :740 : 251432198812 us:  init: Returned hipErrorNoBinaryForGpu : continue parsing remaining modules
:3:hip_code_object.cpp      :964 : 251432200131 us:  amd::Comgr::get_data() return 0 size for agent_triple_target_ids[0]=amdgcn-amd-amdhsa--gfx90c:xnack+
:3:hip_code_object.cpp      :964 : 251432200147 us:  amd::Comgr::get_data() return 0 size for agent_triple_target_ids[0]=amdgcn-amd-amdhsa--gfx90c:xnack+
:3:hip_code_object.cpp      :964 : 251432200152 us:  amd::Comgr::get_data() return 0 size for agent_triple_target_ids[0]=amdgcn-amd-amdhsa--gfx90c:xnack+
:1:hip_fatbin.cpp           :780 : 251432200157 us:  Cannot find CO in the bundle /usr/lib64/librocblas.so.4.4 for ISA: amdgcn-amd-amdhsa--gfx90c:xnack+
:3:hip_platform.cpp         :740 : 251432200164 us:  init: Returned hipErrorNoBinaryForGpu : continue parsing remaining modules
:3:hip_code_object.cpp      :964 : 251432203388 us:  amd::Comgr::get_data() return 0 size for agent_triple_target_ids[0]=amdgcn-amd-amdhsa--gfx90c:xnack+
:3:hip_code_object.cpp      :964 : 251432203407 us:  amd::Comgr::get_data() return 0 size for agent_triple_target_ids[0]=amdgcn-amd-amdhsa--gfx90c:xnack+
:3:hip_code_object.cpp      :964 : 251432203412 us:  amd::Comgr::get_data() return 0 size for agent_triple_target_ids[0]=amdgcn-amd-amdhsa--gfx90c:xnack+
:1:hip_fatbin.cpp           :780 : 251432203418 us:  Cannot find CO in the bundle /usr/lib64/librocsolver.so.0.4 for ISA: amdgcn-amd-amdhsa--gfx90c:xnack+
:3:hip_platform.cpp         :740 : 251432203425 us:  init: Returned hipErrorNoBinaryForGpu : continue parsing remaining modules
:3:hip_code_object.cpp      :964 : 251432205088 us:  amd::Comgr::get_data() return 0 size for agent_triple_target_ids[0]=amdgcn-amd-amdhsa--gfx90c:xnack+
:3:hip_code_object.cpp      :964 : 251432205107 us:  amd::Comgr::get_data() return 0 size for agent_triple_target_ids[0]=amdgcn-amd-amdhsa--gfx90c:xnack+
:3:hip_code_object.cpp      :964 : 251432205122 us:  amd::Comgr::get_data() return 0 size for agent_triple_target_ids[0]=amdgcn-amd-amdhsa--gfx90c:xnack+
:1:hip_fatbin.cpp           :780 : 251432205128 us:  Cannot find CO in the bundle /usr/lib64/librocsolver.so.0.4 for ISA: amdgcn-amd-amdhsa--gfx90c:xnack+
:3:hip_platform.cpp         :740 : 251432205136 us:  init: Returned hipErrorNoBinaryForGpu : continue parsing remaining modules
:3:hip_code_object.cpp      :964 : 251432653646 us:  amd::Comgr::get_data() return 0 size for agent_triple_target_ids[0]=amdgcn-amd-amdhsa--gfx90c:xnack+
:3:hip_code_object.cpp      :964 : 251432653678 us:  amd::Comgr::get_data() return 0 size for agent_triple_target_ids[0]=amdgcn-amd-amdhsa--gfx90c:xnack+
:3:hip_code_object.cpp      :964 : 251432653684 us:  amd::Comgr::get_data() return 0 size for agent_triple_target_ids[0]=amdgcn-amd-amdhsa--gfx90c:xnack+
:1:hip_fatbin.cpp           :780 : 251432653692 us:  Cannot find CO in the bundle /usr/lib64/librocblas.so.4.4 for ISA: amdgcn-amd-amdhsa--gfx90c:xnack+
:3:hip_platform.cpp         :740 : 251432653702 us:  init: Returned hipErrorNoBinaryForGpu : continue parsing remaining modules
:3:hip_code_object.cpp      :964 : 251432655418 us:  amd::Comgr::get_data() return 0 size for agent_triple_target_ids[0]=amdgcn-amd-amdhsa--gfx90c:xnack+
:3:hip_code_object.cpp      :964 : 251432655437 us:  amd::Comgr::get_data() return 0 size for agent_triple_target_ids[0]=amdgcn-amd-amdhsa--gfx90c:xnack+
:3:hip_code_object.cpp      :964 : 251432655442 us:  amd::Comgr::get_data() return 0 size for agent_triple_target_ids[0]=amdgcn-amd-amdhsa--gfx90c:xnack+
:1:hip_fatbin.cpp           :780 : 251432655448 us:  Cannot find CO in the bundle /usr/lib64/librocsolver.so.0.4 for ISA: amdgcn-amd-amdhsa--gfx90c:xnack+
:3:hip_platform.cpp         :740 : 251432655456 us:  init: Returned hipErrorNoBinaryForGpu : continue parsing remaining modules
:3:hip_code_object.cpp      :964 : 251432657456 us:  amd::Comgr::get_data() return 0 size for agent_triple_target_ids[0]=amdgcn-amd-amdhsa--gfx90c:xnack+
:3:hip_code_object.cpp      :964 : 251432657474 us:  amd::Comgr::get_data() return 0 size for agent_triple_target_ids[0]=amdgcn-amd-amdhsa--gfx90c:xnack+
:3:hip_code_object.cpp      :964 : 251432657479 us:  amd::Comgr::get_data() return 0 size for agent_triple_target_ids[0]=amdgcn-amd-amdhsa--gfx90c:xnack+
:1:hip_fatbin.cpp           :780 : 251432657485 us:  Cannot find CO in the bundle /usr/lib64/librocsolver.so.0.4 for ISA: amdgcn-amd-amdhsa--gfx90c:xnack+
:3:hip_platform.cpp         :740 : 251432657492 us:  init: Returned hipErrorNoBinaryForGpu : continue parsing remaining modules
:3:hip_code_object.cpp      :964 : 251432659509 us:  amd::Comgr::get_data() return 0 size for agent_triple_target_ids[0]=amdgcn-amd-amdhsa--gfx90c:xnack+
:3:hip_code_object.cpp      :964 : 251432659526 us:  amd::Comgr::get_data() return 0 size for agent_triple_target_ids[0]=amdgcn-amd-amdhsa--gfx90c:xnack+
:3:hip_code_object.cpp      :964 : 251432659531 us:  amd::Comgr::get_data() return 0 size for agent_triple_target_ids[0]=amdgcn-amd-amdhsa--gfx90c:xnack+
:1:hip_fatbin.cpp           :780 : 251432659537 us:  Cannot find CO in the bundle /usr/lib64/librocsolver.so.0.4 for ISA: amdgcn-amd-amdhsa--gfx90c:xnack+
:3:hip_platform.cpp         :740 : 251432659543 us:  init: Returned hipErrorNoBinaryForGpu : continue parsing remaining modules
:3:hip_code_object.cpp      :964 : 251432664299 us:  amd::Comgr::get_data() return 0 size for agent_triple_target_ids[0]=amdgcn-amd-amdhsa--gfx90c:xnack+
:3:hip_code_object.cpp      :964 : 251432664320 us:  amd::Comgr::get_data() return 0 size for agent_triple_target_ids[0]=amdgcn-amd-amdhsa--gfx90c:xnack+
:3:hip_code_object.cpp      :964 : 251432664325 us:  amd::Comgr::get_data() return 0 size for agent_triple_target_ids[0]=amdgcn-amd-amdhsa--gfx90c:xnack+
:1:hip_fatbin.cpp           :780 : 251432664332 us:  Cannot find CO in the bundle /usr/lib64/librocblas.so.4.4 for ISA: amdgcn-amd-amdhsa--gfx90c:xnack+
:3:hip_platform.cpp         :740 : 251432664348 us:  init: Returned hipErrorNoBinaryForGpu : continue parsing remaining modules
:3:hip_code_object.cpp      :964 : 251432666232 us:  amd::Comgr::get_data() return 0 size for agent_triple_target_ids[0]=amdgcn-amd-amdhsa--gfx90c:xnack+
:3:hip_code_object.cpp      :964 : 251432666248 us:  amd::Comgr::get_data() return 0 size for agent_triple_target_ids[0]=amdgcn-amd-amdhsa--gfx90c:xnack+
:3:hip_code_object.cpp      :964 : 251432666253 us:  amd::Comgr::get_data() return 0 size for agent_triple_target_ids[0]=amdgcn-amd-amdhsa--gfx90c:xnack+
:1:hip_fatbin.cpp           :780 : 251432666259 us:  Cannot find CO in the bundle /usr/lib64/librocsolver.so.0.4 for ISA: amdgcn-amd-amdhsa--gfx90c:xnack+
:3:hip_platform.cpp         :740 : 251432666265 us:  init: Returned hipErrorNoBinaryForGpu : continue parsing remaining modules
:3:hip_code_object.cpp      :964 : 251432667886 us:  amd::Comgr::get_data() return 0 size for agent_triple_target_ids[0]=amdgcn-amd-amdhsa--gfx90c:xnack+
:3:hip_code_object.cpp      :964 : 251432667901 us:  amd::Comgr::get_data() return 0 size for agent_triple_target_ids[0]=amdgcn-amd-amdhsa--gfx90c:xnack+
:3:hip_code_object.cpp      :964 : 251432667906 us:  amd::Comgr::get_data() return 0 size for agent_triple_target_ids[0]=amdgcn-amd-amdhsa--gfx90c:xnack+
:1:hip_fatbin.cpp           :780 : 251432667911 us:  Cannot find CO in the bundle /usr/lib64/librocblas.so.4.4 for ISA: amdgcn-amd-amdhsa--gfx90c:xnack+
:3:hip_platform.cpp         :740 : 251432667918 us:  init: Returned hipErrorNoBinaryForGpu : continue parsing remaining modules
:3:hip_code_object.cpp      :964 : 251432669213 us:  amd::Comgr::get_data() return 0 size for agent_triple_target_ids[0]=amdgcn-amd-amdhsa--gfx90c:xnack+
:3:hip_code_object.cpp      :964 : 251432669231 us:  amd::Comgr::get_data() return 0 size for agent_triple_target_ids[0]=amdgcn-amd-amdhsa--gfx90c:xnack+
:3:hip_code_object.cpp      :964 : 251432669236 us:  amd::Comgr::get_data() return 0 size for agent_triple_target_ids[0]=amdgcn-amd-amdhsa--gfx90c:xnack+
:1:hip_fatbin.cpp           :780 : 251432669241 us:  Cannot find CO in the bundle /usr/lib64/librocsolver.so.0.4 for ISA: amdgcn-amd-amdhsa--gfx90c:xnack+
:3:hip_platform.cpp         :740 : 251432669248 us:  init: Returned hipErrorNoBinaryForGpu : continue parsing remaining modules
:3:hip_code_object.cpp      :964 : 251432670314 us:  amd::Comgr::get_data() return 0 size for agent_triple_target_ids[0]=amdgcn-amd-amdhsa--gfx90c:xnack+
:3:hip_code_object.cpp      :964 : 251432670328 us:  amd::Comgr::get_data() return 0 size for agent_triple_target_ids[0]=amdgcn-amd-amdhsa--gfx90c:xnack+
:3:hip_code_object.cpp      :964 : 251432670333 us:  amd::Comgr::get_data() return 0 size for agent_triple_target_ids[0]=amdgcn-amd-amdhsa--gfx90c:xnack+
:1:hip_fatbin.cpp           :780 : 251432670338 us:  Cannot find CO in the bundle /usr/lib64/librocsolver.so.0.4 for ISA: amdgcn-amd-amdhsa--gfx90c:xnack+
:3:hip_platform.cpp         :740 : 251432670344 us:  init: Returned hipErrorNoBinaryForGpu : continue parsing remaining modules
:3:hip_code_object.cpp      :964 : 251432671510 us:  amd::Comgr::get_data() return 0 size for agent_triple_target_ids[0]=amdgcn-amd-amdhsa--gfx90c:xnack+
:3:hip_code_object.cpp      :964 : 251432671523 us:  amd::Comgr::get_data() return 0 size for agent_triple_target_ids[0]=amdgcn-amd-amdhsa--gfx90c:xnack+
:3:hip_code_object.cpp      :964 : 251432671528 us:  amd::Comgr::get_data() return 0 size for agent_triple_target_ids[0]=amdgcn-amd-amdhsa--gfx90c:xnack+
:1:hip_fatbin.cpp           :780 : 251432671533 us:  Cannot find CO in the bundle /usr/lib64/librocsolver.so.0.4 for ISA: amdgcn-amd-amdhsa--gfx90c:xnack+
:3:hip_platform.cpp         :740 : 251432671539 us:  init: Returned hipErrorNoBinaryForGpu : continue parsing remaining modules
:3:hip_code_object.cpp      :964 : 251432832453 us:  amd::Comgr::get_data() return 0 size for agent_triple_target_ids[0]=amdgcn-amd-amdhsa--gfx90c:xnack+
:3:hip_code_object.cpp      :964 : 251432832483 us:  amd::Comgr::get_data() return 0 size for agent_triple_target_ids[0]=amdgcn-amd-amdhsa--gfx90c:xnack+
:3:hip_code_object.cpp      :964 : 251432832497 us:  amd::Comgr::get_data() return 0 size for agent_triple_target_ids[0]=amdgcn-amd-amdhsa--gfx90c:xnack+
:1:hip_fatbin.cpp           :780 : 251432832504 us:  Cannot find CO in the bundle /usr/lib64/librocblas.so.4.4 for ISA: amdgcn-amd-amdhsa--gfx90c:xnack+
:3:hip_platform.cpp         :740 : 251432832515 us:  init: Returned hipErrorNoBinaryForGpu : continue parsing remaining modules
:3:hip_code_object.cpp      :964 : 251432937492 us:  amd::Comgr::get_data() return 0 size for agent_triple_target_ids[0]=amdgcn-amd-amdhsa--gfx90c:xnack+
:3:hip_code_object.cpp      :964 : 251432937522 us:  amd::Comgr::get_data() return 0 size for agent_triple_target_ids[0]=amdgcn-amd-amdhsa--gfx90c:xnack+
:3:hip_code_object.cpp      :964 : 251432937528 us:  amd::Comgr::get_data() return 0 size for agent_triple_target_ids[0]=amdgcn-amd-amdhsa--gfx90c:xnack+
:1:hip_fatbin.cpp           :780 : 251432937535 us:  Cannot find CO in the bundle /usr/lib64/librocblas.so.4.4 for ISA: amdgcn-amd-amdhsa--gfx90c:xnack+
:3:hip_platform.cpp         :740 : 251432937545 us:  init: Returned hipErrorNoBinaryForGpu : continue parsing remaining modules
:3:hip_code_object.cpp      :964 : 251432940225 us:  amd::Comgr::get_data() return 0 size for agent_triple_target_ids[0]=amdgcn-amd-amdhsa--gfx90c:xnack+
:3:hip_code_object.cpp      :964 : 251432940247 us:  amd::Comgr::get_data() return 0 size for agent_triple_target_ids[0]=amdgcn-amd-amdhsa--gfx90c:xnack+
:3:hip_code_object.cpp      :964 : 251432940252 us:  amd::Comgr::get_data() return 0 size for agent_triple_target_ids[0]=amdgcn-amd-amdhsa--gfx90c:xnack+
:1:hip_fatbin.cpp           :780 : 251432940258 us:  Cannot find CO in the bundle /usr/lib64/librocblas.so.4.4 for ISA: amdgcn-amd-amdhsa--gfx90c:xnack+
:3:hip_platform.cpp         :740 : 251432940266 us:  init: Returned hipErrorNoBinaryForGpu : continue parsing remaining modules
:3:hip_code_object.cpp      :964 : 251432941532 us:  amd::Comgr::get_data() return 0 size for agent_triple_target_ids[0]=amdgcn-amd-amdhsa--gfx90c:xnack+
:3:hip_code_object.cpp      :964 : 251432941546 us:  amd::Comgr::get_data() return 0 size for agent_triple_target_ids[0]=amdgcn-amd-amdhsa--gfx90c:xnack+
:3:hip_code_object.cpp      :964 : 251432941552 us:  amd::Comgr::get_data() return 0 size for agent_triple_target_ids[0]=amdgcn-amd-amdhsa--gfx90c:xnack+
:1:hip_fatbin.cpp           :780 : 251432941557 us:  Cannot find CO in the bundle /usr/lib64/librocsolver.so.0.4 for ISA: amdgcn-amd-amdhsa--gfx90c:xnack+
:3:hip_platform.cpp         :740 : 251432941563 us:  init: Returned hipErrorNoBinaryForGpu : continue parsing remaining modules
:3:hip_code_object.cpp      :964 : 251433099069 us:  amd::Comgr::get_data() return 0 size for agent_triple_target_ids[0]=amdgcn-amd-amdhsa--gfx90c:xnack+
:3:hip_code_object.cpp      :964 : 251433099100 us:  amd::Comgr::get_data() return 0 size for agent_triple_target_ids[0]=amdgcn-amd-amdhsa--gfx90c:xnack+
:3:hip_code_object.cpp      :964 : 251433099106 us:  amd::Comgr::get_data() return 0 size for agent_triple_target_ids[0]=amdgcn-amd-amdhsa--gfx90c:xnack+
:1:hip_fatbin.cpp           :780 : 251433099114 us:  Cannot find CO in the bundle /usr/lib64/librocblas.so.4.4 for ISA: amdgcn-amd-amdhsa--gfx90c:xnack+
:3:hip_platform.cpp         :740 : 251433099124 us:  init: Returned hipErrorNoBinaryForGpu : continue parsing remaining modules
:3:hip_code_object.cpp      :964 : 251433101044 us:  amd::Comgr::get_data() return 0 size for agent_triple_target_ids[0]=amdgcn-amd-amdhsa--gfx90c:xnack+
:3:hip_code_object.cpp      :964 : 251433101062 us:  amd::Comgr::get_data() return 0 size for agent_triple_target_ids[0]=amdgcn-amd-amdhsa--gfx90c:xnack+
:3:hip_code_object.cpp      :964 : 251433101068 us:  amd::Comgr::get_data() return 0 size for agent_triple_target_ids[0]=amdgcn-amd-amdhsa--gfx90c:xnack+
:1:hip_fatbin.cpp           :780 : 251433101073 us:  Cannot find CO in the bundle /usr/lib64/librocblas.so.4.4 for ISA: amdgcn-amd-amdhsa--gfx90c:xnack+
:3:hip_platform.cpp         :740 : 251433101090 us:  init: Returned hipErrorNoBinaryForGpu : continue parsing remaining modules
:3:hip_code_object.cpp      :964 : 251433102272 us:  amd::Comgr::get_data() return 0 size for agent_triple_target_ids[0]=amdgcn-amd-amdhsa--gfx90c:xnack+
:3:hip_code_object.cpp      :964 : 251433102285 us:  amd::Comgr::get_data() return 0 size for agent_triple_target_ids[0]=amdgcn-amd-amdhsa--gfx90c:xnack+
:3:hip_code_object.cpp      :964 : 251433102290 us:  amd::Comgr::get_data() return 0 size for agent_triple_target_ids[0]=amdgcn-amd-amdhsa--gfx90c:xnack+
:1:hip_fatbin.cpp           :780 : 251433102295 us:  Cannot find CO in the bundle /usr/lib64/librocsolver.so.0.4 for ISA: amdgcn-amd-amdhsa--gfx90c:xnack+
:3:hip_platform.cpp         :740 : 251433102301 us:  init: Returned hipErrorNoBinaryForGpu : continue parsing remaining modules
:3:hip_code_object.cpp      :964 : 251433103234 us:  amd::Comgr::get_data() return 0 size for agent_triple_target_ids[0]=amdgcn-amd-amdhsa--gfx90c:xnack+
:3:hip_code_object.cpp      :964 : 251433103247 us:  amd::Comgr::get_data() return 0 size for agent_triple_target_ids[0]=amdgcn-amd-amdhsa--gfx90c:xnack+
:3:hip_code_object.cpp      :964 : 251433103252 us:  amd::Comgr::get_data() return 0 size for agent_triple_target_ids[0]=amdgcn-amd-amdhsa--gfx90c:xnack+
:1:hip_fatbin.cpp           :780 : 251433103257 us:  Cannot find CO in the bundle /usr/lib64/librocsolver.so.0.4 for ISA: amdgcn-amd-amdhsa--gfx90c:xnack+
:3:hip_platform.cpp         :740 : 251433103263 us:  init: Returned hipErrorNoBinaryForGpu : continue parsing remaining modules
:3:hip_code_object.cpp      :964 : 251433104696 us:  amd::Comgr::get_data() return 0 size for agent_triple_target_ids[0]=amdgcn-amd-amdhsa--gfx90c:xnack+
:3:hip_code_object.cpp      :964 : 251433104709 us:  amd::Comgr::get_data() return 0 size for agent_triple_target_ids[0]=amdgcn-amd-amdhsa--gfx90c:xnack+
:3:hip_code_object.cpp      :964 : 251433104714 us:  amd::Comgr::get_data() return 0 size for agent_triple_target_ids[0]=amdgcn-amd-amdhsa--gfx90c:xnack+
:1:hip_fatbin.cpp           :780 : 251433104719 us:  Cannot find CO in the bundle /usr/lib64/librocblas.so.4.4 for ISA: amdgcn-amd-amdhsa--gfx90c:xnack+
:3:hip_platform.cpp         :740 : 251433104725 us:  init: Returned hipErrorNoBinaryForGpu : continue parsing remaining modules
:3:hip_code_object.cpp      :964 : 251433106763 us:  amd::Comgr::get_data() return 0 size for agent_triple_target_ids[0]=amdgcn-amd-amdhsa--gfx90c:xnack+
:3:hip_code_object.cpp      :964 : 251433106780 us:  amd::Comgr::get_data() return 0 size for agent_triple_target_ids[0]=amdgcn-amd-amdhsa--gfx90c:xnack+
:3:hip_code_object.cpp      :964 : 251433106786 us:  amd::Comgr::get_data() return 0 size for agent_triple_target_ids[0]=amdgcn-amd-amdhsa--gfx90c:xnack+
:1:hip_fatbin.cpp           :780 : 251433106791 us:  Cannot find CO in the bundle /usr/lib64/librocsolver.so.0.4 for ISA: amdgcn-amd-amdhsa--gfx90c:xnack+
:3:hip_platform.cpp         :740 : 251433106797 us:  init: Returned hipErrorNoBinaryForGpu : continue parsing remaining modules
:3:hip_code_object.cpp      :964 : 251433107706 us:  amd::Comgr::get_data() return 0 size for agent_triple_target_ids[0]=amdgcn-amd-amdhsa--gfx90c:xnack+
:3:hip_code_object.cpp      :964 : 251433107719 us:  amd::Comgr::get_data() return 0 size for agent_triple_target_ids[0]=amdgcn-amd-amdhsa--gfx90c:xnack+
:3:hip_code_object.cpp      :964 : 251433107724 us:  amd::Comgr::get_data() return 0 size for agent_triple_target_ids[0]=amdgcn-amd-amdhsa--gfx90c:xnack+
:1:hip_fatbin.cpp           :780 : 251433107729 us:  Cannot find CO in the bundle /usr/lib64/librocsolver.so.0.4 for ISA: amdgcn-amd-amdhsa--gfx90c:xnack+
:3:hip_platform.cpp         :740 : 251433107735 us:  init: Returned hipErrorNoBinaryForGpu : continue parsing remaining modules
:3:hip_code_object.cpp      :964 : 251433109324 us:  amd::Comgr::get_data() return 0 size for agent_triple_target_ids[0]=amdgcn-amd-amdhsa--gfx90c:xnack+
:3:hip_code_object.cpp      :964 : 251433109339 us:  amd::Comgr::get_data() return 0 size for agent_triple_target_ids[0]=amdgcn-amd-amdhsa--gfx90c:xnack+
:3:hip_code_object.cpp      :964 : 251433109352 us:  amd::Comgr::get_data() return 0 size for agent_triple_target_ids[0]=amdgcn-amd-amdhsa--gfx90c:xnack+
:1:hip_fatbin.cpp           :780 : 251433109357 us:  Cannot find CO in the bundle /usr/lib64/librocblas.so.4.4 for ISA: amdgcn-amd-amdhsa--gfx90c:xnack+
:3:hip_platform.cpp         :740 : 251433109363 us:  init: Returned hipErrorNoBinaryForGpu : continue parsing remaining modules
:3:hip_code_object.cpp      :964 : 251433113619 us:  amd::Comgr::get_data() return 0 size for agent_triple_target_ids[0]=amdgcn-amd-amdhsa--gfx90c:xnack+
:3:hip_code_object.cpp      :964 : 251433113648 us:  amd::Comgr::get_data() return 0 size for agent_triple_target_ids[0]=amdgcn-amd-amdhsa--gfx90c:xnack+
:3:hip_code_object.cpp      :964 : 251433113654 us:  amd::Comgr::get_data() return 0 size for agent_triple_target_ids[0]=amdgcn-amd-amdhsa--gfx90c:xnack+
:1:hip_fatbin.cpp           :780 : 251433113660 us:  Cannot find CO in the bundle /usr/lib64/librocblas.so.4.4 for ISA: amdgcn-amd-amdhsa--gfx90c:xnack+
:3:hip_platform.cpp         :740 : 251433113669 us:  init: Returned hipErrorNoBinaryForGpu : continue parsing remaining modules
:3:hip_code_object.cpp      :964 : 251433114867 us:  amd::Comgr::get_data() return 0 size for agent_triple_target_ids[0]=amdgcn-amd-amdhsa--gfx90c:xnack+
:3:hip_code_object.cpp      :964 : 251433114881 us:  amd::Comgr::get_data() return 0 size for agent_triple_target_ids[0]=amdgcn-amd-amdhsa--gfx90c:xnack+
:3:hip_code_object.cpp      :964 : 251433114886 us:  amd::Comgr::get_data() return 0 size for agent_triple_target_ids[0]=amdgcn-amd-amdhsa--gfx90c:xnack+
:1:hip_fatbin.cpp           :780 : 251433114891 us:  Cannot find CO in the bundle /usr/lib64/librocsolver.so.0.4 for ISA: amdgcn-amd-amdhsa--gfx90c:xnack+
:3:hip_platform.cpp         :740 : 251433114897 us:  init: Returned hipErrorNoBinaryForGpu : continue parsing remaining modules
:3:hip_code_object.cpp      :964 : 251433116261 us:  amd::Comgr::get_data() return 0 size for agent_triple_target_ids[0]=amdgcn-amd-amdhsa--gfx90c:xnack+
:3:hip_code_object.cpp      :964 : 251433116274 us:  amd::Comgr::get_data() return 0 size for agent_triple_target_ids[0]=amdgcn-amd-amdhsa--gfx90c:xnack+
:3:hip_code_object.cpp      :964 : 251433116279 us:  amd::Comgr::get_data() return 0 size for agent_triple_target_ids[0]=amdgcn-amd-amdhsa--gfx90c:xnack+
:1:hip_fatbin.cpp           :780 : 251433116285 us:  Cannot find CO in the bundle /usr/lib64/librocblas.so.4.4 for ISA: amdgcn-amd-amdhsa--gfx90c:xnack+
:3:hip_platform.cpp         :740 : 251433116290 us:  init: Returned hipErrorNoBinaryForGpu : continue parsing remaining modules
:3:hip_code_object.cpp      :964 : 251433559048 us:  amd::Comgr::get_data() return 0 size for agent_triple_target_ids[0]=amdgcn-amd-amdhsa--gfx90c:xnack+
:3:hip_code_object.cpp      :964 : 251433559079 us:  amd::Comgr::get_data() return 0 size for agent_triple_target_ids[0]=amdgcn-amd-amdhsa--gfx90c:xnack+
:3:hip_code_object.cpp      :964 : 251433559085 us:  amd::Comgr::get_data() return 0 size for agent_triple_target_ids[0]=amdgcn-amd-amdhsa--gfx90c:xnack+
:1:hip_fatbin.cpp           :780 : 251433559093 us:  Cannot find CO in the bundle /usr/lib64/librocblas.so.4.4 for ISA: amdgcn-amd-amdhsa--gfx90c:xnack+
:3:hip_platform.cpp         :740 : 251433559103 us:  init: Returned hipErrorNoBinaryForGpu : continue parsing remaining modules
:3:hip_code_object.cpp      :964 : 251433999311 us:  amd::Comgr::get_data() return 0 size for agent_triple_target_ids[0]=amdgcn-amd-amdhsa--gfx90c:xnack+
:3:hip_code_object.cpp      :964 : 251433999345 us:  amd::Comgr::get_data() return 0 size for agent_triple_target_ids[0]=amdgcn-amd-amdhsa--gfx90c:xnack+
:3:hip_code_object.cpp      :964 : 251433999350 us:  amd::Comgr::get_data() return 0 size for agent_triple_target_ids[0]=amdgcn-amd-amdhsa--gfx90c:xnack+
:1:hip_fatbin.cpp           :780 : 251433999359 us:  Cannot find CO in the bundle /usr/lib64/librocblas.so.4.4 for ISA: amdgcn-amd-amdhsa--gfx90c:xnack+
:3:hip_platform.cpp         :740 : 251433999379 us:  init: Returned hipErrorNoBinaryForGpu : continue parsing remaining modules
:3:hip_code_object.cpp      :964 : 251434000944 us:  amd::Comgr::get_data() return 0 size for agent_triple_target_ids[0]=amdgcn-amd-amdhsa--gfx90c:xnack+
:3:hip_code_object.cpp      :964 : 251434000961 us:  amd::Comgr::get_data() return 0 size for agent_triple_target_ids[0]=amdgcn-amd-amdhsa--gfx90c:xnack+
:3:hip_code_object.cpp      :964 : 251434000966 us:  amd::Comgr::get_data() return 0 size for agent_triple_target_ids[0]=amdgcn-amd-amdhsa--gfx90c:xnack+
:1:hip_fatbin.cpp           :780 : 251434000972 us:  Cannot find CO in the bundle /usr/lib64/librocblas.so.4.4 for ISA: amdgcn-amd-amdhsa--gfx90c:xnack+
:3:hip_platform.cpp         :740 : 251434000979 us:  init: Returned hipErrorNoBinaryForGpu : continue parsing remaining modules
:3:hip_code_object.cpp      :964 : 251434005039 us:  amd::Comgr::get_data() return 0 size for agent_triple_target_ids[0]=amdgcn-amd-amdhsa--gfx90c:xnack+
:3:hip_code_object.cpp      :964 : 251434005059 us:  amd::Comgr::get_data() return 0 size for agent_triple_target_ids[0]=amdgcn-amd-amdhsa--gfx90c:xnack+
:3:hip_code_object.cpp      :964 : 251434005064 us:  amd::Comgr::get_data() return 0 size for agent_triple_target_ids[0]=amdgcn-amd-amdhsa--gfx90c:xnack+
:1:hip_fatbin.cpp           :780 : 251434005070 us:  Cannot find CO in the bundle /usr/lib64/librocblas.so.4.4 for ISA: amdgcn-amd-amdhsa--gfx90c:xnack+
:3:hip_platform.cpp         :740 : 251434005078 us:  init: Returned hipErrorNoBinaryForGpu : continue parsing remaining modules
:3:hip_code_object.cpp      :964 : 251434006433 us:  amd::Comgr::get_data() return 0 size for agent_triple_target_ids[0]=amdgcn-amd-amdhsa--gfx90c:xnack+
:3:hip_code_object.cpp      :964 : 251434006448 us:  amd::Comgr::get_data() return 0 size for agent_triple_target_ids[0]=amdgcn-amd-amdhsa--gfx90c:xnack+
:3:hip_code_object.cpp      :964 : 251434006453 us:  amd::Comgr::get_data() return 0 size for agent_triple_target_ids[0]=amdgcn-amd-amdhsa--gfx90c:xnack+
:1:hip_fatbin.cpp           :780 : 251434006458 us:  Cannot find CO in the bundle /usr/lib64/librocblas.so.4.4 for ISA: amdgcn-amd-amdhsa--gfx90c:xnack+
:3:hip_platform.cpp         :740 : 251434006465 us:  init: Returned hipErrorNoBinaryForGpu : continue parsing remaining modules
:3:hip_code_object.cpp      :964 : 251434248272 us:  amd::Comgr::get_data() return 0 size for agent_triple_target_ids[0]=amdgcn-amd-amdhsa--gfx90c:xnack+
:3:hip_code_object.cpp      :964 : 251434248304 us:  amd::Comgr::get_data() return 0 size for agent_triple_target_ids[0]=amdgcn-amd-amdhsa--gfx90c:xnack+
:3:hip_code_object.cpp      :964 : 251434248310 us:  amd::Comgr::get_data() return 0 size for agent_triple_target_ids[0]=amdgcn-amd-amdhsa--gfx90c:xnack+
:1:hip_fatbin.cpp           :780 : 251434248318 us:  Cannot find CO in the bundle /usr/lib64/librocblas.so.4.4 for ISA: amdgcn-amd-amdhsa--gfx90c:xnack+
:3:hip_platform.cpp         :740 : 251434248328 us:  init: Returned hipErrorNoBinaryForGpu : continue parsing remaining modules
:3:hip_code_object.cpp      :964 : 251434725466 us:  amd::Comgr::get_data() return 0 size for agent_triple_target_ids[0]=amdgcn-amd-amdhsa--gfx90c:xnack+
:3:hip_code_object.cpp      :964 : 251434725500 us:  amd::Comgr::get_data() return 0 size for agent_triple_target_ids[0]=amdgcn-amd-amdhsa--gfx90c:xnack+
:3:hip_code_object.cpp      :964 : 251434725506 us:  amd::Comgr::get_data() return 0 size for agent_triple_target_ids[0]=amdgcn-amd-amdhsa--gfx90c:xnack+
:1:hip_fatbin.cpp           :780 : 251434731883 us:  Cannot find CO in the bundle /usr/lib64/librocsolver.so.0.4 for ISA: amdgcn-amd-amdhsa--gfx90c:xnack+
:3:hip_platform.cpp         :740 : 251434731904 us:  init: Returned hipErrorNoBinaryForGpu : continue parsing remaining modules
:3:hip_code_object.cpp      :964 : 251434733244 us:  amd::Comgr::get_data() return 0 size for agent_triple_target_ids[0]=amdgcn-amd-amdhsa--gfx90c:xnack+
:3:hip_code_object.cpp      :964 : 251434733260 us:  amd::Comgr::get_data() return 0 size for agent_triple_target_ids[0]=amdgcn-amd-amdhsa--gfx90c:xnack+
:3:hip_code_object.cpp      :964 : 251434733274 us:  amd::Comgr::get_data() return 0 size for agent_triple_target_ids[0]=amdgcn-amd-amdhsa--gfx90c:xnack+
:1:hip_fatbin.cpp           :780 : 251434733280 us:  Cannot find CO in the bundle /usr/lib64/librocsolver.so.0.4 for ISA: amdgcn-amd-amdhsa--gfx90c:xnack+
:3:hip_platform.cpp         :740 : 251434733286 us:  init: Returned hipErrorNoBinaryForGpu : continue parsing remaining modules
:3:hip_code_object.cpp      :964 : 251434734875 us:  amd::Comgr::get_data() return 0 size for agent_triple_target_ids[0]=amdgcn-amd-amdhsa--gfx90c:xnack+
:3:hip_code_object.cpp      :964 : 251434734891 us:  amd::Comgr::get_data() return 0 size for agent_triple_target_ids[0]=amdgcn-amd-amdhsa--gfx90c:xnack+
:3:hip_code_object.cpp      :964 : 251434734897 us:  amd::Comgr::get_data() return 0 size for agent_triple_target_ids[0]=amdgcn-amd-amdhsa--gfx90c:xnack+
:1:hip_fatbin.cpp           :780 : 251434734902 us:  Cannot find CO in the bundle /usr/lib64/librocsolver.so.0.4 for ISA: amdgcn-amd-amdhsa--gfx90c:xnack+
:3:hip_platform.cpp         :740 : 251434734909 us:  init: Returned hipErrorNoBinaryForGpu : continue parsing remaining modules
:3:hip_code_object.cpp      :964 : 251434736060 us:  amd::Comgr::get_data() return 0 size for agent_triple_target_ids[0]=amdgcn-amd-amdhsa--gfx90c:xnack+
:3:hip_code_object.cpp      :964 : 251434736073 us:  amd::Comgr::get_data() return 0 size for agent_triple_target_ids[0]=amdgcn-amd-amdhsa--gfx90c:xnack+
:3:hip_code_object.cpp      :964 : 251434736078 us:  amd::Comgr::get_data() return 0 size for agent_triple_target_ids[0]=amdgcn-amd-amdhsa--gfx90c:xnack+
:1:hip_fatbin.cpp           :780 : 251434736084 us:  Cannot find CO in the bundle /usr/lib64/librocsolver.so.0.4 for ISA: amdgcn-amd-amdhsa--gfx90c:xnack+
:3:hip_platform.cpp         :740 : 251434736090 us:  init: Returned hipErrorNoBinaryForGpu : continue parsing remaining modules
:3:hip_code_object.cpp      :964 : 251435737852 us:  amd::Comgr::get_data() return 0 size for agent_triple_target_ids[0]=amdgcn-amd-amdhsa--gfx90c:xnack+
:3:hip_code_object.cpp      :964 : 251435737887 us:  amd::Comgr::get_data() return 0 size for agent_triple_target_ids[0]=amdgcn-amd-amdhsa--gfx90c:xnack+
:3:hip_code_object.cpp      :964 : 251435737893 us:  amd::Comgr::get_data() return 0 size for agent_triple_target_ids[0]=amdgcn-amd-amdhsa--gfx90c:xnack+
:1:hip_fatbin.cpp           :780 : 251435737902 us:  Cannot find CO in the bundle /usr/lib64/librocblas.so.4.4 for ISA: amdgcn-amd-amdhsa--gfx90c:xnack+
:3:hip_platform.cpp         :740 : 251435737912 us:  init: Returned hipErrorNoBinaryForGpu : continue parsing remaining modules
:3:hip_code_object.cpp      :964 : 251435740104 us:  amd::Comgr::get_data() return 0 size for agent_triple_target_ids[0]=amdgcn-amd-amdhsa--gfx90c:xnack+
:3:hip_code_object.cpp      :964 : 251435740124 us:  amd::Comgr::get_data() return 0 size for agent_triple_target_ids[0]=amdgcn-amd-amdhsa--gfx90c:xnack+
:3:hip_code_object.cpp      :964 : 251435740129 us:  amd::Comgr::get_data() return 0 size for agent_triple_target_ids[0]=amdgcn-amd-amdhsa--gfx90c:xnack+
:1:hip_fatbin.cpp           :780 : 251435740135 us:  Cannot find CO in the bundle /usr/lib64/librocsolver.so.0.4 for ISA: amdgcn-amd-amdhsa--gfx90c:xnack+
:3:hip_platform.cpp         :740 : 251435740142 us:  init: Returned hipErrorNoBinaryForGpu : continue parsing remaining modules
:3:hip_code_object.cpp      :964 : 251435743961 us:  amd::Comgr::get_data() return 0 size for agent_triple_target_ids[0]=amdgcn-amd-amdhsa--gfx90c:xnack+
:3:hip_code_object.cpp      :964 : 251435743980 us:  amd::Comgr::get_data() return 0 size for agent_triple_target_ids[0]=amdgcn-amd-amdhsa--gfx90c:xnack+
:3:hip_code_object.cpp      :964 : 251435743985 us:  amd::Comgr::get_data() return 0 size for agent_triple_target_ids[0]=amdgcn-amd-amdhsa--gfx90c:xnack+
:1:hip_fatbin.cpp           :780 : 251435743990 us:  Cannot find CO in the bundle /usr/lib64/librocblas.so.4.4 for ISA: amdgcn-amd-amdhsa--gfx90c:xnack+
:3:hip_platform.cpp         :740 : 251435744014 us:  init: Returned hipErrorNoBinaryForGpu : continue parsing remaining modules
:3:hip_code_object.cpp      :964 : 251435747964 us:  amd::Comgr::get_data() return 0 size for agent_triple_target_ids[0]=amdgcn-amd-amdhsa--gfx90c:xnack+
:3:hip_code_object.cpp      :964 : 251435747984 us:  amd::Comgr::get_data() return 0 size for agent_triple_target_ids[0]=amdgcn-amd-amdhsa--gfx90c:xnack+
:3:hip_code_object.cpp      :964 : 251435747989 us:  amd::Comgr::get_data() return 0 size for agent_triple_target_ids[0]=amdgcn-amd-amdhsa--gfx90c:xnack+
:1:hip_fatbin.cpp           :780 : 251435747995 us:  Cannot find CO in the bundle /usr/lib64/librocblas.so.4.4 for ISA: amdgcn-amd-amdhsa--gfx90c:xnack+
:3:hip_platform.cpp         :740 : 251435748010 us:  init: Returned hipErrorNoBinaryForGpu : continue parsing remaining modules
:3:hip_code_object.cpp      :964 : 251435749924 us:  amd::Comgr::get_data() return 0 size for agent_triple_target_ids[0]=amdgcn-amd-amdhsa--gfx90c:xnack+
:3:hip_code_object.cpp      :964 : 251435749939 us:  amd::Comgr::get_data() return 0 size for agent_triple_target_ids[0]=amdgcn-amd-amdhsa--gfx90c:xnack+
:3:hip_code_object.cpp      :964 : 251435749944 us:  amd::Comgr::get_data() return 0 size for agent_triple_target_ids[0]=amdgcn-amd-amdhsa--gfx90c:xnack+
:1:hip_fatbin.cpp           :780 : 251435749949 us:  Cannot find CO in the bundle /usr/lib64/librocblas.so.4.4 for ISA: amdgcn-amd-amdhsa--gfx90c:xnack+
:3:hip_platform.cpp         :740 : 251435749956 us:  init: Returned hipErrorNoBinaryForGpu : continue parsing remaining modules
:3:hip_code_object.cpp      :964 : 251435750889 us:  amd::Comgr::get_data() return 0 size for agent_triple_target_ids[0]=amdgcn-amd-amdhsa--gfx90c:xnack+
:3:hip_code_object.cpp      :964 : 251435750902 us:  amd::Comgr::get_data() return 0 size for agent_triple_target_ids[0]=amdgcn-amd-amdhsa--gfx90c:xnack+
:3:hip_code_object.cpp      :964 : 251435750908 us:  amd::Comgr::get_data() return 0 size for agent_triple_target_ids[0]=amdgcn-amd-amdhsa--gfx90c:xnack+
:1:hip_fatbin.cpp           :780 : 251435750913 us:  Cannot find CO in the bundle /usr/lib64/librocblas.so.4.4 for ISA: amdgcn-amd-amdhsa--gfx90c:xnack+
:3:hip_platform.cpp         :740 : 251435750919 us:  init: Returned hipErrorNoBinaryForGpu : continue parsing remaining modules
:3:hip_code_object.cpp      :964 : 251435752314 us:  amd::Comgr::get_data() return 0 size for agent_triple_target_ids[0]=amdgcn-amd-amdhsa--gfx90c:xnack+
:3:hip_code_object.cpp      :964 : 251435752332 us:  amd::Comgr::get_data() return 0 size for agent_triple_target_ids[0]=amdgcn-amd-amdhsa--gfx90c:xnack+
:3:hip_code_object.cpp      :964 : 251435752338 us:  amd::Comgr::get_data() return 0 size for agent_triple_target_ids[0]=amdgcn-amd-amdhsa--gfx90c:xnack+
:1:hip_fatbin.cpp           :780 : 251435752344 us:  Cannot find CO in the bundle /usr/lib64/librocblas.so.4.4 for ISA: amdgcn-amd-amdhsa--gfx90c:xnack+
:3:hip_platform.cpp         :740 : 251435752350 us:  init: Returned hipErrorNoBinaryForGpu : continue parsing remaining modules
:3:hip_code_object.cpp      :964 : 251435753462 us:  amd::Comgr::get_data() return 0 size for agent_triple_target_ids[0]=amdgcn-amd-amdhsa--gfx90c:xnack+
:3:hip_code_object.cpp      :964 : 251435753476 us:  amd::Comgr::get_data() return 0 size for agent_triple_target_ids[0]=amdgcn-amd-amdhsa--gfx90c:xnack+
:3:hip_code_object.cpp      :964 : 251435753481 us:  amd::Comgr::get_data() return 0 size for agent_triple_target_ids[0]=amdgcn-amd-amdhsa--gfx90c:xnack+
:1:hip_fatbin.cpp           :780 : 251435753486 us:  Cannot find CO in the bundle /usr/lib64/librocsolver.so.0.4 for ISA: amdgcn-amd-amdhsa--gfx90c:xnack+
:3:hip_platform.cpp         :740 : 251435753492 us:  init: Returned hipErrorNoBinaryForGpu : continue parsing remaining modules
:3:hip_code_object.cpp      :964 : 251436079273 us:  amd::Comgr::get_data() return 0 size for agent_triple_target_ids[0]=amdgcn-amd-amdhsa--gfx90c:xnack+
:3:hip_code_object.cpp      :964 : 251436079303 us:  amd::Comgr::get_data() return 0 size for agent_triple_target_ids[0]=amdgcn-amd-amdhsa--gfx90c:xnack+
:3:hip_code_object.cpp      :964 : 251436079318 us:  amd::Comgr::get_data() return 0 size for agent_triple_target_ids[0]=amdgcn-amd-amdhsa--gfx90c:xnack+
:1:hip_fatbin.cpp           :780 : 251436079325 us:  Cannot find CO in the bundle /usr/lib64/librocblas.so.4.4 for ISA: amdgcn-amd-amdhsa--gfx90c:xnack+
:3:hip_platform.cpp         :740 : 251436079336 us:  init: Returned hipErrorNoBinaryForGpu : continue parsing remaining modules
:3:hip_code_object.cpp      :964 : 251436083431 us:  amd::Comgr::get_data() return 0 size for agent_triple_target_ids[0]=amdgcn-amd-amdhsa--gfx90c:xnack+
:3:hip_code_object.cpp      :964 : 251436083460 us:  amd::Comgr::get_data() return 0 size for agent_triple_target_ids[0]=amdgcn-amd-amdhsa--gfx90c:xnack+
:3:hip_code_object.cpp      :964 : 251436083465 us:  amd::Comgr::get_data() return 0 size for agent_triple_target_ids[0]=amdgcn-amd-amdhsa--gfx90c:xnack+
:1:hip_fatbin.cpp           :780 : 251436083472 us:  Cannot find CO in the bundle /usr/lib64/librocblas.so.4.4 for ISA: amdgcn-amd-amdhsa--gfx90c:xnack+
:3:hip_platform.cpp         :740 : 251436083482 us:  init: Returned hipErrorNoBinaryForGpu : continue parsing remaining modules
:3:hip_code_object.cpp      :964 : 251436084910 us:  amd::Comgr::get_data() return 0 size for agent_triple_target_ids[0]=amdgcn-amd-amdhsa--gfx90c:xnack+
:3:hip_code_object.cpp      :964 : 251436084922 us:  amd::Comgr::get_data() return 0 size for agent_triple_target_ids[0]=amdgcn-amd-amdhsa--gfx90c:xnack+
:3:hip_code_object.cpp      :964 : 251436084927 us:  amd::Comgr::get_data() return 0 size for agent_triple_target_ids[0]=amdgcn-amd-amdhsa--gfx90c:xnack+
:1:hip_fatbin.cpp           :780 : 251436084933 us:  Cannot find CO in the bundle /usr/lib64/librocblas.so.4.4 for ISA: amdgcn-amd-amdhsa--gfx90c:xnack+
:3:hip_platform.cpp         :740 : 251436084938 us:  init: Returned hipErrorNoBinaryForGpu : continue parsing remaining modules
:3:hip_code_object.cpp      :964 : 251436086140 us:  amd::Comgr::get_data() return 0 size for agent_triple_target_ids[0]=amdgcn-amd-amdhsa--gfx90c:xnack+
:3:hip_code_object.cpp      :964 : 251436086154 us:  amd::Comgr::get_data() return 0 size for agent_triple_target_ids[0]=amdgcn-amd-amdhsa--gfx90c:xnack+
:3:hip_code_object.cpp      :964 : 251436086159 us:  amd::Comgr::get_data() return 0 size for agent_triple_target_ids[0]=amdgcn-amd-amdhsa--gfx90c:xnack+
:1:hip_fatbin.cpp           :780 : 251436086165 us:  Cannot find CO in the bundle /usr/lib64/librocsolver.so.0.4 for ISA: amdgcn-amd-amdhsa--gfx90c:xnack+
:3:hip_platform.cpp         :740 : 251436086170 us:  init: Returned hipErrorNoBinaryForGpu : continue parsing remaining modules
:3:hip_code_object.cpp      :964 : 251436721688 us:  amd::Comgr::get_data() return 0 size for agent_triple_target_ids[0]=amdgcn-amd-amdhsa--gfx90c:xnack+
:3:hip_code_object.cpp      :964 : 251436721720 us:  amd::Comgr::get_data() return 0 size for agent_triple_target_ids[0]=amdgcn-amd-amdhsa--gfx90c:xnack+
:3:hip_code_object.cpp      :964 : 251436721726 us:  amd::Comgr::get_data() return 0 size for agent_triple_target_ids[0]=amdgcn-amd-amdhsa--gfx90c:xnack+
:1:hip_fatbin.cpp           :780 : 251436721735 us:  Cannot find CO in the bundle /usr/lib64/librocblas.so.4.4 for ISA: amdgcn-amd-amdhsa--gfx90c:xnack+
:3:hip_platform.cpp         :740 : 251436721745 us:  init: Returned hipErrorNoBinaryForGpu : continue parsing remaining modules
:3:hip_code_object.cpp      :964 : 251436723830 us:  amd::Comgr::get_data() return 0 size for agent_triple_target_ids[0]=amdgcn-amd-amdhsa--gfx90c:xnack+
:3:hip_code_object.cpp      :964 : 251436723858 us:  amd::Comgr::get_data() return 0 size for agent_triple_target_ids[0]=amdgcn-amd-amdhsa--gfx90c:xnack+
:3:hip_code_object.cpp      :964 : 251436723864 us:  amd::Comgr::get_data() return 0 size for agent_triple_target_ids[0]=amdgcn-amd-amdhsa--gfx90c:xnack+
:1:hip_fatbin.cpp           :780 : 251436723871 us:  Cannot find CO in the bundle /usr/lib64/librocblas.so.4.4 for ISA: amdgcn-amd-amdhsa--gfx90c:xnack+
:3:hip_platform.cpp         :740 : 251436723892 us:  init: Returned hipErrorNoBinaryForGpu : continue parsing remaining modules
:3:hip_code_object.cpp      :964 : 251436725818 us:  amd::Comgr::get_data() return 0 size for agent_triple_target_ids[0]=amdgcn-amd-amdhsa--gfx90c:xnack+
:3:hip_code_object.cpp      :964 : 251436725838 us:  amd::Comgr::get_data() return 0 size for agent_triple_target_ids[0]=amdgcn-amd-amdhsa--gfx90c:xnack+
:3:hip_code_object.cpp      :964 : 251436725843 us:  amd::Comgr::get_data() return 0 size for agent_triple_target_ids[0]=amdgcn-amd-amdhsa--gfx90c:xnack+
:1:hip_fatbin.cpp           :780 : 251436725850 us:  Cannot find CO in the bundle /usr/lib64/librocsolver.so.0.4 for ISA: amdgcn-amd-amdhsa--gfx90c:xnack+
:3:hip_platform.cpp         :740 : 251436725859 us:  init: Returned hipErrorNoBinaryForGpu : continue parsing remaining modules
:3:hip_code_object.cpp      :964 : 251436728504 us:  amd::Comgr::get_data() return 0 size for agent_triple_target_ids[0]=amdgcn-amd-amdhsa--gfx90c:xnack+
:3:hip_code_object.cpp      :964 : 251436728546 us:  amd::Comgr::get_data() return 0 size for agent_triple_target_ids[0]=amdgcn-amd-amdhsa--gfx90c:xnack+
:3:hip_code_object.cpp      :964 : 251436728554 us:  amd::Comgr::get_data() return 0 size for agent_triple_target_ids[0]=amdgcn-amd-amdhsa--gfx90c:xnack+
:1:hip_fatbin.cpp           :780 : 251436728564 us:  Cannot find CO in the bundle /usr/lib64/librocblas.so.4.4 for ISA: amdgcn-amd-amdhsa--gfx90c:xnack+
:3:hip_platform.cpp         :740 : 251436728578 us:  init: Returned hipErrorNoBinaryForGpu : continue parsing remaining modules
:3:hip_code_object.cpp      :964 : 251436730195 us:  amd::Comgr::get_data() return 0 size for agent_triple_target_ids[0]=amdgcn-amd-amdhsa--gfx90c:xnack+
:3:hip_code_object.cpp      :964 : 251436730211 us:  amd::Comgr::get_data() return 0 size for agent_triple_target_ids[0]=amdgcn-amd-amdhsa--gfx90c:xnack+
:3:hip_code_object.cpp      :964 : 251436730216 us:  amd::Comgr::get_data() return 0 size for agent_triple_target_ids[0]=amdgcn-amd-amdhsa--gfx90c:xnack+
:1:hip_fatbin.cpp           :780 : 251436730222 us:  Cannot find CO in the bundle /usr/lib64/librocblas.so.4.4 for ISA: amdgcn-amd-amdhsa--gfx90c:xnack+
:3:hip_platform.cpp         :740 : 251436730228 us:  init: Returned hipErrorNoBinaryForGpu : continue parsing remaining modules
:3:hip_code_object.cpp      :964 : 251436731421 us:  amd::Comgr::get_data() return 0 size for agent_triple_target_ids[0]=amdgcn-amd-amdhsa--gfx90c:xnack+
:3:hip_code_object.cpp      :964 : 251436731434 us:  amd::Comgr::get_data() return 0 size for agent_triple_target_ids[0]=amdgcn-amd-amdhsa--gfx90c:xnack+
:3:hip_code_object.cpp      :964 : 251436731439 us:  amd::Comgr::get_data() return 0 size for agent_triple_target_ids[0]=amdgcn-amd-amdhsa--gfx90c:xnack+
:1:hip_fatbin.cpp           :780 : 251436731445 us:  Cannot find CO in the bundle /usr/lib64/librocblas.so.4.4 for ISA: amdgcn-amd-amdhsa--gfx90c:xnack+
:3:hip_platform.cpp         :740 : 251436731450 us:  init: Returned hipErrorNoBinaryForGpu : continue parsing remaining modules
:3:hip_code_object.cpp      :964 : 251436740227 us:  amd::Comgr::get_data() return 0 size for agent_triple_target_ids[0]=amdgcn-amd-amdhsa--gfx90c:xnack+
:3:hip_code_object.cpp      :964 : 251436740258 us:  amd::Comgr::get_data() return 0 size for agent_triple_target_ids[0]=amdgcn-amd-amdhsa--gfx90c:xnack+
:3:hip_code_object.cpp      :964 : 251436740264 us:  amd::Comgr::get_data() return 0 size for agent_triple_target_ids[0]=amdgcn-amd-amdhsa--gfx90c:xnack+
:1:hip_fatbin.cpp           :780 : 251436740271 us:  Cannot find CO in the bundle /usr/lib64/librocsolver.so.0.4 for ISA: amdgcn-amd-amdhsa--gfx90c:xnack+
:3:hip_platform.cpp         :740 : 251436740281 us:  init: Returned hipErrorNoBinaryForGpu : continue parsing remaining modules
:3:hip_code_object.cpp      :964 : 251436742420 us:  amd::Comgr::get_data() return 0 size for agent_triple_target_ids[0]=amdgcn-amd-amdhsa--gfx90c:xnack+
:3:hip_code_object.cpp      :964 : 251436742443 us:  amd::Comgr::get_data() return 0 size for agent_triple_target_ids[0]=amdgcn-amd-amdhsa--gfx90c:xnack+
:3:hip_code_object.cpp      :964 : 251436742458 us:  amd::Comgr::get_data() return 0 size for agent_triple_target_ids[0]=amdgcn-amd-amdhsa--gfx90c:xnack+
:1:hip_fatbin.cpp           :780 : 251436742465 us:  Cannot find CO in the bundle /usr/lib64/librocblas.so.4.4 for ISA: amdgcn-amd-amdhsa--gfx90c:xnack+
:3:hip_platform.cpp         :740 : 251436742474 us:  init: Returned hipErrorNoBinaryForGpu : continue parsing remaining modules
:3:hip_code_object.cpp      :964 : 251436743703 us:  amd::Comgr::get_data() return 0 size for agent_triple_target_ids[0]=amdgcn-amd-amdhsa--gfx90c:xnack+
:3:hip_code_object.cpp      :964 : 251436743716 us:  amd::Comgr::get_data() return 0 size for agent_triple_target_ids[0]=amdgcn-amd-amdhsa--gfx90c:xnack+
:3:hip_code_object.cpp      :964 : 251436743722 us:  amd::Comgr::get_data() return 0 size for agent_triple_target_ids[0]=amdgcn-amd-amdhsa--gfx90c:xnack+
:1:hip_fatbin.cpp           :780 : 251436743727 us:  Cannot find CO in the bundle /usr/lib64/librocsolver.so.0.4 for ISA: amdgcn-amd-amdhsa--gfx90c:xnack+
:3:hip_platform.cpp         :740 : 251436743734 us:  init: Returned hipErrorNoBinaryForGpu : continue parsing remaining modules
:3:hip_code_object.cpp      :964 : 251436744836 us:  amd::Comgr::get_data() return 0 size for agent_triple_target_ids[0]=amdgcn-amd-amdhsa--gfx90c:xnack+
:3:hip_code_object.cpp      :964 : 251436744849 us:  amd::Comgr::get_data() return 0 size for agent_triple_target_ids[0]=amdgcn-amd-amdhsa--gfx90c:xnack+
:3:hip_code_object.cpp      :964 : 251436744855 us:  amd::Comgr::get_data() return 0 size for agent_triple_target_ids[0]=amdgcn-amd-amdhsa--gfx90c:xnack+
:1:hip_fatbin.cpp           :780 : 251436744860 us:  Cannot find CO in the bundle /usr/lib64/librocsolver.so.0.4 for ISA: amdgcn-amd-amdhsa--gfx90c:xnack+
:3:hip_platform.cpp         :740 : 251436744866 us:  init: Returned hipErrorNoBinaryForGpu : continue parsing remaining modules
:3:hip_code_object.cpp      :964 : 251436748836 us:  amd::Comgr::get_data() return 0 size for agent_triple_target_ids[0]=amdgcn-amd-amdhsa--gfx90c:xnack+
:3:hip_code_object.cpp      :964 : 251436748877 us:  amd::Comgr::get_data() return 0 size for agent_triple_target_ids[0]=amdgcn-amd-amdhsa--gfx90c:xnack+
:3:hip_code_object.cpp      :964 : 251436748882 us:  amd::Comgr::get_data() return 0 size for agent_triple_target_ids[0]=amdgcn-amd-amdhsa--gfx90c:xnack+
:1:hip_fatbin.cpp           :780 : 251436748889 us:  Cannot find CO in the bundle /usr/lib64/librocsolver.so.0.4 for ISA: amdgcn-amd-amdhsa--gfx90c:xnack+
:3:hip_platform.cpp         :740 : 251436748899 us:  init: Returned hipErrorNoBinaryForGpu : continue parsing remaining modules
:3:hip_code_object.cpp      :964 : 251436750541 us:  amd::Comgr::get_data() return 0 size for agent_triple_target_ids[0]=amdgcn-amd-amdhsa--gfx90c:xnack+
:3:hip_code_object.cpp      :964 : 251436750558 us:  amd::Comgr::get_data() return 0 size for agent_triple_target_ids[0]=amdgcn-amd-amdhsa--gfx90c:xnack+
:3:hip_code_object.cpp      :964 : 251436750563 us:  amd::Comgr::get_data() return 0 size for agent_triple_target_ids[0]=amdgcn-amd-amdhsa--gfx90c:xnack+
:1:hip_fatbin.cpp           :780 : 251436750568 us:  Cannot find CO in the bundle /usr/lib64/librocsolver.so.0.4 for ISA: amdgcn-amd-amdhsa--gfx90c:xnack+
:3:hip_platform.cpp         :740 : 251436750575 us:  init: Returned hipErrorNoBinaryForGpu : continue parsing remaining modules
:3:hip_code_object.cpp      :964 : 251436751849 us:  amd::Comgr::get_data() return 0 size for agent_triple_target_ids[0]=amdgcn-amd-amdhsa--gfx90c:xnack+
:3:hip_code_object.cpp      :964 : 251436751863 us:  amd::Comgr::get_data() return 0 size for agent_triple_target_ids[0]=amdgcn-amd-amdhsa--gfx90c:xnack+
:3:hip_code_object.cpp      :964 : 251436751867 us:  amd::Comgr::get_data() return 0 size for agent_triple_target_ids[0]=amdgcn-amd-amdhsa--gfx90c:xnack+
:1:hip_fatbin.cpp           :780 : 251436751873 us:  Cannot find CO in the bundle /usr/lib64/librocsolver.so.0.4 for ISA: amdgcn-amd-amdhsa--gfx90c:xnack+
:3:hip_platform.cpp         :740 : 251436751887 us:  init: Returned hipErrorNoBinaryForGpu : continue parsing remaining modules
:3:hip_code_object.cpp      :964 : 251436779774 us:  amd::Comgr::get_data() return 0 size for agent_triple_target_ids[0]=amdgcn-amd-amdhsa--gfx90c:xnack+
:3:hip_code_object.cpp      :964 : 251436779804 us:  amd::Comgr::get_data() return 0 size for agent_triple_target_ids[0]=amdgcn-amd-amdhsa--gfx90c:xnack+
:3:hip_code_object.cpp      :964 : 251436779809 us:  amd::Comgr::get_data() return 0 size for agent_triple_target_ids[0]=amdgcn-amd-amdhsa--gfx90c:xnack+
:1:hip_fatbin.cpp           :780 : 251436779817 us:  Cannot find CO in the bundle /usr/lib64/librocsolver.so.0.4 for ISA: amdgcn-amd-amdhsa--gfx90c:xnack+
:3:hip_platform.cpp         :740 : 251436779826 us:  init: Returned hipErrorNoBinaryForGpu : continue parsing remaining modules
:3:hip_code_object.cpp      :964 : 251436960849 us:  amd::Comgr::get_data() return 0 size for agent_triple_target_ids[0]=amdgcn-amd-amdhsa--gfx90c:xnack+
:3:hip_code_object.cpp      :964 : 251436960881 us:  amd::Comgr::get_data() return 0 size for agent_triple_target_ids[0]=amdgcn-amd-amdhsa--gfx90c:xnack+
:3:hip_code_object.cpp      :964 : 251436960887 us:  amd::Comgr::get_data() return 0 size for agent_triple_target_ids[0]=amdgcn-amd-amdhsa--gfx90c:xnack+
:1:hip_fatbin.cpp           :780 : 251436960895 us:  Cannot find CO in the bundle /usr/lib64/librocsolver.so.0.4 for ISA: amdgcn-amd-amdhsa--gfx90c:xnack+
:3:hip_platform.cpp         :740 : 251436960905 us:  init: Returned hipErrorNoBinaryForGpu : continue parsing remaining modules
:3:hip_code_object.cpp      :964 : 251436962100 us:  amd::Comgr::get_data() return 0 size for agent_triple_target_ids[0]=amdgcn-amd-amdhsa--gfx90c:xnack+
:3:hip_code_object.cpp      :964 : 251436962114 us:  amd::Comgr::get_data() return 0 size for agent_triple_target_ids[0]=amdgcn-amd-amdhsa--gfx90c:xnack+
:3:hip_code_object.cpp      :964 : 251436962119 us:  amd::Comgr::get_data() return 0 size for agent_triple_target_ids[0]=amdgcn-amd-amdhsa--gfx90c:xnack+
:1:hip_fatbin.cpp           :780 : 251436962125 us:  Cannot find CO in the bundle /usr/lib64/librocsolver.so.0.4 for ISA: amdgcn-amd-amdhsa--gfx90c:xnack+
:3:hip_platform.cpp         :740 : 251436962131 us:  init: Returned hipErrorNoBinaryForGpu : continue parsing remaining modules
:3:hip_code_object.cpp      :964 : 251436963095 us:  amd::Comgr::get_data() return 0 size for agent_triple_target_ids[0]=amdgcn-amd-amdhsa--gfx90c:xnack+
:3:hip_code_object.cpp      :964 : 251436963108 us:  amd::Comgr::get_data() return 0 size for agent_triple_target_ids[0]=amdgcn-amd-amdhsa--gfx90c:xnack+
:3:hip_code_object.cpp      :964 : 251436963113 us:  amd::Comgr::get_data() return 0 size for agent_triple_target_ids[0]=amdgcn-amd-amdhsa--gfx90c:xnack+
:1:hip_fatbin.cpp           :780 : 251436963118 us:  Cannot find CO in the bundle /usr/lib64/librocsolver.so.0.4 for ISA: amdgcn-amd-amdhsa--gfx90c:xnack+
:3:hip_platform.cpp         :740 : 251436963124 us:  init: Returned hipErrorNoBinaryForGpu : continue parsing remaining modules
:3:hip_code_object.cpp      :964 : 251436966221 us:  amd::Comgr::get_data() return 0 size for agent_triple_target_ids[0]=amdgcn-amd-amdhsa--gfx90c:xnack+
:3:hip_code_object.cpp      :964 : 251436966245 us:  amd::Comgr::get_data() return 0 size for agent_triple_target_ids[0]=amdgcn-amd-amdhsa--gfx90c:xnack+
:3:hip_code_object.cpp      :964 : 251436966250 us:  amd::Comgr::get_data() return 0 size for agent_triple_target_ids[0]=amdgcn-amd-amdhsa--gfx90c:xnack+
:1:hip_fatbin.cpp           :780 : 251436966257 us:  Cannot find CO in the bundle /usr/lib64/librocblas.so.4.4 for ISA: amdgcn-amd-amdhsa--gfx90c:xnack+
:3:hip_platform.cpp         :740 : 251436966265 us:  init: Returned hipErrorNoBinaryForGpu : continue parsing remaining modules
:3:hip_code_object.cpp      :964 : 251436967788 us:  amd::Comgr::get_data() return 0 size for agent_triple_target_ids[0]=amdgcn-amd-amdhsa--gfx90c:xnack+
:3:hip_code_object.cpp      :964 : 251436967803 us:  amd::Comgr::get_data() return 0 size for agent_triple_target_ids[0]=amdgcn-amd-amdhsa--gfx90c:xnack+
:3:hip_code_object.cpp      :964 : 251436967816 us:  amd::Comgr::get_data() return 0 size for agent_triple_target_ids[0]=amdgcn-amd-amdhsa--gfx90c:xnack+
:1:hip_fatbin.cpp           :780 : 251436967822 us:  Cannot find CO in the bundle /usr/lib64/librocsolver.so.0.4 for ISA: amdgcn-amd-amdhsa--gfx90c:xnack+
:3:hip_platform.cpp         :740 : 251436967827 us:  init: Returned hipErrorNoBinaryForGpu : continue parsing remaining modules
:3:hip_code_object.cpp      :964 : 251436973787 us:  amd::Comgr::get_data() return 0 size for agent_triple_target_ids[0]=amdgcn-amd-amdhsa--gfx90c:xnack+
:3:hip_code_object.cpp      :964 : 251436973818 us:  amd::Comgr::get_data() return 0 size for agent_triple_target_ids[0]=amdgcn-amd-amdhsa--gfx90c:xnack+
:3:hip_code_object.cpp      :964 : 251436973823 us:  amd::Comgr::get_data() return 0 size for agent_triple_target_ids[0]=amdgcn-amd-amdhsa--gfx90c:xnack+
:1:hip_fatbin.cpp           :780 : 251436973831 us:  Cannot find CO in the bundle /usr/lib64/librocsolver.so.0.4 for ISA: amdgcn-amd-amdhsa--gfx90c:xnack+
:3:hip_platform.cpp         :740 : 251436973842 us:  init: Returned hipErrorNoBinaryForGpu : continue parsing remaining modules
:3:hip_code_object.cpp      :964 : 251437242337 us:  amd::Comgr::get_data() return 0 size for agent_triple_target_ids[0]=amdgcn-amd-amdhsa--gfx90c:xnack+
:3:hip_code_object.cpp      :964 : 251437242367 us:  amd::Comgr::get_data() return 0 size for agent_triple_target_ids[0]=amdgcn-amd-amdhsa--gfx90c:xnack+
:3:hip_code_object.cpp      :964 : 251437242373 us:  amd::Comgr::get_data() return 0 size for agent_triple_target_ids[0]=amdgcn-amd-amdhsa--gfx90c:xnack+
:1:hip_fatbin.cpp           :780 : 251437242381 us:  Cannot find CO in the bundle /usr/lib64/librocblas.so.4.4 for ISA: amdgcn-amd-amdhsa--gfx90c:xnack+
:3:hip_platform.cpp         :740 : 251437242391 us:  init: Returned hipErrorNoBinaryForGpu : continue parsing remaining modules
:3:hip_code_object.cpp      :964 : 251437245196 us:  amd::Comgr::get_data() return 0 size for agent_triple_target_ids[0]=amdgcn-amd-amdhsa--gfx90c:xnack+
:3:hip_code_object.cpp      :964 : 251437245223 us:  amd::Comgr::get_data() return 0 size for agent_triple_target_ids[0]=amdgcn-amd-amdhsa--gfx90c:xnack+
:3:hip_code_object.cpp      :964 : 251437245229 us:  amd::Comgr::get_data() return 0 size for agent_triple_target_ids[0]=amdgcn-amd-amdhsa--gfx90c:xnack+
:1:hip_fatbin.cpp           :780 : 251437245236 us:  Cannot find CO in the bundle /usr/lib64/librocsolver.so.0.4 for ISA: amdgcn-amd-amdhsa--gfx90c:xnack+
:3:hip_platform.cpp         :740 : 251437245246 us:  init: Returned hipErrorNoBinaryForGpu : continue parsing remaining modules
:3:hip_code_object.cpp      :964 : 251437247461 us:  amd::Comgr::get_data() return 0 size for agent_triple_target_ids[0]=amdgcn-amd-amdhsa--gfx90c:xnack+
:3:hip_code_object.cpp      :964 : 251437247479 us:  amd::Comgr::get_data() return 0 size for agent_triple_target_ids[0]=amdgcn-amd-amdhsa--gfx90c:xnack+
:3:hip_code_object.cpp      :964 : 251437247484 us:  amd::Comgr::get_data() return 0 size for agent_triple_target_ids[0]=amdgcn-amd-amdhsa--gfx90c:xnack+
:1:hip_fatbin.cpp           :780 : 251437247490 us:  Cannot find CO in the bundle /usr/lib64/librocblas.so.4.4 for ISA: amdgcn-amd-amdhsa--gfx90c:xnack+
:3:hip_platform.cpp         :740 : 251437247497 us:  init: Returned hipErrorNoBinaryForGpu : continue parsing remaining modules
:3:hip_code_object.cpp      :964 : 251437248868 us:  amd::Comgr::get_data() return 0 size for agent_triple_target_ids[0]=amdgcn-amd-amdhsa--gfx90c:xnack+
:3:hip_code_object.cpp      :964 : 251437248884 us:  amd::Comgr::get_data() return 0 size for agent_triple_target_ids[0]=amdgcn-amd-amdhsa--gfx90c:xnack+
:3:hip_code_object.cpp      :964 : 251437248889 us:  amd::Comgr::get_data() return 0 size for agent_triple_target_ids[0]=amdgcn-amd-amdhsa--gfx90c:xnack+
:1:hip_fatbin.cpp           :780 : 251437248895 us:  Cannot find CO in the bundle /usr/lib64/librocsolver.so.0.4 for ISA: amdgcn-amd-amdhsa--gfx90c:xnack+
:3:hip_platform.cpp         :740 : 251437248909 us:  init: Returned hipErrorNoBinaryForGpu : continue parsing remaining modules
:3:hip_code_object.cpp      :964 : 251437459030 us:  amd::Comgr::get_data() return 0 size for agent_triple_target_ids[0]=amdgcn-amd-amdhsa--gfx90c:xnack+
:3:hip_code_object.cpp      :964 : 251437459062 us:  amd::Comgr::get_data() return 0 size for agent_triple_target_ids[0]=amdgcn-amd-amdhsa--gfx90c:xnack+
:3:hip_code_object.cpp      :964 : 251437459067 us:  amd::Comgr::get_data() return 0 size for agent_triple_target_ids[0]=amdgcn-amd-amdhsa--gfx90c:xnack+
:1:hip_fatbin.cpp           :780 : 251437459075 us:  Cannot find CO in the bundle /usr/lib64/librocsolver.so.0.4 for ISA: amdgcn-amd-amdhsa--gfx90c:xnack+
:3:hip_platform.cpp         :740 : 251437459085 us:  init: Returned hipErrorNoBinaryForGpu : continue parsing remaining modules
:3:hip_code_object.cpp      :964 : 251437600616 us:  amd::Comgr::get_data() return 0 size for agent_triple_target_ids[0]=amdgcn-amd-amdhsa--gfx90c:xnack+
:3:hip_code_object.cpp      :964 : 251437600648 us:  amd::Comgr::get_data() return 0 size for agent_triple_target_ids[0]=amdgcn-amd-amdhsa--gfx90c:xnack+
:3:hip_code_object.cpp      :964 : 251437600653 us:  amd::Comgr::get_data() return 0 size for agent_triple_target_ids[0]=amdgcn-amd-amdhsa--gfx90c:xnack+
:1:hip_fatbin.cpp           :780 : 251437600661 us:  Cannot find CO in the bundle /usr/lib64/librocblas.so.4.4 for ISA: amdgcn-amd-amdhsa--gfx90c:xnack+
:3:hip_platform.cpp         :740 : 251437600671 us:  init: Returned hipErrorNoBinaryForGpu : continue parsing remaining modules
:3:hip_code_object.cpp      :964 : 251437602496 us:  amd::Comgr::get_data() return 0 size for agent_triple_target_ids[0]=amdgcn-amd-amdhsa--gfx90c:xnack+
:3:hip_code_object.cpp      :964 : 251437602513 us:  amd::Comgr::get_data() return 0 size for agent_triple_target_ids[0]=amdgcn-amd-amdhsa--gfx90c:xnack+
:3:hip_code_object.cpp      :964 : 251437602518 us:  amd::Comgr::get_data() return 0 size for agent_triple_target_ids[0]=amdgcn-amd-amdhsa--gfx90c:xnack+
:1:hip_fatbin.cpp           :780 : 251437602524 us:  Cannot find CO in the bundle /usr/lib64/librocblas.so.4.4 for ISA: amdgcn-amd-amdhsa--gfx90c:xnack+
:3:hip_platform.cpp         :740 : 251437602531 us:  init: Returned hipErrorNoBinaryForGpu : continue parsing remaining modules
:3:hip_code_object.cpp      :964 : 251437604267 us:  amd::Comgr::get_data() return 0 size for agent_triple_target_ids[0]=amdgcn-amd-amdhsa--gfx90c:xnack+
:3:hip_code_object.cpp      :964 : 251437604288 us:  amd::Comgr::get_data() return 0 size for agent_triple_target_ids[0]=amdgcn-amd-amdhsa--gfx90c:xnack+
:3:hip_code_object.cpp      :964 : 251437604293 us:  amd::Comgr::get_data() return 0 size for agent_triple_target_ids[0]=amdgcn-amd-amdhsa--gfx90c:xnack+
:1:hip_fatbin.cpp           :780 : 251437604299 us:  Cannot find CO in the bundle /usr/lib64/librocsolver.so.0.4 for ISA: amdgcn-amd-amdhsa--gfx90c:xnack+
:3:hip_platform.cpp         :740 : 251437604307 us:  init: Returned hipErrorNoBinaryForGpu : continue parsing remaining modules
:3:hip_code_object.cpp      :964 : 251437605565 us:  amd::Comgr::get_data() return 0 size for agent_triple_target_ids[0]=amdgcn-amd-amdhsa--gfx90c:xnack+
:3:hip_code_object.cpp      :964 : 251437605579 us:  amd::Comgr::get_data() return 0 size for agent_triple_target_ids[0]=amdgcn-amd-amdhsa--gfx90c:xnack+
:3:hip_code_object.cpp      :964 : 251437605584 us:  amd::Comgr::get_data() return 0 size for agent_triple_target_ids[0]=amdgcn-amd-amdhsa--gfx90c:xnack+
:1:hip_fatbin.cpp           :780 : 251437605590 us:  Cannot find CO in the bundle /usr/lib64/librocblas.so.4.4 for ISA: amdgcn-amd-amdhsa--gfx90c:xnack+
:3:hip_platform.cpp         :740 : 251437605596 us:  init: Returned hipErrorNoBinaryForGpu : continue parsing remaining modules
:3:hip_code_object.cpp      :964 : 251437607824 us:  amd::Comgr::get_data() return 0 size for agent_triple_target_ids[0]=amdgcn-amd-amdhsa--gfx90c:xnack+
:3:hip_code_object.cpp      :964 : 251437607843 us:  amd::Comgr::get_data() return 0 size for agent_triple_target_ids[0]=amdgcn-amd-amdhsa--gfx90c:xnack+
:3:hip_code_object.cpp      :964 : 251437607857 us:  amd::Comgr::get_data() return 0 size for agent_triple_target_ids[0]=amdgcn-amd-amdhsa--gfx90c:xnack+
:1:hip_fatbin.cpp           :780 : 251437607863 us:  Cannot find CO in the bundle /usr/lib64/librocblas.so.4.4 for ISA: amdgcn-amd-amdhsa--gfx90c:xnack+
:3:hip_platform.cpp         :740 : 251437607871 us:  init: Returned hipErrorNoBinaryForGpu : continue parsing remaining modules
:3:hip_code_object.cpp      :964 : 251437609253 us:  amd::Comgr::get_data() return 0 size for agent_triple_target_ids[0]=amdgcn-amd-amdhsa--gfx90c:xnack+
:3:hip_code_object.cpp      :964 : 251437609267 us:  amd::Comgr::get_data() return 0 size for agent_triple_target_ids[0]=amdgcn-amd-amdhsa--gfx90c:xnack+
:3:hip_code_object.cpp      :964 : 251437609272 us:  amd::Comgr::get_data() return 0 size for agent_triple_target_ids[0]=amdgcn-amd-amdhsa--gfx90c:xnack+
:1:hip_fatbin.cpp           :780 : 251437609277 us:  Cannot find CO in the bundle /usr/lib64/librocsolver.so.0.4 for ISA: amdgcn-amd-amdhsa--gfx90c:xnack+
:3:hip_platform.cpp         :740 : 251437609283 us:  init: Returned hipErrorNoBinaryForGpu : continue parsing remaining modules
:3:hip_code_object.cpp      :964 : 251437615791 us:  amd::Comgr::get_data() return 0 size for agent_triple_target_ids[0]=amdgcn-amd-amdhsa--gfx90c:xnack+
:3:hip_code_object.cpp      :964 : 251437615822 us:  amd::Comgr::get_data() return 0 size for agent_triple_target_ids[0]=amdgcn-amd-amdhsa--gfx90c:xnack+
:3:hip_code_object.cpp      :964 : 251437615828 us:  amd::Comgr::get_data() return 0 size for agent_triple_target_ids[0]=amdgcn-amd-amdhsa--gfx90c:xnack+
:1:hip_fatbin.cpp           :780 : 251437615835 us:  Cannot find CO in the bundle /usr/lib64/librocblas.so.4.4 for ISA: amdgcn-amd-amdhsa--gfx90c:xnack+
:3:hip_platform.cpp         :740 : 251437615845 us:  init: Returned hipErrorNoBinaryForGpu : continue parsing remaining modules
:3:hip_code_object.cpp      :964 : 251437617234 us:  amd::Comgr::get_data() return 0 size for agent_triple_target_ids[0]=amdgcn-amd-amdhsa--gfx90c:xnack+
:3:hip_code_object.cpp      :964 : 251437617252 us:  amd::Comgr::get_data() return 0 size for agent_triple_target_ids[0]=amdgcn-amd-amdhsa--gfx90c:xnack+
:3:hip_code_object.cpp      :964 : 251437617257 us:  amd::Comgr::get_data() return 0 size for agent_triple_target_ids[0]=amdgcn-amd-amdhsa--gfx90c:xnack+
:1:hip_fatbin.cpp           :780 : 251437617263 us:  Cannot find CO in the bundle /usr/lib64/librocsolver.so.0.4 for ISA: amdgcn-amd-amdhsa--gfx90c:xnack+
:3:hip_platform.cpp         :740 : 251437617270 us:  init: Returned hipErrorNoBinaryForGpu : continue parsing remaining modules
:3:hip_code_object.cpp      :964 : 251437619089 us:  amd::Comgr::get_data() return 0 size for agent_triple_target_ids[0]=amdgcn-amd-amdhsa--gfx90c:xnack+
:3:hip_code_object.cpp      :964 : 251437619109 us:  amd::Comgr::get_data() return 0 size for agent_triple_target_ids[0]=amdgcn-amd-amdhsa--gfx90c:xnack+
:3:hip_code_object.cpp      :964 : 251437619114 us:  amd::Comgr::get_data() return 0 size for agent_triple_target_ids[0]=amdgcn-amd-amdhsa--gfx90c:xnack+
:1:hip_fatbin.cpp           :780 : 251437619120 us:  Cannot find CO in the bundle /usr/lib64/librocsolver.so.0.4 for ISA: amdgcn-amd-amdhsa--gfx90c:xnack+
:3:hip_platform.cpp         :740 : 251437619128 us:  init: Returned hipErrorNoBinaryForGpu : continue parsing remaining modules
:3:hip_code_object.cpp      :964 : 251437620087 us:  amd::Comgr::get_data() return 0 size for agent_triple_target_ids[0]=amdgcn-amd-amdhsa--gfx90c:xnack+
:3:hip_code_object.cpp      :964 : 251437620099 us:  amd::Comgr::get_data() return 0 size for agent_triple_target_ids[0]=amdgcn-amd-amdhsa--gfx90c:xnack+
:3:hip_code_object.cpp      :964 : 251437620104 us:  amd::Comgr::get_data() return 0 size for agent_triple_target_ids[0]=amdgcn-amd-amdhsa--gfx90c:xnack+
:1:hip_fatbin.cpp           :780 : 251437620110 us:  Cannot find CO in the bundle /usr/lib64/librocsolver.so.0.4 for ISA: amdgcn-amd-amdhsa--gfx90c:xnack+
:3:hip_platform.cpp         :740 : 251437620126 us:  init: Returned hipErrorNoBinaryForGpu : continue parsing remaining modules
:3:hip_code_object.cpp      :964 : 251437621873 us:  amd::Comgr::get_data() return 0 size for agent_triple_target_ids[0]=amdgcn-amd-amdhsa--gfx90c:xnack+
:3:hip_code_object.cpp      :964 : 251437621891 us:  amd::Comgr::get_data() return 0 size for agent_triple_target_ids[0]=amdgcn-amd-amdhsa--gfx90c:xnack+
:3:hip_code_object.cpp      :964 : 251437621896 us:  amd::Comgr::get_data() return 0 size for agent_triple_target_ids[0]=amdgcn-amd-amdhsa--gfx90c:xnack+
:1:hip_fatbin.cpp           :780 : 251437621901 us:  Cannot find CO in the bundle /usr/lib64/librocsolver.so.0.4 for ISA: amdgcn-amd-amdhsa--gfx90c:xnack+
:3:hip_platform.cpp         :740 : 251437621907 us:  init: Returned hipErrorNoBinaryForGpu : continue parsing remaining modules
:3:hip_code_object.cpp      :964 : 251437623089 us:  amd::Comgr::get_data() return 0 size for agent_triple_target_ids[0]=amdgcn-amd-amdhsa--gfx90c:xnack+
:3:hip_code_object.cpp      :964 : 251437623102 us:  amd::Comgr::get_data() return 0 size for agent_triple_target_ids[0]=amdgcn-amd-amdhsa--gfx90c:xnack+
:3:hip_code_object.cpp      :964 : 251437623108 us:  amd::Comgr::get_data() return 0 size for agent_triple_target_ids[0]=amdgcn-amd-amdhsa--gfx90c:xnack+
:1:hip_fatbin.cpp           :780 : 251437623113 us:  Cannot find CO in the bundle /usr/lib64/librocsolver.so.0.4 for ISA: amdgcn-amd-amdhsa--gfx90c:xnack+
:3:hip_platform.cpp         :740 : 251437623119 us:  init: Returned hipErrorNoBinaryForGpu : continue parsing remaining modules
:3:hip_code_object.cpp      :964 : 251437624322 us:  amd::Comgr::get_data() return 0 size for agent_triple_target_ids[0]=amdgcn-amd-amdhsa--gfx90c:xnack+
:3:hip_code_object.cpp      :964 : 251437624336 us:  amd::Comgr::get_data() return 0 size for agent_triple_target_ids[0]=amdgcn-amd-amdhsa--gfx90c:xnack+
:3:hip_code_object.cpp      :964 : 251437624342 us:  amd::Comgr::get_data() return 0 size for agent_triple_target_ids[0]=amdgcn-amd-amdhsa--gfx90c:xnack+
:1:hip_fatbin.cpp           :780 : 251437624351 us:  Cannot find CO in the bundle /usr/lib64/librocsolver.so.0.4 for ISA: amdgcn-amd-amdhsa--gfx90c:xnack+
:3:hip_platform.cpp         :740 : 251437624361 us:  init: Returned hipErrorNoBinaryForGpu : continue parsing remaining modules
:3:hip_code_object.cpp      :964 : 251437626271 us:  amd::Comgr::get_data() return 0 size for agent_triple_target_ids[0]=amdgcn-amd-amdhsa--gfx90c:xnack+
:3:hip_code_object.cpp      :964 : 251437626289 us:  amd::Comgr::get_data() return 0 size for agent_triple_target_ids[0]=amdgcn-amd-amdhsa--gfx90c:xnack+
:3:hip_code_object.cpp      :964 : 251437626294 us:  amd::Comgr::get_data() return 0 size for agent_triple_target_ids[0]=amdgcn-amd-amdhsa--gfx90c:xnack+
:1:hip_fatbin.cpp           :780 : 251437626300 us:  Cannot find CO in the bundle /usr/lib64/librocblas.so.4.4 for ISA: amdgcn-amd-amdhsa--gfx90c:xnack+
:3:hip_platform.cpp         :740 : 251437626307 us:  init: Returned hipErrorNoBinaryForGpu : continue parsing remaining modules
:3:hip_code_object.cpp      :964 : 251437629567 us:  amd::Comgr::get_data() return 0 size for agent_triple_target_ids[0]=amdgcn-amd-amdhsa--gfx90c:xnack+
:3:hip_code_object.cpp      :964 : 251437629596 us:  amd::Comgr::get_data() return 0 size for agent_triple_target_ids[0]=amdgcn-amd-amdhsa--gfx90c:xnack+
:3:hip_code_object.cpp      :964 : 251437629601 us:  amd::Comgr::get_data() return 0 size for agent_triple_target_ids[0]=amdgcn-amd-amdhsa--gfx90c:xnack+
:1:hip_fatbin.cpp           :780 : 251437629608 us:  Cannot find CO in the bundle /usr/lib64/librocblas.so.4.4 for ISA: amdgcn-amd-amdhsa--gfx90c:xnack+
:3:hip_platform.cpp         :740 : 251437629617 us:  init: Returned hipErrorNoBinaryForGpu : continue parsing remaining modules
:3:hip_code_object.cpp      :964 : 251437630976 us:  amd::Comgr::get_data() return 0 size for agent_triple_target_ids[0]=amdgcn-amd-amdhsa--gfx90c:xnack+
:3:hip_code_object.cpp      :964 : 251437630989 us:  amd::Comgr::get_data() return 0 size for agent_triple_target_ids[0]=amdgcn-amd-amdhsa--gfx90c:xnack+
:3:hip_code_object.cpp      :964 : 251437631009 us:  amd::Comgr::get_data() return 0 size for agent_triple_target_ids[0]=amdgcn-amd-amdhsa--gfx90c:xnack+
:1:hip_fatbin.cpp           :780 : 251437631014 us:  Cannot find CO in the bundle /usr/lib64/librocblas.so.4.4 for ISA: amdgcn-amd-amdhsa--gfx90c:xnack+
:3:hip_platform.cpp         :740 : 251437631020 us:  init: Returned hipErrorNoBinaryForGpu : continue parsing remaining modules
:3:hip_code_object.cpp      :964 : 251437632015 us:  amd::Comgr::get_data() return 0 size for agent_triple_target_ids[0]=amdgcn-amd-amdhsa--gfx90c:xnack+
:3:hip_code_object.cpp      :964 : 251437632027 us:  amd::Comgr::get_data() return 0 size for agent_triple_target_ids[0]=amdgcn-amd-amdhsa--gfx90c:xnack+
:3:hip_code_object.cpp      :964 : 251437632032 us:  amd::Comgr::get_data() return 0 size for agent_triple_target_ids[0]=amdgcn-amd-amdhsa--gfx90c:xnack+
:1:hip_fatbin.cpp           :780 : 251437632037 us:  Cannot find CO in the bundle /usr/lib64/librocsolver.so.0.4 for ISA: amdgcn-amd-amdhsa--gfx90c:xnack+
:3:hip_platform.cpp         :740 : 251437632043 us:  init: Returned hipErrorNoBinaryForGpu : continue parsing remaining modules
:3:hip_code_object.cpp      :964 : 251437632940 us:  amd::Comgr::get_data() return 0 size for agent_triple_target_ids[0]=amdgcn-amd-amdhsa--gfx90c:xnack+
:3:hip_code_object.cpp      :964 : 251437632952 us:  amd::Comgr::get_data() return 0 size for agent_triple_target_ids[0]=amdgcn-amd-amdhsa--gfx90c:xnack+
:3:hip_code_object.cpp      :964 : 251437632957 us:  amd::Comgr::get_data() return 0 size for agent_triple_target_ids[0]=amdgcn-amd-amdhsa--gfx90c:xnack+
:1:hip_fatbin.cpp           :780 : 251437632962 us:  Cannot find CO in the bundle /usr/lib64/librocsolver.so.0.4 for ISA: amdgcn-amd-amdhsa--gfx90c:xnack+
:3:hip_platform.cpp         :740 : 251437632967 us:  init: Returned hipErrorNoBinaryForGpu : continue parsing remaining modules
:3:hip_code_object.cpp      :964 : 251437634287 us:  amd::Comgr::get_data() return 0 size for agent_triple_target_ids[0]=amdgcn-amd-amdhsa--gfx90c:xnack+
:3:hip_code_object.cpp      :964 : 251437634304 us:  amd::Comgr::get_data() return 0 size for agent_triple_target_ids[0]=amdgcn-amd-amdhsa--gfx90c:xnack+
:3:hip_code_object.cpp      :964 : 251437634309 us:  amd::Comgr::get_data() return 0 size for agent_triple_target_ids[0]=amdgcn-amd-amdhsa--gfx90c:xnack+
:1:hip_fatbin.cpp           :780 : 251437634314 us:  Cannot find CO in the bundle /usr/lib64/librocsolver.so.0.4 for ISA: amdgcn-amd-amdhsa--gfx90c:xnack+
:3:hip_platform.cpp         :740 : 251437634320 us:  init: Returned hipErrorNoBinaryForGpu : continue parsing remaining modules
:3:hip_code_object.cpp      :964 : 251437640463 us:  amd::Comgr::get_data() return 0 size for agent_triple_target_ids[0]=amdgcn-amd-amdhsa--gfx90c:xnack+
:3:hip_code_object.cpp      :964 : 251437640493 us:  amd::Comgr::get_data() return 0 size for agent_triple_target_ids[0]=amdgcn-amd-amdhsa--gfx90c:xnack+
:3:hip_code_object.cpp      :964 : 251437640501 us:  amd::Comgr::get_data() return 0 size for agent_triple_target_ids[0]=amdgcn-amd-amdhsa--gfx90c:xnack+
:1:hip_fatbin.cpp           :780 : 251437640511 us:  Cannot find CO in the bundle /usr/lib64/librocsolver.so.0.4 for ISA: amdgcn-amd-amdhsa--gfx90c:xnack+
:3:hip_platform.cpp         :740 : 251437640523 us:  init: Returned hipErrorNoBinaryForGpu : continue parsing remaining modules
:3:hip_code_object.cpp      :964 : 251437641671 us:  amd::Comgr::get_data() return 0 size for agent_triple_target_ids[0]=amdgcn-amd-amdhsa--gfx90c:xnack+
:3:hip_code_object.cpp      :964 : 251437641685 us:  amd::Comgr::get_data() return 0 size for agent_triple_target_ids[0]=amdgcn-amd-amdhsa--gfx90c:xnack+
:3:hip_code_object.cpp      :964 : 251437641691 us:  amd::Comgr::get_data() return 0 size for agent_triple_target_ids[0]=amdgcn-amd-amdhsa--gfx90c:xnack+
:1:hip_fatbin.cpp           :780 : 251437641696 us:  Cannot find CO in the bundle /usr/lib64/librocsolver.so.0.4 for ISA: amdgcn-amd-amdhsa--gfx90c:xnack+
:3:hip_platform.cpp         :740 : 251437641710 us:  init: Returned hipErrorNoBinaryForGpu : continue parsing remaining modules
:3:hip_code_object.cpp      :964 : 251437645849 us:  amd::Comgr::get_data() return 0 size for agent_triple_target_ids[0]=amdgcn-amd-amdhsa--gfx90c:xnack+
:3:hip_code_object.cpp      :964 : 251437645881 us:  amd::Comgr::get_data() return 0 size for agent_triple_target_ids[0]=amdgcn-amd-amdhsa--gfx90c:xnack+
:3:hip_code_object.cpp      :964 : 251437645886 us:  amd::Comgr::get_data() return 0 size for agent_triple_target_ids[0]=amdgcn-amd-amdhsa--gfx90c:xnack+
:1:hip_fatbin.cpp           :780 : 251437645893 us:  Cannot find CO in the bundle /usr/lib64/librocsolver.so.0.4 for ISA: amdgcn-amd-amdhsa--gfx90c:xnack+
:3:hip_platform.cpp         :740 : 251437645903 us:  init: Returned hipErrorNoBinaryForGpu : continue parsing remaining modules
:3:hip_code_object.cpp      :964 : 251437649341 us:  amd::Comgr::get_data() return 0 size for agent_triple_target_ids[0]=amdgcn-amd-amdhsa--gfx90c:xnack+
:3:hip_code_object.cpp      :964 : 251437649377 us:  amd::Comgr::get_data() return 0 size for agent_triple_target_ids[0]=amdgcn-amd-amdhsa--gfx90c:xnack+
:3:hip_code_object.cpp      :964 : 251437649382 us:  amd::Comgr::get_data() return 0 size for agent_triple_target_ids[0]=amdgcn-amd-amdhsa--gfx90c:xnack+
:1:hip_fatbin.cpp           :780 : 251437649390 us:  Cannot find CO in the bundle /usr/lib64/librocsolver.so.0.4 for ISA: amdgcn-amd-amdhsa--gfx90c:xnack+
:3:hip_platform.cpp         :740 : 251437649400 us:  init: Returned hipErrorNoBinaryForGpu : continue parsing remaining modules
:3:hip_code_object.cpp      :964 : 251437650706 us:  amd::Comgr::get_data() return 0 size for agent_triple_target_ids[0]=amdgcn-amd-amdhsa--gfx90c:xnack+
:3:hip_code_object.cpp      :964 : 251437650724 us:  amd::Comgr::get_data() return 0 size for agent_triple_target_ids[0]=amdgcn-amd-amdhsa--gfx90c:xnack+
:3:hip_code_object.cpp      :964 : 251437650730 us:  amd::Comgr::get_data() return 0 size for agent_triple_target_ids[0]=amdgcn-amd-amdhsa--gfx90c:xnack+
:1:hip_fatbin.cpp           :780 : 251437650735 us:  Cannot find CO in the bundle /usr/lib64/librocsolver.so.0.4 for ISA: amdgcn-amd-amdhsa--gfx90c:xnack+
:3:hip_platform.cpp         :740 : 251437650742 us:  init: Returned hipErrorNoBinaryForGpu : continue parsing remaining modules
:3:hip_code_object.cpp      :964 : 251437651739 us:  amd::Comgr::get_data() return 0 size for agent_triple_target_ids[0]=amdgcn-amd-amdhsa--gfx90c:xnack+
:3:hip_code_object.cpp      :964 : 251437651752 us:  amd::Comgr::get_data() return 0 size for agent_triple_target_ids[0]=amdgcn-amd-amdhsa--gfx90c:xnack+
:3:hip_code_object.cpp      :964 : 251437651757 us:  amd::Comgr::get_data() return 0 size for agent_triple_target_ids[0]=amdgcn-amd-amdhsa--gfx90c:xnack+
:1:hip_fatbin.cpp           :780 : 251437651762 us:  Cannot find CO in the bundle /usr/lib64/librocsolver.so.0.4 for ISA: amdgcn-amd-amdhsa--gfx90c:xnack+
:3:hip_platform.cpp         :740 : 251437651768 us:  init: Returned hipErrorNoBinaryForGpu : continue parsing remaining modules
:3:hip_code_object.cpp      :964 : 251437652939 us:  amd::Comgr::get_data() return 0 size for agent_triple_target_ids[0]=amdgcn-amd-amdhsa--gfx90c:xnack+
:3:hip_code_object.cpp      :964 : 251437652955 us:  amd::Comgr::get_data() return 0 size for agent_triple_target_ids[0]=amdgcn-amd-amdhsa--gfx90c:xnack+
:3:hip_code_object.cpp      :964 : 251437652960 us:  amd::Comgr::get_data() return 0 size for agent_triple_target_ids[0]=amdgcn-amd-amdhsa--gfx90c:xnack+
:1:hip_fatbin.cpp           :780 : 251437652967 us:  Cannot find CO in the bundle /usr/lib64/librocsolver.so.0.4 for ISA: amdgcn-amd-amdhsa--gfx90c:xnack+
:3:hip_platform.cpp         :740 : 251437652973 us:  init: Returned hipErrorNoBinaryForGpu : continue parsing remaining modules
:3:hip_code_object.cpp      :964 : 251437654039 us:  amd::Comgr::get_data() return 0 size for agent_triple_target_ids[0]=amdgcn-amd-amdhsa--gfx90c:xnack+
:3:hip_code_object.cpp      :964 : 251437654053 us:  amd::Comgr::get_data() return 0 size for agent_triple_target_ids[0]=amdgcn-amd-amdhsa--gfx90c:xnack+
:3:hip_code_object.cpp      :964 : 251437654066 us:  amd::Comgr::get_data() return 0 size for agent_triple_target_ids[0]=amdgcn-amd-amdhsa--gfx90c:xnack+
:1:hip_fatbin.cpp           :780 : 251437654072 us:  Cannot find CO in the bundle /usr/lib64/librocsolver.so.0.4 for ISA: amdgcn-amd-amdhsa--gfx90c:xnack+
:3:hip_platform.cpp         :740 : 251437654077 us:  init: Returned hipErrorNoBinaryForGpu : continue parsing remaining modules
:3:hip_code_object.cpp      :964 : 251437655547 us:  amd::Comgr::get_data() return 0 size for agent_triple_target_ids[0]=amdgcn-amd-amdhsa--gfx90c:xnack+
:3:hip_code_object.cpp      :964 : 251437655561 us:  amd::Comgr::get_data() return 0 size for agent_triple_target_ids[0]=amdgcn-amd-amdhsa--gfx90c:xnack+
:3:hip_code_object.cpp      :964 : 251437655566 us:  amd::Comgr::get_data() return 0 size for agent_triple_target_ids[0]=amdgcn-amd-amdhsa--gfx90c:xnack+
:1:hip_fatbin.cpp           :780 : 251437655571 us:  Cannot find CO in the bundle /usr/lib64/librocsolver.so.0.4 for ISA: amdgcn-amd-amdhsa--gfx90c:xnack+
:3:hip_platform.cpp         :740 : 251437655577 us:  init: Returned hipErrorNoBinaryForGpu : continue parsing remaining modules
:3:hip_code_object.cpp      :964 : 251437656407 us:  amd::Comgr::get_data() return 0 size for agent_triple_target_ids[0]=amdgcn-amd-amdhsa--gfx90c:xnack+
:3:hip_code_object.cpp      :964 : 251437656419 us:  amd::Comgr::get_data() return 0 size for agent_triple_target_ids[0]=amdgcn-amd-amdhsa--gfx90c:xnack+
:3:hip_code_object.cpp      :964 : 251437656424 us:  amd::Comgr::get_data() return 0 size for agent_triple_target_ids[0]=amdgcn-amd-amdhsa--gfx90c:xnack+
:1:hip_fatbin.cpp           :780 : 251437656430 us:  Cannot find CO in the bundle /usr/lib64/librocsolver.so.0.4 for ISA: amdgcn-amd-amdhsa--gfx90c:xnack+
:3:hip_platform.cpp         :740 : 251437656435 us:  init: Returned hipErrorNoBinaryForGpu : continue parsing remaining modules
:3:hip_code_object.cpp      :964 : 251437660485 us:  amd::Comgr::get_data() return 0 size for agent_triple_target_ids[0]=amdgcn-amd-amdhsa--gfx90c:xnack+
:3:hip_code_object.cpp      :964 : 251437660514 us:  amd::Comgr::get_data() return 0 size for agent_triple_target_ids[0]=amdgcn-amd-amdhsa--gfx90c:xnack+
:3:hip_code_object.cpp      :964 : 251437660520 us:  amd::Comgr::get_data() return 0 size for agent_triple_target_ids[0]=amdgcn-amd-amdhsa--gfx90c:xnack+
:1:hip_fatbin.cpp           :780 : 251437660527 us:  Cannot find CO in the bundle /usr/lib64/librocblas.so.4.4 for ISA: amdgcn-amd-amdhsa--gfx90c:xnack+
:3:hip_platform.cpp         :740 : 251437660536 us:  init: Returned hipErrorNoBinaryForGpu : continue parsing remaining modules
:3:hip_code_object.cpp      :964 : 251437662313 us:  amd::Comgr::get_data() return 0 size for agent_triple_target_ids[0]=amdgcn-amd-amdhsa--gfx90c:xnack+
:3:hip_code_object.cpp      :964 : 251437662335 us:  amd::Comgr::get_data() return 0 size for agent_triple_target_ids[0]=amdgcn-amd-amdhsa--gfx90c:xnack+
:3:hip_code_object.cpp      :964 : 251437662341 us:  amd::Comgr::get_data() return 0 size for agent_triple_target_ids[0]=amdgcn-amd-amdhsa--gfx90c:xnack+
:1:hip_fatbin.cpp           :780 : 251437662347 us:  Cannot find CO in the bundle /usr/lib64/librocsolver.so.0.4 for ISA: amdgcn-amd-amdhsa--gfx90c:xnack+
:3:hip_platform.cpp         :740 : 251437662355 us:  init: Returned hipErrorNoBinaryForGpu : continue parsing remaining modules
:3:hip_code_object.cpp      :964 : 251437667850 us:  amd::Comgr::get_data() return 0 size for agent_triple_target_ids[0]=amdgcn-amd-amdhsa--gfx90c:xnack+
:3:hip_code_object.cpp      :964 : 251437667881 us:  amd::Comgr::get_data() return 0 size for agent_triple_target_ids[0]=amdgcn-amd-amdhsa--gfx90c:xnack+
:3:hip_code_object.cpp      :964 : 251437667887 us:  amd::Comgr::get_data() return 0 size for agent_triple_target_ids[0]=amdgcn-amd-amdhsa--gfx90c:xnack+
:1:hip_fatbin.cpp           :780 : 251437667894 us:  Cannot find CO in the bundle /usr/lib64/librocsolver.so.0.4 for ISA: amdgcn-amd-amdhsa--gfx90c:xnack+
:3:hip_platform.cpp         :740 : 251437667913 us:  init: Returned hipErrorNoBinaryForGpu : continue parsing remaining modules
:3:hip_code_object.cpp      :964 : 251437672757 us:  amd::Comgr::get_data() return 0 size for agent_triple_target_ids[0]=amdgcn-amd-amdhsa--gfx90c:xnack+
:3:hip_code_object.cpp      :964 : 251437672785 us:  amd::Comgr::get_data() return 0 size for agent_triple_target_ids[0]=amdgcn-amd-amdhsa--gfx90c:xnack+
:3:hip_code_object.cpp      :964 : 251437672791 us:  amd::Comgr::get_data() return 0 size for agent_triple_target_ids[0]=amdgcn-amd-amdhsa--gfx90c:xnack+
:1:hip_fatbin.cpp           :780 : 251437672798 us:  Cannot find CO in the bundle /usr/lib64/librocsolver.so.0.4 for ISA: amdgcn-amd-amdhsa--gfx90c:xnack+
:3:hip_platform.cpp         :740 : 251437672808 us:  init: Returned hipErrorNoBinaryForGpu : continue parsing remaining modules
:3:hip_code_object.cpp      :964 : 251437674477 us:  amd::Comgr::get_data() return 0 size for agent_triple_target_ids[0]=amdgcn-amd-amdhsa--gfx90c:xnack+
:3:hip_code_object.cpp      :964 : 251437674492 us:  amd::Comgr::get_data() return 0 size for agent_triple_target_ids[0]=amdgcn-amd-amdhsa--gfx90c:xnack+
:3:hip_code_object.cpp      :964 : 251437674497 us:  amd::Comgr::get_data() return 0 size for agent_triple_target_ids[0]=amdgcn-amd-amdhsa--gfx90c:xnack+
:1:hip_fatbin.cpp           :780 : 251437674503 us:  Cannot find CO in the bundle /usr/lib64/librocsolver.so.0.4 for ISA: amdgcn-amd-amdhsa--gfx90c:xnack+
:3:hip_platform.cpp         :740 : 251437674509 us:  init: Returned hipErrorNoBinaryForGpu : continue parsing remaining modules
:3:hip_code_object.cpp      :964 : 251437675651 us:  amd::Comgr::get_data() return 0 size for agent_triple_target_ids[0]=amdgcn-amd-amdhsa--gfx90c:xnack+
:3:hip_code_object.cpp      :964 : 251437675664 us:  amd::Comgr::get_data() return 0 size for agent_triple_target_ids[0]=amdgcn-amd-amdhsa--gfx90c:xnack+
:3:hip_code_object.cpp      :964 : 251437675669 us:  amd::Comgr::get_data() return 0 size for agent_triple_target_ids[0]=amdgcn-amd-amdhsa--gfx90c:xnack+
:1:hip_fatbin.cpp           :780 : 251437675674 us:  Cannot find CO in the bundle /usr/lib64/librocsolver.so.0.4 for ISA: amdgcn-amd-amdhsa--gfx90c:xnack+
:3:hip_platform.cpp         :740 : 251437675680 us:  init: Returned hipErrorNoBinaryForGpu : continue parsing remaining modules
:3:hip_code_object.cpp      :964 : 251437678191 us:  amd::Comgr::get_data() return 0 size for agent_triple_target_ids[0]=amdgcn-amd-amdhsa--gfx90c:xnack+
:3:hip_code_object.cpp      :964 : 251437678218 us:  amd::Comgr::get_data() return 0 size for agent_triple_target_ids[0]=amdgcn-amd-amdhsa--gfx90c:xnack+
:3:hip_code_object.cpp      :964 : 251437678224 us:  amd::Comgr::get_data() return 0 size for agent_triple_target_ids[0]=amdgcn-amd-amdhsa--gfx90c:xnack+
:1:hip_fatbin.cpp           :780 : 251437678231 us:  Cannot find CO in the bundle /usr/lib64/librocsolver.so.0.4 for ISA: amdgcn-amd-amdhsa--gfx90c:xnack+
:3:hip_platform.cpp         :740 : 251437678240 us:  init: Returned hipErrorNoBinaryForGpu : continue parsing remaining modules
:3:hip_code_object.cpp      :964 : 251438667273 us:  amd::Comgr::get_data() return 0 size for agent_triple_target_ids[0]=amdgcn-amd-amdhsa--gfx90c:xnack+
:3:hip_code_object.cpp      :964 : 251438667305 us:  amd::Comgr::get_data() return 0 size for agent_triple_target_ids[0]=amdgcn-amd-amdhsa--gfx90c:xnack+
:3:hip_code_object.cpp      :964 : 251438667311 us:  amd::Comgr::get_data() return 0 size for agent_triple_target_ids[0]=amdgcn-amd-amdhsa--gfx90c:xnack+
:1:hip_fatbin.cpp           :780 : 251438680241 us:  Cannot find CO in the bundle /usr/lib64/librocsolver.so.0.4 for ISA: amdgcn-amd-amdhsa--gfx90c:xnack+
:3:hip_platform.cpp         :740 : 251438680280 us:  init: Returned hipErrorNoBinaryForGpu : continue parsing remaining modules
:3:hip_code_object.cpp      :964 : 251438682180 us:  amd::Comgr::get_data() return 0 size for agent_triple_target_ids[0]=amdgcn-amd-amdhsa--gfx90c:xnack+
:3:hip_code_object.cpp      :964 : 251438682202 us:  amd::Comgr::get_data() return 0 size for agent_triple_target_ids[0]=amdgcn-amd-amdhsa--gfx90c:xnack+
:3:hip_code_object.cpp      :964 : 251438682216 us:  amd::Comgr::get_data() return 0 size for agent_triple_target_ids[0]=amdgcn-amd-amdhsa--gfx90c:xnack+
:1:hip_fatbin.cpp           :780 : 251438682223 us:  Cannot find CO in the bundle /usr/lib64/librocsolver.so.0.4 for ISA: amdgcn-amd-amdhsa--gfx90c:xnack+
:3:hip_platform.cpp         :740 : 251438682230 us:  init: Returned hipErrorNoBinaryForGpu : continue parsing remaining modules
:3:hip_code_object.cpp      :964 : 251438683907 us:  amd::Comgr::get_data() return 0 size for agent_triple_target_ids[0]=amdgcn-amd-amdhsa--gfx90c:xnack+
:3:hip_code_object.cpp      :964 : 251438683925 us:  amd::Comgr::get_data() return 0 size for agent_triple_target_ids[0]=amdgcn-amd-amdhsa--gfx90c:xnack+
:3:hip_code_object.cpp      :964 : 251438683930 us:  amd::Comgr::get_data() return 0 size for agent_triple_target_ids[0]=amdgcn-amd-amdhsa--gfx90c:xnack+
:1:hip_fatbin.cpp           :780 : 251438683936 us:  Cannot find CO in the bundle /usr/lib64/librocsolver.so.0.4 for ISA: amdgcn-amd-amdhsa--gfx90c:xnack+
:3:hip_platform.cpp         :740 : 251438683944 us:  init: Returned hipErrorNoBinaryForGpu : continue parsing remaining modules
:3:hip_code_object.cpp      :964 : 251438685266 us:  amd::Comgr::get_data() return 0 size for agent_triple_target_ids[0]=amdgcn-amd-amdhsa--gfx90c:xnack+
:3:hip_code_object.cpp      :964 : 251438685281 us:  amd::Comgr::get_data() return 0 size for agent_triple_target_ids[0]=amdgcn-amd-amdhsa--gfx90c:xnack+
:3:hip_code_object.cpp      :964 : 251438685286 us:  amd::Comgr::get_data() return 0 size for agent_triple_target_ids[0]=amdgcn-amd-amdhsa--gfx90c:xnack+
:1:hip_fatbin.cpp           :780 : 251438685291 us:  Cannot find CO in the bundle /usr/lib64/librocsolver.so.0.4 for ISA: amdgcn-amd-amdhsa--gfx90c:xnack+
:3:hip_platform.cpp         :740 : 251438685298 us:  init: Returned hipErrorNoBinaryForGpu : continue parsing remaining modules
:3:hip_code_object.cpp      :964 : 251438686359 us:  amd::Comgr::get_data() return 0 size for agent_triple_target_ids[0]=amdgcn-amd-amdhsa--gfx90c:xnack+
:3:hip_code_object.cpp      :964 : 251438686372 us:  amd::Comgr::get_data() return 0 size for agent_triple_target_ids[0]=amdgcn-amd-amdhsa--gfx90c:xnack+
:3:hip_code_object.cpp      :964 : 251438686377 us:  amd::Comgr::get_data() return 0 size for agent_triple_target_ids[0]=amdgcn-amd-amdhsa--gfx90c:xnack+
:1:hip_fatbin.cpp           :780 : 251438686383 us:  Cannot find CO in the bundle /usr/lib64/librocsolver.so.0.4 for ISA: amdgcn-amd-amdhsa--gfx90c:xnack+
:3:hip_platform.cpp         :740 : 251438686388 us:  init: Returned hipErrorNoBinaryForGpu : continue parsing remaining modules
:3:hip_code_object.cpp      :964 : 251438687409 us:  amd::Comgr::get_data() return 0 size for agent_triple_target_ids[0]=amdgcn-amd-amdhsa--gfx90c:xnack+
:3:hip_code_object.cpp      :964 : 251438687422 us:  amd::Comgr::get_data() return 0 size for agent_triple_target_ids[0]=amdgcn-amd-amdhsa--gfx90c:xnack+
:3:hip_code_object.cpp      :964 : 251438687427 us:  amd::Comgr::get_data() return 0 size for agent_triple_target_ids[0]=amdgcn-amd-amdhsa--gfx90c:xnack+
:1:hip_fatbin.cpp           :780 : 251438687432 us:  Cannot find CO in the bundle /usr/lib64/librocsolver.so.0.4 for ISA: amdgcn-amd-amdhsa--gfx90c:xnack+
:3:hip_platform.cpp         :740 : 251438687438 us:  init: Returned hipErrorNoBinaryForGpu : continue parsing remaining modules
:3:hip_code_object.cpp      :964 : 251438689137 us:  amd::Comgr::get_data() return 0 size for agent_triple_target_ids[0]=amdgcn-amd-amdhsa--gfx90c:xnack+
:3:hip_code_object.cpp      :964 : 251438689153 us:  amd::Comgr::get_data() return 0 size for agent_triple_target_ids[0]=amdgcn-amd-amdhsa--gfx90c:xnack+
:3:hip_code_object.cpp      :964 : 251438689158 us:  amd::Comgr::get_data() return 0 size for agent_triple_target_ids[0]=amdgcn-amd-amdhsa--gfx90c:xnack+
:1:hip_fatbin.cpp           :780 : 251438689164 us:  Cannot find CO in the bundle /usr/lib64/librocsolver.so.0.4 for ISA: amdgcn-amd-amdhsa--gfx90c:xnack+
:3:hip_platform.cpp         :740 : 251438689179 us:  init: Returned hipErrorNoBinaryForGpu : continue parsing remaining modules
:3:hip_code_object.cpp      :964 : 251438690228 us:  amd::Comgr::get_data() return 0 size for agent_triple_target_ids[0]=amdgcn-amd-amdhsa--gfx90c:xnack+
:3:hip_code_object.cpp      :964 : 251438690241 us:  amd::Comgr::get_data() return 0 size for agent_triple_target_ids[0]=amdgcn-amd-amdhsa--gfx90c:xnack+
:3:hip_code_object.cpp      :964 : 251438690246 us:  amd::Comgr::get_data() return 0 size for agent_triple_target_ids[0]=amdgcn-amd-amdhsa--gfx90c:xnack+
:1:hip_fatbin.cpp           :780 : 251438690252 us:  Cannot find CO in the bundle /usr/lib64/librocsolver.so.0.4 for ISA: amdgcn-amd-amdhsa--gfx90c:xnack+
:3:hip_platform.cpp         :740 : 251438690257 us:  init: Returned hipErrorNoBinaryForGpu : continue parsing remaining modules
:3:hip_code_object.cpp      :964 : 251438691277 us:  amd::Comgr::get_data() return 0 size for agent_triple_target_ids[0]=amdgcn-amd-amdhsa--gfx90c:xnack+
:3:hip_code_object.cpp      :964 : 251438691291 us:  amd::Comgr::get_data() return 0 size for agent_triple_target_ids[0]=amdgcn-amd-amdhsa--gfx90c:xnack+
:3:hip_code_object.cpp      :964 : 251438691297 us:  amd::Comgr::get_data() return 0 size for agent_triple_target_ids[0]=amdgcn-amd-amdhsa--gfx90c:xnack+
:1:hip_fatbin.cpp           :780 : 251438691302 us:  Cannot find CO in the bundle /usr/lib64/librocsolver.so.0.4 for ISA: amdgcn-amd-amdhsa--gfx90c:xnack+
:3:hip_platform.cpp         :740 : 251438691308 us:  init: Returned hipErrorNoBinaryForGpu : continue parsing remaining modules
:3:hip_code_object.cpp      :964 : 251438692131 us:  amd::Comgr::get_data() return 0 size for agent_triple_target_ids[0]=amdgcn-amd-amdhsa--gfx90c:xnack+
:3:hip_code_object.cpp      :964 : 251438692143 us:  amd::Comgr::get_data() return 0 size for agent_triple_target_ids[0]=amdgcn-amd-amdhsa--gfx90c:xnack+
:3:hip_code_object.cpp      :964 : 251438692148 us:  amd::Comgr::get_data() return 0 size for agent_triple_target_ids[0]=amdgcn-amd-amdhsa--gfx90c:xnack+
:1:hip_fatbin.cpp           :780 : 251438692154 us:  Cannot find CO in the bundle /usr/lib64/librocsolver.so.0.4 for ISA: amdgcn-amd-amdhsa--gfx90c:xnack+
:3:hip_platform.cpp         :740 : 251438692159 us:  init: Returned hipErrorNoBinaryForGpu : continue parsing remaining modules
:3:hip_code_object.cpp      :964 : 251438693257 us:  amd::Comgr::get_data() return 0 size for agent_triple_target_ids[0]=amdgcn-amd-amdhsa--gfx90c:xnack+
:3:hip_code_object.cpp      :964 : 251438693270 us:  amd::Comgr::get_data() return 0 size for agent_triple_target_ids[0]=amdgcn-amd-amdhsa--gfx90c:xnack+
:3:hip_code_object.cpp      :964 : 251438693275 us:  amd::Comgr::get_data() return 0 size for agent_triple_target_ids[0]=amdgcn-amd-amdhsa--gfx90c:xnack+
:1:hip_fatbin.cpp           :780 : 251438693280 us:  Cannot find CO in the bundle /usr/lib64/librocsolver.so.0.4 for ISA: amdgcn-amd-amdhsa--gfx90c:xnack+
:3:hip_platform.cpp         :740 : 251438693286 us:  init: Returned hipErrorNoBinaryForGpu : continue parsing remaining modules
:3:hip_code_object.cpp      :964 : 251438694083 us:  amd::Comgr::get_data() return 0 size for agent_triple_target_ids[0]=amdgcn-amd-amdhsa--gfx90c:xnack+
:3:hip_code_object.cpp      :964 : 251438694095 us:  amd::Comgr::get_data() return 0 size for agent_triple_target_ids[0]=amdgcn-amd-amdhsa--gfx90c:xnack+
:3:hip_code_object.cpp      :964 : 251438694100 us:  amd::Comgr::get_data() return 0 size for agent_triple_target_ids[0]=amdgcn-amd-amdhsa--gfx90c:xnack+
:1:hip_fatbin.cpp           :780 : 251438694105 us:  Cannot find CO in the bundle /usr/lib64/librocsolver.so.0.4 for ISA: amdgcn-amd-amdhsa--gfx90c:xnack+
:3:hip_platform.cpp         :740 : 251438694111 us:  init: Returned hipErrorNoBinaryForGpu : continue parsing remaining modules
:3:hip_code_object.cpp      :964 : 251438695080 us:  amd::Comgr::get_data() return 0 size for agent_triple_target_ids[0]=amdgcn-amd-amdhsa--gfx90c:xnack+
:3:hip_code_object.cpp      :964 : 251438695093 us:  amd::Comgr::get_data() return 0 size for agent_triple_target_ids[0]=amdgcn-amd-amdhsa--gfx90c:xnack+
:3:hip_code_object.cpp      :964 : 251438695106 us:  amd::Comgr::get_data() return 0 size for agent_triple_target_ids[0]=amdgcn-amd-amdhsa--gfx90c:xnack+
:1:hip_fatbin.cpp           :780 : 251438695111 us:  Cannot find CO in the bundle /usr/lib64/librocsolver.so.0.4 for ISA: amdgcn-amd-amdhsa--gfx90c:xnack+
:3:hip_platform.cpp         :740 : 251438695117 us:  init: Returned hipErrorNoBinaryForGpu : continue parsing remaining modules
:3:hip_code_object.cpp      :964 : 251438696526 us:  amd::Comgr::get_data() return 0 size for agent_triple_target_ids[0]=amdgcn-amd-amdhsa--gfx90c:xnack+
:3:hip_code_object.cpp      :964 : 251438696542 us:  amd::Comgr::get_data() return 0 size for agent_triple_target_ids[0]=amdgcn-amd-amdhsa--gfx90c:xnack+
:3:hip_code_object.cpp      :964 : 251438696547 us:  amd::Comgr::get_data() return 0 size for agent_triple_target_ids[0]=amdgcn-amd-amdhsa--gfx90c:xnack+
:1:hip_fatbin.cpp           :780 : 251438696553 us:  Cannot find CO in the bundle /usr/lib64/librocsolver.so.0.4 for ISA: amdgcn-amd-amdhsa--gfx90c:xnack+
:3:hip_platform.cpp         :740 : 251438696560 us:  init: Returned hipErrorNoBinaryForGpu : continue parsing remaining modules
:3:hip_code_object.cpp      :964 : 251438697676 us:  amd::Comgr::get_data() return 0 size for agent_triple_target_ids[0]=amdgcn-amd-amdhsa--gfx90c:xnack+
:3:hip_code_object.cpp      :964 : 251438697690 us:  amd::Comgr::get_data() return 0 size for agent_triple_target_ids[0]=amdgcn-amd-amdhsa--gfx90c:xnack+
:3:hip_code_object.cpp      :964 : 251438697695 us:  amd::Comgr::get_data() return 0 size for agent_triple_target_ids[0]=amdgcn-amd-amdhsa--gfx90c:xnack+
:1:hip_fatbin.cpp           :780 : 251438697701 us:  Cannot find CO in the bundle /usr/lib64/librocsolver.so.0.4 for ISA: amdgcn-amd-amdhsa--gfx90c:xnack+
:3:hip_platform.cpp         :740 : 251438697707 us:  init: Returned hipErrorNoBinaryForGpu : continue parsing remaining modules
:3:hip_code_object.cpp      :964 : 251438698859 us:  amd::Comgr::get_data() return 0 size for agent_triple_target_ids[0]=amdgcn-amd-amdhsa--gfx90c:xnack+
:3:hip_code_object.cpp      :964 : 251438698872 us:  amd::Comgr::get_data() return 0 size for agent_triple_target_ids[0]=amdgcn-amd-amdhsa--gfx90c:xnack+
:3:hip_code_object.cpp      :964 : 251438698877 us:  amd::Comgr::get_data() return 0 size for agent_triple_target_ids[0]=amdgcn-amd-amdhsa--gfx90c:xnack+
:1:hip_fatbin.cpp           :780 : 251438698882 us:  Cannot find CO in the bundle /usr/lib64/librocsolver.so.0.4 for ISA: amdgcn-amd-amdhsa--gfx90c:xnack+
:3:hip_platform.cpp         :740 : 251438698888 us:  init: Returned hipErrorNoBinaryForGpu : continue parsing remaining modules
:3:hip_code_object.cpp      :964 : 251438699819 us:  amd::Comgr::get_data() return 0 size for agent_triple_target_ids[0]=amdgcn-amd-amdhsa--gfx90c:xnack+
:3:hip_code_object.cpp      :964 : 251438699832 us:  amd::Comgr::get_data() return 0 size for agent_triple_target_ids[0]=amdgcn-amd-amdhsa--gfx90c:xnack+
:3:hip_code_object.cpp      :964 : 251438699837 us:  amd::Comgr::get_data() return 0 size for agent_triple_target_ids[0]=amdgcn-amd-amdhsa--gfx90c:xnack+
:1:hip_fatbin.cpp           :780 : 251438699842 us:  Cannot find CO in the bundle /usr/lib64/librocsolver.so.0.4 for ISA: amdgcn-amd-amdhsa--gfx90c:xnack+
:3:hip_platform.cpp         :740 : 251438699848 us:  init: Returned hipErrorNoBinaryForGpu : continue parsing remaining modules
:3:hip_code_object.cpp      :964 : 251438700611 us:  amd::Comgr::get_data() return 0 size for agent_triple_target_ids[0]=amdgcn-amd-amdhsa--gfx90c:xnack+
:3:hip_code_object.cpp      :964 : 251438700624 us:  amd::Comgr::get_data() return 0 size for agent_triple_target_ids[0]=amdgcn-amd-amdhsa--gfx90c:xnack+
:3:hip_code_object.cpp      :964 : 251438700629 us:  amd::Comgr::get_data() return 0 size for agent_triple_target_ids[0]=amdgcn-amd-amdhsa--gfx90c:xnack+
:1:hip_fatbin.cpp           :780 : 251438700634 us:  Cannot find CO in the bundle /usr/lib64/librocsolver.so.0.4 for ISA: amdgcn-amd-amdhsa--gfx90c:xnack+
:3:hip_platform.cpp         :740 : 251438700647 us:  init: Returned hipErrorNoBinaryForGpu : continue parsing remaining modules
:3:hip_code_object.cpp      :964 : 251438701842 us:  amd::Comgr::get_data() return 0 size for agent_triple_target_ids[0]=amdgcn-amd-amdhsa--gfx90c:xnack+
:3:hip_code_object.cpp      :964 : 251438701855 us:  amd::Comgr::get_data() return 0 size for agent_triple_target_ids[0]=amdgcn-amd-amdhsa--gfx90c:xnack+
:3:hip_code_object.cpp      :964 : 251438701860 us:  amd::Comgr::get_data() return 0 size for agent_triple_target_ids[0]=amdgcn-amd-amdhsa--gfx90c:xnack+
:1:hip_fatbin.cpp           :780 : 251438701866 us:  Cannot find CO in the bundle /usr/lib64/librocsolver.so.0.4 for ISA: amdgcn-amd-amdhsa--gfx90c:xnack+
:3:hip_platform.cpp         :740 : 251438701871 us:  init: Returned hipErrorNoBinaryForGpu : continue parsing remaining modules
:3:hip_code_object.cpp      :964 : 251438702714 us:  amd::Comgr::get_data() return 0 size for agent_triple_target_ids[0]=amdgcn-amd-amdhsa--gfx90c:xnack+
:3:hip_code_object.cpp      :964 : 251438702727 us:  amd::Comgr::get_data() return 0 size for agent_triple_target_ids[0]=amdgcn-amd-amdhsa--gfx90c:xnack+
:3:hip_code_object.cpp      :964 : 251438702732 us:  amd::Comgr::get_data() return 0 size for agent_triple_target_ids[0]=amdgcn-amd-amdhsa--gfx90c:xnack+
:1:hip_fatbin.cpp           :780 : 251438702737 us:  Cannot find CO in the bundle /usr/lib64/librocsolver.so.0.4 for ISA: amdgcn-amd-amdhsa--gfx90c:xnack+
:3:hip_platform.cpp         :740 : 251438702743 us:  init: Returned hipErrorNoBinaryForGpu : continue parsing remaining modules
:3:hip_code_object.cpp      :964 : 251438703507 us:  amd::Comgr::get_data() return 0 size for agent_triple_target_ids[0]=amdgcn-amd-amdhsa--gfx90c:xnack+
:3:hip_code_object.cpp      :964 : 251438703519 us:  amd::Comgr::get_data() return 0 size for agent_triple_target_ids[0]=amdgcn-amd-amdhsa--gfx90c:xnack+
:3:hip_code_object.cpp      :964 : 251438703524 us:  amd::Comgr::get_data() return 0 size for agent_triple_target_ids[0]=amdgcn-amd-amdhsa--gfx90c:xnack+
:1:hip_fatbin.cpp           :780 : 251438703529 us:  Cannot find CO in the bundle /usr/lib64/librocsolver.so.0.4 for ISA: amdgcn-amd-amdhsa--gfx90c:xnack+
:3:hip_platform.cpp         :740 : 251438703535 us:  init: Returned hipErrorNoBinaryForGpu : continue parsing remaining modules
:3:hip_code_object.cpp      :964 : 251438709582 us:  amd::Comgr::get_data() return 0 size for agent_triple_target_ids[0]=amdgcn-amd-amdhsa--gfx90c:xnack+
:3:hip_code_object.cpp      :964 : 251438709617 us:  amd::Comgr::get_data() return 0 size for agent_triple_target_ids[0]=amdgcn-amd-amdhsa--gfx90c:xnack+
:3:hip_code_object.cpp      :964 : 251438709622 us:  amd::Comgr::get_data() return 0 size for agent_triple_target_ids[0]=amdgcn-amd-amdhsa--gfx90c:xnack+
:1:hip_fatbin.cpp           :780 : 251438709630 us:  Cannot find CO in the bundle /usr/lib64/librocsolver.so.0.4 for ISA: amdgcn-amd-amdhsa--gfx90c:xnack+
:3:hip_platform.cpp         :740 : 251438709641 us:  init: Returned hipErrorNoBinaryForGpu : continue parsing remaining modules
:3:hip_code_object.cpp      :964 : 251438710956 us:  amd::Comgr::get_data() return 0 size for agent_triple_target_ids[0]=amdgcn-amd-amdhsa--gfx90c:xnack+
:3:hip_code_object.cpp      :964 : 251438710972 us:  amd::Comgr::get_data() return 0 size for agent_triple_target_ids[0]=amdgcn-amd-amdhsa--gfx90c:xnack+
:3:hip_code_object.cpp      :964 : 251438710977 us:  amd::Comgr::get_data() return 0 size for agent_triple_target_ids[0]=amdgcn-amd-amdhsa--gfx90c:xnack+
:1:hip_fatbin.cpp           :780 : 251438710982 us:  Cannot find CO in the bundle /usr/lib64/librocsolver.so.0.4 for ISA: amdgcn-amd-amdhsa--gfx90c:xnack+
:3:hip_platform.cpp         :740 : 251438710989 us:  init: Returned hipErrorNoBinaryForGpu : continue parsing remaining modules
:3:hip_code_object.cpp      :964 : 251438712126 us:  amd::Comgr::get_data() return 0 size for agent_triple_target_ids[0]=amdgcn-amd-amdhsa--gfx90c:xnack+
:3:hip_code_object.cpp      :964 : 251438712140 us:  amd::Comgr::get_data() return 0 size for agent_triple_target_ids[0]=amdgcn-amd-amdhsa--gfx90c:xnack+
:3:hip_code_object.cpp      :964 : 251438712154 us:  amd::Comgr::get_data() return 0 size for agent_triple_target_ids[0]=amdgcn-amd-amdhsa--gfx90c:xnack+
:1:hip_fatbin.cpp           :780 : 251438712159 us:  Cannot find CO in the bundle /usr/lib64/librocsolver.so.0.4 for ISA: amdgcn-amd-amdhsa--gfx90c:xnack+
:3:hip_platform.cpp         :740 : 251438712165 us:  init: Returned hipErrorNoBinaryForGpu : continue parsing remaining modules
:3:hip_code_object.cpp      :964 : 251438712964 us:  amd::Comgr::get_data() return 0 size for agent_triple_target_ids[0]=amdgcn-amd-amdhsa--gfx90c:xnack+
:3:hip_code_object.cpp      :964 : 251438712977 us:  amd::Comgr::get_data() return 0 size for agent_triple_target_ids[0]=amdgcn-amd-amdhsa--gfx90c:xnack+
:3:hip_code_object.cpp      :964 : 251438712982 us:  amd::Comgr::get_data() return 0 size for agent_triple_target_ids[0]=amdgcn-amd-amdhsa--gfx90c:xnack+
:1:hip_fatbin.cpp           :780 : 251438712988 us:  Cannot find CO in the bundle /usr/lib64/librocsolver.so.0.4 for ISA: amdgcn-amd-amdhsa--gfx90c:xnack+
:3:hip_platform.cpp         :740 : 251438712994 us:  init: Returned hipErrorNoBinaryForGpu : continue parsing remaining modules
:3:hip_code_object.cpp      :964 : 251438723585 us:  amd::Comgr::get_data() return 0 size for agent_triple_target_ids[0]=amdgcn-amd-amdhsa--gfx90c:xnack+
:3:hip_code_object.cpp      :964 : 251438723617 us:  amd::Comgr::get_data() return 0 size for agent_triple_target_ids[0]=amdgcn-amd-amdhsa--gfx90c:xnack+
:3:hip_code_object.cpp      :964 : 251438723622 us:  amd::Comgr::get_data() return 0 size for agent_triple_target_ids[0]=amdgcn-amd-amdhsa--gfx90c:xnack+
:1:hip_fatbin.cpp           :780 : 251438723630 us:  Cannot find CO in the bundle /usr/lib64/librocsolver.so.0.4 for ISA: amdgcn-amd-amdhsa--gfx90c:xnack+
:3:hip_platform.cpp         :740 : 251438723640 us:  init: Returned hipErrorNoBinaryForGpu : continue parsing remaining modules
:3:hip_code_object.cpp      :964 : 251438727723 us:  amd::Comgr::get_data() return 0 size for agent_triple_target_ids[0]=amdgcn-amd-amdhsa--gfx90c:xnack+
:3:hip_code_object.cpp      :964 : 251438727754 us:  amd::Comgr::get_data() return 0 size for agent_triple_target_ids[0]=amdgcn-amd-amdhsa--gfx90c:xnack+
:3:hip_code_object.cpp      :964 : 251438727759 us:  amd::Comgr::get_data() return 0 size for agent_triple_target_ids[0]=amdgcn-amd-amdhsa--gfx90c:xnack+
:1:hip_fatbin.cpp           :780 : 251438727766 us:  Cannot find CO in the bundle /usr/lib64/librocsolver.so.0.4 for ISA: amdgcn-amd-amdhsa--gfx90c:xnack+
:3:hip_platform.cpp         :740 : 251438727777 us:  init: Returned hipErrorNoBinaryForGpu : continue parsing remaining modules
:3:hip_code_object.cpp      :964 : 251438729829 us:  amd::Comgr::get_data() return 0 size for agent_triple_target_ids[0]=amdgcn-amd-amdhsa--gfx90c:xnack+
:3:hip_code_object.cpp      :964 : 251438729856 us:  amd::Comgr::get_data() return 0 size for agent_triple_target_ids[0]=amdgcn-amd-amdhsa--gfx90c:xnack+
:3:hip_code_object.cpp      :964 : 251438729862 us:  amd::Comgr::get_data() return 0 size for agent_triple_target_ids[0]=amdgcn-amd-amdhsa--gfx90c:xnack+
:1:hip_fatbin.cpp           :780 : 251438729869 us:  Cannot find CO in the bundle /usr/lib64/librocsolver.so.0.4 for ISA: amdgcn-amd-amdhsa--gfx90c:xnack+
:3:hip_platform.cpp         :740 : 251438729879 us:  init: Returned hipErrorNoBinaryForGpu : continue parsing remaining modules
:3:hip_code_object.cpp      :964 : 251438732107 us:  amd::Comgr::get_data() return 0 size for agent_triple_target_ids[0]=amdgcn-amd-amdhsa--gfx90c:xnack+
:3:hip_code_object.cpp      :964 : 251438732140 us:  amd::Comgr::get_data() return 0 size for agent_triple_target_ids[0]=amdgcn-amd-amdhsa--gfx90c:xnack+
:3:hip_code_object.cpp      :964 : 251438732148 us:  amd::Comgr::get_data() return 0 size for agent_triple_target_ids[0]=amdgcn-amd-amdhsa--gfx90c:xnack+
:1:hip_fatbin.cpp           :780 : 251438732154 us:  Cannot find CO in the bundle /usr/lib64/librocsolver.so.0.4 for ISA: amdgcn-amd-amdhsa--gfx90c:xnack+
:3:hip_platform.cpp         :740 : 251438732173 us:  init: Returned hipErrorNoBinaryForGpu : continue parsing remaining modules
:3:hip_code_object.cpp      :964 : 251438733197 us:  amd::Comgr::get_data() return 0 size for agent_triple_target_ids[0]=amdgcn-amd-amdhsa--gfx90c:xnack+
:3:hip_code_object.cpp      :964 : 251438733215 us:  amd::Comgr::get_data() return 0 size for agent_triple_target_ids[0]=amdgcn-amd-amdhsa--gfx90c:xnack+
:3:hip_code_object.cpp      :964 : 251438733220 us:  amd::Comgr::get_data() return 0 size for agent_triple_target_ids[0]=amdgcn-amd-amdhsa--gfx90c:xnack+
:1:hip_fatbin.cpp           :780 : 251438733226 us:  Cannot find CO in the bundle /usr/lib64/librocblas.so.4.4 for ISA: amdgcn-amd-amdhsa--gfx90c:xnack+
:3:hip_platform.cpp         :740 : 251438733233 us:  init: Returned hipErrorNoBinaryForGpu : continue parsing remaining modules
:3:hip_code_object.cpp      :964 : 251438734976 us:  amd::Comgr::get_data() return 0 size for agent_triple_target_ids[0]=amdgcn-amd-amdhsa--gfx90c:xnack+
:3:hip_code_object.cpp      :964 : 251438734996 us:  amd::Comgr::get_data() return 0 size for agent_triple_target_ids[0]=amdgcn-amd-amdhsa--gfx90c:xnack+
:3:hip_code_object.cpp      :964 : 251438735010 us:  amd::Comgr::get_data() return 0 size for agent_triple_target_ids[0]=amdgcn-amd-amdhsa--gfx90c:xnack+
:1:hip_fatbin.cpp           :780 : 251438735018 us:  Cannot find CO in the bundle /usr/lib64/librocsolver.so.0.4 for ISA: amdgcn-amd-amdhsa--gfx90c:xnack+
:3:hip_platform.cpp         :740 : 251438735026 us:  init: Returned hipErrorNoBinaryForGpu : continue parsing remaining modules
:3:hip_code_object.cpp      :964 : 251438774905 us:  amd::Comgr::get_data() return 0 size for agent_triple_target_ids[0]=amdgcn-amd-amdhsa--gfx90c:xnack+
:3:hip_code_object.cpp      :964 : 251438774938 us:  amd::Comgr::get_data() return 0 size for agent_triple_target_ids[0]=amdgcn-amd-amdhsa--gfx90c:xnack+
:3:hip_code_object.cpp      :964 : 251438774944 us:  amd::Comgr::get_data() return 0 size for agent_triple_target_ids[0]=amdgcn-amd-amdhsa--gfx90c:xnack+
:1:hip_fatbin.cpp           :780 : 251438774952 us:  Cannot find CO in the bundle /usr/lib64/librocblas.so.4.4 for ISA: amdgcn-amd-amdhsa--gfx90c:xnack+
:3:hip_platform.cpp         :740 : 251438774967 us:  init: Returned hipErrorNoBinaryForGpu : continue parsing remaining modules
:3:hip_code_object.cpp      :964 : 251438777038 us:  amd::Comgr::get_data() return 0 size for agent_triple_target_ids[0]=amdgcn-amd-amdhsa--gfx90c:xnack+
:3:hip_code_object.cpp      :964 : 251438777058 us:  amd::Comgr::get_data() return 0 size for agent_triple_target_ids[0]=amdgcn-amd-amdhsa--gfx90c:xnack+
:3:hip_code_object.cpp      :964 : 251438777064 us:  amd::Comgr::get_data() return 0 size for agent_triple_target_ids[0]=amdgcn-amd-amdhsa--gfx90c:xnack+
:1:hip_fatbin.cpp           :780 : 251438777070 us:  Cannot find CO in the bundle /usr/lib64/librocsolver.so.0.4 for ISA: amdgcn-amd-amdhsa--gfx90c:xnack+
:3:hip_platform.cpp         :740 : 251438777077 us:  init: Returned hipErrorNoBinaryForGpu : continue parsing remaining modules
:3:hip_code_object.cpp      :964 : 251438778479 us:  amd::Comgr::get_data() return 0 size for agent_triple_target_ids[0]=amdgcn-amd-amdhsa--gfx90c:xnack+
:3:hip_code_object.cpp      :964 : 251438778494 us:  amd::Comgr::get_data() return 0 size for agent_triple_target_ids[0]=amdgcn-amd-amdhsa--gfx90c:xnack+
:3:hip_code_object.cpp      :964 : 251438778500 us:  amd::Comgr::get_data() return 0 size for agent_triple_target_ids[0]=amdgcn-amd-amdhsa--gfx90c:xnack+
:1:hip_fatbin.cpp           :780 : 251438778505 us:  Cannot find CO in the bundle /usr/lib64/librocsolver.so.0.4 for ISA: amdgcn-amd-amdhsa--gfx90c:xnack+
:3:hip_platform.cpp         :740 : 251438778512 us:  init: Returned hipErrorNoBinaryForGpu : continue parsing remaining modules
:3:hip_code_object.cpp      :964 : 251438780494 us:  amd::Comgr::get_data() return 0 size for agent_triple_target_ids[0]=amdgcn-amd-amdhsa--gfx90c:xnack+
:3:hip_code_object.cpp      :964 : 251438780516 us:  amd::Comgr::get_data() return 0 size for agent_triple_target_ids[0]=amdgcn-amd-amdhsa--gfx90c:xnack+
:3:hip_code_object.cpp      :964 : 251438780533 us:  amd::Comgr::get_data() return 0 size for agent_triple_target_ids[0]=amdgcn-amd-amdhsa--gfx90c:xnack+
:1:hip_fatbin.cpp           :780 : 251438780540 us:  Cannot find CO in the bundle /usr/lib64/librocsolver.so.0.4 for ISA: amdgcn-amd-amdhsa--gfx90c:xnack+
:3:hip_platform.cpp         :740 : 251438780547 us:  init: Returned hipErrorNoBinaryForGpu : continue parsing remaining modules
:3:hip_code_object.cpp      :964 : 251438782712 us:  amd::Comgr::get_data() return 0 size for agent_triple_target_ids[0]=amdgcn-amd-amdhsa--gfx90c:xnack+
:3:hip_code_object.cpp      :964 : 251438782735 us:  amd::Comgr::get_data() return 0 size for agent_triple_target_ids[0]=amdgcn-amd-amdhsa--gfx90c:xnack+
:3:hip_code_object.cpp      :964 : 251438782741 us:  amd::Comgr::get_data() return 0 size for agent_triple_target_ids[0]=amdgcn-amd-amdhsa--gfx90c:xnack+
:1:hip_fatbin.cpp           :780 : 251438782747 us:  Cannot find CO in the bundle /usr/lib64/librocsolver.so.0.4 for ISA: amdgcn-amd-amdhsa--gfx90c:xnack+
:3:hip_platform.cpp         :740 : 251438782755 us:  init: Returned hipErrorNoBinaryForGpu : continue parsing remaining modules
:3:hip_code_object.cpp      :964 : 251438784062 us:  amd::Comgr::get_data() return 0 size for agent_triple_target_ids[0]=amdgcn-amd-amdhsa--gfx90c:xnack+
:3:hip_code_object.cpp      :964 : 251438784077 us:  amd::Comgr::get_data() return 0 size for agent_triple_target_ids[0]=amdgcn-amd-amdhsa--gfx90c:xnack+
:3:hip_code_object.cpp      :964 : 251438784082 us:  amd::Comgr::get_data() return 0 size for agent_triple_target_ids[0]=amdgcn-amd-amdhsa--gfx90c:xnack+
:1:hip_fatbin.cpp           :780 : 251438784087 us:  Cannot find CO in the bundle /usr/lib64/librocsolver.so.0.4 for ISA: amdgcn-amd-amdhsa--gfx90c:xnack+
:3:hip_platform.cpp         :740 : 251438784094 us:  init: Returned hipErrorNoBinaryForGpu : continue parsing remaining modules
:3:hip_code_object.cpp      :964 : 251438800020 us:  amd::Comgr::get_data() return 0 size for agent_triple_target_ids[0]=amdgcn-amd-amdhsa--gfx90c:xnack+
:3:hip_code_object.cpp      :964 : 251438800052 us:  amd::Comgr::get_data() return 0 size for agent_triple_target_ids[0]=amdgcn-amd-amdhsa--gfx90c:xnack+
:3:hip_code_object.cpp      :964 : 251438800058 us:  amd::Comgr::get_data() return 0 size for agent_triple_target_ids[0]=amdgcn-amd-amdhsa--gfx90c:xnack+
:1:hip_fatbin.cpp           :780 : 251438800066 us:  Cannot find CO in the bundle /usr/lib64/librocsolver.so.0.4 for ISA: amdgcn-amd-amdhsa--gfx90c:xnack+
:3:hip_platform.cpp         :740 : 251438800076 us:  init: Returned hipErrorNoBinaryForGpu : continue parsing remaining modules
:3:hip_code_object.cpp      :964 : 251438806295 us:  amd::Comgr::get_data() return 0 size for agent_triple_target_ids[0]=amdgcn-amd-amdhsa--gfx90c:xnack+
:3:hip_code_object.cpp      :964 : 251438806329 us:  amd::Comgr::get_data() return 0 size for agent_triple_target_ids[0]=amdgcn-amd-amdhsa--gfx90c:xnack+
:3:hip_code_object.cpp      :964 : 251438806334 us:  amd::Comgr::get_data() return 0 size for agent_triple_target_ids[0]=amdgcn-amd-amdhsa--gfx90c:xnack+
:1:hip_fatbin.cpp           :780 : 251438806342 us:  Cannot find CO in the bundle /usr/lib64/librocsolver.so.0.4 for ISA: amdgcn-amd-amdhsa--gfx90c:xnack+
:3:hip_platform.cpp         :740 : 251438806352 us:  init: Returned hipErrorNoBinaryForGpu : continue parsing remaining modules
:3:hip_code_object.cpp      :964 : 251438807764 us:  amd::Comgr::get_data() return 0 size for agent_triple_target_ids[0]=amdgcn-amd-amdhsa--gfx90c:xnack+
:3:hip_code_object.cpp      :964 : 251438807780 us:  amd::Comgr::get_data() return 0 size for agent_triple_target_ids[0]=amdgcn-amd-amdhsa--gfx90c:xnack+
:3:hip_code_object.cpp      :964 : 251438807785 us:  amd::Comgr::get_data() return 0 size for agent_triple_target_ids[0]=amdgcn-amd-amdhsa--gfx90c:xnack+
:1:hip_fatbin.cpp           :780 : 251438807791 us:  Cannot find CO in the bundle /usr/lib64/librocsolver.so.0.4 for ISA: amdgcn-amd-amdhsa--gfx90c:xnack+
:3:hip_platform.cpp         :740 : 251438807805 us:  init: Returned hipErrorNoBinaryForGpu : continue parsing remaining modules
:3:hip_code_object.cpp      :964 : 251438809225 us:  amd::Comgr::get_data() return 0 size for agent_triple_target_ids[0]=amdgcn-amd-amdhsa--gfx90c:xnack+
:3:hip_code_object.cpp      :964 : 251438809239 us:  amd::Comgr::get_data() return 0 size for agent_triple_target_ids[0]=amdgcn-amd-amdhsa--gfx90c:xnack+
:3:hip_code_object.cpp      :964 : 251438809244 us:  amd::Comgr::get_data() return 0 size for agent_triple_target_ids[0]=amdgcn-amd-amdhsa--gfx90c:xnack+
:1:hip_fatbin.cpp           :780 : 251438809250 us:  Cannot find CO in the bundle /usr/lib64/librocsolver.so.0.4 for ISA: amdgcn-amd-amdhsa--gfx90c:xnack+
:3:hip_platform.cpp         :740 : 251438809256 us:  init: Returned hipErrorNoBinaryForGpu : continue parsing remaining modules
:3:hip_code_object.cpp      :964 : 251438811131 us:  amd::Comgr::get_data() return 0 size for agent_triple_target_ids[0]=amdgcn-amd-amdhsa--gfx90c:xnack+
:3:hip_code_object.cpp      :964 : 251438811147 us:  amd::Comgr::get_data() return 0 size for agent_triple_target_ids[0]=amdgcn-amd-amdhsa--gfx90c:xnack+
:3:hip_code_object.cpp      :964 : 251438811152 us:  amd::Comgr::get_data() return 0 size for agent_triple_target_ids[0]=amdgcn-amd-amdhsa--gfx90c:xnack+
:1:hip_fatbin.cpp           :780 : 251438811158 us:  Cannot find CO in the bundle /usr/lib64/librocsolver.so.0.4 for ISA: amdgcn-amd-amdhsa--gfx90c:xnack+
:3:hip_platform.cpp         :740 : 251438811164 us:  init: Returned hipErrorNoBinaryForGpu : continue parsing remaining modules
:3:hip_code_object.cpp      :964 : 251438812465 us:  amd::Comgr::get_data() return 0 size for agent_triple_target_ids[0]=amdgcn-amd-amdhsa--gfx90c:xnack+
:3:hip_code_object.cpp      :964 : 251438812479 us:  amd::Comgr::get_data() return 0 size for agent_triple_target_ids[0]=amdgcn-amd-amdhsa--gfx90c:xnack+
:3:hip_code_object.cpp      :964 : 251438812484 us:  amd::Comgr::get_data() return 0 size for agent_triple_target_ids[0]=amdgcn-amd-amdhsa--gfx90c:xnack+
:1:hip_fatbin.cpp           :780 : 251438812490 us:  Cannot find CO in the bundle /usr/lib64/librocsolver.so.0.4 for ISA: amdgcn-amd-amdhsa--gfx90c:xnack+
:3:hip_platform.cpp         :740 : 251438812496 us:  init: Returned hipErrorNoBinaryForGpu : continue parsing remaining modules
:3:hip_code_object.cpp      :964 : 251438816912 us:  amd::Comgr::get_data() return 0 size for agent_triple_target_ids[0]=amdgcn-amd-amdhsa--gfx90c:xnack+
:3:hip_code_object.cpp      :964 : 251438816945 us:  amd::Comgr::get_data() return 0 size for agent_triple_target_ids[0]=amdgcn-amd-amdhsa--gfx90c:xnack+
:3:hip_code_object.cpp      :964 : 251438816950 us:  amd::Comgr::get_data() return 0 size for agent_triple_target_ids[0]=amdgcn-amd-amdhsa--gfx90c:xnack+
:1:hip_fatbin.cpp           :780 : 251438816958 us:  Cannot find CO in the bundle /usr/lib64/librocsolver.so.0.4 for ISA: amdgcn-amd-amdhsa--gfx90c:xnack+
:3:hip_platform.cpp         :740 : 251438816970 us:  init: Returned hipErrorNoBinaryForGpu : continue parsing remaining modules
:3:hip_code_object.cpp      :964 : 251439450884 us:  amd::Comgr::get_data() return 0 size for agent_triple_target_ids[0]=amdgcn-amd-amdhsa--gfx90c:xnack+
:3:hip_code_object.cpp      :964 : 251439450916 us:  amd::Comgr::get_data() return 0 size for agent_triple_target_ids[0]=amdgcn-amd-amdhsa--gfx90c:xnack+
:3:hip_code_object.cpp      :964 : 251439450922 us:  amd::Comgr::get_data() return 0 size for agent_triple_target_ids[0]=amdgcn-amd-amdhsa--gfx90c:xnack+
:1:hip_fatbin.cpp           :780 : 251439450930 us:  Cannot find CO in the bundle /usr/lib64/librocblas.so.4.4 for ISA: amdgcn-amd-amdhsa--gfx90c:xnack+
:3:hip_platform.cpp         :740 : 251439450940 us:  init: Returned hipErrorNoBinaryForGpu : continue parsing remaining modules
:3:hip_code_object.cpp      :964 : 251439452602 us:  amd::Comgr::get_data() return 0 size for agent_triple_target_ids[0]=amdgcn-amd-amdhsa--gfx90c:xnack+
:3:hip_code_object.cpp      :964 : 251439452620 us:  amd::Comgr::get_data() return 0 size for agent_triple_target_ids[0]=amdgcn-amd-amdhsa--gfx90c:xnack+
:3:hip_code_object.cpp      :964 : 251439452633 us:  amd::Comgr::get_data() return 0 size for agent_triple_target_ids[0]=amdgcn-amd-amdhsa--gfx90c:xnack+
:1:hip_fatbin.cpp           :780 : 251439452639 us:  Cannot find CO in the bundle /usr/lib64/librocsolver.so.0.4 for ISA: amdgcn-amd-amdhsa--gfx90c:xnack+
:3:hip_platform.cpp         :740 : 251439452646 us:  init: Returned hipErrorNoBinaryForGpu : continue parsing remaining modules
:3:hip_code_object.cpp      :964 : 251439453830 us:  amd::Comgr::get_data() return 0 size for agent_triple_target_ids[0]=amdgcn-amd-amdhsa--gfx90c:xnack+
:3:hip_code_object.cpp      :964 : 251439453843 us:  amd::Comgr::get_data() return 0 size for agent_triple_target_ids[0]=amdgcn-amd-amdhsa--gfx90c:xnack+
:3:hip_code_object.cpp      :964 : 251439453848 us:  amd::Comgr::get_data() return 0 size for agent_triple_target_ids[0]=amdgcn-amd-amdhsa--gfx90c:xnack+
:1:hip_fatbin.cpp           :780 : 251439453853 us:  Cannot find CO in the bundle /usr/lib64/librocsolver.so.0.4 for ISA: amdgcn-amd-amdhsa--gfx90c:xnack+
:3:hip_platform.cpp         :740 : 251439453859 us:  init: Returned hipErrorNoBinaryForGpu : continue parsing remaining modules
:3:hip_code_object.cpp      :964 : 251439455182 us:  amd::Comgr::get_data() return 0 size for agent_triple_target_ids[0]=amdgcn-amd-amdhsa--gfx90c:xnack+
:3:hip_code_object.cpp      :964 : 251439455195 us:  amd::Comgr::get_data() return 0 size for agent_triple_target_ids[0]=amdgcn-amd-amdhsa--gfx90c:xnack+
:3:hip_code_object.cpp      :964 : 251439455200 us:  amd::Comgr::get_data() return 0 size for agent_triple_target_ids[0]=amdgcn-amd-amdhsa--gfx90c:xnack+
:1:hip_fatbin.cpp           :780 : 251439455205 us:  Cannot find CO in the bundle /usr/lib64/librocblas.so.4.4 for ISA: amdgcn-amd-amdhsa--gfx90c:xnack+
:3:hip_platform.cpp         :740 : 251439455211 us:  init: Returned hipErrorNoBinaryForGpu : continue parsing remaining modules
:3:hip_code_object.cpp      :964 : 251439456231 us:  amd::Comgr::get_data() return 0 size for agent_triple_target_ids[0]=amdgcn-amd-amdhsa--gfx90c:xnack+
:3:hip_code_object.cpp      :964 : 251439456246 us:  amd::Comgr::get_data() return 0 size for agent_triple_target_ids[0]=amdgcn-amd-amdhsa--gfx90c:xnack+
:3:hip_code_object.cpp      :964 : 251439456251 us:  amd::Comgr::get_data() return 0 size for agent_triple_target_ids[0]=amdgcn-amd-amdhsa--gfx90c:xnack+
:1:hip_fatbin.cpp           :780 : 251439456257 us:  Cannot find CO in the bundle /usr/lib64/librocsolver.so.0.4 for ISA: amdgcn-amd-amdhsa--gfx90c:xnack+
:3:hip_platform.cpp         :740 : 251439456262 us:  init: Returned hipErrorNoBinaryForGpu : continue parsing remaining modules
:3:hip_code_object.cpp      :964 : 251439460088 us:  amd::Comgr::get_data() return 0 size for agent_triple_target_ids[0]=amdgcn-amd-amdhsa--gfx90c:xnack+
:3:hip_code_object.cpp      :964 : 251439460114 us:  amd::Comgr::get_data() return 0 size for agent_triple_target_ids[0]=amdgcn-amd-amdhsa--gfx90c:xnack+
:3:hip_code_object.cpp      :964 : 251439460120 us:  amd::Comgr::get_data() return 0 size for agent_triple_target_ids[0]=amdgcn-amd-amdhsa--gfx90c:xnack+
:1:hip_fatbin.cpp           :780 : 251439460126 us:  Cannot find CO in the bundle /usr/lib64/librocsolver.so.0.4 for ISA: amdgcn-amd-amdhsa--gfx90c:xnack+
:3:hip_platform.cpp         :740 : 251439460135 us:  init: Returned hipErrorNoBinaryForGpu : continue parsing remaining modules
:3:hip_code_object.cpp      :964 : 251439461545 us:  amd::Comgr::get_data() return 0 size for agent_triple_target_ids[0]=amdgcn-amd-amdhsa--gfx90c:xnack+
:3:hip_code_object.cpp      :964 : 251439461558 us:  amd::Comgr::get_data() return 0 size for agent_triple_target_ids[0]=amdgcn-amd-amdhsa--gfx90c:xnack+
:3:hip_code_object.cpp      :964 : 251439461564 us:  amd::Comgr::get_data() return 0 size for agent_triple_target_ids[0]=amdgcn-amd-amdhsa--gfx90c:xnack+
:1:hip_fatbin.cpp           :780 : 251439461569 us:  Cannot find CO in the bundle /usr/lib64/librocsolver.so.0.4 for ISA: amdgcn-amd-amdhsa--gfx90c:xnack+
:3:hip_platform.cpp         :740 : 251439461583 us:  init: Returned hipErrorNoBinaryForGpu : continue parsing remaining modules
:3:hip_code_object.cpp      :964 : 251439462707 us:  amd::Comgr::get_data() return 0 size for agent_triple_target_ids[0]=amdgcn-amd-amdhsa--gfx90c:xnack+
:3:hip_code_object.cpp      :964 : 251439462719 us:  amd::Comgr::get_data() return 0 size for agent_triple_target_ids[0]=amdgcn-amd-amdhsa--gfx90c:xnack+
:3:hip_code_object.cpp      :964 : 251439462725 us:  amd::Comgr::get_data() return 0 size for agent_triple_target_ids[0]=amdgcn-amd-amdhsa--gfx90c:xnack+
:1:hip_fatbin.cpp           :780 : 251439462730 us:  Cannot find CO in the bundle /usr/lib64/librocsolver.so.0.4 for ISA: amdgcn-amd-amdhsa--gfx90c:xnack+
:3:hip_platform.cpp         :740 : 251439462735 us:  init: Returned hipErrorNoBinaryForGpu : continue parsing remaining modules
:3:hip_code_object.cpp      :964 : 251439463884 us:  amd::Comgr::get_data() return 0 size for agent_triple_target_ids[0]=amdgcn-amd-amdhsa--gfx90c:xnack+
:3:hip_code_object.cpp      :964 : 251439463899 us:  amd::Comgr::get_data() return 0 size for agent_triple_target_ids[0]=amdgcn-amd-amdhsa--gfx90c:xnack+
:3:hip_code_object.cpp      :964 : 251439463904 us:  amd::Comgr::get_data() return 0 size for agent_triple_target_ids[0]=amdgcn-amd-amdhsa--gfx90c:xnack+
:1:hip_fatbin.cpp           :780 : 251439463909 us:  Cannot find CO in the bundle /usr/lib64/librocsolver.so.0.4 for ISA: amdgcn-amd-amdhsa--gfx90c:xnack+
:3:hip_platform.cpp         :740 : 251439463915 us:  init: Returned hipErrorNoBinaryForGpu : continue parsing remaining modules
:3:hip_code_object.cpp      :964 : 251439466191 us:  amd::Comgr::get_data() return 0 size for agent_triple_target_ids[0]=amdgcn-amd-amdhsa--gfx90c:xnack+
:3:hip_code_object.cpp      :964 : 251439466213 us:  amd::Comgr::get_data() return 0 size for agent_triple_target_ids[0]=amdgcn-amd-amdhsa--gfx90c:xnack+
:3:hip_code_object.cpp      :964 : 251439466218 us:  amd::Comgr::get_data() return 0 size for agent_triple_target_ids[0]=amdgcn-amd-amdhsa--gfx90c:xnack+
:1:hip_fatbin.cpp           :780 : 251439466224 us:  Cannot find CO in the bundle /usr/lib64/librocblas.so.4.4 for ISA: amdgcn-amd-amdhsa--gfx90c:xnack+
:3:hip_platform.cpp         :740 : 251439466232 us:  init: Returned hipErrorNoBinaryForGpu : continue parsing remaining modules
:3:hip_code_object.cpp      :964 : 251439467737 us:  amd::Comgr::get_data() return 0 size for agent_triple_target_ids[0]=amdgcn-amd-amdhsa--gfx90c:xnack+
:3:hip_code_object.cpp      :964 : 251439467752 us:  amd::Comgr::get_data() return 0 size for agent_triple_target_ids[0]=amdgcn-amd-amdhsa--gfx90c:xnack+
:3:hip_code_object.cpp      :964 : 251439467758 us:  amd::Comgr::get_data() return 0 size for agent_triple_target_ids[0]=amdgcn-amd-amdhsa--gfx90c:xnack+
:1:hip_fatbin.cpp           :780 : 251439467763 us:  Cannot find CO in the bundle /usr/lib64/librocsolver.so.0.4 for ISA: amdgcn-amd-amdhsa--gfx90c:xnack+
:3:hip_platform.cpp         :740 : 251439467769 us:  init: Returned hipErrorNoBinaryForGpu : continue parsing remaining modules
:3:hip_code_object.cpp      :964 : 251439469194 us:  amd::Comgr::get_data() return 0 size for agent_triple_target_ids[0]=amdgcn-amd-amdhsa--gfx90c:xnack+
:3:hip_code_object.cpp      :964 : 251439469209 us:  amd::Comgr::get_data() return 0 size for agent_triple_target_ids[0]=amdgcn-amd-amdhsa--gfx90c:xnack+
:3:hip_code_object.cpp      :964 : 251439469214 us:  amd::Comgr::get_data() return 0 size for agent_triple_target_ids[0]=amdgcn-amd-amdhsa--gfx90c:xnack+
:1:hip_fatbin.cpp           :780 : 251439469219 us:  Cannot find CO in the bundle /usr/lib64/librocsolver.so.0.4 for ISA: amdgcn-amd-amdhsa--gfx90c:xnack+
:3:hip_platform.cpp         :740 : 251439469226 us:  init: Returned hipErrorNoBinaryForGpu : continue parsing remaining modules
:3:hip_code_object.cpp      :964 : 251439470513 us:  amd::Comgr::get_data() return 0 size for agent_triple_target_ids[0]=amdgcn-amd-amdhsa--gfx90c:xnack+
:3:hip_code_object.cpp      :964 : 251439470528 us:  amd::Comgr::get_data() return 0 size for agent_triple_target_ids[0]=amdgcn-amd-amdhsa--gfx90c:xnack+
:3:hip_code_object.cpp      :964 : 251439470541 us:  amd::Comgr::get_data() return 0 size for agent_triple_target_ids[0]=amdgcn-amd-amdhsa--gfx90c:xnack+
:1:hip_fatbin.cpp           :780 : 251439470547 us:  Cannot find CO in the bundle /usr/lib64/librocsolver.so.0.4 for ISA: amdgcn-amd-amdhsa--gfx90c:xnack+
:3:hip_platform.cpp         :740 : 251439470553 us:  init: Returned hipErrorNoBinaryForGpu : continue parsing remaining modules
:3:hip_code_object.cpp      :964 : 251439472119 us:  amd::Comgr::get_data() return 0 size for agent_triple_target_ids[0]=amdgcn-amd-amdhsa--gfx90c:xnack+
:3:hip_code_object.cpp      :964 : 251439472134 us:  amd::Comgr::get_data() return 0 size for agent_triple_target_ids[0]=amdgcn-amd-amdhsa--gfx90c:xnack+
:3:hip_code_object.cpp      :964 : 251439472139 us:  amd::Comgr::get_data() return 0 size for agent_triple_target_ids[0]=amdgcn-amd-amdhsa--gfx90c:xnack+
:1:hip_fatbin.cpp           :780 : 251439472145 us:  Cannot find CO in the bundle /usr/lib64/librocsolver.so.0.4 for ISA: amdgcn-amd-amdhsa--gfx90c:xnack+
:3:hip_platform.cpp         :740 : 251439472151 us:  init: Returned hipErrorNoBinaryForGpu : continue parsing remaining modules
:3:hip_code_object.cpp      :964 : 251439473291 us:  amd::Comgr::get_data() return 0 size for agent_triple_target_ids[0]=amdgcn-amd-amdhsa--gfx90c:xnack+
:3:hip_code_object.cpp      :964 : 251439473305 us:  amd::Comgr::get_data() return 0 size for agent_triple_target_ids[0]=amdgcn-amd-amdhsa--gfx90c:xnack+
:3:hip_code_object.cpp      :964 : 251439473310 us:  amd::Comgr::get_data() return 0 size for agent_triple_target_ids[0]=amdgcn-amd-amdhsa--gfx90c:xnack+
:1:hip_fatbin.cpp           :780 : 251439473315 us:  Cannot find CO in the bundle /usr/lib64/librocsolver.so.0.4 for ISA: amdgcn-amd-amdhsa--gfx90c:xnack+
:3:hip_platform.cpp         :740 : 251439473321 us:  init: Returned hipErrorNoBinaryForGpu : continue parsing remaining modules
:3:hip_code_object.cpp      :964 : 251439474987 us:  amd::Comgr::get_data() return 0 size for agent_triple_target_ids[0]=amdgcn-amd-amdhsa--gfx90c:xnack+
:3:hip_code_object.cpp      :964 : 251439475077 us:  amd::Comgr::get_data() return 0 size for agent_triple_target_ids[0]=amdgcn-amd-amdhsa--gfx90c:xnack+
:3:hip_code_object.cpp      :964 : 251439475085 us:  amd::Comgr::get_data() return 0 size for agent_triple_target_ids[0]=amdgcn-amd-amdhsa--gfx90c:xnack+
:1:hip_fatbin.cpp           :780 : 251439475091 us:  Cannot find CO in the bundle /usr/lib64/librocsolver.so.0.4 for ISA: amdgcn-amd-amdhsa--gfx90c:xnack+
:3:hip_platform.cpp         :740 : 251439475097 us:  init: Returned hipErrorNoBinaryForGpu : continue parsing remaining modules
:3:hip_code_object.cpp      :964 : 251439476375 us:  amd::Comgr::get_data() return 0 size for agent_triple_target_ids[0]=amdgcn-amd-amdhsa--gfx90c:xnack+
:3:hip_code_object.cpp      :964 : 251439476388 us:  amd::Comgr::get_data() return 0 size for agent_triple_target_ids[0]=amdgcn-amd-amdhsa--gfx90c:xnack+
:3:hip_code_object.cpp      :964 : 251439476393 us:  amd::Comgr::get_data() return 0 size for agent_triple_target_ids[0]=amdgcn-amd-amdhsa--gfx90c:xnack+
:1:hip_fatbin.cpp           :780 : 251439476398 us:  Cannot find CO in the bundle /usr/lib64/librocsolver.so.0.4 for ISA: amdgcn-amd-amdhsa--gfx90c:xnack+
:3:hip_platform.cpp         :740 : 251439476404 us:  init: Returned hipErrorNoBinaryForGpu : continue parsing remaining modules
:3:hip_code_object.cpp      :964 : 251439477607 us:  amd::Comgr::get_data() return 0 size for agent_triple_target_ids[0]=amdgcn-amd-amdhsa--gfx90c:xnack+
:3:hip_code_object.cpp      :964 : 251439477619 us:  amd::Comgr::get_data() return 0 size for agent_triple_target_ids[0]=amdgcn-amd-amdhsa--gfx90c:xnack+
:3:hip_code_object.cpp      :964 : 251439477625 us:  amd::Comgr::get_data() return 0 size for agent_triple_target_ids[0]=amdgcn-amd-amdhsa--gfx90c:xnack+
:1:hip_fatbin.cpp           :780 : 251439477630 us:  Cannot find CO in the bundle /usr/lib64/librocsolver.so.0.4 for ISA: amdgcn-amd-amdhsa--gfx90c:xnack+
:3:hip_platform.cpp         :740 : 251439477643 us:  init: Returned hipErrorNoBinaryForGpu : continue parsing remaining modules
:3:hip_code_object.cpp      :964 : 251439478707 us:  amd::Comgr::get_data() return 0 size for agent_triple_target_ids[0]=amdgcn-amd-amdhsa--gfx90c:xnack+
:3:hip_code_object.cpp      :964 : 251439478719 us:  amd::Comgr::get_data() return 0 size for agent_triple_target_ids[0]=amdgcn-amd-amdhsa--gfx90c:xnack+
:3:hip_code_object.cpp      :964 : 251439478725 us:  amd::Comgr::get_data() return 0 size for agent_triple_target_ids[0]=amdgcn-amd-amdhsa--gfx90c:xnack+
:1:hip_fatbin.cpp           :780 : 251439478730 us:  Cannot find CO in the bundle /usr/lib64/librocsolver.so.0.4 for ISA: amdgcn-amd-amdhsa--gfx90c:xnack+
:3:hip_platform.cpp         :740 : 251439478736 us:  init: Returned hipErrorNoBinaryForGpu : continue parsing remaining modules
:3:hip_code_object.cpp      :964 : 251439480135 us:  amd::Comgr::get_data() return 0 size for agent_triple_target_ids[0]=amdgcn-amd-amdhsa--gfx90c:xnack+
:3:hip_code_object.cpp      :964 : 251439480148 us:  amd::Comgr::get_data() return 0 size for agent_triple_target_ids[0]=amdgcn-amd-amdhsa--gfx90c:xnack+
:3:hip_code_object.cpp      :964 : 251439480153 us:  amd::Comgr::get_data() return 0 size for agent_triple_target_ids[0]=amdgcn-amd-amdhsa--gfx90c:xnack+
:1:hip_fatbin.cpp           :780 : 251439480158 us:  Cannot find CO in the bundle /usr/lib64/librocsolver.so.0.4 for ISA: amdgcn-amd-amdhsa--gfx90c:xnack+
:3:hip_platform.cpp         :740 : 251439480164 us:  init: Returned hipErrorNoBinaryForGpu : continue parsing remaining modules
:3:hip_code_object.cpp      :964 : 251439481529 us:  amd::Comgr::get_data() return 0 size for agent_triple_target_ids[0]=amdgcn-amd-amdhsa--gfx90c:xnack+
:3:hip_code_object.cpp      :964 : 251439481547 us:  amd::Comgr::get_data() return 0 size for agent_triple_target_ids[0]=amdgcn-amd-amdhsa--gfx90c:xnack+
:3:hip_code_object.cpp      :964 : 251439481553 us:  amd::Comgr::get_data() return 0 size for agent_triple_target_ids[0]=amdgcn-amd-amdhsa--gfx90c:xnack+
:1:hip_fatbin.cpp           :780 : 251439481559 us:  Cannot find CO in the bundle /usr/lib64/librocsolver.so.0.4 for ISA: amdgcn-amd-amdhsa--gfx90c:xnack+
:3:hip_platform.cpp         :740 : 251439481567 us:  init: Returned hipErrorNoBinaryForGpu : continue parsing remaining modules
:3:hip_code_object.cpp      :964 : 251439482917 us:  amd::Comgr::get_data() return 0 size for agent_triple_target_ids[0]=amdgcn-amd-amdhsa--gfx90c:xnack+
:3:hip_code_object.cpp      :964 : 251439482936 us:  amd::Comgr::get_data() return 0 size for agent_triple_target_ids[0]=amdgcn-amd-amdhsa--gfx90c:xnack+
:3:hip_code_object.cpp      :964 : 251439482941 us:  amd::Comgr::get_data() return 0 size for agent_triple_target_ids[0]=amdgcn-amd-amdhsa--gfx90c:xnack+
:1:hip_fatbin.cpp           :780 : 251439482947 us:  Cannot find CO in the bundle /usr/lib64/librocsolver.so.0.4 for ISA: amdgcn-amd-amdhsa--gfx90c:xnack+
:3:hip_platform.cpp         :740 : 251439482954 us:  init: Returned hipErrorNoBinaryForGpu : continue parsing remaining modules
:3:hip_code_object.cpp      :964 : 251439484100 us:  amd::Comgr::get_data() return 0 size for agent_triple_target_ids[0]=amdgcn-amd-amdhsa--gfx90c:xnack+
:3:hip_code_object.cpp      :964 : 251439484117 us:  amd::Comgr::get_data() return 0 size for agent_triple_target_ids[0]=amdgcn-amd-amdhsa--gfx90c:xnack+
:3:hip_code_object.cpp      :964 : 251439484123 us:  amd::Comgr::get_data() return 0 size for agent_triple_target_ids[0]=amdgcn-amd-amdhsa--gfx90c:xnack+
:1:hip_fatbin.cpp           :780 : 251439484128 us:  Cannot find CO in the bundle /usr/lib64/librocsolver.so.0.4 for ISA: amdgcn-amd-amdhsa--gfx90c:xnack+
:3:hip_platform.cpp         :740 : 251439484135 us:  init: Returned hipErrorNoBinaryForGpu : continue parsing remaining modules
:3:hip_code_object.cpp      :964 : 251439490244 us:  amd::Comgr::get_data() return 0 size for agent_triple_target_ids[0]=amdgcn-amd-amdhsa--gfx90c:xnack+
:3:hip_code_object.cpp      :964 : 251439490276 us:  amd::Comgr::get_data() return 0 size for agent_triple_target_ids[0]=amdgcn-amd-amdhsa--gfx90c:xnack+
:3:hip_code_object.cpp      :964 : 251439490290 us:  amd::Comgr::get_data() return 0 size for agent_triple_target_ids[0]=amdgcn-amd-amdhsa--gfx90c:xnack+
:1:hip_fatbin.cpp           :780 : 251439490297 us:  Cannot find CO in the bundle /usr/lib64/librocsolver.so.0.4 for ISA: amdgcn-amd-amdhsa--gfx90c:xnack+
:3:hip_platform.cpp         :740 : 251439490307 us:  init: Returned hipErrorNoBinaryForGpu : continue parsing remaining modules
:3:hip_code_object.cpp      :964 : 251439491713 us:  amd::Comgr::get_data() return 0 size for agent_triple_target_ids[0]=amdgcn-amd-amdhsa--gfx90c:xnack+
:3:hip_code_object.cpp      :964 : 251439491730 us:  amd::Comgr::get_data() return 0 size for agent_triple_target_ids[0]=amdgcn-amd-amdhsa--gfx90c:xnack+
:3:hip_code_object.cpp      :964 : 251439491735 us:  amd::Comgr::get_data() return 0 size for agent_triple_target_ids[0]=amdgcn-amd-amdhsa--gfx90c:xnack+
:1:hip_fatbin.cpp           :780 : 251439491741 us:  Cannot find CO in the bundle /usr/lib64/librocsolver.so.0.4 for ISA: amdgcn-amd-amdhsa--gfx90c:xnack+
:3:hip_platform.cpp         :740 : 251439491748 us:  init: Returned hipErrorNoBinaryForGpu : continue parsing remaining modules
:3:hip_code_object.cpp      :964 : 251439493763 us:  amd::Comgr::get_data() return 0 size for agent_triple_target_ids[0]=amdgcn-amd-amdhsa--gfx90c:xnack+
:3:hip_code_object.cpp      :964 : 251439493781 us:  amd::Comgr::get_data() return 0 size for agent_triple_target_ids[0]=amdgcn-amd-amdhsa--gfx90c:xnack+
:3:hip_code_object.cpp      :964 : 251439493786 us:  amd::Comgr::get_data() return 0 size for agent_triple_target_ids[0]=amdgcn-amd-amdhsa--gfx90c:xnack+
:1:hip_fatbin.cpp           :780 : 251439493792 us:  Cannot find CO in the bundle /usr/lib64/librocsolver.so.0.4 for ISA: amdgcn-amd-amdhsa--gfx90c:xnack+
:3:hip_platform.cpp         :740 : 251439493799 us:  init: Returned hipErrorNoBinaryForGpu : continue parsing remaining modules
:3:hip_code_object.cpp      :964 : 251439495168 us:  amd::Comgr::get_data() return 0 size for agent_triple_target_ids[0]=amdgcn-amd-amdhsa--gfx90c:xnack+
:3:hip_code_object.cpp      :964 : 251439495181 us:  amd::Comgr::get_data() return 0 size for agent_triple_target_ids[0]=amdgcn-amd-amdhsa--gfx90c:xnack+
:3:hip_code_object.cpp      :964 : 251439495186 us:  amd::Comgr::get_data() return 0 size for agent_triple_target_ids[0]=amdgcn-amd-amdhsa--gfx90c:xnack+
:1:hip_fatbin.cpp           :780 : 251439495191 us:  Cannot find CO in the bundle /usr/lib64/librocsolver.so.0.4 for ISA: amdgcn-amd-amdhsa--gfx90c:xnack+
:3:hip_platform.cpp         :740 : 251439495197 us:  init: Returned hipErrorNoBinaryForGpu : continue parsing remaining modules
:3:hip_code_object.cpp      :964 : 251439503821 us:  amd::Comgr::get_data() return 0 size for agent_triple_target_ids[0]=amdgcn-amd-amdhsa--gfx90c:xnack+
:3:hip_code_object.cpp      :964 : 251439503853 us:  amd::Comgr::get_data() return 0 size for agent_triple_target_ids[0]=amdgcn-amd-amdhsa--gfx90c:xnack+
:3:hip_code_object.cpp      :964 : 251439503859 us:  amd::Comgr::get_data() return 0 size for agent_triple_target_ids[0]=amdgcn-amd-amdhsa--gfx90c:xnack+
:1:hip_fatbin.cpp           :780 : 251439503866 us:  Cannot find CO in the bundle /usr/lib64/librocsolver.so.0.4 for ISA: amdgcn-amd-amdhsa--gfx90c:xnack+
:3:hip_platform.cpp         :740 : 251439503876 us:  init: Returned hipErrorNoBinaryForGpu : continue parsing remaining modules
:3:hip_code_object.cpp      :964 : 251439509593 us:  amd::Comgr::get_data() return 0 size for agent_triple_target_ids[0]=amdgcn-amd-amdhsa--gfx90c:xnack+
:3:hip_code_object.cpp      :964 : 251439509622 us:  amd::Comgr::get_data() return 0 size for agent_triple_target_ids[0]=amdgcn-amd-amdhsa--gfx90c:xnack+
:3:hip_code_object.cpp      :964 : 251439509628 us:  amd::Comgr::get_data() return 0 size for agent_triple_target_ids[0]=amdgcn-amd-amdhsa--gfx90c:xnack+
:1:hip_fatbin.cpp           :780 : 251439509635 us:  Cannot find CO in the bundle /usr/lib64/librocsolver.so.0.4 for ISA: amdgcn-amd-amdhsa--gfx90c:xnack+
:3:hip_platform.cpp         :740 : 251439509654 us:  init: Returned hipErrorNoBinaryForGpu : continue parsing remaining modules
:3:hip_code_object.cpp      :964 : 251439510539 us:  amd::Comgr::get_data() return 0 size for agent_triple_target_ids[0]=amdgcn-amd-amdhsa--gfx90c:xnack+
:3:hip_code_object.cpp      :964 : 251439510552 us:  amd::Comgr::get_data() return 0 size for agent_triple_target_ids[0]=amdgcn-amd-amdhsa--gfx90c:xnack+
:3:hip_code_object.cpp      :964 : 251439510557 us:  amd::Comgr::get_data() return 0 size for agent_triple_target_ids[0]=amdgcn-amd-amdhsa--gfx90c:xnack+
:1:hip_fatbin.cpp           :780 : 251439510563 us:  Cannot find CO in the bundle /usr/lib64/librocblas.so.4.4 for ISA: amdgcn-amd-amdhsa--gfx90c:xnack+
:3:hip_platform.cpp         :740 : 251439510569 us:  init: Returned hipErrorNoBinaryForGpu : continue parsing remaining modules
:3:hip_code_object.cpp      :964 : 251439512018 us:  amd::Comgr::get_data() return 0 size for agent_triple_target_ids[0]=amdgcn-amd-amdhsa--gfx90c:xnack+
:3:hip_code_object.cpp      :964 : 251439512034 us:  amd::Comgr::get_data() return 0 size for agent_triple_target_ids[0]=amdgcn-amd-amdhsa--gfx90c:xnack+
:3:hip_code_object.cpp      :964 : 251439512039 us:  amd::Comgr::get_data() return 0 size for agent_triple_target_ids[0]=amdgcn-amd-amdhsa--gfx90c:xnack+
:1:hip_fatbin.cpp           :780 : 251439512044 us:  Cannot find CO in the bundle /usr/lib64/librocsolver.so.0.4 for ISA: amdgcn-amd-amdhsa--gfx90c:xnack+
:3:hip_platform.cpp         :740 : 251439512050 us:  init: Returned hipErrorNoBinaryForGpu : continue parsing remaining modules
:3:hip_code_object.cpp      :964 : 251439513166 us:  amd::Comgr::get_data() return 0 size for agent_triple_target_ids[0]=amdgcn-amd-amdhsa--gfx90c:xnack+
:3:hip_code_object.cpp      :964 : 251439513179 us:  amd::Comgr::get_data() return 0 size for agent_triple_target_ids[0]=amdgcn-amd-amdhsa--gfx90c:xnack+
:3:hip_code_object.cpp      :964 : 251439513184 us:  amd::Comgr::get_data() return 0 size for agent_triple_target_ids[0]=amdgcn-amd-amdhsa--gfx90c:xnack+
:1:hip_fatbin.cpp           :780 : 251439513189 us:  Cannot find CO in the bundle /usr/lib64/librocsolver.so.0.4 for ISA: amdgcn-amd-amdhsa--gfx90c:xnack+
:3:hip_platform.cpp         :740 : 251439513195 us:  init: Returned hipErrorNoBinaryForGpu : continue parsing remaining modules
:3:hip_code_object.cpp      :964 : 251439514189 us:  amd::Comgr::get_data() return 0 size for agent_triple_target_ids[0]=amdgcn-amd-amdhsa--gfx90c:xnack+
:3:hip_code_object.cpp      :964 : 251439514202 us:  amd::Comgr::get_data() return 0 size for agent_triple_target_ids[0]=amdgcn-amd-amdhsa--gfx90c:xnack+
:3:hip_code_object.cpp      :964 : 251439514207 us:  amd::Comgr::get_data() return 0 size for agent_triple_target_ids[0]=amdgcn-amd-amdhsa--gfx90c:xnack+
:1:hip_fatbin.cpp           :780 : 251439514213 us:  Cannot find CO in the bundle /usr/lib64/librocsolver.so.0.4 for ISA: amdgcn-amd-amdhsa--gfx90c:xnack+
:3:hip_platform.cpp         :740 : 251439514218 us:  init: Returned hipErrorNoBinaryForGpu : continue parsing remaining modules
:3:hip_code_object.cpp      :964 : 251439515223 us:  amd::Comgr::get_data() return 0 size for agent_triple_target_ids[0]=amdgcn-amd-amdhsa--gfx90c:xnack+
:3:hip_code_object.cpp      :964 : 251439515237 us:  amd::Comgr::get_data() return 0 size for agent_triple_target_ids[0]=amdgcn-amd-amdhsa--gfx90c:xnack+
:3:hip_code_object.cpp      :964 : 251439515242 us:  amd::Comgr::get_data() return 0 size for agent_triple_target_ids[0]=amdgcn-amd-amdhsa--gfx90c:xnack+
:1:hip_fatbin.cpp           :780 : 251439515247 us:  Cannot find CO in the bundle /usr/lib64/librocsolver.so.0.4 for ISA: amdgcn-amd-amdhsa--gfx90c:xnack+
:3:hip_platform.cpp         :740 : 251439515253 us:  init: Returned hipErrorNoBinaryForGpu : continue parsing remaining modules
:3:hip_code_object.cpp      :964 : 251439521442 us:  amd::Comgr::get_data() return 0 size for agent_triple_target_ids[0]=amdgcn-amd-amdhsa--gfx90c:xnack+
:3:hip_code_object.cpp      :964 : 251439521472 us:  amd::Comgr::get_data() return 0 size for agent_triple_target_ids[0]=amdgcn-amd-amdhsa--gfx90c:xnack+
:3:hip_code_object.cpp      :964 : 251439521490 us:  amd::Comgr::get_data() return 0 size for agent_triple_target_ids[0]=amdgcn-amd-amdhsa--gfx90c:xnack+
:1:hip_fatbin.cpp           :780 : 251439521498 us:  Cannot find CO in the bundle /usr/lib64/librocsolver.so.0.4 for ISA: amdgcn-amd-amdhsa--gfx90c:xnack+
:3:hip_platform.cpp         :740 : 251439521508 us:  init: Returned hipErrorNoBinaryForGpu : continue parsing remaining modules
:3:hip_code_object.cpp      :964 : 251439522907 us:  amd::Comgr::get_data() return 0 size for agent_triple_target_ids[0]=amdgcn-amd-amdhsa--gfx90c:xnack+
:3:hip_code_object.cpp      :964 : 251439522923 us:  amd::Comgr::get_data() return 0 size for agent_triple_target_ids[0]=amdgcn-amd-amdhsa--gfx90c:xnack+
:3:hip_code_object.cpp      :964 : 251439522928 us:  amd::Comgr::get_data() return 0 size for agent_triple_target_ids[0]=amdgcn-amd-amdhsa--gfx90c:xnack+
:1:hip_fatbin.cpp           :780 : 251439522934 us:  Cannot find CO in the bundle /usr/lib64/librocsolver.so.0.4 for ISA: amdgcn-amd-amdhsa--gfx90c:xnack+
:3:hip_platform.cpp         :740 : 251439522941 us:  init: Returned hipErrorNoBinaryForGpu : continue parsing remaining modules
:3:hip_code_object.cpp      :964 : 251439530982 us:  amd::Comgr::get_data() return 0 size for agent_triple_target_ids[0]=amdgcn-amd-amdhsa--gfx90c:xnack+
:3:hip_code_object.cpp      :964 : 251439531023 us:  amd::Comgr::get_data() return 0 size for agent_triple_target_ids[0]=amdgcn-amd-amdhsa--gfx90c:xnack+
:3:hip_code_object.cpp      :964 : 251439531028 us:  amd::Comgr::get_data() return 0 size for agent_triple_target_ids[0]=amdgcn-amd-amdhsa--gfx90c:xnack+
:1:hip_fatbin.cpp           :780 : 251439531035 us:  Cannot find CO in the bundle /usr/lib64/librocsolver.so.0.4 for ISA: amdgcn-amd-amdhsa--gfx90c:xnack+
:3:hip_platform.cpp         :740 : 251439531045 us:  init: Returned hipErrorNoBinaryForGpu : continue parsing remaining modules
:3:hip_code_object.cpp      :964 : 251439532303 us:  amd::Comgr::get_data() return 0 size for agent_triple_target_ids[0]=amdgcn-amd-amdhsa--gfx90c:xnack+
:3:hip_code_object.cpp      :964 : 251439532321 us:  amd::Comgr::get_data() return 0 size for agent_triple_target_ids[0]=amdgcn-amd-amdhsa--gfx90c:xnack+
:3:hip_code_object.cpp      :964 : 251439532326 us:  amd::Comgr::get_data() return 0 size for agent_triple_target_ids[0]=amdgcn-amd-amdhsa--gfx90c:xnack+
:1:hip_fatbin.cpp           :780 : 251439532332 us:  Cannot find CO in the bundle /usr/lib64/librocsolver.so.0.4 for ISA: amdgcn-amd-amdhsa--gfx90c:xnack+
:3:hip_platform.cpp         :740 : 251439532339 us:  init: Returned hipErrorNoBinaryForGpu : continue parsing remaining modules
:3:hip_code_object.cpp      :964 : 251439535868 us:  amd::Comgr::get_data() return 0 size for agent_triple_target_ids[0]=amdgcn-amd-amdhsa--gfx90c:xnack+
:3:hip_code_object.cpp      :964 : 251439535897 us:  amd::Comgr::get_data() return 0 size for agent_triple_target_ids[0]=amdgcn-amd-amdhsa--gfx90c:xnack+
:3:hip_code_object.cpp      :964 : 251439535902 us:  amd::Comgr::get_data() return 0 size for agent_triple_target_ids[0]=amdgcn-amd-amdhsa--gfx90c:xnack+
:1:hip_fatbin.cpp           :780 : 251439535909 us:  Cannot find CO in the bundle /usr/lib64/librocsolver.so.0.4 for ISA: amdgcn-amd-amdhsa--gfx90c:xnack+
:3:hip_platform.cpp         :740 : 251439535919 us:  init: Returned hipErrorNoBinaryForGpu : continue parsing remaining modules
:3:hip_code_object.cpp      :964 : 251439537425 us:  amd::Comgr::get_data() return 0 size for agent_triple_target_ids[0]=amdgcn-amd-amdhsa--gfx90c:xnack+
:3:hip_code_object.cpp      :964 : 251439537440 us:  amd::Comgr::get_data() return 0 size for agent_triple_target_ids[0]=amdgcn-amd-amdhsa--gfx90c:xnack+
:3:hip_code_object.cpp      :964 : 251439537445 us:  amd::Comgr::get_data() return 0 size for agent_triple_target_ids[0]=amdgcn-amd-amdhsa--gfx90c:xnack+
:1:hip_fatbin.cpp           :780 : 251439537450 us:  Cannot find CO in the bundle /usr/lib64/librocsolver.so.0.4 for ISA: amdgcn-amd-amdhsa--gfx90c:xnack+
:3:hip_platform.cpp         :740 : 251439537465 us:  init: Returned hipErrorNoBinaryForGpu : continue parsing remaining modules
:3:hip_code_object.cpp      :964 : 251439538522 us:  amd::Comgr::get_data() return 0 size for agent_triple_target_ids[0]=amdgcn-amd-amdhsa--gfx90c:xnack+
:3:hip_code_object.cpp      :964 : 251439538535 us:  amd::Comgr::get_data() return 0 size for agent_triple_target_ids[0]=amdgcn-amd-amdhsa--gfx90c:xnack+
:3:hip_code_object.cpp      :964 : 251439538540 us:  amd::Comgr::get_data() return 0 size for agent_triple_target_ids[0]=amdgcn-amd-amdhsa--gfx90c:xnack+
:1:hip_fatbin.cpp           :780 : 251439538545 us:  Cannot find CO in the bundle /usr/lib64/librocsolver.so.0.4 for ISA: amdgcn-amd-amdhsa--gfx90c:xnack+
:3:hip_platform.cpp         :740 : 251439538550 us:  init: Returned hipErrorNoBinaryForGpu : continue parsing remaining modules
:3:hip_code_object.cpp      :964 : 251439539487 us:  amd::Comgr::get_data() return 0 size for agent_triple_target_ids[0]=amdgcn-amd-amdhsa--gfx90c:xnack+
:3:hip_code_object.cpp      :964 : 251439539500 us:  amd::Comgr::get_data() return 0 size for agent_triple_target_ids[0]=amdgcn-amd-amdhsa--gfx90c:xnack+
:3:hip_code_object.cpp      :964 : 251439539505 us:  amd::Comgr::get_data() return 0 size for agent_triple_target_ids[0]=amdgcn-amd-amdhsa--gfx90c:xnack+
:1:hip_fatbin.cpp           :780 : 251439539510 us:  Cannot find CO in the bundle /usr/lib64/librocsolver.so.0.4 for ISA: amdgcn-amd-amdhsa--gfx90c:xnack+
:3:hip_platform.cpp         :740 : 251439539516 us:  init: Returned hipErrorNoBinaryForGpu : continue parsing remaining modules
:3:hip_code_object.cpp      :964 : 251440130547 us:  amd::Comgr::get_data() return 0 size for agent_triple_target_ids[0]=amdgcn-amd-amdhsa--gfx90c:xnack+
:3:hip_code_object.cpp      :964 : 251440130578 us:  amd::Comgr::get_data() return 0 size for agent_triple_target_ids[0]=amdgcn-amd-amdhsa--gfx90c:xnack+
:3:hip_code_object.cpp      :964 : 251440130584 us:  amd::Comgr::get_data() return 0 size for agent_triple_target_ids[0]=amdgcn-amd-amdhsa--gfx90c:xnack+
:1:hip_fatbin.cpp           :780 : 251440137888 us:  Cannot find CO in the bundle /usr/lib64/librocsolver.so.0.4 for ISA: amdgcn-amd-amdhsa--gfx90c:xnack+
:3:hip_platform.cpp         :740 : 251440137913 us:  init: Returned hipErrorNoBinaryForGpu : continue parsing remaining modules
:3:hip_code_object.cpp      :964 : 251440144100 us:  amd::Comgr::get_data() return 0 size for agent_triple_target_ids[0]=amdgcn-amd-amdhsa--gfx90c:xnack+
:3:hip_code_object.cpp      :964 : 251440144133 us:  amd::Comgr::get_data() return 0 size for agent_triple_target_ids[0]=amdgcn-amd-amdhsa--gfx90c:xnack+
:3:hip_code_object.cpp      :964 : 251440144139 us:  amd::Comgr::get_data() return 0 size for agent_triple_target_ids[0]=amdgcn-amd-amdhsa--gfx90c:xnack+
:1:hip_fatbin.cpp           :780 : 251440144147 us:  Cannot find CO in the bundle /usr/lib64/librocsolver.so.0.4 for ISA: amdgcn-amd-amdhsa--gfx90c:xnack+
:3:hip_platform.cpp         :740 : 251440144157 us:  init: Returned hipErrorNoBinaryForGpu : continue parsing remaining modules
:3:hip_code_object.cpp      :964 : 251440145578 us:  amd::Comgr::get_data() return 0 size for agent_triple_target_ids[0]=amdgcn-amd-amdhsa--gfx90c:xnack+
:3:hip_code_object.cpp      :964 : 251440145591 us:  amd::Comgr::get_data() return 0 size for agent_triple_target_ids[0]=amdgcn-amd-amdhsa--gfx90c:xnack+
:3:hip_code_object.cpp      :964 : 251440145597 us:  amd::Comgr::get_data() return 0 size for agent_triple_target_ids[0]=amdgcn-amd-amdhsa--gfx90c:xnack+
:1:hip_fatbin.cpp           :780 : 251440145602 us:  Cannot find CO in the bundle /usr/lib64/librocsolver.so.0.4 for ISA: amdgcn-amd-amdhsa--gfx90c:xnack+
:3:hip_platform.cpp         :740 : 251440145608 us:  init: Returned hipErrorNoBinaryForGpu : continue parsing remaining modules
:3:hip_code_object.cpp      :964 : 251440155544 us:  amd::Comgr::get_data() return 0 size for agent_triple_target_ids[0]=amdgcn-amd-amdhsa--gfx90c:xnack+
:3:hip_code_object.cpp      :964 : 251440155580 us:  amd::Comgr::get_data() return 0 size for agent_triple_target_ids[0]=amdgcn-amd-amdhsa--gfx90c:xnack+
:3:hip_code_object.cpp      :964 : 251440155598 us:  amd::Comgr::get_data() return 0 size for agent_triple_target_ids[0]=amdgcn-amd-amdhsa--gfx90c:xnack+
:1:hip_fatbin.cpp           :780 : 251440155605 us:  Cannot find CO in the bundle /usr/lib64/librocsolver.so.0.4 for ISA: amdgcn-amd-amdhsa--gfx90c:xnack+
:3:hip_platform.cpp         :740 : 251440155615 us:  init: Returned hipErrorNoBinaryForGpu : continue parsing remaining modules
:3:hip_code_object.cpp      :964 : 251440161329 us:  amd::Comgr::get_data() return 0 size for agent_triple_target_ids[0]=amdgcn-amd-amdhsa--gfx90c:xnack+
:3:hip_code_object.cpp      :964 : 251440161360 us:  amd::Comgr::get_data() return 0 size for agent_triple_target_ids[0]=amdgcn-amd-amdhsa--gfx90c:xnack+
:3:hip_code_object.cpp      :964 : 251440161365 us:  amd::Comgr::get_data() return 0 size for agent_triple_target_ids[0]=amdgcn-amd-amdhsa--gfx90c:xnack+
:1:hip_fatbin.cpp           :780 : 251440161373 us:  Cannot find CO in the bundle /usr/lib64/librocsolver.so.0.4 for ISA: amdgcn-amd-amdhsa--gfx90c:xnack+
:3:hip_platform.cpp         :740 : 251440161383 us:  init: Returned hipErrorNoBinaryForGpu : continue parsing remaining modules
:3:hip_code_object.cpp      :964 : 251440168749 us:  amd::Comgr::get_data() return 0 size for agent_triple_target_ids[0]=amdgcn-amd-amdhsa--gfx90c:xnack+
:3:hip_code_object.cpp      :964 : 251440168782 us:  amd::Comgr::get_data() return 0 size for agent_triple_target_ids[0]=amdgcn-amd-amdhsa--gfx90c:xnack+
:3:hip_code_object.cpp      :964 : 251440168788 us:  amd::Comgr::get_data() return 0 size for agent_triple_target_ids[0]=amdgcn-amd-amdhsa--gfx90c:xnack+
:1:hip_fatbin.cpp           :780 : 251440168796 us:  Cannot find CO in the bundle /usr/lib64/librocsolver.so.0.4 for ISA: amdgcn-amd-amdhsa--gfx90c:xnack+
:3:hip_platform.cpp         :740 : 251440168805 us:  init: Returned hipErrorNoBinaryForGpu : continue parsing remaining modules
:3:hip_code_object.cpp      :964 : 251440175122 us:  amd::Comgr::get_data() return 0 size for agent_triple_target_ids[0]=amdgcn-amd-amdhsa--gfx90c:xnack+
:3:hip_code_object.cpp      :964 : 251440175155 us:  amd::Comgr::get_data() return 0 size for agent_triple_target_ids[0]=amdgcn-amd-amdhsa--gfx90c:xnack+
:3:hip_code_object.cpp      :964 : 251440175161 us:  amd::Comgr::get_data() return 0 size for agent_triple_target_ids[0]=amdgcn-amd-amdhsa--gfx90c:xnack+
:1:hip_fatbin.cpp           :780 : 251440175168 us:  Cannot find CO in the bundle /usr/lib64/librocblas.so.4.4 for ISA: amdgcn-amd-amdhsa--gfx90c:xnack+
:3:hip_platform.cpp         :740 : 251440175177 us:  init: Returned hipErrorNoBinaryForGpu : continue parsing remaining modules
:3:hip_code_object.cpp      :964 : 251440176626 us:  amd::Comgr::get_data() return 0 size for agent_triple_target_ids[0]=amdgcn-amd-amdhsa--gfx90c:xnack+
:3:hip_code_object.cpp      :964 : 251440176640 us:  amd::Comgr::get_data() return 0 size for agent_triple_target_ids[0]=amdgcn-amd-amdhsa--gfx90c:xnack+
:3:hip_code_object.cpp      :964 : 251440176646 us:  amd::Comgr::get_data() return 0 size for agent_triple_target_ids[0]=amdgcn-amd-amdhsa--gfx90c:xnack+
:1:hip_fatbin.cpp           :780 : 251440176651 us:  Cannot find CO in the bundle /usr/lib64/librocsolver.so.0.4 for ISA: amdgcn-amd-amdhsa--gfx90c:xnack+
:3:hip_platform.cpp         :740 : 251440176657 us:  init: Returned hipErrorNoBinaryForGpu : continue parsing remaining modules
:3:hip_code_object.cpp      :964 : 251440182206 us:  amd::Comgr::get_data() return 0 size for agent_triple_target_ids[0]=amdgcn-amd-amdhsa--gfx90c:xnack+
:3:hip_code_object.cpp      :964 : 251440182236 us:  amd::Comgr::get_data() return 0 size for agent_triple_target_ids[0]=amdgcn-amd-amdhsa--gfx90c:xnack+
:3:hip_code_object.cpp      :964 : 251440182241 us:  amd::Comgr::get_data() return 0 size for agent_triple_target_ids[0]=amdgcn-amd-amdhsa--gfx90c:xnack+
:1:hip_fatbin.cpp           :780 : 251440182248 us:  Cannot find CO in the bundle /usr/lib64/librocsolver.so.0.4 for ISA: amdgcn-amd-amdhsa--gfx90c:xnack+
:3:hip_platform.cpp         :740 : 251440182269 us:  init: Returned hipErrorNoBinaryForGpu : continue parsing remaining modules
:3:hip_code_object.cpp      :964 : 251440183476 us:  amd::Comgr::get_data() return 0 size for agent_triple_target_ids[0]=amdgcn-amd-amdhsa--gfx90c:xnack+
:3:hip_code_object.cpp      :964 : 251440183492 us:  amd::Comgr::get_data() return 0 size for agent_triple_target_ids[0]=amdgcn-amd-amdhsa--gfx90c:xnack+
:3:hip_code_object.cpp      :964 : 251440183497 us:  amd::Comgr::get_data() return 0 size for agent_triple_target_ids[0]=amdgcn-amd-amdhsa--gfx90c:xnack+
:1:hip_fatbin.cpp           :780 : 251440183502 us:  Cannot find CO in the bundle /usr/lib64/librocsolver.so.0.4 for ISA: amdgcn-amd-amdhsa--gfx90c:xnack+
:3:hip_platform.cpp         :740 : 251440183509 us:  init: Returned hipErrorNoBinaryForGpu : continue parsing remaining modules
:3:hip_code_object.cpp      :964 : 251440187464 us:  amd::Comgr::get_data() return 0 size for agent_triple_target_ids[0]=amdgcn-amd-amdhsa--gfx90c:xnack+
:3:hip_code_object.cpp      :964 : 251440187493 us:  amd::Comgr::get_data() return 0 size for agent_triple_target_ids[0]=amdgcn-amd-amdhsa--gfx90c:xnack+
:3:hip_code_object.cpp      :964 : 251440187498 us:  amd::Comgr::get_data() return 0 size for agent_triple_target_ids[0]=amdgcn-amd-amdhsa--gfx90c:xnack+
:1:hip_fatbin.cpp           :780 : 251440187505 us:  Cannot find CO in the bundle /usr/lib64/librocsolver.so.0.4 for ISA: amdgcn-amd-amdhsa--gfx90c:xnack+
:3:hip_platform.cpp         :740 : 251440187514 us:  init: Returned hipErrorNoBinaryForGpu : continue parsing remaining modules
:3:hip_code_object.cpp      :964 : 251440193702 us:  amd::Comgr::get_data() return 0 size for agent_triple_target_ids[0]=amdgcn-amd-amdhsa--gfx90c:xnack+
:3:hip_code_object.cpp      :964 : 251440193733 us:  amd::Comgr::get_data() return 0 size for agent_triple_target_ids[0]=amdgcn-amd-amdhsa--gfx90c:xnack+
:3:hip_code_object.cpp      :964 : 251440193738 us:  amd::Comgr::get_data() return 0 size for agent_triple_target_ids[0]=amdgcn-amd-amdhsa--gfx90c:xnack+
:1:hip_fatbin.cpp           :780 : 251440193745 us:  Cannot find CO in the bundle /usr/lib64/librocblas.so.4.4 for ISA: amdgcn-amd-amdhsa--gfx90c:xnack+
:3:hip_platform.cpp         :740 : 251440193755 us:  init: Returned hipErrorNoBinaryForGpu : continue parsing remaining modules
:3:hip_code_object.cpp      :964 : 251440199372 us:  amd::Comgr::get_data() return 0 size for agent_triple_target_ids[0]=amdgcn-amd-amdhsa--gfx90c:xnack+
:3:hip_code_object.cpp      :964 : 251440199428 us:  amd::Comgr::get_data() return 0 size for agent_triple_target_ids[0]=amdgcn-amd-amdhsa--gfx90c:xnack+
:3:hip_code_object.cpp      :964 : 251440199437 us:  amd::Comgr::get_data() return 0 size for agent_triple_target_ids[0]=amdgcn-amd-amdhsa--gfx90c:xnack+
:1:hip_fatbin.cpp           :780 : 251440199447 us:  Cannot find CO in the bundle /usr/lib64/librocsolver.so.0.4 for ISA: amdgcn-amd-amdhsa--gfx90c:xnack+
:3:hip_platform.cpp         :740 : 251440199461 us:  init: Returned hipErrorNoBinaryForGpu : continue parsing remaining modules
:3:hip_code_object.cpp      :964 : 251440203744 us:  amd::Comgr::get_data() return 0 size for agent_triple_target_ids[0]=amdgcn-amd-amdhsa--gfx90c:xnack+
:3:hip_code_object.cpp      :964 : 251440203776 us:  amd::Comgr::get_data() return 0 size for agent_triple_target_ids[0]=amdgcn-amd-amdhsa--gfx90c:xnack+
:3:hip_code_object.cpp      :964 : 251440203782 us:  amd::Comgr::get_data() return 0 size for agent_triple_target_ids[0]=amdgcn-amd-amdhsa--gfx90c:xnack+
:1:hip_fatbin.cpp           :780 : 251440203789 us:  Cannot find CO in the bundle /usr/lib64/librocsolver.so.0.4 for ISA: amdgcn-amd-amdhsa--gfx90c:xnack+
:3:hip_platform.cpp         :740 : 251440203800 us:  init: Returned hipErrorNoBinaryForGpu : continue parsing remaining modules
:3:hip_memory.cpp           :756 : 251440204802 us:  [32m hipMalloc ( 0x7fffcb1e1260, 72 ) [0m
:3:rocdevice.cpp            :2411: 251440205321 us:  Device=0x55dfa4af0ae0, freeMem_ = 0x366fb2fb8
:3:hip_memory.cpp           :758 : 251440205333 us:  hipMalloc: Returned hipSuccess : 0x7f3ac7200000: duration: 531 us
:3:hip_memory.cpp           :756 : 251440205349 us:  [32m hipMalloc ( 0x7fffcb1e1258, 72 ) [0m
:3:rocdevice.cpp            :2411: 251440205358 us:  Device=0x55dfa4af0ae0, freeMem_ = 0x366fb2f70
:3:hip_memory.cpp           :758 : 251440205362 us:  hipMalloc: Returned hipSuccess : 0x7f3ac7201000: duration: 13 us
:3:hip_memory.cpp           :795 : 251440205375 us:  [32m hipMemcpy ( 0x7f3ac7200000, 0x7fffcb1e12c8, 72, hipMemcpyHostToDevice ) [0m
:3:rocdevice.cpp            :3052: 251440205394 us:  Number of allocated hardware queues with low priority: 0, with normal priority: 0, with high priority: 0, maximum per priority is: 4
:3:rocdevice.cpp            :3131: 251440223227 us:  Created SWq=0x7f3c01854000 to map on HWq=0x7f3ad4200000 with size 16384 with priority 1, cooperative: 0
:3:rocdevice.cpp            :3223: 251440223264 us:  acquireQueue refCount: 0x7f3ad4200000 (1)
:3:devprogram.cpp           :2658: 251440446100 us:  Using Code Object V5.
:3:rocvirtual.cpp           :763 : 251440447560 us:  Arg0: uchar* src = ptr:0x7f3ac5a00000
:3:rocvirtual.cpp           :763 : 251440447575 us:  Arg1: uchar* dst = ptr:0x7f3ac7200000
:3:rocvirtual.cpp           :857 : 251440447579 us:  Arg2: ulong size = val:72
:3:rocvirtual.cpp           :857 : 251440447583 us:  Arg3: uint remainder = val:8
:3:rocvirtual.cpp           :857 : 251440447585 us:  Arg4: uint aligned_size = val:16
:3:rocvirtual.cpp           :857 : 251440447588 us:  Arg5: ulong end_ptr = val:139890425593920
:3:rocvirtual.cpp           :857 : 251440447590 us:  Arg6: uint next_chunk = val:512
:3:rocvirtual.cpp           :3237: 251440447595 us:  ShaderName : __amd_rocclr_copyBuffer
:3:rocvirtual.cpp           :3451: 251440447599 us:  KernargSegmentByteSize = 304 KernargSegmentAlignment = 128
:3:rocvirtual.cpp           :534 : 251440447616 us:  Set Handler: handle(0x7f3bb51fd600), timestamp(0x55dfa4c05ff0)
:3:rocvirtual.hpp           :57  : 251440447620 us:  Host active wait for Signal = (0x7f3bb51fd600) for -1 ns
:3:hip_memory.cpp           :796 : 251440447668 us:  hipMemcpy: Returned hipSuccess : : duration: 242293 us
:3:hip_memory.cpp           :795 : 251440447677 us:  [32m hipMemcpy ( 0x7f3ac7201000, 0x7fffcb1e1280, 72, hipMemcpyHostToDevice ) [0m
:3:rocvirtual.cpp           :763 : 251440447687 us:  Arg0: uchar* src = ptr:0x7f3ac5a00100
:3:rocvirtual.cpp           :763 : 251440447691 us:  Arg1: uchar* dst = ptr:0x7f3ac7201000
:3:rocvirtual.cpp           :857 : 251440447693 us:  Arg2: ulong size = val:72
:3:rocvirtual.cpp           :857 : 251440447696 us:  Arg3: uint remainder = val:8
:3:rocvirtual.cpp           :857 : 251440447698 us:  Arg4: uint aligned_size = val:16
:3:rocvirtual.cpp           :857 : 251440447700 us:  Arg5: ulong end_ptr = val:139890425598016
:3:rocvirtual.cpp           :857 : 251440447703 us:  Arg6: uint next_chunk = val:512
:3:rocvirtual.cpp           :3237: 251440447706 us:  ShaderName : __amd_rocclr_copyBuffer
:3:rocvirtual.cpp           :3451: 251440447709 us:  KernargSegmentByteSize = 304 KernargSegmentAlignment = 128
:3:rocvirtual.cpp           :534 : 251440447714 us:  Set Handler: handle(0x7f3bb51fd680), timestamp(0x55dfa4c05ee0)
:3:rocvirtual.cpp           :227 : 251440447717 us:  Handler: value(0), timestamp(0x55dfa59265d0), handle(0x7f3bb51fd600)
:3:rocvirtual.hpp           :57  : 251440447717 us:  Host active wait for Signal = (0x7f3bb51fd680) for -1 ns
:3:hip_memory.cpp           :796 : 251440447743 us:  hipMemcpy: Returned hipSuccess : : duration: 66 us
:3:hip_memory.cpp           :756 : 251440447748 us:  [32m hipMalloc ( 0x7fffcb1e1240, 24 ) [0m
:3:rocdevice.cpp            :2411: 251440447757 us:  Device=0x55dfa4af0ae0, freeMem_ = 0x366fb2f58
:3:hip_memory.cpp           :758 : 251440447762 us:  hipMalloc: Returned hipSuccess : 0x7f3ac7202000: duration: 14 us
:3:rocvirtual.cpp           :227 : 251440447766 us:  Handler: value(0), timestamp(0x55dfa5926560), handle(0x7f3bb51fd680)
:3:hip_memory.cpp           :795 : 251440447767 us:  [32m hipMemcpy ( 0x7f3ac7202000, 0x7fffcb1e1268, 24, hipMemcpyHostToDevice ) [0m
:3:rocvirtual.cpp           :763 : 251440447792 us:  Arg0: uchar* src = ptr:0x7f3ac5a00200
:3:rocvirtual.cpp           :763 : 251440447795 us:  Arg1: uchar* dst = ptr:0x7f3ac7202000
:3:rocvirtual.cpp           :857 : 251440447797 us:  Arg2: ulong size = val:24
:3:rocvirtual.cpp           :857 : 251440447800 us:  Arg3: uint remainder = val:8
:3:rocvirtual.cpp           :857 : 251440447802 us:  Arg4: uint aligned_size = val:16
:3:rocvirtual.cpp           :857 : 251440447804 us:  Arg5: ulong end_ptr = val:139890425602064
:3:rocvirtual.cpp           :857 : 251440447807 us:  Arg6: uint next_chunk = val:512
:3:rocvirtual.cpp           :3237: 251440447809 us:  ShaderName : __amd_rocclr_copyBuffer
:3:rocvirtual.cpp           :3451: 251440447812 us:  KernargSegmentByteSize = 304 KernargSegmentAlignment = 128
:3:rocvirtual.cpp           :534 : 251440447818 us:  Set Handler: handle(0x7f3bb51fd700), timestamp(0x55dfa4c05dd0)
:3:rocvirtual.hpp           :57  : 251440447821 us:  Host active wait for Signal = (0x7f3bb51fd700) for -1 ns
:3:hip_memory.cpp           :796 : 251440447856 us:  hipMemcpy: Returned hipSuccess : : duration: 89 us
:3:hip_device_runtime.cpp   :657 : 251440447871 us:  [32m hipGetDevice ( 0x7fffcb1e07f0 ) [0m
:3:hip_device_runtime.cpp   :669 : 251440447874 us:  hipGetDevice: Returned hipSuccess : 0
:3:hip_device.cpp           :654 : 251440447878 us:  [32m hipGetDevicePropertiesR0600 ( 0x7fffcb1e07f0, 0 ) [0m
:3:hip_device.cpp           :656 : 251440447884 us:  hipGetDevicePropertiesR0600: Returned hipSuccess : 
:3:rocvirtual.cpp           :227 : 251440447878 us:  Handler: value(0), timestamp(0x55dfa4bf1d70), handle(0x7f3bb51fd700)
:3:hip_memory.cpp           :756 : 251440447897 us:  [32m hipMalloc ( 0x55dfa5a2c198, 33554432 ) [0m
:3:rocdevice.cpp            :2411: 251440451106 us:  Device=0x55dfa4af0ae0, freeMem_ = 0x364fb2f58
:3:hip_memory.cpp           :758 : 251440451122 us:  hipMalloc: Returned hipSuccess : 0x7f3abde00000: duration: 3225 us
:3:hip_memory.cpp           :756 : 251440451145 us:  [32m hipMalloc ( 0x7fffcb1e1210, 64 ) [0m
:3:rocdevice.cpp            :2411: 251440451150 us:  Device=0x55dfa4af0ae0, freeMem_ = 0x364fb2f18
:3:hip_memory.cpp           :758 : 251440451154 us:  hipMalloc: Returned hipSuccess : 0x7f3ac7203000: duration: 9 us
:3:hip_memory.cpp           :756 : 251440451158 us:  [32m hipMalloc ( 0x7fffcb1e1200, 4 ) [0m
:3:rocdevice.cpp            :2411: 251440451163 us:  Device=0x55dfa4af0ae0, freeMem_ = 0x364fb2f14
:3:hip_memory.cpp           :758 : 251440451166 us:  hipMalloc: Returned hipSuccess : 0x7f3ac7204000: duration: 8 us
:3:hip_device_runtime.cpp   :657 : 251440451170 us:  [32m hipGetDevice ( 0x7fffcb1e0dd4 ) [0m
:3:hip_device_runtime.cpp   :669 : 251440451173 us:  hipGetDevice: Returned hipSuccess : 0
:3:hip_memory.cpp           :772 : 251440451176 us:  [32m hipFree ( 0x7f3abde00000 ) [0m
:3:rocdevice.cpp            :2411: 251440451308 us:  Device=0x55dfa4af0ae0, freeMem_ = 0x366fb2f14
:3:hip_memory.cpp           :774 : 251440451319 us:  hipFree: Returned hipSuccess : 
:3:hip_platform.cpp         :237 : 251440451337 us:  [32m __hipPushCallConfiguration ( {1,1,1}, {32,1,1}, 0, stream:<null> ) [0m
:3:hip_platform.cpp         :241 : 251440451343 us:  __hipPushCallConfiguration: Returned hipSuccess : 
:3:hip_platform.cpp         :246 : 251440451349 us:  [32m __hipPopCallConfiguration ( {3407744336,32767,3407743920}, {0,0,48}, 0x7fffcb1e0cc0, 0x7fffcb1e0cb8 ) [0m
:3:hip_platform.cpp         :255 : 251440451355 us:  __hipPopCallConfiguration: Returned hipSuccess : 
:3:hip_module.cpp           :744 : 251440451368 us:  [32m hipLaunchKernel ( 0x7f3bc2d92a00, {1,1,1}, {32,1,1}, 0x7fffcb1e0d00, 0, stream:<null> ) [0m
:3:hip_module.cpp           :745 : 251440451377 us:  hipLaunchKernel: Returned hipErrorInvalidDeviceFunction : : duration: 9 us
:3:hip_platform.cpp         :237 : 251440451381 us:  [32m __hipPushCallConfiguration ( {1,1,1}, {256,1,1}, 0, stream:<null> ) [0m
:3:hip_platform.cpp         :241 : 251440451387 us:  __hipPushCallConfiguration: Returned hipSuccess : 
:3:hip_platform.cpp         :246 : 251440451400 us:  [32m __hipPopCallConfiguration ( {3,0,3340775424}, {0,0,0}, 0x7fffcb1e0c80, 0x7fffcb1e0c50 ) [0m
:3:hip_platform.cpp         :255 : 251440451411 us:  __hipPopCallConfiguration: Returned hipSuccess : 
:3:hip_module.cpp           :744 : 251440451419 us:  [32m hipLaunchKernel ( 0x7f3bc2d94cc0, {1,1,1}, {256,1,1}, 0x7fffcb1e0c90, 0, stream:<null> ) [0m
:3:hip_module.cpp           :745 : 251440451428 us:  hipLaunchKernel: Returned hipErrorInvalidDeviceFunction : : duration: 9 us
:3:hip_platform.cpp         :237 : 251440451438 us:  [32m __hipPushCallConfiguration ( {1,1,1}, {256,1,1}, 0, stream:<null> ) [0m
:3:hip_platform.cpp         :241 : 251440451448 us:  __hipPushCallConfiguration: Returned hipSuccess : 
:3:hip_platform.cpp         :246 : 251440451455 us:  [32m __hipPopCallConfiguration ( {122,0,2778906944}, {3340763136,32570,3}, 0x7fffcb1e0ad0, 0x7fffcb1e0ac8 ) [0m
:3:hip_platform.cpp         :255 : 251440451462 us:  __hipPopCallConfiguration: Returned hipSuccess : 
:3:hip_module.cpp           :744 : 251440451468 us:  [32m hipLaunchKernel ( 0x7f3bc2d94cc0, {1,1,1}, {256,1,1}, 0x7fffcb1e0ae0, 0, stream:<null> ) [0m
:3:hip_module.cpp           :745 : 251440451475 us:  hipLaunchKernel: Returned hipErrorInvalidDeviceFunction : : duration: 7 us
:3:hip_platform.cpp         :237 : 251440451481 us:  [32m __hipPushCallConfiguration ( {1,1,1}, {32,32,1}, 48, stream:<null> ) [0m
:3:hip_platform.cpp         :241 : 251440451491 us:  __hipPushCallConfiguration: Returned hipSuccess : 
:3:hip_platform.cpp         :246 : 251440451497 us:  [32m __hipPopCallConfiguration ( {1,0,25903856}, {5,0,0}, 0x7fffcb1e08f8, 0x7fffcb1e08f0 ) [0m
:3:hip_platform.cpp         :255 : 251440451503 us:  __hipPopCallConfiguration: Returned hipSuccess : 
:3:hip_module.cpp           :744 : 251440451508 us:  [32m hipLaunchKernel ( 0x7f3bc2d8e720, {1,1,1}, {32,32,1}, 0x7fffcb1e0950, 48, stream:<null> ) [0m
:3:hip_module.cpp           :745 : 251440451515 us:  hipLaunchKernel: Returned hipErrorInvalidDeviceFunction : : duration: 7 us
:3:hip_memory.cpp           :795 : 251440451520 us:  [32m hipMemcpy ( 0x7fffcb1e11f8, 0x7f3ac7204000, 4, hipMemcpyDeviceToHost ) [0m
:3:rocvirtual.cpp           :763 : 251440451533 us:  Arg0: uchar* src = ptr:0x7f3ac7204000
:3:rocvirtual.cpp           :763 : 251440451538 us:  Arg1: uchar* dst = ptr:0x7f3ad4400000
:3:rocvirtual.cpp           :857 : 251440451542 us:  Arg2: ulong size = val:4
:3:rocvirtual.cpp           :857 : 251440451545 us:  Arg3: uint remainder = val:4
:3:rocvirtual.cpp           :857 : 251440451547 us:  Arg4: uint aligned_size = val:16
:3:rocvirtual.cpp           :857 : 251440451550 us:  Arg5: ulong end_ptr = val:139890645794816
:3:rocvirtual.cpp           :857 : 251440451552 us:  Arg6: uint next_chunk = val:512
:3:rocvirtual.cpp           :3237: 251440451555 us:  ShaderName : __amd_rocclr_copyBuffer
:3:rocvirtual.cpp           :3451: 251440451557 us:  KernargSegmentByteSize = 304 KernargSegmentAlignment = 128
:3:rocvirtual.hpp           :57  : 251440451562 us:  Host active wait for Signal = (0x7f3bb51ff600) for -1 ns
:3:rocvirtual.cpp           :534 : 251440451586 us:  Set Handler: handle(0x7f3bb51fd780), timestamp(0x55dfa4c05cc0)
:3:rocvirtual.hpp           :57  : 251440451591 us:  Host active wait for Signal = (0x7f3bb51fd780) for -1 ns
:3:hip_memory.cpp           :796 : 251440451595 us:  hipMemcpy: Returned hipSuccess : : duration: 75 us
:3:rocvirtual.cpp           :227 : 251440451601 us:  Handler: value(0), timestamp(0x55dfa4bf1a60), handle(0x7f3bb51fd780)
:3:hip_device_runtime.cpp   :657 : 251440451612 us:  [32m hipGetDevice ( 0x7fffcb1e0dd4 ) [0m
:3:hip_device_runtime.cpp   :669 : 251440451618 us:  hipGetDevice: Returned hipSuccess : 0
:3:hip_platform.cpp         :237 : 251440451624 us:  [32m __hipPushCallConfiguration ( {1,1,1}, {32,1,1}, 0, stream:<null> ) [0m
:3:hip_platform.cpp         :241 : 251440451628 us:  __hipPushCallConfiguration: Returned hipSuccess : 
:3:hip_platform.cpp         :246 : 251440451640 us:  [32m __hipPopCallConfiguration ( {3407744336,32767,3407743920}, {0,0,48}, 0x7fffcb1e0cc0, 0x7fffcb1e0cb8 ) [0m
:3:hip_platform.cpp         :255 : 251440451648 us:  __hipPopCallConfiguration: Returned hipSuccess : 
:3:hip_module.cpp           :744 : 251440451654 us:  [32m hipLaunchKernel ( 0x7f3bc2d92a00, {1,1,1}, {32,1,1}, 0x7fffcb1e0d00, 0, stream:<null> ) [0m
:3:hip_module.cpp           :745 : 251440451660 us:  hipLaunchKernel: Returned hipErrorInvalidDeviceFunction : : duration: 6 us
:3:hip_platform.cpp         :237 : 251440451665 us:  [32m __hipPushCallConfiguration ( {1,1,1}, {256,1,1}, 0, stream:<null> ) [0m
:3:hip_platform.cpp         :241 : 251440451670 us:  __hipPushCallConfiguration: Returned hipSuccess : 
:3:hip_platform.cpp         :246 : 251440451675 us:  [32m __hipPopCallConfiguration ( {3,0,3340775424}, {0,0,0}, 0x7fffcb1e0c80, 0x7fffcb1e0c50 ) [0m
:3:hip_platform.cpp         :255 : 251440451681 us:  __hipPopCallConfiguration: Returned hipSuccess : 
:3:hip_module.cpp           :744 : 251440451686 us:  [32m hipLaunchKernel ( 0x7f3bc2d94cc0, {1,1,1}, {256,1,1}, 0x7fffcb1e0c90, 0, stream:<null> ) [0m
:3:hip_module.cpp           :745 : 251440451692 us:  hipLaunchKernel: Returned hipErrorInvalidDeviceFunction : : duration: 6 us
:3:hip_platform.cpp         :237 : 251440451697 us:  [32m __hipPushCallConfiguration ( {1,1,1}, {256,1,1}, 0, stream:<null> ) [0m
:3:hip_platform.cpp         :241 : 251440451703 us:  __hipPushCallConfiguration: Returned hipSuccess : 
:3:hip_platform.cpp         :246 : 251440451708 us:  [32m __hipPopCallConfiguration ( {2696028865,21983,4293342336}, {1360602624,2795868572,24817216}, 0x7fffcb1e0ad0, 0x7fffcb1e0ac8 ) [0m
:3:hip_platform.cpp         :255 : 251440451715 us:  __hipPopCallConfiguration: Returned hipSuccess : 
:3:hip_module.cpp           :744 : 251440451719 us:  [32m hipLaunchKernel ( 0x7f3bc2d94cc0, {1,1,1}, {256,1,1}, 0x7fffcb1e0ae0, 0, stream:<null> ) [0m
:3:hip_module.cpp           :745 : 251440451725 us:  hipLaunchKernel: Returned hipErrorInvalidDeviceFunction : : duration: 6 us
:3:hip_platform.cpp         :237 : 251440451730 us:  [32m __hipPushCallConfiguration ( {1,1,1}, {32,32,1}, 48, stream:<null> ) [0m
:3:hip_platform.cpp         :241 : 251440451735 us:  __hipPushCallConfiguration: Returned hipSuccess : 
:3:hip_platform.cpp         :246 : 251440451739 us:  [32m __hipPopCallConfiguration ( {1,0,25903856}, {5,0,0}, 0x7fffcb1e08f8, 0x7fffcb1e08f0 ) [0m
:3:hip_platform.cpp         :255 : 251440451744 us:  __hipPopCallConfiguration: Returned hipSuccess : 
:3:hip_module.cpp           :744 : 251440451750 us:  [32m hipLaunchKernel ( 0x7f3bc2d8e720, {1,1,1}, {32,32,1}, 0x7fffcb1e0950, 48, stream:<null> ) [0m
:3:hip_module.cpp           :745 : 251440451756 us:  hipLaunchKernel: Returned hipErrorInvalidDeviceFunction : : duration: 6 us
:3:hip_memory.cpp           :795 : 251440451761 us:  [32m hipMemcpy ( 0x7fffcb1e11f8, 0x7f3ac7204000, 4, hipMemcpyDeviceToHost ) [0m
:3:rocvirtual.cpp           :763 : 251440451771 us:  Arg0: uchar* src = ptr:0x7f3ac7204000
:3:rocvirtual.cpp           :763 : 251440451774 us:  Arg1: uchar* dst = ptr:0x7f3ad4400000
:3:rocvirtual.cpp           :857 : 251440451777 us:  Arg2: ulong size = val:4
:3:rocvirtual.cpp           :857 : 251440451780 us:  Arg3: uint remainder = val:4
:3:rocvirtual.cpp           :857 : 251440451782 us:  Arg4: uint aligned_size = val:16
:3:rocvirtual.cpp           :857 : 251440451786 us:  Arg5: ulong end_ptr = val:139890645794816
:3:rocvirtual.cpp           :857 : 251440451788 us:  Arg6: uint next_chunk = val:512
:3:rocvirtual.cpp           :3237: 251440451792 us:  ShaderName : __amd_rocclr_copyBuffer
:3:rocvirtual.cpp           :3451: 251440451795 us:  KernargSegmentByteSize = 304 KernargSegmentAlignment = 128
:3:rocvirtual.hpp           :57  : 251440451800 us:  Host active wait for Signal = (0x7f3bb51ff500) for -1 ns
:3:rocvirtual.cpp           :534 : 251440451814 us:  Set Handler: handle(0x7f3bb51fd800), timestamp(0x55dfa4c05bf0)
:3:rocvirtual.hpp           :57  : 251440451817 us:  Host active wait for Signal = (0x7f3bb51fd800) for -1 ns
:3:rocvirtual.cpp           :227 : 251440451824 us:  Handler: value(0), timestamp(0x55dfa4bf1ad0), handle(0x7f3bb51fd800)
:3:hip_memory.cpp           :796 : 251440451827 us:  hipMemcpy: Returned hipSuccess : : duration: 66 us
:3:hip_device_runtime.cpp   :657 : 251440451850 us:  [32m hipGetDevice ( 0x7fffcb1e0db4 ) [0m
:3:hip_device_runtime.cpp   :669 : 251440451853 us:  hipGetDevice: Returned hipSuccess : 0
:3:hip_memory.cpp           :3487: 251440451865 us:  [32m hipMemsetAsync ( 0x7f3ac7204000, 0, 4, stream:<null> ) [0m
:3:rocvirtual.cpp           :763 : 251440451875 us:  Arg0: void* buf = ptr:0x7f3ac7204000
:3:rocvirtual.cpp           :781 : 251440451879 us:  Arg0: void* buf = ptr:0x7f3ac7204000 obj:[0x7f3ac7204000-0x7f3ac7204004]
:3:rocvirtual.cpp           :763 : 251440451884 us:  Arg1: uchar* pattern = ptr:0x7f3ac6000800
:3:rocvirtual.cpp           :857 : 251440451886 us:  Arg2: uint pattern_size = val:1
:3:rocvirtual.cpp           :857 : 251440451890 us:  Arg3: uint alignment = val:1
:3:rocvirtual.cpp           :857 : 251440451892 us:  Arg4: ulong end_ptr = val:139890425610244
:3:rocvirtual.cpp           :857 : 251440451896 us:  Arg5: uint next_chunk = val:256
:3:rocvirtual.cpp           :3237: 251440451900 us:  ShaderName : __amd_rocclr_fillBufferAligned
:3:rocvirtual.cpp           :3451: 251440451903 us:  KernargSegmentByteSize = 296 KernargSegmentAlignment = 128
:3:hip_memory.cpp           :3488: 251440451908 us:  hipMemsetAsync: Returned hipSuccess : 
:3:hip_device_runtime.cpp   :657 : 251440451913 us:  [32m hipGetDevice ( 0x7fffcb1e04b4 ) [0m
:3:hip_device_runtime.cpp   :669 : 251440451916 us:  hipGetDevice: Returned hipSuccess : 0
:3:hip_device.cpp           :654 : 251440451921 us:  [32m hipGetDevicePropertiesR0600 ( 0x7fffcb1e0590, 0 ) [0m
:3:hip_device.cpp           :656 : 251440451924 us:  hipGetDevicePropertiesR0600: Returned hipSuccess : 
:3:hip_platform.cpp         :237 : 251440451932 us:  [32m __hipPushCallConfiguration ( {1,1,1}, {3,341,1}, 2728, stream:<null> ) [0m
:3:hip_platform.cpp         :241 : 251440451937 us:  __hipPushCallConfiguration: Returned hipSuccess : 
:3:hip_platform.cpp         :246 : 251440451943 us:  [32m __hipPopCallConfiguration ( {0,0,52}, {0,0,3407741720}, 0x7fffcb1e02f8, 0x7fffcb1e02f0 ) [0m
:3:hip_platform.cpp         :255 : 251440451947 us:  __hipPopCallConfiguration: Returned hipSuccess : 
:3:hip_module.cpp           :744 : 251440451951 us:  [32m hipLaunchKernel ( 0x7f3bc2d8e410, {1,1,1}, {3,341,1}, 0x7fffcb1e0340, 2728, stream:<null> ) [0m
:3:hip_module.cpp           :745 : 251440451957 us:  hipLaunchKernel: Returned hipErrorInvalidDeviceFunction : : duration: 6 us
:3:hip_device_runtime.cpp   :657 : 251440451960 us:  [32m hipGetDevice ( 0x7fffcb1e04b4 ) [0m
:3:hip_device_runtime.cpp   :669 : 251440451964 us:  hipGetDevice: Returned hipSuccess : 0
:3:hip_device.cpp           :654 : 251440451968 us:  [32m hipGetDevicePropertiesR0600 ( 0x7fffcb1e0590, 0 ) [0m
:3:hip_device.cpp           :656 : 251440451971 us:  hipGetDevicePropertiesR0600: Returned hipSuccess : 
:3:hip_platform.cpp         :237 : 251440451975 us:  [32m __hipPushCallConfiguration ( {1,1,1}, {3,341,1}, 2728, stream:<null> ) [0m
:3:hip_platform.cpp         :241 : 251440451981 us:  __hipPushCallConfiguration: Returned hipSuccess : 
:3:hip_platform.cpp         :246 : 251440451985 us:  [32m __hipPopCallConfiguration ( {1,1,1}, {3,341,1}, 0x7fffcb1e02f8, 0x7fffcb1e02f0 ) [0m
:3:hip_platform.cpp         :255 : 251440451992 us:  __hipPopCallConfiguration: Returned hipSuccess : 
:3:hip_module.cpp           :744 : 251440451997 us:  [32m hipLaunchKernel ( 0x7f3bc2d8e420, {1,1,1}, {3,341,1}, 0x7fffcb1e0340, 2728, stream:<null> ) [0m
:3:hip_module.cpp           :745 : 251440452011 us:  hipLaunchKernel: Returned hipErrorInvalidDeviceFunction : : duration: 14 us
:3:hip_memory.cpp           :795 : 251440452021 us:  [32m hipMemcpy ( 0x55dfa58de390, 0x7f3ac7202000, 24, hipMemcpyDeviceToHost ) [0m
:3:rocvirtual.cpp           :763 : 251440452031 us:  Arg0: uchar* src = ptr:0x7f3ac7202000
:3:rocvirtual.cpp           :763 : 251440452040 us:  Arg1: uchar* dst = ptr:0x7f3ad4400000
:3:rocvirtual.cpp           :857 : 251440452043 us:  Arg2: ulong size = val:24
:3:rocvirtual.cpp           :857 : 251440452046 us:  Arg3: uint remainder = val:8
:3:rocvirtual.cpp           :857 : 251440452048 us:  Arg4: uint aligned_size = val:16
:3:rocvirtual.cpp           :857 : 251440452051 us:  Arg5: ulong end_ptr = val:139890645794832
:3:rocvirtual.cpp           :857 : 251440452053 us:  Arg6: uint next_chunk = val:512
:3:rocvirtual.cpp           :3237: 251440452057 us:  ShaderName : __amd_rocclr_copyBuffer
:3:rocvirtual.cpp           :3451: 251440452059 us:  KernargSegmentByteSize = 304 KernargSegmentAlignment = 128
:3:rocvirtual.hpp           :57  : 251440452063 us:  Host active wait for Signal = (0x7f3bb51ff400) for -1 ns
:3:rocvirtual.cpp           :534 : 251440452121 us:  Set Handler: handle(0x7f3bb51fd380), timestamp(0x55dfa590dee0)
:3:rocvirtual.hpp           :57  : 251440452126 us:  Host active wait for Signal = (0x7f3bb51fd380) for -1 ns
:3:hip_memory.cpp           :796 : 251440452145 us:  hipMemcpy: Returned hipSuccess : : duration: 124 us
:3:hip_memory.cpp           :795 : 251440452149 us:  [32m hipMemcpy ( 0x7fffcb1e11f8, 0x7f3ac7204000, 4, hipMemcpyDeviceToHost ) [0m
:3:rocvirtual.cpp           :763 : 251440452158 us:  Arg0: uchar* src = ptr:0x7f3ac7204000
:3:rocvirtual.cpp           :763 : 251440452162 us:  Arg1: uchar* dst = ptr:0x7f3ad4400000
:3:rocvirtual.cpp           :857 : 251440452166 us:  Arg2: ulong size = val:4
:3:rocvirtual.cpp           :857 : 251440452169 us:  Arg3: uint remainder = val:4
:3:rocvirtual.cpp           :857 : 251440452172 us:  Arg4: uint aligned_size = val:16
:3:rocvirtual.cpp           :857 : 251440452175 us:  Arg5: ulong end_ptr = val:139890645794816
:3:rocvirtual.cpp           :857 : 251440452177 us:  Arg6: uint next_chunk = val:512
:3:rocvirtual.cpp           :3237: 251440452181 us:  ShaderName : __amd_rocclr_copyBuffer
:3:rocvirtual.cpp           :3451: 251440452183 us:  KernargSegmentByteSize = 304 KernargSegmentAlignment = 128
:3:rocvirtual.hpp           :57  : 251440452188 us:  Host active wait for Signal = (0x7f3bb51ff300) for -1 ns
:3:rocvirtual.cpp           :227 : 251440452166 us:  Handler: value(0), timestamp(0x55dfa4bf1d00), handle(0x7f3bb51fd380)
:3:rocvirtual.cpp           :534 : 251440452225 us:  Set Handler: handle(0x7f3bb51fd300), timestamp(0x55dfa590d9b0)
:3:rocvirtual.hpp           :57  : 251440452229 us:  Host active wait for Signal = (0x7f3bb51fd300) for -1 ns
:3:hip_memory.cpp           :796 : 251440452247 us:  hipMemcpy: Returned hipSuccess : : duration: 98 us
:3:rocvirtual.cpp           :227 : 251440452264 us:  Handler: value(0), timestamp(0x55dfa4bf18f0), handle(0x7f3bb51fd300)
:3:hip_memory.cpp           :772 : 251440452274 us:  [32m hipFree ( 0x7f3ac7204000 ) [0m
:3:rocdevice.cpp            :2411: 251440452283 us:  Device=0x55dfa4af0ae0, freeMem_ = 0x366fb2f18
:3:hip_memory.cpp           :774 : 251440452286 us:  hipFree: Returned hipSuccess : 
:3:hip_memory.cpp           :772 : 251440452289 us:  [32m hipFree ( 0x7f3ac7203000 ) [0m
:3:rocdevice.cpp            :2411: 251440452293 us:  Device=0x55dfa4af0ae0, freeMem_ = 0x366fb2f58
:3:hip_memory.cpp           :774 : 251440452295 us:  hipFree: Returned hipSuccess : 
:3:hip_memory.cpp           :772 : 251440452298 us:  [32m hipFree ( 0x7f3ac7202000 ) [0m
:3:rocdevice.cpp            :2411: 251440452302 us:  Device=0x55dfa4af0ae0, freeMem_ = 0x366fb2f70
:3:hip_memory.cpp           :774 : 251440452305 us:  hipFree: Returned hipSuccess : 
:3:hip_memory.cpp           :772 : 251440452309 us:  [32m hipFree ( 0x7f3ac7201000 ) [0m
:3:rocdevice.cpp            :2411: 251440452312 us:  Device=0x55dfa4af0ae0, freeMem_ = 0x366fb2fb8
:3:hip_memory.cpp           :774 : 251440452316 us:  hipFree: Returned hipSuccess : 
:3:hip_memory.cpp           :772 : 251440452318 us:  [32m hipFree ( 0x7f3ac7200000 ) [0m
:3:rocdevice.cpp            :2411: 251440452322 us:  Device=0x55dfa4af0ae0, freeMem_ = 0x366fb3000
:3:hip_memory.cpp           :774 : 251440452332 us:  hipFree: Returned hipSuccess : 
:3:rocdevice.cpp            :3255: 251440477791 us:  releaseQueue refCount:0x7f3ad4200000 (0)
:3:rocdevice.cpp            :284 : 251440478102 us:  Deleting hardware queue 0x7f3ad4200000 with refCount 0
