:3:rocdevice.cpp            :465 : 251275260121 us:  Initializing HSA stack.
:3:rocdevice.cpp            :551 : 251275268834 us:  Enumerated GPU agents = 1
:3:rocdevice.cpp            :232 : 251275268872 us:  Numa selects cpu agent[0]=0x2addc20(fine=0x2afc350,coarse=0x2ffd470) for gpu agent=0x2ffdb80 CPU<->GPU XGMI=0
:3:rocsettings.cpp          :284 : 251275268879 us:  Using dev kernel arg wa = 0
:3:comgrctx.cpp             :33  : 251275268882 us:  Loading COMGR library.
:3:comgrctx.cpp             :128 : 251275275218 us:  Loaded COMGR library version 3.0.
:3:rocdevice.cpp            :1786: 251275275415 us:  Gfx Major/Minor/Stepping: 9/0/12
:3:rocdevice.cpp            :1788: 251275275424 us:  HMM support: 1, XNACK: 1, Direct host access: 0
:3:rocdevice.cpp            :1790: 251275275427 us:  Max SDMA Read Mask: 0x1, Max SDMA Write Mask: 0x1
:3:hip_context.cpp          :54  : 251275276436 us:  Direct Dispatch: 1
:3:hip_code_object.cpp      :964 : 251275279819 us:  amd::Comgr::get_data() return 0 size for agent_triple_target_ids[0]=amdgcn-amd-amdhsa--gfx90c:xnack+
:3:hip_code_object.cpp      :964 : 251275279835 us:  amd::Comgr::get_data() return 0 size for agent_triple_target_ids[0]=amdgcn-amd-amdhsa--gfx90c:xnack+
:3:hip_code_object.cpp      :964 : 251275279841 us:  amd::Comgr::get_data() return 0 size for agent_triple_target_ids[0]=amdgcn-amd-amdhsa--gfx90c:xnack+
:1:hip_fatbin.cpp           :780 : 251275279847 us:  Cannot find CO in the bundle /usr/lib64/librocsparse.so.1.0 for ISA: amdgcn-amd-amdhsa--gfx90c:xnack+
:3:hip_platform.cpp         :740 : 251275279861 us:  init: Returned hipErrorNoBinaryForGpu : continue parsing remaining modules
:3:hip_code_object.cpp      :964 : 251275282432 us:  amd::Comgr::get_data() return 0 size for agent_triple_target_ids[0]=amdgcn-amd-amdhsa--gfx90c:xnack+
:3:hip_code_object.cpp      :964 : 251275282446 us:  amd::Comgr::get_data() return 0 size for agent_triple_target_ids[0]=amdgcn-amd-amdhsa--gfx90c:xnack+
:3:hip_code_object.cpp      :964 : 251275282451 us:  amd::Comgr::get_data() return 0 size for agent_triple_target_ids[0]=amdgcn-amd-amdhsa--gfx90c:xnack+
:1:hip_fatbin.cpp           :780 : 251275282456 us:  Cannot find CO in the bundle /usr/lib64/librocsparse.so.1.0 for ISA: amdgcn-amd-amdhsa--gfx90c:xnack+
:3:hip_platform.cpp         :740 : 251275282463 us:  init: Returned hipErrorNoBinaryForGpu : continue parsing remaining modules
:3:hip_code_object.cpp      :964 : 251275297048 us:  amd::Comgr::get_data() return 0 size for agent_triple_target_ids[0]=amdgcn-amd-amdhsa--gfx90c:xnack+
:3:hip_code_object.cpp      :964 : 251275297077 us:  amd::Comgr::get_data() return 0 size for agent_triple_target_ids[0]=amdgcn-amd-amdhsa--gfx90c:xnack+
:3:hip_code_object.cpp      :964 : 251275297082 us:  amd::Comgr::get_data() return 0 size for agent_triple_target_ids[0]=amdgcn-amd-amdhsa--gfx90c:xnack+
:1:hip_fatbin.cpp           :780 : 251275297089 us:  Cannot find CO in the bundle /usr/lib64/librocsparse.so.1.0 for ISA: amdgcn-amd-amdhsa--gfx90c:xnack+
:3:hip_platform.cpp         :740 : 251275297100 us:  init: Returned hipErrorNoBinaryForGpu : continue parsing remaining modules
:3:hip_code_object.cpp      :964 : 251275299603 us:  amd::Comgr::get_data() return 0 size for agent_triple_target_ids[0]=amdgcn-amd-amdhsa--gfx90c:xnack+
:3:hip_code_object.cpp      :964 : 251275299619 us:  amd::Comgr::get_data() return 0 size for agent_triple_target_ids[0]=amdgcn-amd-amdhsa--gfx90c:xnack+
:3:hip_code_object.cpp      :964 : 251275299624 us:  amd::Comgr::get_data() return 0 size for agent_triple_target_ids[0]=amdgcn-amd-amdhsa--gfx90c:xnack+
:1:hip_fatbin.cpp           :780 : 251275299630 us:  Cannot find CO in the bundle /usr/lib64/librocsparse.so.1.0 for ISA: amdgcn-amd-amdhsa--gfx90c:xnack+
:3:hip_platform.cpp         :740 : 251275299636 us:  init: Returned hipErrorNoBinaryForGpu : continue parsing remaining modules
:3:hip_code_object.cpp      :964 : 251275304176 us:  amd::Comgr::get_data() return 0 size for agent_triple_target_ids[0]=amdgcn-amd-amdhsa--gfx90c:xnack+
:3:hip_code_object.cpp      :964 : 251275304196 us:  amd::Comgr::get_data() return 0 size for agent_triple_target_ids[0]=amdgcn-amd-amdhsa--gfx90c:xnack+
:3:hip_code_object.cpp      :964 : 251275304210 us:  amd::Comgr::get_data() return 0 size for agent_triple_target_ids[0]=amdgcn-amd-amdhsa--gfx90c:xnack+
:1:hip_fatbin.cpp           :780 : 251275304216 us:  Cannot find CO in the bundle /usr/lib64/librocsparse.so.1.0 for ISA: amdgcn-amd-amdhsa--gfx90c:xnack+
:3:hip_platform.cpp         :740 : 251275304224 us:  init: Returned hipErrorNoBinaryForGpu : continue parsing remaining modules
:3:hip_code_object.cpp      :964 : 251275306313 us:  amd::Comgr::get_data() return 0 size for agent_triple_target_ids[0]=amdgcn-amd-amdhsa--gfx90c:xnack+
:3:hip_code_object.cpp      :964 : 251275306331 us:  amd::Comgr::get_data() return 0 size for agent_triple_target_ids[0]=amdgcn-amd-amdhsa--gfx90c:xnack+
:3:hip_code_object.cpp      :964 : 251275306336 us:  amd::Comgr::get_data() return 0 size for agent_triple_target_ids[0]=amdgcn-amd-amdhsa--gfx90c:xnack+
:1:hip_fatbin.cpp           :780 : 251275306341 us:  Cannot find CO in the bundle /usr/lib64/librocsparse.so.1.0 for ISA: amdgcn-amd-amdhsa--gfx90c:xnack+
:3:hip_platform.cpp         :740 : 251275306349 us:  init: Returned hipErrorNoBinaryForGpu : continue parsing remaining modules
:3:hip_code_object.cpp      :964 : 251275307961 us:  amd::Comgr::get_data() return 0 size for agent_triple_target_ids[0]=amdgcn-amd-amdhsa--gfx90c:xnack+
:3:hip_code_object.cpp      :964 : 251275307978 us:  amd::Comgr::get_data() return 0 size for agent_triple_target_ids[0]=amdgcn-amd-amdhsa--gfx90c:xnack+
:3:hip_code_object.cpp      :964 : 251275307983 us:  amd::Comgr::get_data() return 0 size for agent_triple_target_ids[0]=amdgcn-amd-amdhsa--gfx90c:xnack+
:1:hip_fatbin.cpp           :780 : 251275307988 us:  Cannot find CO in the bundle /usr/lib64/librocsparse.so.1.0 for ISA: amdgcn-amd-amdhsa--gfx90c:xnack+
:3:hip_platform.cpp         :740 : 251275307994 us:  init: Returned hipErrorNoBinaryForGpu : continue parsing remaining modules
:3:hip_code_object.cpp      :964 : 251275308696 us:  amd::Comgr::get_data() return 0 size for agent_triple_target_ids[0]=amdgcn-amd-amdhsa--gfx90c:xnack+
:3:hip_code_object.cpp      :964 : 251275308708 us:  amd::Comgr::get_data() return 0 size for agent_triple_target_ids[0]=amdgcn-amd-amdhsa--gfx90c:xnack+
:3:hip_code_object.cpp      :964 : 251275308713 us:  amd::Comgr::get_data() return 0 size for agent_triple_target_ids[0]=amdgcn-amd-amdhsa--gfx90c:xnack+
:1:hip_fatbin.cpp           :780 : 251275308718 us:  Cannot find CO in the bundle /usr/lib64/librocsparse.so.1.0 for ISA: amdgcn-amd-amdhsa--gfx90c:xnack+
:3:hip_platform.cpp         :740 : 251275308723 us:  init: Returned hipErrorNoBinaryForGpu : continue parsing remaining modules
:3:hip_code_object.cpp      :964 : 251275309407 us:  amd::Comgr::get_data() return 0 size for agent_triple_target_ids[0]=amdgcn-amd-amdhsa--gfx90c:xnack+
:3:hip_code_object.cpp      :964 : 251275309419 us:  amd::Comgr::get_data() return 0 size for agent_triple_target_ids[0]=amdgcn-amd-amdhsa--gfx90c:xnack+
:3:hip_code_object.cpp      :964 : 251275309424 us:  amd::Comgr::get_data() return 0 size for agent_triple_target_ids[0]=amdgcn-amd-amdhsa--gfx90c:xnack+
:1:hip_fatbin.cpp           :780 : 251275309428 us:  Cannot find CO in the bundle /usr/lib64/librocsparse.so.1.0 for ISA: amdgcn-amd-amdhsa--gfx90c:xnack+
:3:hip_platform.cpp         :740 : 251275309434 us:  init: Returned hipErrorNoBinaryForGpu : continue parsing remaining modules
:3:hip_code_object.cpp      :964 : 251275310120 us:  amd::Comgr::get_data() return 0 size for agent_triple_target_ids[0]=amdgcn-amd-amdhsa--gfx90c:xnack+
:3:hip_code_object.cpp      :964 : 251275310131 us:  amd::Comgr::get_data() return 0 size for agent_triple_target_ids[0]=amdgcn-amd-amdhsa--gfx90c:xnack+
:3:hip_code_object.cpp      :964 : 251275310136 us:  amd::Comgr::get_data() return 0 size for agent_triple_target_ids[0]=amdgcn-amd-amdhsa--gfx90c:xnack+
:1:hip_fatbin.cpp           :780 : 251275310141 us:  Cannot find CO in the bundle /usr/lib64/librocsparse.so.1.0 for ISA: amdgcn-amd-amdhsa--gfx90c:xnack+
:3:hip_platform.cpp         :740 : 251275310153 us:  init: Returned hipErrorNoBinaryForGpu : continue parsing remaining modules
:3:hip_code_object.cpp      :964 : 251275315253 us:  amd::Comgr::get_data() return 0 size for agent_triple_target_ids[0]=amdgcn-amd-amdhsa--gfx90c:xnack+
:3:hip_code_object.cpp      :964 : 251275315281 us:  amd::Comgr::get_data() return 0 size for agent_triple_target_ids[0]=amdgcn-amd-amdhsa--gfx90c:xnack+
:3:hip_code_object.cpp      :964 : 251275315286 us:  amd::Comgr::get_data() return 0 size for agent_triple_target_ids[0]=amdgcn-amd-amdhsa--gfx90c:xnack+
:1:hip_fatbin.cpp           :780 : 251275315292 us:  Cannot find CO in the bundle /usr/lib64/librocsparse.so.1.0 for ISA: amdgcn-amd-amdhsa--gfx90c:xnack+
:3:hip_platform.cpp         :740 : 251275315302 us:  init: Returned hipErrorNoBinaryForGpu : continue parsing remaining modules
:3:hip_code_object.cpp      :964 : 251275316319 us:  amd::Comgr::get_data() return 0 size for agent_triple_target_ids[0]=amdgcn-amd-amdhsa--gfx90c:xnack+
:3:hip_code_object.cpp      :964 : 251275316331 us:  amd::Comgr::get_data() return 0 size for agent_triple_target_ids[0]=amdgcn-amd-amdhsa--gfx90c:xnack+
:3:hip_code_object.cpp      :964 : 251275316336 us:  amd::Comgr::get_data() return 0 size for agent_triple_target_ids[0]=amdgcn-amd-amdhsa--gfx90c:xnack+
:1:hip_fatbin.cpp           :780 : 251275316341 us:  Cannot find CO in the bundle /usr/lib64/librocsparse.so.1.0 for ISA: amdgcn-amd-amdhsa--gfx90c:xnack+
:3:hip_platform.cpp         :740 : 251275316346 us:  init: Returned hipErrorNoBinaryForGpu : continue parsing remaining modules
:3:hip_code_object.cpp      :964 : 251275343463 us:  amd::Comgr::get_data() return 0 size for agent_triple_target_ids[0]=amdgcn-amd-amdhsa--gfx90c:xnack+
:3:hip_code_object.cpp      :964 : 251275343493 us:  amd::Comgr::get_data() return 0 size for agent_triple_target_ids[0]=amdgcn-amd-amdhsa--gfx90c:xnack+
:3:hip_code_object.cpp      :964 : 251275343499 us:  amd::Comgr::get_data() return 0 size for agent_triple_target_ids[0]=amdgcn-amd-amdhsa--gfx90c:xnack+
:1:hip_fatbin.cpp           :780 : 251275343505 us:  Cannot find CO in the bundle /usr/lib64/librocsparse.so.1.0 for ISA: amdgcn-amd-amdhsa--gfx90c:xnack+
:3:hip_platform.cpp         :740 : 251275343516 us:  init: Returned hipErrorNoBinaryForGpu : continue parsing remaining modules
:3:hip_code_object.cpp      :964 : 251275351750 us:  amd::Comgr::get_data() return 0 size for agent_triple_target_ids[0]=amdgcn-amd-amdhsa--gfx90c:xnack+
:3:hip_code_object.cpp      :964 : 251275351781 us:  amd::Comgr::get_data() return 0 size for agent_triple_target_ids[0]=amdgcn-amd-amdhsa--gfx90c:xnack+
:3:hip_code_object.cpp      :964 : 251275351787 us:  amd::Comgr::get_data() return 0 size for agent_triple_target_ids[0]=amdgcn-amd-amdhsa--gfx90c:xnack+
:1:hip_fatbin.cpp           :780 : 251275351793 us:  Cannot find CO in the bundle /usr/lib64/librocsparse.so.1.0 for ISA: amdgcn-amd-amdhsa--gfx90c:xnack+
:3:hip_platform.cpp         :740 : 251275351804 us:  init: Returned hipErrorNoBinaryForGpu : continue parsing remaining modules
:3:hip_code_object.cpp      :964 : 251275356240 us:  amd::Comgr::get_data() return 0 size for agent_triple_target_ids[0]=amdgcn-amd-amdhsa--gfx90c:xnack+
:3:hip_code_object.cpp      :964 : 251275356272 us:  amd::Comgr::get_data() return 0 size for agent_triple_target_ids[0]=amdgcn-amd-amdhsa--gfx90c:xnack+
:3:hip_code_object.cpp      :964 : 251275356277 us:  amd::Comgr::get_data() return 0 size for agent_triple_target_ids[0]=amdgcn-amd-amdhsa--gfx90c:xnack+
:1:hip_fatbin.cpp           :780 : 251275356283 us:  Cannot find CO in the bundle /usr/lib64/librocsparse.so.1.0 for ISA: amdgcn-amd-amdhsa--gfx90c:xnack+
:3:hip_platform.cpp         :740 : 251275356294 us:  init: Returned hipErrorNoBinaryForGpu : continue parsing remaining modules
:3:hip_code_object.cpp      :964 : 251275366614 us:  amd::Comgr::get_data() return 0 size for agent_triple_target_ids[0]=amdgcn-amd-amdhsa--gfx90c:xnack+
:3:hip_code_object.cpp      :964 : 251275366645 us:  amd::Comgr::get_data() return 0 size for agent_triple_target_ids[0]=amdgcn-amd-amdhsa--gfx90c:xnack+
:3:hip_code_object.cpp      :964 : 251275366660 us:  amd::Comgr::get_data() return 0 size for agent_triple_target_ids[0]=amdgcn-amd-amdhsa--gfx90c:xnack+
:1:hip_fatbin.cpp           :780 : 251275366666 us:  Cannot find CO in the bundle /usr/lib64/librocsparse.so.1.0 for ISA: amdgcn-amd-amdhsa--gfx90c:xnack+
:3:hip_platform.cpp         :740 : 251275366678 us:  init: Returned hipErrorNoBinaryForGpu : continue parsing remaining modules
:3:hip_code_object.cpp      :964 : 251275442391 us:  amd::Comgr::get_data() return 0 size for agent_triple_target_ids[0]=amdgcn-amd-amdhsa--gfx90c:xnack+
:3:hip_code_object.cpp      :964 : 251275442422 us:  amd::Comgr::get_data() return 0 size for agent_triple_target_ids[0]=amdgcn-amd-amdhsa--gfx90c:xnack+
:3:hip_code_object.cpp      :964 : 251275442428 us:  amd::Comgr::get_data() return 0 size for agent_triple_target_ids[0]=amdgcn-amd-amdhsa--gfx90c:xnack+
:1:hip_fatbin.cpp           :780 : 251275442434 us:  Cannot find CO in the bundle /usr/lib64/librocsparse.so.1.0 for ISA: amdgcn-amd-amdhsa--gfx90c:xnack+
:3:hip_platform.cpp         :740 : 251275442445 us:  init: Returned hipErrorNoBinaryForGpu : continue parsing remaining modules
:3:hip_code_object.cpp      :964 : 251275520297 us:  amd::Comgr::get_data() return 0 size for agent_triple_target_ids[0]=amdgcn-amd-amdhsa--gfx90c:xnack+
:3:hip_code_object.cpp      :964 : 251275520325 us:  amd::Comgr::get_data() return 0 size for agent_triple_target_ids[0]=amdgcn-amd-amdhsa--gfx90c:xnack+
:3:hip_code_object.cpp      :964 : 251275520330 us:  amd::Comgr::get_data() return 0 size for agent_triple_target_ids[0]=amdgcn-amd-amdhsa--gfx90c:xnack+
:1:hip_fatbin.cpp           :780 : 251275520336 us:  Cannot find CO in the bundle /usr/lib64/librocsparse.so.1.0 for ISA: amdgcn-amd-amdhsa--gfx90c:xnack+
:3:hip_platform.cpp         :740 : 251275520346 us:  init: Returned hipErrorNoBinaryForGpu : continue parsing remaining modules
:3:hip_code_object.cpp      :964 : 251275521243 us:  amd::Comgr::get_data() return 0 size for agent_triple_target_ids[0]=amdgcn-amd-amdhsa--gfx90c:xnack+
:3:hip_code_object.cpp      :964 : 251275521256 us:  amd::Comgr::get_data() return 0 size for agent_triple_target_ids[0]=amdgcn-amd-amdhsa--gfx90c:xnack+
:3:hip_code_object.cpp      :964 : 251275521261 us:  amd::Comgr::get_data() return 0 size for agent_triple_target_ids[0]=amdgcn-amd-amdhsa--gfx90c:xnack+
:1:hip_fatbin.cpp           :780 : 251275521266 us:  Cannot find CO in the bundle /usr/lib64/librocsparse.so.1.0 for ISA: amdgcn-amd-amdhsa--gfx90c:xnack+
:3:hip_platform.cpp         :740 : 251275521272 us:  init: Returned hipErrorNoBinaryForGpu : continue parsing remaining modules
:3:hip_code_object.cpp      :964 : 251275872921 us:  amd::Comgr::get_data() return 0 size for agent_triple_target_ids[0]=amdgcn-amd-amdhsa--gfx90c:xnack+
:3:hip_code_object.cpp      :964 : 251275872953 us:  amd::Comgr::get_data() return 0 size for agent_triple_target_ids[0]=amdgcn-amd-amdhsa--gfx90c:xnack+
:3:hip_code_object.cpp      :964 : 251275872959 us:  amd::Comgr::get_data() return 0 size for agent_triple_target_ids[0]=amdgcn-amd-amdhsa--gfx90c:xnack+
:1:hip_fatbin.cpp           :780 : 251275872967 us:  Cannot find CO in the bundle /usr/lib64/librocsparse.so.1.0 for ISA: amdgcn-amd-amdhsa--gfx90c:xnack+
:3:hip_platform.cpp         :740 : 251275872977 us:  init: Returned hipErrorNoBinaryForGpu : continue parsing remaining modules
:3:hip_code_object.cpp      :964 : 251276182488 us:  amd::Comgr::get_data() return 0 size for agent_triple_target_ids[0]=amdgcn-amd-amdhsa--gfx90c:xnack+
:3:hip_code_object.cpp      :964 : 251276182519 us:  amd::Comgr::get_data() return 0 size for agent_triple_target_ids[0]=amdgcn-amd-amdhsa--gfx90c:xnack+
:3:hip_code_object.cpp      :964 : 251276182524 us:  amd::Comgr::get_data() return 0 size for agent_triple_target_ids[0]=amdgcn-amd-amdhsa--gfx90c:xnack+
:1:hip_fatbin.cpp           :780 : 251276182532 us:  Cannot find CO in the bundle /usr/lib64/librocsparse.so.1.0 for ISA: amdgcn-amd-amdhsa--gfx90c:xnack+
:3:hip_platform.cpp         :740 : 251276182551 us:  init: Returned hipErrorNoBinaryForGpu : continue parsing remaining modules
:3:hip_code_object.cpp      :964 : 251276185170 us:  amd::Comgr::get_data() return 0 size for agent_triple_target_ids[0]=amdgcn-amd-amdhsa--gfx90c:xnack+
:3:hip_code_object.cpp      :964 : 251276185196 us:  amd::Comgr::get_data() return 0 size for agent_triple_target_ids[0]=amdgcn-amd-amdhsa--gfx90c:xnack+
:3:hip_code_object.cpp      :964 : 251276185201 us:  amd::Comgr::get_data() return 0 size for agent_triple_target_ids[0]=amdgcn-amd-amdhsa--gfx90c:xnack+
:1:hip_fatbin.cpp           :780 : 251276185207 us:  Cannot find CO in the bundle /usr/lib64/librocsparse.so.1.0 for ISA: amdgcn-amd-amdhsa--gfx90c:xnack+
:3:hip_platform.cpp         :740 : 251276185216 us:  init: Returned hipErrorNoBinaryForGpu : continue parsing remaining modules
:3:hip_code_object.cpp      :964 : 251276187438 us:  amd::Comgr::get_data() return 0 size for agent_triple_target_ids[0]=amdgcn-amd-amdhsa--gfx90c:xnack+
:3:hip_code_object.cpp      :964 : 251276187462 us:  amd::Comgr::get_data() return 0 size for agent_triple_target_ids[0]=amdgcn-amd-amdhsa--gfx90c:xnack+
:3:hip_code_object.cpp      :964 : 251276187468 us:  amd::Comgr::get_data() return 0 size for agent_triple_target_ids[0]=amdgcn-amd-amdhsa--gfx90c:xnack+
:1:hip_fatbin.cpp           :780 : 251276187475 us:  Cannot find CO in the bundle /usr/lib64/librocsparse.so.1.0 for ISA: amdgcn-amd-amdhsa--gfx90c:xnack+
:3:hip_platform.cpp         :740 : 251276187483 us:  init: Returned hipErrorNoBinaryForGpu : continue parsing remaining modules
:3:hip_code_object.cpp      :964 : 251276192504 us:  amd::Comgr::get_data() return 0 size for agent_triple_target_ids[0]=amdgcn-amd-amdhsa--gfx90c:xnack+
:3:hip_code_object.cpp      :964 : 251276192535 us:  amd::Comgr::get_data() return 0 size for agent_triple_target_ids[0]=amdgcn-amd-amdhsa--gfx90c:xnack+
:3:hip_code_object.cpp      :964 : 251276192540 us:  amd::Comgr::get_data() return 0 size for agent_triple_target_ids[0]=amdgcn-amd-amdhsa--gfx90c:xnack+
:1:hip_fatbin.cpp           :780 : 251276192547 us:  Cannot find CO in the bundle /usr/lib64/librocsparse.so.1.0 for ISA: amdgcn-amd-amdhsa--gfx90c:xnack+
:3:hip_platform.cpp         :740 : 251276192558 us:  init: Returned hipErrorNoBinaryForGpu : continue parsing remaining modules
:3:hip_code_object.cpp      :964 : 251276194506 us:  amd::Comgr::get_data() return 0 size for agent_triple_target_ids[0]=amdgcn-amd-amdhsa--gfx90c:xnack+
:3:hip_code_object.cpp      :964 : 251276194524 us:  amd::Comgr::get_data() return 0 size for agent_triple_target_ids[0]=amdgcn-amd-amdhsa--gfx90c:xnack+
:3:hip_code_object.cpp      :964 : 251276194529 us:  amd::Comgr::get_data() return 0 size for agent_triple_target_ids[0]=amdgcn-amd-amdhsa--gfx90c:xnack+
:1:hip_fatbin.cpp           :780 : 251276194534 us:  Cannot find CO in the bundle /usr/lib64/librocsparse.so.1.0 for ISA: amdgcn-amd-amdhsa--gfx90c:xnack+
:3:hip_platform.cpp         :740 : 251276194541 us:  init: Returned hipErrorNoBinaryForGpu : continue parsing remaining modules
:3:hip_code_object.cpp      :964 : 251276195236 us:  amd::Comgr::get_data() return 0 size for agent_triple_target_ids[0]=amdgcn-amd-amdhsa--gfx90c:xnack+
:3:hip_code_object.cpp      :964 : 251276195248 us:  amd::Comgr::get_data() return 0 size for agent_triple_target_ids[0]=amdgcn-amd-amdhsa--gfx90c:xnack+
:3:hip_code_object.cpp      :964 : 251276195253 us:  amd::Comgr::get_data() return 0 size for agent_triple_target_ids[0]=amdgcn-amd-amdhsa--gfx90c:xnack+
:1:hip_fatbin.cpp           :780 : 251276195258 us:  Cannot find CO in the bundle /usr/lib64/librocsparse.so.1.0 for ISA: amdgcn-amd-amdhsa--gfx90c:xnack+
:3:hip_platform.cpp         :740 : 251276195263 us:  init: Returned hipErrorNoBinaryForGpu : continue parsing remaining modules
:3:hip_code_object.cpp      :964 : 251276196171 us:  amd::Comgr::get_data() return 0 size for agent_triple_target_ids[0]=amdgcn-amd-amdhsa--gfx90c:xnack+
:3:hip_code_object.cpp      :964 : 251276196183 us:  amd::Comgr::get_data() return 0 size for agent_triple_target_ids[0]=amdgcn-amd-amdhsa--gfx90c:xnack+
:3:hip_code_object.cpp      :964 : 251276196195 us:  amd::Comgr::get_data() return 0 size for agent_triple_target_ids[0]=amdgcn-amd-amdhsa--gfx90c:xnack+
:1:hip_fatbin.cpp           :780 : 251276196200 us:  Cannot find CO in the bundle /usr/lib64/librocsparse.so.1.0 for ISA: amdgcn-amd-amdhsa--gfx90c:xnack+
:3:hip_platform.cpp         :740 : 251276196206 us:  init: Returned hipErrorNoBinaryForGpu : continue parsing remaining modules
:3:hip_code_object.cpp      :964 : 251276212833 us:  amd::Comgr::get_data() return 0 size for agent_triple_target_ids[0]=amdgcn-amd-amdhsa--gfx90c:xnack+
:3:hip_code_object.cpp      :964 : 251276212862 us:  amd::Comgr::get_data() return 0 size for agent_triple_target_ids[0]=amdgcn-amd-amdhsa--gfx90c:xnack+
:3:hip_code_object.cpp      :964 : 251276212867 us:  amd::Comgr::get_data() return 0 size for agent_triple_target_ids[0]=amdgcn-amd-amdhsa--gfx90c:xnack+
:1:hip_fatbin.cpp           :780 : 251276212874 us:  Cannot find CO in the bundle /usr/lib64/librocsparse.so.1.0 for ISA: amdgcn-amd-amdhsa--gfx90c:xnack+
:3:hip_platform.cpp         :740 : 251276212883 us:  init: Returned hipErrorNoBinaryForGpu : continue parsing remaining modules
:3:hip_code_object.cpp      :964 : 251276282718 us:  amd::Comgr::get_data() return 0 size for agent_triple_target_ids[0]=amdgcn-amd-amdhsa--gfx90c:xnack+
:3:hip_code_object.cpp      :964 : 251276282750 us:  amd::Comgr::get_data() return 0 size for agent_triple_target_ids[0]=amdgcn-amd-amdhsa--gfx90c:xnack+
:3:hip_code_object.cpp      :964 : 251276282755 us:  amd::Comgr::get_data() return 0 size for agent_triple_target_ids[0]=amdgcn-amd-amdhsa--gfx90c:xnack+
:1:hip_fatbin.cpp           :780 : 251276282761 us:  Cannot find CO in the bundle /usr/lib64/librocsparse.so.1.0 for ISA: amdgcn-amd-amdhsa--gfx90c:xnack+
:3:hip_platform.cpp         :740 : 251276282772 us:  init: Returned hipErrorNoBinaryForGpu : continue parsing remaining modules
:3:hip_code_object.cpp      :964 : 251276790461 us:  amd::Comgr::get_data() return 0 size for agent_triple_target_ids[0]=amdgcn-amd-amdhsa--gfx90c:xnack+
:3:hip_code_object.cpp      :964 : 251276790492 us:  amd::Comgr::get_data() return 0 size for agent_triple_target_ids[0]=amdgcn-amd-amdhsa--gfx90c:xnack+
:3:hip_code_object.cpp      :964 : 251276790498 us:  amd::Comgr::get_data() return 0 size for agent_triple_target_ids[0]=amdgcn-amd-amdhsa--gfx90c:xnack+
:1:hip_fatbin.cpp           :780 : 251276790505 us:  Cannot find CO in the bundle /usr/lib64/librocsparse.so.1.0 for ISA: amdgcn-amd-amdhsa--gfx90c:xnack+
:3:hip_platform.cpp         :740 : 251276790515 us:  init: Returned hipErrorNoBinaryForGpu : continue parsing remaining modules
:3:hip_code_object.cpp      :964 : 251276792588 us:  amd::Comgr::get_data() return 0 size for agent_triple_target_ids[0]=amdgcn-amd-amdhsa--gfx90c:xnack+
:3:hip_code_object.cpp      :964 : 251276792607 us:  amd::Comgr::get_data() return 0 size for agent_triple_target_ids[0]=amdgcn-amd-amdhsa--gfx90c:xnack+
:3:hip_code_object.cpp      :964 : 251276792613 us:  amd::Comgr::get_data() return 0 size for agent_triple_target_ids[0]=amdgcn-amd-amdhsa--gfx90c:xnack+
:1:hip_fatbin.cpp           :780 : 251276792618 us:  Cannot find CO in the bundle /usr/lib64/librocsparse.so.1.0 for ISA: amdgcn-amd-amdhsa--gfx90c:xnack+
:3:hip_platform.cpp         :740 : 251276792625 us:  init: Returned hipErrorNoBinaryForGpu : continue parsing remaining modules
:3:hip_code_object.cpp      :964 : 251276946440 us:  amd::Comgr::get_data() return 0 size for agent_triple_target_ids[0]=amdgcn-amd-amdhsa--gfx90c:xnack+
:3:hip_code_object.cpp      :964 : 251276946469 us:  amd::Comgr::get_data() return 0 size for agent_triple_target_ids[0]=amdgcn-amd-amdhsa--gfx90c:xnack+
:3:hip_code_object.cpp      :964 : 251276946475 us:  amd::Comgr::get_data() return 0 size for agent_triple_target_ids[0]=amdgcn-amd-amdhsa--gfx90c:xnack+
:1:hip_fatbin.cpp           :780 : 251276946482 us:  Cannot find CO in the bundle /usr/lib64/librocsparse.so.1.0 for ISA: amdgcn-amd-amdhsa--gfx90c:xnack+
:3:hip_platform.cpp         :740 : 251276946502 us:  init: Returned hipErrorNoBinaryForGpu : continue parsing remaining modules
:3:hip_code_object.cpp      :964 : 251277146219 us:  amd::Comgr::get_data() return 0 size for agent_triple_target_ids[0]=amdgcn-amd-amdhsa--gfx90c:xnack+
:3:hip_code_object.cpp      :964 : 251277146249 us:  amd::Comgr::get_data() return 0 size for agent_triple_target_ids[0]=amdgcn-amd-amdhsa--gfx90c:xnack+
:3:hip_code_object.cpp      :964 : 251277146255 us:  amd::Comgr::get_data() return 0 size for agent_triple_target_ids[0]=amdgcn-amd-amdhsa--gfx90c:xnack+
:1:hip_fatbin.cpp           :780 : 251277146262 us:  Cannot find CO in the bundle /usr/lib64/librocsparse.so.1.0 for ISA: amdgcn-amd-amdhsa--gfx90c:xnack+
:3:hip_platform.cpp         :740 : 251277146273 us:  init: Returned hipErrorNoBinaryForGpu : continue parsing remaining modules
:3:hip_code_object.cpp      :964 : 251277537385 us:  amd::Comgr::get_data() return 0 size for agent_triple_target_ids[0]=amdgcn-amd-amdhsa--gfx90c:xnack+
:3:hip_code_object.cpp      :964 : 251277537416 us:  amd::Comgr::get_data() return 0 size for agent_triple_target_ids[0]=amdgcn-amd-amdhsa--gfx90c:xnack+
:3:hip_code_object.cpp      :964 : 251277537421 us:  amd::Comgr::get_data() return 0 size for agent_triple_target_ids[0]=amdgcn-amd-amdhsa--gfx90c:xnack+
:1:hip_fatbin.cpp           :780 : 251277537429 us:  Cannot find CO in the bundle /usr/lib64/librocsparse.so.1.0 for ISA: amdgcn-amd-amdhsa--gfx90c:xnack+
:3:hip_platform.cpp         :740 : 251277537439 us:  init: Returned hipErrorNoBinaryForGpu : continue parsing remaining modules
:3:hip_code_object.cpp      :964 : 251277564506 us:  amd::Comgr::get_data() return 0 size for agent_triple_target_ids[0]=amdgcn-amd-amdhsa--gfx90c:xnack+
:3:hip_code_object.cpp      :964 : 251277564544 us:  amd::Comgr::get_data() return 0 size for agent_triple_target_ids[0]=amdgcn-amd-amdhsa--gfx90c:xnack+
:3:hip_code_object.cpp      :964 : 251277564550 us:  amd::Comgr::get_data() return 0 size for agent_triple_target_ids[0]=amdgcn-amd-amdhsa--gfx90c:xnack+
:1:hip_fatbin.cpp           :780 : 251277564556 us:  Cannot find CO in the bundle /usr/lib64/librocsparse.so.1.0 for ISA: amdgcn-amd-amdhsa--gfx90c:xnack+
:3:hip_platform.cpp         :740 : 251277564567 us:  init: Returned hipErrorNoBinaryForGpu : continue parsing remaining modules
:3:hip_code_object.cpp      :964 : 251277569785 us:  amd::Comgr::get_data() return 0 size for agent_triple_target_ids[0]=amdgcn-amd-amdhsa--gfx90c:xnack+
:3:hip_code_object.cpp      :964 : 251277569818 us:  amd::Comgr::get_data() return 0 size for agent_triple_target_ids[0]=amdgcn-amd-amdhsa--gfx90c:xnack+
:3:hip_code_object.cpp      :964 : 251277569823 us:  amd::Comgr::get_data() return 0 size for agent_triple_target_ids[0]=amdgcn-amd-amdhsa--gfx90c:xnack+
:1:hip_fatbin.cpp           :780 : 251277569831 us:  Cannot find CO in the bundle /usr/lib64/librocsparse.so.1.0 for ISA: amdgcn-amd-amdhsa--gfx90c:xnack+
:3:hip_platform.cpp         :740 : 251277569843 us:  init: Returned hipErrorNoBinaryForGpu : continue parsing remaining modules
:3:hip_code_object.cpp      :964 : 251277878812 us:  amd::Comgr::get_data() return 0 size for agent_triple_target_ids[0]=amdgcn-amd-amdhsa--gfx90c:xnack+
:3:hip_code_object.cpp      :964 : 251277878843 us:  amd::Comgr::get_data() return 0 size for agent_triple_target_ids[0]=amdgcn-amd-amdhsa--gfx90c:xnack+
:3:hip_code_object.cpp      :964 : 251277878848 us:  amd::Comgr::get_data() return 0 size for agent_triple_target_ids[0]=amdgcn-amd-amdhsa--gfx90c:xnack+
:1:hip_fatbin.cpp           :780 : 251277878856 us:  Cannot find CO in the bundle /usr/lib64/librocsparse.so.1.0 for ISA: amdgcn-amd-amdhsa--gfx90c:xnack+
:3:hip_platform.cpp         :740 : 251277878866 us:  init: Returned hipErrorNoBinaryForGpu : continue parsing remaining modules
:3:hip_code_object.cpp      :964 : 251277880414 us:  amd::Comgr::get_data() return 0 size for agent_triple_target_ids[0]=amdgcn-amd-amdhsa--gfx90c:xnack+
:3:hip_code_object.cpp      :964 : 251277880430 us:  amd::Comgr::get_data() return 0 size for agent_triple_target_ids[0]=amdgcn-amd-amdhsa--gfx90c:xnack+
:3:hip_code_object.cpp      :964 : 251277880443 us:  amd::Comgr::get_data() return 0 size for agent_triple_target_ids[0]=amdgcn-amd-amdhsa--gfx90c:xnack+
:1:hip_fatbin.cpp           :780 : 251277880448 us:  Cannot find CO in the bundle /usr/lib64/librocsparse.so.1.0 for ISA: amdgcn-amd-amdhsa--gfx90c:xnack+
:3:hip_platform.cpp         :740 : 251277880454 us:  init: Returned hipErrorNoBinaryForGpu : continue parsing remaining modules
:3:hip_code_object.cpp      :964 : 251277959569 us:  amd::Comgr::get_data() return 0 size for agent_triple_target_ids[0]=amdgcn-amd-amdhsa--gfx90c:xnack+
:3:hip_code_object.cpp      :964 : 251277959599 us:  amd::Comgr::get_data() return 0 size for agent_triple_target_ids[0]=amdgcn-amd-amdhsa--gfx90c:xnack+
:3:hip_code_object.cpp      :964 : 251277959604 us:  amd::Comgr::get_data() return 0 size for agent_triple_target_ids[0]=amdgcn-amd-amdhsa--gfx90c:xnack+
:1:hip_fatbin.cpp           :780 : 251277959611 us:  Cannot find CO in the bundle /usr/lib64/librocsparse.so.1.0 for ISA: amdgcn-amd-amdhsa--gfx90c:xnack+
:3:hip_platform.cpp         :740 : 251277959622 us:  init: Returned hipErrorNoBinaryForGpu : continue parsing remaining modules
:3:hip_code_object.cpp      :964 : 251278018021 us:  amd::Comgr::get_data() return 0 size for agent_triple_target_ids[0]=amdgcn-amd-amdhsa--gfx90c:xnack+
:3:hip_code_object.cpp      :964 : 251278018050 us:  amd::Comgr::get_data() return 0 size for agent_triple_target_ids[0]=amdgcn-amd-amdhsa--gfx90c:xnack+
:3:hip_code_object.cpp      :964 : 251278018055 us:  amd::Comgr::get_data() return 0 size for agent_triple_target_ids[0]=amdgcn-amd-amdhsa--gfx90c:xnack+
:1:hip_fatbin.cpp           :780 : 251278018062 us:  Cannot find CO in the bundle /usr/lib64/librocsparse.so.1.0 for ISA: amdgcn-amd-amdhsa--gfx90c:xnack+
:3:hip_platform.cpp         :740 : 251278018072 us:  init: Returned hipErrorNoBinaryForGpu : continue parsing remaining modules
:3:hip_code_object.cpp      :964 : 251278091374 us:  amd::Comgr::get_data() return 0 size for agent_triple_target_ids[0]=amdgcn-amd-amdhsa--gfx90c:xnack+
:3:hip_code_object.cpp      :964 : 251278091404 us:  amd::Comgr::get_data() return 0 size for agent_triple_target_ids[0]=amdgcn-amd-amdhsa--gfx90c:xnack+
:3:hip_code_object.cpp      :964 : 251278091409 us:  amd::Comgr::get_data() return 0 size for agent_triple_target_ids[0]=amdgcn-amd-amdhsa--gfx90c:xnack+
:1:hip_fatbin.cpp           :780 : 251278091416 us:  Cannot find CO in the bundle /usr/lib64/librocsparse.so.1.0 for ISA: amdgcn-amd-amdhsa--gfx90c:xnack+
:3:hip_platform.cpp         :740 : 251278091427 us:  init: Returned hipErrorNoBinaryForGpu : continue parsing remaining modules
:3:hip_code_object.cpp      :964 : 251278093351 us:  amd::Comgr::get_data() return 0 size for agent_triple_target_ids[0]=amdgcn-amd-amdhsa--gfx90c:xnack+
:3:hip_code_object.cpp      :964 : 251278093372 us:  amd::Comgr::get_data() return 0 size for agent_triple_target_ids[0]=amdgcn-amd-amdhsa--gfx90c:xnack+
:3:hip_code_object.cpp      :964 : 251278093377 us:  amd::Comgr::get_data() return 0 size for agent_triple_target_ids[0]=amdgcn-amd-amdhsa--gfx90c:xnack+
:1:hip_fatbin.cpp           :780 : 251278093383 us:  Cannot find CO in the bundle /usr/lib64/librocsparse.so.1.0 for ISA: amdgcn-amd-amdhsa--gfx90c:xnack+
:3:hip_platform.cpp         :740 : 251278093391 us:  init: Returned hipErrorNoBinaryForGpu : continue parsing remaining modules
:3:hip_code_object.cpp      :964 : 251278096143 us:  amd::Comgr::get_data() return 0 size for agent_triple_target_ids[0]=amdgcn-amd-amdhsa--gfx90c:xnack+
:3:hip_code_object.cpp      :964 : 251278096163 us:  amd::Comgr::get_data() return 0 size for agent_triple_target_ids[0]=amdgcn-amd-amdhsa--gfx90c:xnack+
:3:hip_code_object.cpp      :964 : 251278096168 us:  amd::Comgr::get_data() return 0 size for agent_triple_target_ids[0]=amdgcn-amd-amdhsa--gfx90c:xnack+
:1:hip_fatbin.cpp           :780 : 251278096174 us:  Cannot find CO in the bundle /usr/lib64/librocsparse.so.1.0 for ISA: amdgcn-amd-amdhsa--gfx90c:xnack+
:3:hip_platform.cpp         :740 : 251278096190 us:  init: Returned hipErrorNoBinaryForGpu : continue parsing remaining modules
:3:hip_code_object.cpp      :964 : 251278345834 us:  amd::Comgr::get_data() return 0 size for agent_triple_target_ids[0]=amdgcn-amd-amdhsa--gfx90c:xnack+
:3:hip_code_object.cpp      :964 : 251278345865 us:  amd::Comgr::get_data() return 0 size for agent_triple_target_ids[0]=amdgcn-amd-amdhsa--gfx90c:xnack+
:3:hip_code_object.cpp      :964 : 251278345871 us:  amd::Comgr::get_data() return 0 size for agent_triple_target_ids[0]=amdgcn-amd-amdhsa--gfx90c:xnack+
:1:hip_fatbin.cpp           :780 : 251278345879 us:  Cannot find CO in the bundle /usr/lib64/librocsparse.so.1.0 for ISA: amdgcn-amd-amdhsa--gfx90c:xnack+
:3:hip_platform.cpp         :740 : 251278345890 us:  init: Returned hipErrorNoBinaryForGpu : continue parsing remaining modules
:3:hip_code_object.cpp      :964 : 251278531227 us:  amd::Comgr::get_data() return 0 size for agent_triple_target_ids[0]=amdgcn-amd-amdhsa--gfx90c:xnack+
:3:hip_code_object.cpp      :964 : 251278531257 us:  amd::Comgr::get_data() return 0 size for agent_triple_target_ids[0]=amdgcn-amd-amdhsa--gfx90c:xnack+
:3:hip_code_object.cpp      :964 : 251278531262 us:  amd::Comgr::get_data() return 0 size for agent_triple_target_ids[0]=amdgcn-amd-amdhsa--gfx90c:xnack+
:1:hip_fatbin.cpp           :780 : 251278531270 us:  Cannot find CO in the bundle /usr/lib64/librocsparse.so.1.0 for ISA: amdgcn-amd-amdhsa--gfx90c:xnack+
:3:hip_platform.cpp         :740 : 251278531281 us:  init: Returned hipErrorNoBinaryForGpu : continue parsing remaining modules
:3:hip_code_object.cpp      :964 : 251278540126 us:  amd::Comgr::get_data() return 0 size for agent_triple_target_ids[0]=amdgcn-amd-amdhsa--gfx90c:xnack+
:3:hip_code_object.cpp      :964 : 251278540158 us:  amd::Comgr::get_data() return 0 size for agent_triple_target_ids[0]=amdgcn-amd-amdhsa--gfx90c:xnack+
:3:hip_code_object.cpp      :964 : 251278540163 us:  amd::Comgr::get_data() return 0 size for agent_triple_target_ids[0]=amdgcn-amd-amdhsa--gfx90c:xnack+
:1:hip_fatbin.cpp           :780 : 251278540170 us:  Cannot find CO in the bundle /usr/lib64/librocsparse.so.1.0 for ISA: amdgcn-amd-amdhsa--gfx90c:xnack+
:3:hip_platform.cpp         :740 : 251278540181 us:  init: Returned hipErrorNoBinaryForGpu : continue parsing remaining modules
:3:hip_code_object.cpp      :964 : 251278779130 us:  amd::Comgr::get_data() return 0 size for agent_triple_target_ids[0]=amdgcn-amd-amdhsa--gfx90c:xnack+
:3:hip_code_object.cpp      :964 : 251278779161 us:  amd::Comgr::get_data() return 0 size for agent_triple_target_ids[0]=amdgcn-amd-amdhsa--gfx90c:xnack+
:3:hip_code_object.cpp      :964 : 251278779167 us:  amd::Comgr::get_data() return 0 size for agent_triple_target_ids[0]=amdgcn-amd-amdhsa--gfx90c:xnack+
:1:hip_fatbin.cpp           :780 : 251278779174 us:  Cannot find CO in the bundle /usr/lib64/librocsparse.so.1.0 for ISA: amdgcn-amd-amdhsa--gfx90c:xnack+
:3:hip_platform.cpp         :740 : 251278779184 us:  init: Returned hipErrorNoBinaryForGpu : continue parsing remaining modules
:3:hip_code_object.cpp      :964 : 251278781160 us:  amd::Comgr::get_data() return 0 size for agent_triple_target_ids[0]=amdgcn-amd-amdhsa--gfx90c:xnack+
:3:hip_code_object.cpp      :964 : 251278781177 us:  amd::Comgr::get_data() return 0 size for agent_triple_target_ids[0]=amdgcn-amd-amdhsa--gfx90c:xnack+
:3:hip_code_object.cpp      :964 : 251278781182 us:  amd::Comgr::get_data() return 0 size for agent_triple_target_ids[0]=amdgcn-amd-amdhsa--gfx90c:xnack+
:1:hip_fatbin.cpp           :780 : 251278781188 us:  Cannot find CO in the bundle /usr/lib64/librocsparse.so.1.0 for ISA: amdgcn-amd-amdhsa--gfx90c:xnack+
:3:hip_platform.cpp         :740 : 251278781195 us:  init: Returned hipErrorNoBinaryForGpu : continue parsing remaining modules
:3:hip_code_object.cpp      :964 : 251278781890 us:  amd::Comgr::get_data() return 0 size for agent_triple_target_ids[0]=amdgcn-amd-amdhsa--gfx90c:xnack+
:3:hip_code_object.cpp      :964 : 251278781902 us:  amd::Comgr::get_data() return 0 size for agent_triple_target_ids[0]=amdgcn-amd-amdhsa--gfx90c:xnack+
:3:hip_code_object.cpp      :964 : 251278781914 us:  amd::Comgr::get_data() return 0 size for agent_triple_target_ids[0]=amdgcn-amd-amdhsa--gfx90c:xnack+
:1:hip_fatbin.cpp           :780 : 251278781920 us:  Cannot find CO in the bundle /usr/lib64/librocsparse.so.1.0 for ISA: amdgcn-amd-amdhsa--gfx90c:xnack+
:3:hip_platform.cpp         :740 : 251278781925 us:  init: Returned hipErrorNoBinaryForGpu : continue parsing remaining modules
:3:hip_code_object.cpp      :964 : 251278782964 us:  amd::Comgr::get_data() return 0 size for agent_triple_target_ids[0]=amdgcn-amd-amdhsa--gfx90c:xnack+
:3:hip_code_object.cpp      :964 : 251278782977 us:  amd::Comgr::get_data() return 0 size for agent_triple_target_ids[0]=amdgcn-amd-amdhsa--gfx90c:xnack+
:3:hip_code_object.cpp      :964 : 251278782982 us:  amd::Comgr::get_data() return 0 size for agent_triple_target_ids[0]=amdgcn-amd-amdhsa--gfx90c:xnack+
:1:hip_fatbin.cpp           :780 : 251278782987 us:  Cannot find CO in the bundle /usr/lib64/librocsparse.so.1.0 for ISA: amdgcn-amd-amdhsa--gfx90c:xnack+
:3:hip_platform.cpp         :740 : 251278782993 us:  init: Returned hipErrorNoBinaryForGpu : continue parsing remaining modules
:3:hip_code_object.cpp      :964 : 251278802955 us:  amd::Comgr::get_data() return 0 size for agent_triple_target_ids[0]=amdgcn-amd-amdhsa--gfx90c:xnack+
:3:hip_code_object.cpp      :964 : 251278802985 us:  amd::Comgr::get_data() return 0 size for agent_triple_target_ids[0]=amdgcn-amd-amdhsa--gfx90c:xnack+
:3:hip_code_object.cpp      :964 : 251278802991 us:  amd::Comgr::get_data() return 0 size for agent_triple_target_ids[0]=amdgcn-amd-amdhsa--gfx90c:xnack+
:1:hip_fatbin.cpp           :780 : 251278802998 us:  Cannot find CO in the bundle /usr/lib64/librocsparse.so.1.0 for ISA: amdgcn-amd-amdhsa--gfx90c:xnack+
:3:hip_platform.cpp         :740 : 251278803017 us:  init: Returned hipErrorNoBinaryForGpu : continue parsing remaining modules
:3:hip_code_object.cpp      :964 : 251280070123 us:  amd::Comgr::get_data() return 0 size for agent_triple_target_ids[0]=amdgcn-amd-amdhsa--gfx90c:xnack+
:3:hip_code_object.cpp      :964 : 251280070153 us:  amd::Comgr::get_data() return 0 size for agent_triple_target_ids[0]=amdgcn-amd-amdhsa--gfx90c:xnack+
:3:hip_code_object.cpp      :964 : 251280070159 us:  amd::Comgr::get_data() return 0 size for agent_triple_target_ids[0]=amdgcn-amd-amdhsa--gfx90c:xnack+
:1:hip_fatbin.cpp           :780 : 251280070167 us:  Cannot find CO in the bundle /usr/lib64/librocsparse.so.1.0 for ISA: amdgcn-amd-amdhsa--gfx90c:xnack+
:3:hip_platform.cpp         :740 : 251280070178 us:  init: Returned hipErrorNoBinaryForGpu : continue parsing remaining modules
:3:hip_code_object.cpp      :964 : 251280604991 us:  amd::Comgr::get_data() return 0 size for agent_triple_target_ids[0]=amdgcn-amd-amdhsa--gfx90c:xnack+
:3:hip_code_object.cpp      :964 : 251280605040 us:  amd::Comgr::get_data() return 0 size for agent_triple_target_ids[0]=amdgcn-amd-amdhsa--gfx90c:xnack+
:3:hip_code_object.cpp      :964 : 251280605046 us:  amd::Comgr::get_data() return 0 size for agent_triple_target_ids[0]=amdgcn-amd-amdhsa--gfx90c:xnack+
:1:hip_fatbin.cpp           :780 : 251280605055 us:  Cannot find CO in the bundle /usr/lib64/librocsparse.so.1.0 for ISA: amdgcn-amd-amdhsa--gfx90c:xnack+
:3:hip_platform.cpp         :740 : 251280605066 us:  init: Returned hipErrorNoBinaryForGpu : continue parsing remaining modules
:3:hip_code_object.cpp      :964 : 251280610674 us:  amd::Comgr::get_data() return 0 size for agent_triple_target_ids[0]=amdgcn-amd-amdhsa--gfx90c:xnack+
:3:hip_code_object.cpp      :964 : 251280610701 us:  amd::Comgr::get_data() return 0 size for agent_triple_target_ids[0]=amdgcn-amd-amdhsa--gfx90c:xnack+
:3:hip_code_object.cpp      :964 : 251280610706 us:  amd::Comgr::get_data() return 0 size for agent_triple_target_ids[0]=amdgcn-amd-amdhsa--gfx90c:xnack+
:1:hip_fatbin.cpp           :780 : 251280610713 us:  Cannot find CO in the bundle /usr/lib64/librocsparse.so.1.0 for ISA: amdgcn-amd-amdhsa--gfx90c:xnack+
:3:hip_platform.cpp         :740 : 251280610732 us:  init: Returned hipErrorNoBinaryForGpu : continue parsing remaining modules
:3:hip_code_object.cpp      :964 : 251280616057 us:  amd::Comgr::get_data() return 0 size for agent_triple_target_ids[0]=amdgcn-amd-amdhsa--gfx90c:xnack+
:3:hip_code_object.cpp      :964 : 251280616078 us:  amd::Comgr::get_data() return 0 size for agent_triple_target_ids[0]=amdgcn-amd-amdhsa--gfx90c:xnack+
:3:hip_code_object.cpp      :964 : 251280616083 us:  amd::Comgr::get_data() return 0 size for agent_triple_target_ids[0]=amdgcn-amd-amdhsa--gfx90c:xnack+
:1:hip_fatbin.cpp           :780 : 251280616089 us:  Cannot find CO in the bundle /usr/lib64/librocsparse.so.1.0 for ISA: amdgcn-amd-amdhsa--gfx90c:xnack+
:3:hip_platform.cpp         :740 : 251280616098 us:  init: Returned hipErrorNoBinaryForGpu : continue parsing remaining modules
:3:hip_code_object.cpp      :964 : 251280617631 us:  amd::Comgr::get_data() return 0 size for agent_triple_target_ids[0]=amdgcn-amd-amdhsa--gfx90c:xnack+
:3:hip_code_object.cpp      :964 : 251280617645 us:  amd::Comgr::get_data() return 0 size for agent_triple_target_ids[0]=amdgcn-amd-amdhsa--gfx90c:xnack+
:3:hip_code_object.cpp      :964 : 251280617650 us:  amd::Comgr::get_data() return 0 size for agent_triple_target_ids[0]=amdgcn-amd-amdhsa--gfx90c:xnack+
:1:hip_fatbin.cpp           :780 : 251280617655 us:  Cannot find CO in the bundle /usr/lib64/librocsparse.so.1.0 for ISA: amdgcn-amd-amdhsa--gfx90c:xnack+
:3:hip_platform.cpp         :740 : 251280617661 us:  init: Returned hipErrorNoBinaryForGpu : continue parsing remaining modules
:3:hip_code_object.cpp      :964 : 251280884266 us:  amd::Comgr::get_data() return 0 size for agent_triple_target_ids[0]=amdgcn-amd-amdhsa--gfx90c:xnack+
:3:hip_code_object.cpp      :964 : 251280884299 us:  amd::Comgr::get_data() return 0 size for agent_triple_target_ids[0]=amdgcn-amd-amdhsa--gfx90c:xnack+
:3:hip_code_object.cpp      :964 : 251280884304 us:  amd::Comgr::get_data() return 0 size for agent_triple_target_ids[0]=amdgcn-amd-amdhsa--gfx90c:xnack+
:1:hip_fatbin.cpp           :780 : 251280884312 us:  Cannot find CO in the bundle /usr/lib64/librocsparse.so.1.0 for ISA: amdgcn-amd-amdhsa--gfx90c:xnack+
:3:hip_platform.cpp         :740 : 251280884323 us:  init: Returned hipErrorNoBinaryForGpu : continue parsing remaining modules
:3:hip_code_object.cpp      :964 : 251280889520 us:  amd::Comgr::get_data() return 0 size for agent_triple_target_ids[0]=amdgcn-amd-amdhsa--gfx90c:xnack+
:3:hip_code_object.cpp      :964 : 251280889549 us:  amd::Comgr::get_data() return 0 size for agent_triple_target_ids[0]=amdgcn-amd-amdhsa--gfx90c:xnack+
:3:hip_code_object.cpp      :964 : 251280889555 us:  amd::Comgr::get_data() return 0 size for agent_triple_target_ids[0]=amdgcn-amd-amdhsa--gfx90c:xnack+
:1:hip_fatbin.cpp           :780 : 251280889562 us:  Cannot find CO in the bundle /usr/lib64/librocsparse.so.1.0 for ISA: amdgcn-amd-amdhsa--gfx90c:xnack+
:3:hip_platform.cpp         :740 : 251280889572 us:  init: Returned hipErrorNoBinaryForGpu : continue parsing remaining modules
:3:hip_code_object.cpp      :964 : 251280890590 us:  amd::Comgr::get_data() return 0 size for agent_triple_target_ids[0]=amdgcn-amd-amdhsa--gfx90c:xnack+
:3:hip_code_object.cpp      :964 : 251280890603 us:  amd::Comgr::get_data() return 0 size for agent_triple_target_ids[0]=amdgcn-amd-amdhsa--gfx90c:xnack+
:3:hip_code_object.cpp      :964 : 251280890608 us:  amd::Comgr::get_data() return 0 size for agent_triple_target_ids[0]=amdgcn-amd-amdhsa--gfx90c:xnack+
:1:hip_fatbin.cpp           :780 : 251280890613 us:  Cannot find CO in the bundle /usr/lib64/librocsparse.so.1.0 for ISA: amdgcn-amd-amdhsa--gfx90c:xnack+
:3:hip_platform.cpp         :740 : 251280890619 us:  init: Returned hipErrorNoBinaryForGpu : continue parsing remaining modules
:3:hip_code_object.cpp      :964 : 251281202525 us:  amd::Comgr::get_data() return 0 size for agent_triple_target_ids[0]=amdgcn-amd-amdhsa--gfx90c:xnack+
:3:hip_code_object.cpp      :964 : 251281202556 us:  amd::Comgr::get_data() return 0 size for agent_triple_target_ids[0]=amdgcn-amd-amdhsa--gfx90c:xnack+
:3:hip_code_object.cpp      :964 : 251281202572 us:  amd::Comgr::get_data() return 0 size for agent_triple_target_ids[0]=amdgcn-amd-amdhsa--gfx90c:xnack+
:1:hip_fatbin.cpp           :780 : 251281202579 us:  Cannot find CO in the bundle /usr/lib64/librocsparse.so.1.0 for ISA: amdgcn-amd-amdhsa--gfx90c:xnack+
:3:hip_platform.cpp         :740 : 251281202590 us:  init: Returned hipErrorNoBinaryForGpu : continue parsing remaining modules
:3:hip_code_object.cpp      :964 : 251281209418 us:  amd::Comgr::get_data() return 0 size for agent_triple_target_ids[0]=amdgcn-amd-amdhsa--gfx90c:xnack+
:3:hip_code_object.cpp      :964 : 251281209447 us:  amd::Comgr::get_data() return 0 size for agent_triple_target_ids[0]=amdgcn-amd-amdhsa--gfx90c:xnack+
:3:hip_code_object.cpp      :964 : 251281209452 us:  amd::Comgr::get_data() return 0 size for agent_triple_target_ids[0]=amdgcn-amd-amdhsa--gfx90c:xnack+
:1:hip_fatbin.cpp           :780 : 251281209459 us:  Cannot find CO in the bundle /usr/lib64/librocsparse.so.1.0 for ISA: amdgcn-amd-amdhsa--gfx90c:xnack+
:3:hip_platform.cpp         :740 : 251281209469 us:  init: Returned hipErrorNoBinaryForGpu : continue parsing remaining modules
:3:hip_code_object.cpp      :964 : 251281210725 us:  amd::Comgr::get_data() return 0 size for agent_triple_target_ids[0]=amdgcn-amd-amdhsa--gfx90c:xnack+
:3:hip_code_object.cpp      :964 : 251281210738 us:  amd::Comgr::get_data() return 0 size for agent_triple_target_ids[0]=amdgcn-amd-amdhsa--gfx90c:xnack+
:3:hip_code_object.cpp      :964 : 251281210743 us:  amd::Comgr::get_data() return 0 size for agent_triple_target_ids[0]=amdgcn-amd-amdhsa--gfx90c:xnack+
:1:hip_fatbin.cpp           :780 : 251281210748 us:  Cannot find CO in the bundle /usr/lib64/librocsparse.so.1.0 for ISA: amdgcn-amd-amdhsa--gfx90c:xnack+
:3:hip_platform.cpp         :740 : 251281210754 us:  init: Returned hipErrorNoBinaryForGpu : continue parsing remaining modules
:3:hip_code_object.cpp      :964 : 251281211530 us:  amd::Comgr::get_data() return 0 size for agent_triple_target_ids[0]=amdgcn-amd-amdhsa--gfx90c:xnack+
:3:hip_code_object.cpp      :964 : 251281211543 us:  amd::Comgr::get_data() return 0 size for agent_triple_target_ids[0]=amdgcn-amd-amdhsa--gfx90c:xnack+
:3:hip_code_object.cpp      :964 : 251281211548 us:  amd::Comgr::get_data() return 0 size for agent_triple_target_ids[0]=amdgcn-amd-amdhsa--gfx90c:xnack+
:1:hip_fatbin.cpp           :780 : 251281211553 us:  Cannot find CO in the bundle /usr/lib64/librocsparse.so.1.0 for ISA: amdgcn-amd-amdhsa--gfx90c:xnack+
:3:hip_platform.cpp         :740 : 251281211558 us:  init: Returned hipErrorNoBinaryForGpu : continue parsing remaining modules
:3:hip_code_object.cpp      :964 : 251281532920 us:  amd::Comgr::get_data() return 0 size for agent_triple_target_ids[0]=amdgcn-amd-amdhsa--gfx90c:xnack+
:3:hip_code_object.cpp      :964 : 251281532954 us:  amd::Comgr::get_data() return 0 size for agent_triple_target_ids[0]=amdgcn-amd-amdhsa--gfx90c:xnack+
:3:hip_code_object.cpp      :964 : 251281532960 us:  amd::Comgr::get_data() return 0 size for agent_triple_target_ids[0]=amdgcn-amd-amdhsa--gfx90c:xnack+
:1:hip_fatbin.cpp           :780 : 251281532967 us:  Cannot find CO in the bundle /usr/lib64/librocsparse.so.1.0 for ISA: amdgcn-amd-amdhsa--gfx90c:xnack+
:3:hip_platform.cpp         :740 : 251281532978 us:  init: Returned hipErrorNoBinaryForGpu : continue parsing remaining modules
:3:hip_code_object.cpp      :964 : 251281537911 us:  amd::Comgr::get_data() return 0 size for agent_triple_target_ids[0]=amdgcn-amd-amdhsa--gfx90c:xnack+
:3:hip_code_object.cpp      :964 : 251281537956 us:  amd::Comgr::get_data() return 0 size for agent_triple_target_ids[0]=amdgcn-amd-amdhsa--gfx90c:xnack+
:3:hip_code_object.cpp      :964 : 251281537961 us:  amd::Comgr::get_data() return 0 size for agent_triple_target_ids[0]=amdgcn-amd-amdhsa--gfx90c:xnack+
:1:hip_fatbin.cpp           :780 : 251281537969 us:  Cannot find CO in the bundle /usr/lib64/librocsparse.so.1.0 for ISA: amdgcn-amd-amdhsa--gfx90c:xnack+
:3:hip_platform.cpp         :740 : 251281538012 us:  init: Returned hipErrorNoBinaryForGpu : continue parsing remaining modules
:3:hip_code_object.cpp      :964 : 251281541650 us:  amd::Comgr::get_data() return 0 size for agent_triple_target_ids[0]=amdgcn-amd-amdhsa--gfx90c:xnack+
:3:hip_code_object.cpp      :964 : 251281541677 us:  amd::Comgr::get_data() return 0 size for agent_triple_target_ids[0]=amdgcn-amd-amdhsa--gfx90c:xnack+
:3:hip_code_object.cpp      :964 : 251281541682 us:  amd::Comgr::get_data() return 0 size for agent_triple_target_ids[0]=amdgcn-amd-amdhsa--gfx90c:xnack+
:1:hip_fatbin.cpp           :780 : 251281541689 us:  Cannot find CO in the bundle /usr/lib64/librocsparse.so.1.0 for ISA: amdgcn-amd-amdhsa--gfx90c:xnack+
:3:hip_platform.cpp         :740 : 251281541699 us:  init: Returned hipErrorNoBinaryForGpu : continue parsing remaining modules
:3:hip_code_object.cpp      :964 : 251281544187 us:  amd::Comgr::get_data() return 0 size for agent_triple_target_ids[0]=amdgcn-amd-amdhsa--gfx90c:xnack+
:3:hip_code_object.cpp      :964 : 251281544207 us:  amd::Comgr::get_data() return 0 size for agent_triple_target_ids[0]=amdgcn-amd-amdhsa--gfx90c:xnack+
:3:hip_code_object.cpp      :964 : 251281544212 us:  amd::Comgr::get_data() return 0 size for agent_triple_target_ids[0]=amdgcn-amd-amdhsa--gfx90c:xnack+
:1:hip_fatbin.cpp           :780 : 251281544218 us:  Cannot find CO in the bundle /usr/lib64/librocsparse.so.1.0 for ISA: amdgcn-amd-amdhsa--gfx90c:xnack+
:3:hip_platform.cpp         :740 : 251281544225 us:  init: Returned hipErrorNoBinaryForGpu : continue parsing remaining modules
:3:hip_code_object.cpp      :964 : 251281556771 us:  amd::Comgr::get_data() return 0 size for agent_triple_target_ids[0]=amdgcn-amd-amdhsa--gfx90c:xnack+
:3:hip_code_object.cpp      :964 : 251281556802 us:  amd::Comgr::get_data() return 0 size for agent_triple_target_ids[0]=amdgcn-amd-amdhsa--gfx90c:xnack+
:3:hip_code_object.cpp      :964 : 251281556807 us:  amd::Comgr::get_data() return 0 size for agent_triple_target_ids[0]=amdgcn-amd-amdhsa--gfx90c:xnack+
:1:hip_fatbin.cpp           :780 : 251281556814 us:  Cannot find CO in the bundle /usr/lib64/librocsparse.so.1.0 for ISA: amdgcn-amd-amdhsa--gfx90c:xnack+
:3:hip_platform.cpp         :740 : 251281556825 us:  init: Returned hipErrorNoBinaryForGpu : continue parsing remaining modules
:3:hip_code_object.cpp      :964 : 251281558160 us:  amd::Comgr::get_data() return 0 size for agent_triple_target_ids[0]=amdgcn-amd-amdhsa--gfx90c:xnack+
:3:hip_code_object.cpp      :964 : 251281558177 us:  amd::Comgr::get_data() return 0 size for agent_triple_target_ids[0]=amdgcn-amd-amdhsa--gfx90c:xnack+
:3:hip_code_object.cpp      :964 : 251281558182 us:  amd::Comgr::get_data() return 0 size for agent_triple_target_ids[0]=amdgcn-amd-amdhsa--gfx90c:xnack+
:1:hip_fatbin.cpp           :780 : 251281558188 us:  Cannot find CO in the bundle /usr/lib64/librocsparse.so.1.0 for ISA: amdgcn-amd-amdhsa--gfx90c:xnack+
:3:hip_platform.cpp         :740 : 251281558194 us:  init: Returned hipErrorNoBinaryForGpu : continue parsing remaining modules
:3:hip_code_object.cpp      :964 : 251281559188 us:  amd::Comgr::get_data() return 0 size for agent_triple_target_ids[0]=amdgcn-amd-amdhsa--gfx90c:xnack+
:3:hip_code_object.cpp      :964 : 251281559201 us:  amd::Comgr::get_data() return 0 size for agent_triple_target_ids[0]=amdgcn-amd-amdhsa--gfx90c:xnack+
:3:hip_code_object.cpp      :964 : 251281559206 us:  amd::Comgr::get_data() return 0 size for agent_triple_target_ids[0]=amdgcn-amd-amdhsa--gfx90c:xnack+
:1:hip_fatbin.cpp           :780 : 251281559211 us:  Cannot find CO in the bundle /usr/lib64/librocsparse.so.1.0 for ISA: amdgcn-amd-amdhsa--gfx90c:xnack+
:3:hip_platform.cpp         :740 : 251281559216 us:  init: Returned hipErrorNoBinaryForGpu : continue parsing remaining modules
:3:hip_code_object.cpp      :964 : 251281568404 us:  amd::Comgr::get_data() return 0 size for agent_triple_target_ids[0]=amdgcn-amd-amdhsa--gfx90c:xnack+
:3:hip_code_object.cpp      :964 : 251281568434 us:  amd::Comgr::get_data() return 0 size for agent_triple_target_ids[0]=amdgcn-amd-amdhsa--gfx90c:xnack+
:3:hip_code_object.cpp      :964 : 251281568449 us:  amd::Comgr::get_data() return 0 size for agent_triple_target_ids[0]=amdgcn-amd-amdhsa--gfx90c:xnack+
:1:hip_fatbin.cpp           :780 : 251281568456 us:  Cannot find CO in the bundle /usr/lib64/librocsparse.so.1.0 for ISA: amdgcn-amd-amdhsa--gfx90c:xnack+
:3:hip_platform.cpp         :740 : 251281568467 us:  init: Returned hipErrorNoBinaryForGpu : continue parsing remaining modules
:3:hip_code_object.cpp      :964 : 251281600911 us:  amd::Comgr::get_data() return 0 size for agent_triple_target_ids[0]=amdgcn-amd-amdhsa--gfx90c:xnack+
:3:hip_code_object.cpp      :964 : 251281600940 us:  amd::Comgr::get_data() return 0 size for agent_triple_target_ids[0]=amdgcn-amd-amdhsa--gfx90c:xnack+
:3:hip_code_object.cpp      :964 : 251281600946 us:  amd::Comgr::get_data() return 0 size for agent_triple_target_ids[0]=amdgcn-amd-amdhsa--gfx90c:xnack+
:1:hip_fatbin.cpp           :780 : 251281600952 us:  Cannot find CO in the bundle /usr/lib64/librocsparse.so.1.0 for ISA: amdgcn-amd-amdhsa--gfx90c:xnack+
:3:hip_platform.cpp         :740 : 251281600963 us:  init: Returned hipErrorNoBinaryForGpu : continue parsing remaining modules
:3:hip_code_object.cpp      :964 : 251281648291 us:  amd::Comgr::get_data() return 0 size for agent_triple_target_ids[0]=amdgcn-amd-amdhsa--gfx90c:xnack+
:3:hip_code_object.cpp      :964 : 251281648322 us:  amd::Comgr::get_data() return 0 size for agent_triple_target_ids[0]=amdgcn-amd-amdhsa--gfx90c:xnack+
:3:hip_code_object.cpp      :964 : 251281648327 us:  amd::Comgr::get_data() return 0 size for agent_triple_target_ids[0]=amdgcn-amd-amdhsa--gfx90c:xnack+
:1:hip_fatbin.cpp           :780 : 251281648334 us:  Cannot find CO in the bundle /usr/lib64/librocsparse.so.1.0 for ISA: amdgcn-amd-amdhsa--gfx90c:xnack+
:3:hip_platform.cpp         :740 : 251281648345 us:  init: Returned hipErrorNoBinaryForGpu : continue parsing remaining modules
:3:hip_code_object.cpp      :964 : 251281665517 us:  amd::Comgr::get_data() return 0 size for agent_triple_target_ids[0]=amdgcn-amd-amdhsa--gfx90c:xnack+
:3:hip_code_object.cpp      :964 : 251281665549 us:  amd::Comgr::get_data() return 0 size for agent_triple_target_ids[0]=amdgcn-amd-amdhsa--gfx90c:xnack+
:3:hip_code_object.cpp      :964 : 251281665555 us:  amd::Comgr::get_data() return 0 size for agent_triple_target_ids[0]=amdgcn-amd-amdhsa--gfx90c:xnack+
:1:hip_fatbin.cpp           :780 : 251281665562 us:  Cannot find CO in the bundle /usr/lib64/librocsparse.so.1.0 for ISA: amdgcn-amd-amdhsa--gfx90c:xnack+
:3:hip_platform.cpp         :740 : 251281665573 us:  init: Returned hipErrorNoBinaryForGpu : continue parsing remaining modules
:3:hip_code_object.cpp      :964 : 251281667266 us:  amd::Comgr::get_data() return 0 size for agent_triple_target_ids[0]=amdgcn-amd-amdhsa--gfx90c:xnack+
:3:hip_code_object.cpp      :964 : 251281667282 us:  amd::Comgr::get_data() return 0 size for agent_triple_target_ids[0]=amdgcn-amd-amdhsa--gfx90c:xnack+
:3:hip_code_object.cpp      :964 : 251281667287 us:  amd::Comgr::get_data() return 0 size for agent_triple_target_ids[0]=amdgcn-amd-amdhsa--gfx90c:xnack+
:1:hip_fatbin.cpp           :780 : 251281667293 us:  Cannot find CO in the bundle /usr/lib64/librocsparse.so.1.0 for ISA: amdgcn-amd-amdhsa--gfx90c:xnack+
:3:hip_platform.cpp         :740 : 251281667299 us:  init: Returned hipErrorNoBinaryForGpu : continue parsing remaining modules
:3:hip_code_object.cpp      :964 : 251281668141 us:  amd::Comgr::get_data() return 0 size for agent_triple_target_ids[0]=amdgcn-amd-amdhsa--gfx90c:xnack+
:3:hip_code_object.cpp      :964 : 251281668154 us:  amd::Comgr::get_data() return 0 size for agent_triple_target_ids[0]=amdgcn-amd-amdhsa--gfx90c:xnack+
:3:hip_code_object.cpp      :964 : 251281668159 us:  amd::Comgr::get_data() return 0 size for agent_triple_target_ids[0]=amdgcn-amd-amdhsa--gfx90c:xnack+
:1:hip_fatbin.cpp           :780 : 251281668164 us:  Cannot find CO in the bundle /usr/lib64/librocsparse.so.1.0 for ISA: amdgcn-amd-amdhsa--gfx90c:xnack+
:3:hip_platform.cpp         :740 : 251281668178 us:  init: Returned hipErrorNoBinaryForGpu : continue parsing remaining modules
:3:hip_code_object.cpp      :964 : 251281668892 us:  amd::Comgr::get_data() return 0 size for agent_triple_target_ids[0]=amdgcn-amd-amdhsa--gfx90c:xnack+
:3:hip_code_object.cpp      :964 : 251281668903 us:  amd::Comgr::get_data() return 0 size for agent_triple_target_ids[0]=amdgcn-amd-amdhsa--gfx90c:xnack+
:3:hip_code_object.cpp      :964 : 251281668908 us:  amd::Comgr::get_data() return 0 size for agent_triple_target_ids[0]=amdgcn-amd-amdhsa--gfx90c:xnack+
:1:hip_fatbin.cpp           :780 : 251281668913 us:  Cannot find CO in the bundle /usr/lib64/librocsparse.so.1.0 for ISA: amdgcn-amd-amdhsa--gfx90c:xnack+
:3:hip_platform.cpp         :740 : 251281668918 us:  init: Returned hipErrorNoBinaryForGpu : continue parsing remaining modules
:3:hip_code_object.cpp      :964 : 251281670719 us:  amd::Comgr::get_data() return 0 size for agent_triple_target_ids[0]=amdgcn-amd-amdhsa--gfx90c:xnack+
:3:hip_code_object.cpp      :964 : 251281670740 us:  amd::Comgr::get_data() return 0 size for agent_triple_target_ids[0]=amdgcn-amd-amdhsa--gfx90c:xnack+
:3:hip_code_object.cpp      :964 : 251281670745 us:  amd::Comgr::get_data() return 0 size for agent_triple_target_ids[0]=amdgcn-amd-amdhsa--gfx90c:xnack+
:1:hip_fatbin.cpp           :780 : 251281670751 us:  Cannot find CO in the bundle /usr/lib64/librocsparse.so.1.0 for ISA: amdgcn-amd-amdhsa--gfx90c:xnack+
:3:hip_platform.cpp         :740 : 251281670759 us:  init: Returned hipErrorNoBinaryForGpu : continue parsing remaining modules
:3:hip_code_object.cpp      :964 : 251281671486 us:  amd::Comgr::get_data() return 0 size for agent_triple_target_ids[0]=amdgcn-amd-amdhsa--gfx90c:xnack+
:3:hip_code_object.cpp      :964 : 251281671498 us:  amd::Comgr::get_data() return 0 size for agent_triple_target_ids[0]=amdgcn-amd-amdhsa--gfx90c:xnack+
:3:hip_code_object.cpp      :964 : 251281671503 us:  amd::Comgr::get_data() return 0 size for agent_triple_target_ids[0]=amdgcn-amd-amdhsa--gfx90c:xnack+
:1:hip_fatbin.cpp           :780 : 251281671508 us:  Cannot find CO in the bundle /usr/lib64/librocsparse.so.1.0 for ISA: amdgcn-amd-amdhsa--gfx90c:xnack+
:3:hip_platform.cpp         :740 : 251281671514 us:  init: Returned hipErrorNoBinaryForGpu : continue parsing remaining modules
:3:hip_code_object.cpp      :964 : 251281672182 us:  amd::Comgr::get_data() return 0 size for agent_triple_target_ids[0]=amdgcn-amd-amdhsa--gfx90c:xnack+
:3:hip_code_object.cpp      :964 : 251281672195 us:  amd::Comgr::get_data() return 0 size for agent_triple_target_ids[0]=amdgcn-amd-amdhsa--gfx90c:xnack+
:3:hip_code_object.cpp      :964 : 251281672200 us:  amd::Comgr::get_data() return 0 size for agent_triple_target_ids[0]=amdgcn-amd-amdhsa--gfx90c:xnack+
:1:hip_fatbin.cpp           :780 : 251281672205 us:  Cannot find CO in the bundle /usr/lib64/librocsparse.so.1.0 for ISA: amdgcn-amd-amdhsa--gfx90c:xnack+
:3:hip_platform.cpp         :740 : 251281672211 us:  init: Returned hipErrorNoBinaryForGpu : continue parsing remaining modules
:3:hip_code_object.cpp      :964 : 251281940192 us:  amd::Comgr::get_data() return 0 size for agent_triple_target_ids[0]=amdgcn-amd-amdhsa--gfx90c:xnack+
:3:hip_code_object.cpp      :964 : 251281940223 us:  amd::Comgr::get_data() return 0 size for agent_triple_target_ids[0]=amdgcn-amd-amdhsa--gfx90c:xnack+
:3:hip_code_object.cpp      :964 : 251281940228 us:  amd::Comgr::get_data() return 0 size for agent_triple_target_ids[0]=amdgcn-amd-amdhsa--gfx90c:xnack+
:1:hip_fatbin.cpp           :780 : 251281940235 us:  Cannot find CO in the bundle /usr/lib64/librocsparse.so.1.0 for ISA: amdgcn-amd-amdhsa--gfx90c:xnack+
:3:hip_platform.cpp         :740 : 251281940246 us:  init: Returned hipErrorNoBinaryForGpu : continue parsing remaining modules
:3:hip_code_object.cpp      :964 : 251281990564 us:  amd::Comgr::get_data() return 0 size for agent_triple_target_ids[0]=amdgcn-amd-amdhsa--gfx90c:xnack+
:3:hip_code_object.cpp      :964 : 251281990595 us:  amd::Comgr::get_data() return 0 size for agent_triple_target_ids[0]=amdgcn-amd-amdhsa--gfx90c:xnack+
:3:hip_code_object.cpp      :964 : 251281990609 us:  amd::Comgr::get_data() return 0 size for agent_triple_target_ids[0]=amdgcn-amd-amdhsa--gfx90c:xnack+
:1:hip_fatbin.cpp           :780 : 251281990617 us:  Cannot find CO in the bundle /usr/lib64/librocsparse.so.1.0 for ISA: amdgcn-amd-amdhsa--gfx90c:xnack+
:3:hip_platform.cpp         :740 : 251281990627 us:  init: Returned hipErrorNoBinaryForGpu : continue parsing remaining modules
:3:hip_code_object.cpp      :964 : 251281992879 us:  amd::Comgr::get_data() return 0 size for agent_triple_target_ids[0]=amdgcn-amd-amdhsa--gfx90c:xnack+
:3:hip_code_object.cpp      :964 : 251281992903 us:  amd::Comgr::get_data() return 0 size for agent_triple_target_ids[0]=amdgcn-amd-amdhsa--gfx90c:xnack+
:3:hip_code_object.cpp      :964 : 251281992908 us:  amd::Comgr::get_data() return 0 size for agent_triple_target_ids[0]=amdgcn-amd-amdhsa--gfx90c:xnack+
:1:hip_fatbin.cpp           :780 : 251281992915 us:  Cannot find CO in the bundle /usr/lib64/librocsparse.so.1.0 for ISA: amdgcn-amd-amdhsa--gfx90c:xnack+
:3:hip_platform.cpp         :740 : 251281992924 us:  init: Returned hipErrorNoBinaryForGpu : continue parsing remaining modules
:3:hip_code_object.cpp      :964 : 251281997898 us:  amd::Comgr::get_data() return 0 size for agent_triple_target_ids[0]=amdgcn-amd-amdhsa--gfx90c:xnack+
:3:hip_code_object.cpp      :964 : 251281997933 us:  amd::Comgr::get_data() return 0 size for agent_triple_target_ids[0]=amdgcn-amd-amdhsa--gfx90c:xnack+
:3:hip_code_object.cpp      :964 : 251281997939 us:  amd::Comgr::get_data() return 0 size for agent_triple_target_ids[0]=amdgcn-amd-amdhsa--gfx90c:xnack+
:1:hip_fatbin.cpp           :780 : 251281997946 us:  Cannot find CO in the bundle /usr/lib64/librocsparse.so.1.0 for ISA: amdgcn-amd-amdhsa--gfx90c:xnack+
:3:hip_platform.cpp         :740 : 251281997956 us:  init: Returned hipErrorNoBinaryForGpu : continue parsing remaining modules
:3:hip_code_object.cpp      :964 : 251282603811 us:  amd::Comgr::get_data() return 0 size for agent_triple_target_ids[0]=amdgcn-amd-amdhsa--gfx90c:xnack+
:3:hip_code_object.cpp      :964 : 251282603843 us:  amd::Comgr::get_data() return 0 size for agent_triple_target_ids[0]=amdgcn-amd-amdhsa--gfx90c:xnack+
:3:hip_code_object.cpp      :964 : 251282603848 us:  amd::Comgr::get_data() return 0 size for agent_triple_target_ids[0]=amdgcn-amd-amdhsa--gfx90c:xnack+
:1:hip_fatbin.cpp           :780 : 251282603856 us:  Cannot find CO in the bundle /usr/lib64/librocsparse.so.1.0 for ISA: amdgcn-amd-amdhsa--gfx90c:xnack+
:3:hip_platform.cpp         :740 : 251282603867 us:  init: Returned hipErrorNoBinaryForGpu : continue parsing remaining modules
:3:hip_code_object.cpp      :964 : 251282651148 us:  amd::Comgr::get_data() return 0 size for agent_triple_target_ids[0]=amdgcn-amd-amdhsa--gfx90c:xnack+
:3:hip_code_object.cpp      :964 : 251282651178 us:  amd::Comgr::get_data() return 0 size for agent_triple_target_ids[0]=amdgcn-amd-amdhsa--gfx90c:xnack+
:3:hip_code_object.cpp      :964 : 251282651184 us:  amd::Comgr::get_data() return 0 size for agent_triple_target_ids[0]=amdgcn-amd-amdhsa--gfx90c:xnack+
:1:hip_fatbin.cpp           :780 : 251282651190 us:  Cannot find CO in the bundle /usr/lib64/librocsparse.so.1.0 for ISA: amdgcn-amd-amdhsa--gfx90c:xnack+
:3:hip_platform.cpp         :740 : 251282651201 us:  init: Returned hipErrorNoBinaryForGpu : continue parsing remaining modules
:3:hip_code_object.cpp      :964 : 251282652368 us:  amd::Comgr::get_data() return 0 size for agent_triple_target_ids[0]=amdgcn-amd-amdhsa--gfx90c:xnack+
:3:hip_code_object.cpp      :964 : 251282652382 us:  amd::Comgr::get_data() return 0 size for agent_triple_target_ids[0]=amdgcn-amd-amdhsa--gfx90c:xnack+
:3:hip_code_object.cpp      :964 : 251282652387 us:  amd::Comgr::get_data() return 0 size for agent_triple_target_ids[0]=amdgcn-amd-amdhsa--gfx90c:xnack+
:1:hip_fatbin.cpp           :780 : 251282652393 us:  Cannot find CO in the bundle /usr/lib64/librocsparse.so.1.0 for ISA: amdgcn-amd-amdhsa--gfx90c:xnack+
:3:hip_platform.cpp         :740 : 251282652406 us:  init: Returned hipErrorNoBinaryForGpu : continue parsing remaining modules
:3:hip_code_object.cpp      :964 : 251282653547 us:  amd::Comgr::get_data() return 0 size for agent_triple_target_ids[0]=amdgcn-amd-amdhsa--gfx90c:xnack+
:3:hip_code_object.cpp      :964 : 251282653561 us:  amd::Comgr::get_data() return 0 size for agent_triple_target_ids[0]=amdgcn-amd-amdhsa--gfx90c:xnack+
:3:hip_code_object.cpp      :964 : 251282653566 us:  amd::Comgr::get_data() return 0 size for agent_triple_target_ids[0]=amdgcn-amd-amdhsa--gfx90c:xnack+
:1:hip_fatbin.cpp           :780 : 251282653571 us:  Cannot find CO in the bundle /usr/lib64/librocsparse.so.1.0 for ISA: amdgcn-amd-amdhsa--gfx90c:xnack+
:3:hip_platform.cpp         :740 : 251282653577 us:  init: Returned hipErrorNoBinaryForGpu : continue parsing remaining modules
:3:hip_code_object.cpp      :964 : 251282658208 us:  amd::Comgr::get_data() return 0 size for agent_triple_target_ids[0]=amdgcn-amd-amdhsa--gfx90c:xnack+
:3:hip_code_object.cpp      :964 : 251282658240 us:  amd::Comgr::get_data() return 0 size for agent_triple_target_ids[0]=amdgcn-amd-amdhsa--gfx90c:xnack+
:3:hip_code_object.cpp      :964 : 251282658246 us:  amd::Comgr::get_data() return 0 size for agent_triple_target_ids[0]=amdgcn-amd-amdhsa--gfx90c:xnack+
:1:hip_fatbin.cpp           :780 : 251282658253 us:  Cannot find CO in the bundle /usr/lib64/librocsparse.so.1.0 for ISA: amdgcn-amd-amdhsa--gfx90c:xnack+
:3:hip_platform.cpp         :740 : 251282658264 us:  init: Returned hipErrorNoBinaryForGpu : continue parsing remaining modules
:3:hip_code_object.cpp      :964 : 251282662987 us:  amd::Comgr::get_data() return 0 size for agent_triple_target_ids[0]=amdgcn-amd-amdhsa--gfx90c:xnack+
:3:hip_code_object.cpp      :964 : 251282663022 us:  amd::Comgr::get_data() return 0 size for agent_triple_target_ids[0]=amdgcn-amd-amdhsa--gfx90c:xnack+
:3:hip_code_object.cpp      :964 : 251282663027 us:  amd::Comgr::get_data() return 0 size for agent_triple_target_ids[0]=amdgcn-amd-amdhsa--gfx90c:xnack+
:1:hip_fatbin.cpp           :780 : 251282663034 us:  Cannot find CO in the bundle /usr/lib64/librocsparse.so.1.0 for ISA: amdgcn-amd-amdhsa--gfx90c:xnack+
:3:hip_platform.cpp         :740 : 251282663044 us:  init: Returned hipErrorNoBinaryForGpu : continue parsing remaining modules
:3:hip_code_object.cpp      :964 : 251282667857 us:  amd::Comgr::get_data() return 0 size for agent_triple_target_ids[0]=amdgcn-amd-amdhsa--gfx90c:xnack+
:3:hip_code_object.cpp      :964 : 251282667892 us:  amd::Comgr::get_data() return 0 size for agent_triple_target_ids[0]=amdgcn-amd-amdhsa--gfx90c:xnack+
:3:hip_code_object.cpp      :964 : 251282667897 us:  amd::Comgr::get_data() return 0 size for agent_triple_target_ids[0]=amdgcn-amd-amdhsa--gfx90c:xnack+
:1:hip_fatbin.cpp           :780 : 251282667904 us:  Cannot find CO in the bundle /usr/lib64/librocsparse.so.1.0 for ISA: amdgcn-amd-amdhsa--gfx90c:xnack+
:3:hip_platform.cpp         :740 : 251282667916 us:  init: Returned hipErrorNoBinaryForGpu : continue parsing remaining modules
:3:hip_code_object.cpp      :964 : 251282673267 us:  amd::Comgr::get_data() return 0 size for agent_triple_target_ids[0]=amdgcn-amd-amdhsa--gfx90c:xnack+
:3:hip_code_object.cpp      :964 : 251282673300 us:  amd::Comgr::get_data() return 0 size for agent_triple_target_ids[0]=amdgcn-amd-amdhsa--gfx90c:xnack+
:3:hip_code_object.cpp      :964 : 251282673305 us:  amd::Comgr::get_data() return 0 size for agent_triple_target_ids[0]=amdgcn-amd-amdhsa--gfx90c:xnack+
:1:hip_fatbin.cpp           :780 : 251282673313 us:  Cannot find CO in the bundle /usr/lib64/librocsparse.so.1.0 for ISA: amdgcn-amd-amdhsa--gfx90c:xnack+
:3:hip_platform.cpp         :740 : 251282673326 us:  init: Returned hipErrorNoBinaryForGpu : continue parsing remaining modules
:3:hip_code_object.cpp      :964 : 251282683704 us:  amd::Comgr::get_data() return 0 size for agent_triple_target_ids[0]=amdgcn-amd-amdhsa--gfx90c:xnack+
:3:hip_code_object.cpp      :964 : 251282683736 us:  amd::Comgr::get_data() return 0 size for agent_triple_target_ids[0]=amdgcn-amd-amdhsa--gfx90c:xnack+
:3:hip_code_object.cpp      :964 : 251282683750 us:  amd::Comgr::get_data() return 0 size for agent_triple_target_ids[0]=amdgcn-amd-amdhsa--gfx90c:xnack+
:1:hip_fatbin.cpp           :780 : 251282683757 us:  Cannot find CO in the bundle /usr/lib64/librocsparse.so.1.0 for ISA: amdgcn-amd-amdhsa--gfx90c:xnack+
:3:hip_platform.cpp         :740 : 251282683768 us:  init: Returned hipErrorNoBinaryForGpu : continue parsing remaining modules
:3:hip_code_object.cpp      :964 : 251282692469 us:  amd::Comgr::get_data() return 0 size for agent_triple_target_ids[0]=amdgcn-amd-amdhsa--gfx90c:xnack+
:3:hip_code_object.cpp      :964 : 251282692499 us:  amd::Comgr::get_data() return 0 size for agent_triple_target_ids[0]=amdgcn-amd-amdhsa--gfx90c:xnack+
:3:hip_code_object.cpp      :964 : 251282692504 us:  amd::Comgr::get_data() return 0 size for agent_triple_target_ids[0]=amdgcn-amd-amdhsa--gfx90c:xnack+
:1:hip_fatbin.cpp           :780 : 251282692511 us:  Cannot find CO in the bundle /usr/lib64/librocsparse.so.1.0 for ISA: amdgcn-amd-amdhsa--gfx90c:xnack+
:3:hip_platform.cpp         :740 : 251282692522 us:  init: Returned hipErrorNoBinaryForGpu : continue parsing remaining modules
:3:hip_code_object.cpp      :964 : 251282700621 us:  amd::Comgr::get_data() return 0 size for agent_triple_target_ids[0]=amdgcn-amd-amdhsa--gfx90c:xnack+
:3:hip_code_object.cpp      :964 : 251282700654 us:  amd::Comgr::get_data() return 0 size for agent_triple_target_ids[0]=amdgcn-amd-amdhsa--gfx90c:xnack+
:3:hip_code_object.cpp      :964 : 251282700660 us:  amd::Comgr::get_data() return 0 size for agent_triple_target_ids[0]=amdgcn-amd-amdhsa--gfx90c:xnack+
:1:hip_fatbin.cpp           :780 : 251282700667 us:  Cannot find CO in the bundle /usr/lib64/librocsparse.so.1.0 for ISA: amdgcn-amd-amdhsa--gfx90c:xnack+
:3:hip_platform.cpp         :740 : 251282700678 us:  init: Returned hipErrorNoBinaryForGpu : continue parsing remaining modules
:3:hip_code_object.cpp      :964 : 251282701607 us:  amd::Comgr::get_data() return 0 size for agent_triple_target_ids[0]=amdgcn-amd-amdhsa--gfx90c:xnack+
:3:hip_code_object.cpp      :964 : 251282701619 us:  amd::Comgr::get_data() return 0 size for agent_triple_target_ids[0]=amdgcn-amd-amdhsa--gfx90c:xnack+
:3:hip_code_object.cpp      :964 : 251282701624 us:  amd::Comgr::get_data() return 0 size for agent_triple_target_ids[0]=amdgcn-amd-amdhsa--gfx90c:xnack+
:1:hip_fatbin.cpp           :780 : 251282701630 us:  Cannot find CO in the bundle /usr/lib64/librocsparse.so.1.0 for ISA: amdgcn-amd-amdhsa--gfx90c:xnack+
:3:hip_platform.cpp         :740 : 251282701636 us:  init: Returned hipErrorNoBinaryForGpu : continue parsing remaining modules
:3:hip_code_object.cpp      :964 : 251282706464 us:  amd::Comgr::get_data() return 0 size for agent_triple_target_ids[0]=amdgcn-amd-amdhsa--gfx90c:xnack+
:3:hip_code_object.cpp      :964 : 251282706494 us:  amd::Comgr::get_data() return 0 size for agent_triple_target_ids[0]=amdgcn-amd-amdhsa--gfx90c:xnack+
:3:hip_code_object.cpp      :964 : 251282706499 us:  amd::Comgr::get_data() return 0 size for agent_triple_target_ids[0]=amdgcn-amd-amdhsa--gfx90c:xnack+
:1:hip_fatbin.cpp           :780 : 251282706506 us:  Cannot find CO in the bundle /usr/lib64/librocsparse.so.1.0 for ISA: amdgcn-amd-amdhsa--gfx90c:xnack+
:3:hip_platform.cpp         :740 : 251282706517 us:  init: Returned hipErrorNoBinaryForGpu : continue parsing remaining modules
:3:hip_code_object.cpp      :964 : 251282802905 us:  amd::Comgr::get_data() return 0 size for agent_triple_target_ids[0]=amdgcn-amd-amdhsa--gfx90c:xnack+
:3:hip_code_object.cpp      :964 : 251282802933 us:  amd::Comgr::get_data() return 0 size for agent_triple_target_ids[0]=amdgcn-amd-amdhsa--gfx90c:xnack+
:3:hip_code_object.cpp      :964 : 251282802939 us:  amd::Comgr::get_data() return 0 size for agent_triple_target_ids[0]=amdgcn-amd-amdhsa--gfx90c:xnack+
:1:hip_fatbin.cpp           :780 : 251282802946 us:  Cannot find CO in the bundle /usr/lib64/librocsparse.so.1.0 for ISA: amdgcn-amd-amdhsa--gfx90c:xnack+
:3:hip_platform.cpp         :740 : 251282802965 us:  init: Returned hipErrorNoBinaryForGpu : continue parsing remaining modules
:3:hip_code_object.cpp      :964 : 251282807029 us:  amd::Comgr::get_data() return 0 size for agent_triple_target_ids[0]=amdgcn-amd-amdhsa--gfx90c:xnack+
:3:hip_code_object.cpp      :964 : 251282807060 us:  amd::Comgr::get_data() return 0 size for agent_triple_target_ids[0]=amdgcn-amd-amdhsa--gfx90c:xnack+
:3:hip_code_object.cpp      :964 : 251282807065 us:  amd::Comgr::get_data() return 0 size for agent_triple_target_ids[0]=amdgcn-amd-amdhsa--gfx90c:xnack+
:1:hip_fatbin.cpp           :780 : 251282807073 us:  Cannot find CO in the bundle /usr/lib64/librocsparse.so.1.0 for ISA: amdgcn-amd-amdhsa--gfx90c:xnack+
:3:hip_platform.cpp         :740 : 251282807084 us:  init: Returned hipErrorNoBinaryForGpu : continue parsing remaining modules
:3:hip_code_object.cpp      :964 : 251282809774 us:  amd::Comgr::get_data() return 0 size for agent_triple_target_ids[0]=amdgcn-amd-amdhsa--gfx90c:xnack+
:3:hip_code_object.cpp      :964 : 251282809792 us:  amd::Comgr::get_data() return 0 size for agent_triple_target_ids[0]=amdgcn-amd-amdhsa--gfx90c:xnack+
:3:hip_code_object.cpp      :964 : 251282809797 us:  amd::Comgr::get_data() return 0 size for agent_triple_target_ids[0]=amdgcn-amd-amdhsa--gfx90c:xnack+
:1:hip_fatbin.cpp           :780 : 251282809803 us:  Cannot find CO in the bundle /usr/lib64/librocsparse.so.1.0 for ISA: amdgcn-amd-amdhsa--gfx90c:xnack+
:3:hip_platform.cpp         :740 : 251282809809 us:  init: Returned hipErrorNoBinaryForGpu : continue parsing remaining modules
:3:hip_code_object.cpp      :964 : 251282810803 us:  amd::Comgr::get_data() return 0 size for agent_triple_target_ids[0]=amdgcn-amd-amdhsa--gfx90c:xnack+
:3:hip_code_object.cpp      :964 : 251282810816 us:  amd::Comgr::get_data() return 0 size for agent_triple_target_ids[0]=amdgcn-amd-amdhsa--gfx90c:xnack+
:3:hip_code_object.cpp      :964 : 251282810821 us:  amd::Comgr::get_data() return 0 size for agent_triple_target_ids[0]=amdgcn-amd-amdhsa--gfx90c:xnack+
:1:hip_fatbin.cpp           :780 : 251282810826 us:  Cannot find CO in the bundle /usr/lib64/librocsparse.so.1.0 for ISA: amdgcn-amd-amdhsa--gfx90c:xnack+
:3:hip_platform.cpp         :740 : 251282810831 us:  init: Returned hipErrorNoBinaryForGpu : continue parsing remaining modules
:3:hip_code_object.cpp      :964 : 251283119933 us:  amd::Comgr::get_data() return 0 size for agent_triple_target_ids[0]=amdgcn-amd-amdhsa--gfx90c:xnack+
:3:hip_code_object.cpp      :964 : 251283119963 us:  amd::Comgr::get_data() return 0 size for agent_triple_target_ids[0]=amdgcn-amd-amdhsa--gfx90c:xnack+
:3:hip_code_object.cpp      :964 : 251283119969 us:  amd::Comgr::get_data() return 0 size for agent_triple_target_ids[0]=amdgcn-amd-amdhsa--gfx90c:xnack+
:1:hip_fatbin.cpp           :780 : 251283119976 us:  Cannot find CO in the bundle /usr/lib64/librocsparse.so.1.0 for ISA: amdgcn-amd-amdhsa--gfx90c:xnack+
:3:hip_platform.cpp         :740 : 251283119987 us:  init: Returned hipErrorNoBinaryForGpu : continue parsing remaining modules
:3:hip_code_object.cpp      :964 : 251283472705 us:  amd::Comgr::get_data() return 0 size for agent_triple_target_ids[0]=amdgcn-amd-amdhsa--gfx90c:xnack+
:3:hip_code_object.cpp      :964 : 251283472736 us:  amd::Comgr::get_data() return 0 size for agent_triple_target_ids[0]=amdgcn-amd-amdhsa--gfx90c:xnack+
:3:hip_code_object.cpp      :964 : 251283472741 us:  amd::Comgr::get_data() return 0 size for agent_triple_target_ids[0]=amdgcn-amd-amdhsa--gfx90c:xnack+
:1:hip_fatbin.cpp           :780 : 251283472748 us:  Cannot find CO in the bundle /usr/lib64/librocsparse.so.1.0 for ISA: amdgcn-amd-amdhsa--gfx90c:xnack+
:3:hip_platform.cpp         :740 : 251283472759 us:  init: Returned hipErrorNoBinaryForGpu : continue parsing remaining modules
:3:hip_code_object.cpp      :964 : 251283505685 us:  amd::Comgr::get_data() return 0 size for agent_triple_target_ids[0]=amdgcn-amd-amdhsa--gfx90c:xnack+
:3:hip_code_object.cpp      :964 : 251283505718 us:  amd::Comgr::get_data() return 0 size for agent_triple_target_ids[0]=amdgcn-amd-amdhsa--gfx90c:xnack+
:3:hip_code_object.cpp      :964 : 251283505733 us:  amd::Comgr::get_data() return 0 size for agent_triple_target_ids[0]=amdgcn-amd-amdhsa--gfx90c:xnack+
:1:hip_fatbin.cpp           :780 : 251283505741 us:  Cannot find CO in the bundle /usr/lib64/librocsparse.so.1.0 for ISA: amdgcn-amd-amdhsa--gfx90c:xnack+
:3:hip_platform.cpp         :740 : 251283505753 us:  init: Returned hipErrorNoBinaryForGpu : continue parsing remaining modules
:3:hip_code_object.cpp      :964 : 251283509604 us:  amd::Comgr::get_data() return 0 size for agent_triple_target_ids[0]=amdgcn-amd-amdhsa--gfx90c:xnack+
:3:hip_code_object.cpp      :964 : 251283509642 us:  amd::Comgr::get_data() return 0 size for agent_triple_target_ids[0]=amdgcn-amd-amdhsa--gfx90c:xnack+
:3:hip_code_object.cpp      :964 : 251283509647 us:  amd::Comgr::get_data() return 0 size for agent_triple_target_ids[0]=amdgcn-amd-amdhsa--gfx90c:xnack+
:1:hip_fatbin.cpp           :780 : 251283509654 us:  Cannot find CO in the bundle /usr/lib64/librocsparse.so.1.0 for ISA: amdgcn-amd-amdhsa--gfx90c:xnack+
:3:hip_platform.cpp         :740 : 251283509665 us:  init: Returned hipErrorNoBinaryForGpu : continue parsing remaining modules
:3:hip_code_object.cpp      :964 : 251283554404 us:  amd::Comgr::get_data() return 0 size for agent_triple_target_ids[0]=amdgcn-amd-amdhsa--gfx90c:xnack+
:3:hip_code_object.cpp      :964 : 251283554433 us:  amd::Comgr::get_data() return 0 size for agent_triple_target_ids[0]=amdgcn-amd-amdhsa--gfx90c:xnack+
:3:hip_code_object.cpp      :964 : 251283554439 us:  amd::Comgr::get_data() return 0 size for agent_triple_target_ids[0]=amdgcn-amd-amdhsa--gfx90c:xnack+
:1:hip_fatbin.cpp           :780 : 251283554445 us:  Cannot find CO in the bundle /usr/lib64/librocsparse.so.1.0 for ISA: amdgcn-amd-amdhsa--gfx90c:xnack+
:3:hip_platform.cpp         :740 : 251283554456 us:  init: Returned hipErrorNoBinaryForGpu : continue parsing remaining modules
:3:hip_code_object.cpp      :964 : 251283582788 us:  amd::Comgr::get_data() return 0 size for agent_triple_target_ids[0]=amdgcn-amd-amdhsa--gfx90c:xnack+
:3:hip_code_object.cpp      :964 : 251283582817 us:  amd::Comgr::get_data() return 0 size for agent_triple_target_ids[0]=amdgcn-amd-amdhsa--gfx90c:xnack+
:3:hip_code_object.cpp      :964 : 251283582822 us:  amd::Comgr::get_data() return 0 size for agent_triple_target_ids[0]=amdgcn-amd-amdhsa--gfx90c:xnack+
:1:hip_fatbin.cpp           :780 : 251283582829 us:  Cannot find CO in the bundle /usr/lib64/librocsparse.so.1.0 for ISA: amdgcn-amd-amdhsa--gfx90c:xnack+
:3:hip_platform.cpp         :740 : 251283582840 us:  init: Returned hipErrorNoBinaryForGpu : continue parsing remaining modules
:3:hip_code_object.cpp      :964 : 251283583724 us:  amd::Comgr::get_data() return 0 size for agent_triple_target_ids[0]=amdgcn-amd-amdhsa--gfx90c:xnack+
:3:hip_code_object.cpp      :964 : 251283583737 us:  amd::Comgr::get_data() return 0 size for agent_triple_target_ids[0]=amdgcn-amd-amdhsa--gfx90c:xnack+
:3:hip_code_object.cpp      :964 : 251283583741 us:  amd::Comgr::get_data() return 0 size for agent_triple_target_ids[0]=amdgcn-amd-amdhsa--gfx90c:xnack+
:1:hip_fatbin.cpp           :780 : 251283583747 us:  Cannot find CO in the bundle /usr/lib64/librocsparse.so.1.0 for ISA: amdgcn-amd-amdhsa--gfx90c:xnack+
:3:hip_platform.cpp         :740 : 251283583752 us:  init: Returned hipErrorNoBinaryForGpu : continue parsing remaining modules
:3:hip_code_object.cpp      :964 : 251283626757 us:  amd::Comgr::get_data() return 0 size for agent_triple_target_ids[0]=amdgcn-amd-amdhsa--gfx90c:xnack+
:3:hip_code_object.cpp      :964 : 251283626790 us:  amd::Comgr::get_data() return 0 size for agent_triple_target_ids[0]=amdgcn-amd-amdhsa--gfx90c:xnack+
:3:hip_code_object.cpp      :964 : 251283626795 us:  amd::Comgr::get_data() return 0 size for agent_triple_target_ids[0]=amdgcn-amd-amdhsa--gfx90c:xnack+
:1:hip_fatbin.cpp           :780 : 251283626802 us:  Cannot find CO in the bundle /usr/lib64/librocsparse.so.1.0 for ISA: amdgcn-amd-amdhsa--gfx90c:xnack+
:3:hip_platform.cpp         :740 : 251283626822 us:  init: Returned hipErrorNoBinaryForGpu : continue parsing remaining modules
:3:hip_code_object.cpp      :964 : 251283667753 us:  amd::Comgr::get_data() return 0 size for agent_triple_target_ids[0]=amdgcn-amd-amdhsa--gfx90c:xnack+
:3:hip_code_object.cpp      :964 : 251283667782 us:  amd::Comgr::get_data() return 0 size for agent_triple_target_ids[0]=amdgcn-amd-amdhsa--gfx90c:xnack+
:3:hip_code_object.cpp      :964 : 251283667787 us:  amd::Comgr::get_data() return 0 size for agent_triple_target_ids[0]=amdgcn-amd-amdhsa--gfx90c:xnack+
:1:hip_fatbin.cpp           :780 : 251283667794 us:  Cannot find CO in the bundle /usr/lib64/librocsparse.so.1.0 for ISA: amdgcn-amd-amdhsa--gfx90c:xnack+
:3:hip_platform.cpp         :740 : 251283667805 us:  init: Returned hipErrorNoBinaryForGpu : continue parsing remaining modules
:3:hip_code_object.cpp      :964 : 251283673085 us:  amd::Comgr::get_data() return 0 size for agent_triple_target_ids[0]=amdgcn-amd-amdhsa--gfx90c:xnack+
:3:hip_code_object.cpp      :964 : 251283673116 us:  amd::Comgr::get_data() return 0 size for agent_triple_target_ids[0]=amdgcn-amd-amdhsa--gfx90c:xnack+
:3:hip_code_object.cpp      :964 : 251283673121 us:  amd::Comgr::get_data() return 0 size for agent_triple_target_ids[0]=amdgcn-amd-amdhsa--gfx90c:xnack+
:1:hip_fatbin.cpp           :780 : 251283673128 us:  Cannot find CO in the bundle /usr/lib64/librocsparse.so.1.0 for ISA: amdgcn-amd-amdhsa--gfx90c:xnack+
:3:hip_platform.cpp         :740 : 251283673140 us:  init: Returned hipErrorNoBinaryForGpu : continue parsing remaining modules
:3:hip_code_object.cpp      :964 : 251283676951 us:  amd::Comgr::get_data() return 0 size for agent_triple_target_ids[0]=amdgcn-amd-amdhsa--gfx90c:xnack+
:3:hip_code_object.cpp      :964 : 251283676982 us:  amd::Comgr::get_data() return 0 size for agent_triple_target_ids[0]=amdgcn-amd-amdhsa--gfx90c:xnack+
:3:hip_code_object.cpp      :964 : 251283676987 us:  amd::Comgr::get_data() return 0 size for agent_triple_target_ids[0]=amdgcn-amd-amdhsa--gfx90c:xnack+
:1:hip_fatbin.cpp           :780 : 251283676994 us:  Cannot find CO in the bundle /usr/lib64/librocsparse.so.1.0 for ISA: amdgcn-amd-amdhsa--gfx90c:xnack+
:3:hip_platform.cpp         :740 : 251283677015 us:  init: Returned hipErrorNoBinaryForGpu : continue parsing remaining modules
:3:hip_code_object.cpp      :964 : 251283682952 us:  amd::Comgr::get_data() return 0 size for agent_triple_target_ids[0]=amdgcn-amd-amdhsa--gfx90c:xnack+
:3:hip_code_object.cpp      :964 : 251283682982 us:  amd::Comgr::get_data() return 0 size for agent_triple_target_ids[0]=amdgcn-amd-amdhsa--gfx90c:xnack+
:3:hip_code_object.cpp      :964 : 251283682987 us:  amd::Comgr::get_data() return 0 size for agent_triple_target_ids[0]=amdgcn-amd-amdhsa--gfx90c:xnack+
:1:hip_fatbin.cpp           :780 : 251283682993 us:  Cannot find CO in the bundle /usr/lib64/librocsparse.so.1.0 for ISA: amdgcn-amd-amdhsa--gfx90c:xnack+
:3:hip_platform.cpp         :740 : 251283683012 us:  init: Returned hipErrorNoBinaryForGpu : continue parsing remaining modules
:3:hip_code_object.cpp      :964 : 251283684185 us:  amd::Comgr::get_data() return 0 size for agent_triple_target_ids[0]=amdgcn-amd-amdhsa--gfx90c:xnack+
:3:hip_code_object.cpp      :964 : 251283684199 us:  amd::Comgr::get_data() return 0 size for agent_triple_target_ids[0]=amdgcn-amd-amdhsa--gfx90c:xnack+
:3:hip_code_object.cpp      :964 : 251283684204 us:  amd::Comgr::get_data() return 0 size for agent_triple_target_ids[0]=amdgcn-amd-amdhsa--gfx90c:xnack+
:1:hip_fatbin.cpp           :780 : 251283684209 us:  Cannot find CO in the bundle /usr/lib64/librocsparse.so.1.0 for ISA: amdgcn-amd-amdhsa--gfx90c:xnack+
:3:hip_platform.cpp         :740 : 251283684215 us:  init: Returned hipErrorNoBinaryForGpu : continue parsing remaining modules
:3:hip_code_object.cpp      :964 : 251283810877 us:  amd::Comgr::get_data() return 0 size for agent_triple_target_ids[0]=amdgcn-amd-amdhsa--gfx90c:xnack+
:3:hip_code_object.cpp      :964 : 251283810906 us:  amd::Comgr::get_data() return 0 size for agent_triple_target_ids[0]=amdgcn-amd-amdhsa--gfx90c:xnack+
:3:hip_code_object.cpp      :964 : 251283810919 us:  amd::Comgr::get_data() return 0 size for agent_triple_target_ids[0]=amdgcn-amd-amdhsa--gfx90c:xnack+
:1:hip_fatbin.cpp           :780 : 251283810925 us:  Cannot find CO in the bundle /usr/lib64/librocsparse.so.1.0 for ISA: amdgcn-amd-amdhsa--gfx90c:xnack+
:3:hip_platform.cpp         :740 : 251283810936 us:  init: Returned hipErrorNoBinaryForGpu : continue parsing remaining modules
:3:hip_code_object.cpp      :964 : 251283811921 us:  amd::Comgr::get_data() return 0 size for agent_triple_target_ids[0]=amdgcn-amd-amdhsa--gfx90c:xnack+
:3:hip_code_object.cpp      :964 : 251283811935 us:  amd::Comgr::get_data() return 0 size for agent_triple_target_ids[0]=amdgcn-amd-amdhsa--gfx90c:xnack+
:3:hip_code_object.cpp      :964 : 251283811940 us:  amd::Comgr::get_data() return 0 size for agent_triple_target_ids[0]=amdgcn-amd-amdhsa--gfx90c:xnack+
:1:hip_fatbin.cpp           :780 : 251283811945 us:  Cannot find CO in the bundle /usr/lib64/librocsparse.so.1.0 for ISA: amdgcn-amd-amdhsa--gfx90c:xnack+
:3:hip_platform.cpp         :740 : 251283811951 us:  init: Returned hipErrorNoBinaryForGpu : continue parsing remaining modules
:3:hip_code_object.cpp      :964 : 251283812668 us:  amd::Comgr::get_data() return 0 size for agent_triple_target_ids[0]=amdgcn-amd-amdhsa--gfx90c:xnack+
:3:hip_code_object.cpp      :964 : 251283812680 us:  amd::Comgr::get_data() return 0 size for agent_triple_target_ids[0]=amdgcn-amd-amdhsa--gfx90c:xnack+
:3:hip_code_object.cpp      :964 : 251283812685 us:  amd::Comgr::get_data() return 0 size for agent_triple_target_ids[0]=amdgcn-amd-amdhsa--gfx90c:xnack+
:1:hip_fatbin.cpp           :780 : 251283812690 us:  Cannot find CO in the bundle /usr/lib64/librocsparse.so.1.0 for ISA: amdgcn-amd-amdhsa--gfx90c:xnack+
:3:hip_platform.cpp         :740 : 251283812695 us:  init: Returned hipErrorNoBinaryForGpu : continue parsing remaining modules
:3:hip_code_object.cpp      :964 : 251283813806 us:  amd::Comgr::get_data() return 0 size for agent_triple_target_ids[0]=amdgcn-amd-amdhsa--gfx90c:xnack+
:3:hip_code_object.cpp      :964 : 251283813818 us:  amd::Comgr::get_data() return 0 size for agent_triple_target_ids[0]=amdgcn-amd-amdhsa--gfx90c:xnack+
:3:hip_code_object.cpp      :964 : 251283813823 us:  amd::Comgr::get_data() return 0 size for agent_triple_target_ids[0]=amdgcn-amd-amdhsa--gfx90c:xnack+
:1:hip_fatbin.cpp           :780 : 251283813828 us:  Cannot find CO in the bundle /usr/lib64/librocsparse.so.1.0 for ISA: amdgcn-amd-amdhsa--gfx90c:xnack+
:3:hip_platform.cpp         :740 : 251283813834 us:  init: Returned hipErrorNoBinaryForGpu : continue parsing remaining modules
:3:hip_code_object.cpp      :964 : 251283815765 us:  amd::Comgr::get_data() return 0 size for agent_triple_target_ids[0]=amdgcn-amd-amdhsa--gfx90c:xnack+
:3:hip_code_object.cpp      :964 : 251283815780 us:  amd::Comgr::get_data() return 0 size for agent_triple_target_ids[0]=amdgcn-amd-amdhsa--gfx90c:xnack+
:3:hip_code_object.cpp      :964 : 251283815785 us:  amd::Comgr::get_data() return 0 size for agent_triple_target_ids[0]=amdgcn-amd-amdhsa--gfx90c:xnack+
:1:hip_fatbin.cpp           :780 : 251283815790 us:  Cannot find CO in the bundle /usr/lib64/librocsparse.so.1.0 for ISA: amdgcn-amd-amdhsa--gfx90c:xnack+
:3:hip_platform.cpp         :740 : 251283815797 us:  init: Returned hipErrorNoBinaryForGpu : continue parsing remaining modules
:3:hip_code_object.cpp      :964 : 251283817297 us:  amd::Comgr::get_data() return 0 size for agent_triple_target_ids[0]=amdgcn-amd-amdhsa--gfx90c:xnack+
:3:hip_code_object.cpp      :964 : 251283817310 us:  amd::Comgr::get_data() return 0 size for agent_triple_target_ids[0]=amdgcn-amd-amdhsa--gfx90c:xnack+
:3:hip_code_object.cpp      :964 : 251283817315 us:  amd::Comgr::get_data() return 0 size for agent_triple_target_ids[0]=amdgcn-amd-amdhsa--gfx90c:xnack+
:1:hip_fatbin.cpp           :780 : 251283817320 us:  Cannot find CO in the bundle /usr/lib64/librocsparse.so.1.0 for ISA: amdgcn-amd-amdhsa--gfx90c:xnack+
:3:hip_platform.cpp         :740 : 251283817332 us:  init: Returned hipErrorNoBinaryForGpu : continue parsing remaining modules
:3:hip_code_object.cpp      :964 : 251283819284 us:  amd::Comgr::get_data() return 0 size for agent_triple_target_ids[0]=amdgcn-amd-amdhsa--gfx90c:xnack+
:3:hip_code_object.cpp      :964 : 251283819300 us:  amd::Comgr::get_data() return 0 size for agent_triple_target_ids[0]=amdgcn-amd-amdhsa--gfx90c:xnack+
:3:hip_code_object.cpp      :964 : 251283819305 us:  amd::Comgr::get_data() return 0 size for agent_triple_target_ids[0]=amdgcn-amd-amdhsa--gfx90c:xnack+
:1:hip_fatbin.cpp           :780 : 251283819310 us:  Cannot find CO in the bundle /usr/lib64/librocsparse.so.1.0 for ISA: amdgcn-amd-amdhsa--gfx90c:xnack+
:3:hip_platform.cpp         :740 : 251283819317 us:  init: Returned hipErrorNoBinaryForGpu : continue parsing remaining modules
:3:hip_code_object.cpp      :964 : 251283821100 us:  amd::Comgr::get_data() return 0 size for agent_triple_target_ids[0]=amdgcn-amd-amdhsa--gfx90c:xnack+
:3:hip_code_object.cpp      :964 : 251283821115 us:  amd::Comgr::get_data() return 0 size for agent_triple_target_ids[0]=amdgcn-amd-amdhsa--gfx90c:xnack+
:3:hip_code_object.cpp      :964 : 251283821120 us:  amd::Comgr::get_data() return 0 size for agent_triple_target_ids[0]=amdgcn-amd-amdhsa--gfx90c:xnack+
:1:hip_fatbin.cpp           :780 : 251283821126 us:  Cannot find CO in the bundle /usr/lib64/librocsparse.so.1.0 for ISA: amdgcn-amd-amdhsa--gfx90c:xnack+
:3:hip_platform.cpp         :740 : 251283821132 us:  init: Returned hipErrorNoBinaryForGpu : continue parsing remaining modules
:3:hip_code_object.cpp      :964 : 251283822771 us:  amd::Comgr::get_data() return 0 size for agent_triple_target_ids[0]=amdgcn-amd-amdhsa--gfx90c:xnack+
:3:hip_code_object.cpp      :964 : 251283822789 us:  amd::Comgr::get_data() return 0 size for agent_triple_target_ids[0]=amdgcn-amd-amdhsa--gfx90c:xnack+
:3:hip_code_object.cpp      :964 : 251283822794 us:  amd::Comgr::get_data() return 0 size for agent_triple_target_ids[0]=amdgcn-amd-amdhsa--gfx90c:xnack+
:1:hip_fatbin.cpp           :780 : 251283822800 us:  Cannot find CO in the bundle /usr/lib64/librocsparse.so.1.0 for ISA: amdgcn-amd-amdhsa--gfx90c:xnack+
:3:hip_platform.cpp         :740 : 251283822808 us:  init: Returned hipErrorNoBinaryForGpu : continue parsing remaining modules
:3:hip_code_object.cpp      :964 : 251283823585 us:  amd::Comgr::get_data() return 0 size for agent_triple_target_ids[0]=amdgcn-amd-amdhsa--gfx90c:xnack+
:3:hip_code_object.cpp      :964 : 251283823598 us:  amd::Comgr::get_data() return 0 size for agent_triple_target_ids[0]=amdgcn-amd-amdhsa--gfx90c:xnack+
:3:hip_code_object.cpp      :964 : 251283823602 us:  amd::Comgr::get_data() return 0 size for agent_triple_target_ids[0]=amdgcn-amd-amdhsa--gfx90c:xnack+
:1:hip_fatbin.cpp           :780 : 251283823608 us:  Cannot find CO in the bundle /usr/lib64/librocsparse.so.1.0 for ISA: amdgcn-amd-amdhsa--gfx90c:xnack+
:3:hip_platform.cpp         :740 : 251283823614 us:  init: Returned hipErrorNoBinaryForGpu : continue parsing remaining modules
:3:hip_code_object.cpp      :964 : 251283859779 us:  amd::Comgr::get_data() return 0 size for agent_triple_target_ids[0]=amdgcn-amd-amdhsa--gfx90c:xnack+
:3:hip_code_object.cpp      :964 : 251283859807 us:  amd::Comgr::get_data() return 0 size for agent_triple_target_ids[0]=amdgcn-amd-amdhsa--gfx90c:xnack+
:3:hip_code_object.cpp      :964 : 251283859813 us:  amd::Comgr::get_data() return 0 size for agent_triple_target_ids[0]=amdgcn-amd-amdhsa--gfx90c:xnack+
:1:hip_fatbin.cpp           :780 : 251283859819 us:  Cannot find CO in the bundle /usr/lib64/librocsparse.so.1.0 for ISA: amdgcn-amd-amdhsa--gfx90c:xnack+
:3:hip_platform.cpp         :740 : 251283859830 us:  init: Returned hipErrorNoBinaryForGpu : continue parsing remaining modules
:3:hip_code_object.cpp      :964 : 251283863711 us:  amd::Comgr::get_data() return 0 size for agent_triple_target_ids[0]=amdgcn-amd-amdhsa--gfx90c:xnack+
:3:hip_code_object.cpp      :964 : 251283863739 us:  amd::Comgr::get_data() return 0 size for agent_triple_target_ids[0]=amdgcn-amd-amdhsa--gfx90c:xnack+
:3:hip_code_object.cpp      :964 : 251283863754 us:  amd::Comgr::get_data() return 0 size for agent_triple_target_ids[0]=amdgcn-amd-amdhsa--gfx90c:xnack+
:1:hip_fatbin.cpp           :780 : 251283863760 us:  Cannot find CO in the bundle /usr/lib64/librocsparse.so.1.0 for ISA: amdgcn-amd-amdhsa--gfx90c:xnack+
:3:hip_platform.cpp         :740 : 251283863771 us:  init: Returned hipErrorNoBinaryForGpu : continue parsing remaining modules
:3:hip_code_object.cpp      :964 : 251283865018 us:  amd::Comgr::get_data() return 0 size for agent_triple_target_ids[0]=amdgcn-amd-amdhsa--gfx90c:xnack+
:3:hip_code_object.cpp      :964 : 251283865031 us:  amd::Comgr::get_data() return 0 size for agent_triple_target_ids[0]=amdgcn-amd-amdhsa--gfx90c:xnack+
:3:hip_code_object.cpp      :964 : 251283865036 us:  amd::Comgr::get_data() return 0 size for agent_triple_target_ids[0]=amdgcn-amd-amdhsa--gfx90c:xnack+
:1:hip_fatbin.cpp           :780 : 251283865041 us:  Cannot find CO in the bundle /usr/lib64/librocsparse.so.1.0 for ISA: amdgcn-amd-amdhsa--gfx90c:xnack+
:3:hip_platform.cpp         :740 : 251283865047 us:  init: Returned hipErrorNoBinaryForGpu : continue parsing remaining modules
:3:hip_code_object.cpp      :964 : 251283902438 us:  amd::Comgr::get_data() return 0 size for agent_triple_target_ids[0]=amdgcn-amd-amdhsa--gfx90c:xnack+
:3:hip_code_object.cpp      :964 : 251283902468 us:  amd::Comgr::get_data() return 0 size for agent_triple_target_ids[0]=amdgcn-amd-amdhsa--gfx90c:xnack+
:3:hip_code_object.cpp      :964 : 251283902474 us:  amd::Comgr::get_data() return 0 size for agent_triple_target_ids[0]=amdgcn-amd-amdhsa--gfx90c:xnack+
:1:hip_fatbin.cpp           :780 : 251283902481 us:  Cannot find CO in the bundle /usr/lib64/librocsparse.so.1.0 for ISA: amdgcn-amd-amdhsa--gfx90c:xnack+
:3:hip_platform.cpp         :740 : 251283902493 us:  init: Returned hipErrorNoBinaryForGpu : continue parsing remaining modules
:3:hip_code_object.cpp      :964 : 251283903983 us:  amd::Comgr::get_data() return 0 size for agent_triple_target_ids[0]=amdgcn-amd-amdhsa--gfx90c:xnack+
:3:hip_code_object.cpp      :964 : 251283903999 us:  amd::Comgr::get_data() return 0 size for agent_triple_target_ids[0]=amdgcn-amd-amdhsa--gfx90c:xnack+
:3:hip_code_object.cpp      :964 : 251283904012 us:  amd::Comgr::get_data() return 0 size for agent_triple_target_ids[0]=amdgcn-amd-amdhsa--gfx90c:xnack+
:1:hip_fatbin.cpp           :780 : 251283904017 us:  Cannot find CO in the bundle /usr/lib64/librocsparse.so.1.0 for ISA: amdgcn-amd-amdhsa--gfx90c:xnack+
:3:hip_platform.cpp         :740 : 251283904023 us:  init: Returned hipErrorNoBinaryForGpu : continue parsing remaining modules
:3:hip_code_object.cpp      :964 : 251283905874 us:  amd::Comgr::get_data() return 0 size for agent_triple_target_ids[0]=amdgcn-amd-amdhsa--gfx90c:xnack+
:3:hip_code_object.cpp      :964 : 251283905900 us:  amd::Comgr::get_data() return 0 size for agent_triple_target_ids[0]=amdgcn-amd-amdhsa--gfx90c:xnack+
:3:hip_code_object.cpp      :964 : 251283905905 us:  amd::Comgr::get_data() return 0 size for agent_triple_target_ids[0]=amdgcn-amd-amdhsa--gfx90c:xnack+
:1:hip_fatbin.cpp           :780 : 251283905912 us:  Cannot find CO in the bundle /usr/lib64/librocsparse.so.1.0 for ISA: amdgcn-amd-amdhsa--gfx90c:xnack+
:3:hip_platform.cpp         :740 : 251283905921 us:  init: Returned hipErrorNoBinaryForGpu : continue parsing remaining modules
:3:hip_code_object.cpp      :964 : 251283907063 us:  amd::Comgr::get_data() return 0 size for agent_triple_target_ids[0]=amdgcn-amd-amdhsa--gfx90c:xnack+
:3:hip_code_object.cpp      :964 : 251283907076 us:  amd::Comgr::get_data() return 0 size for agent_triple_target_ids[0]=amdgcn-amd-amdhsa--gfx90c:xnack+
:3:hip_code_object.cpp      :964 : 251283907081 us:  amd::Comgr::get_data() return 0 size for agent_triple_target_ids[0]=amdgcn-amd-amdhsa--gfx90c:xnack+
:1:hip_fatbin.cpp           :780 : 251283907087 us:  Cannot find CO in the bundle /usr/lib64/librocsparse.so.1.0 for ISA: amdgcn-amd-amdhsa--gfx90c:xnack+
:3:hip_platform.cpp         :740 : 251283907101 us:  init: Returned hipErrorNoBinaryForGpu : continue parsing remaining modules
:3:hip_code_object.cpp      :964 : 251283907983 us:  amd::Comgr::get_data() return 0 size for agent_triple_target_ids[0]=amdgcn-amd-amdhsa--gfx90c:xnack+
:3:hip_code_object.cpp      :964 : 251283907995 us:  amd::Comgr::get_data() return 0 size for agent_triple_target_ids[0]=amdgcn-amd-amdhsa--gfx90c:xnack+
:3:hip_code_object.cpp      :964 : 251283908006 us:  amd::Comgr::get_data() return 0 size for agent_triple_target_ids[0]=amdgcn-amd-amdhsa--gfx90c:xnack+
:1:hip_fatbin.cpp           :780 : 251283908012 us:  Cannot find CO in the bundle /usr/lib64/librocsparse.so.1.0 for ISA: amdgcn-amd-amdhsa--gfx90c:xnack+
:3:hip_platform.cpp         :740 : 251283908017 us:  init: Returned hipErrorNoBinaryForGpu : continue parsing remaining modules
:3:hip_code_object.cpp      :964 : 251283908640 us:  amd::Comgr::get_data() return 0 size for agent_triple_target_ids[0]=amdgcn-amd-amdhsa--gfx90c:xnack+
:3:hip_code_object.cpp      :964 : 251283908652 us:  amd::Comgr::get_data() return 0 size for agent_triple_target_ids[0]=amdgcn-amd-amdhsa--gfx90c:xnack+
:3:hip_code_object.cpp      :964 : 251283908657 us:  amd::Comgr::get_data() return 0 size for agent_triple_target_ids[0]=amdgcn-amd-amdhsa--gfx90c:xnack+
:1:hip_fatbin.cpp           :780 : 251283908662 us:  Cannot find CO in the bundle /usr/lib64/librocsparse.so.1.0 for ISA: amdgcn-amd-amdhsa--gfx90c:xnack+
:3:hip_platform.cpp         :740 : 251283908667 us:  init: Returned hipErrorNoBinaryForGpu : continue parsing remaining modules
:3:hip_code_object.cpp      :964 : 251286916963 us:  amd::Comgr::get_data() return 0 size for agent_triple_target_ids[0]=amdgcn-amd-amdhsa--gfx90c:xnack+
:3:hip_code_object.cpp      :964 : 251286916995 us:  amd::Comgr::get_data() return 0 size for agent_triple_target_ids[0]=amdgcn-amd-amdhsa--gfx90c:xnack+
:3:hip_code_object.cpp      :964 : 251286917008 us:  amd::Comgr::get_data() return 0 size for agent_triple_target_ids[0]=amdgcn-amd-amdhsa--gfx90c:xnack+
:1:hip_fatbin.cpp           :780 : 251286931397 us:  Cannot find CO in the bundle /usr/lib64/librocsparse.so.1.0 for ISA: amdgcn-amd-amdhsa--gfx90c:xnack+
:3:hip_platform.cpp         :740 : 251286931429 us:  init: Returned hipErrorNoBinaryForGpu : continue parsing remaining modules
:3:hip_code_object.cpp      :964 : 251286933600 us:  amd::Comgr::get_data() return 0 size for agent_triple_target_ids[0]=amdgcn-amd-amdhsa--gfx90c:xnack+
:3:hip_code_object.cpp      :964 : 251286933621 us:  amd::Comgr::get_data() return 0 size for agent_triple_target_ids[0]=amdgcn-amd-amdhsa--gfx90c:xnack+
:3:hip_code_object.cpp      :964 : 251286933626 us:  amd::Comgr::get_data() return 0 size for agent_triple_target_ids[0]=amdgcn-amd-amdhsa--gfx90c:xnack+
:1:hip_fatbin.cpp           :780 : 251286933633 us:  Cannot find CO in the bundle /usr/lib64/librocsparse.so.1.0 for ISA: amdgcn-amd-amdhsa--gfx90c:xnack+
:3:hip_platform.cpp         :740 : 251286933640 us:  init: Returned hipErrorNoBinaryForGpu : continue parsing remaining modules
:3:hip_code_object.cpp      :964 : 251286943127 us:  amd::Comgr::get_data() return 0 size for agent_triple_target_ids[0]=amdgcn-amd-amdhsa--gfx90c:xnack+
:3:hip_code_object.cpp      :964 : 251286943155 us:  amd::Comgr::get_data() return 0 size for agent_triple_target_ids[0]=amdgcn-amd-amdhsa--gfx90c:xnack+
:3:hip_code_object.cpp      :964 : 251286943160 us:  amd::Comgr::get_data() return 0 size for agent_triple_target_ids[0]=amdgcn-amd-amdhsa--gfx90c:xnack+
:1:hip_fatbin.cpp           :780 : 251286943166 us:  Cannot find CO in the bundle /usr/lib64/librocsparse.so.1.0 for ISA: amdgcn-amd-amdhsa--gfx90c:xnack+
:3:hip_platform.cpp         :740 : 251286943177 us:  init: Returned hipErrorNoBinaryForGpu : continue parsing remaining modules
:3:hip_code_object.cpp      :964 : 251286944440 us:  amd::Comgr::get_data() return 0 size for agent_triple_target_ids[0]=amdgcn-amd-amdhsa--gfx90c:xnack+
:3:hip_code_object.cpp      :964 : 251286944457 us:  amd::Comgr::get_data() return 0 size for agent_triple_target_ids[0]=amdgcn-amd-amdhsa--gfx90c:xnack+
:3:hip_code_object.cpp      :964 : 251286944472 us:  amd::Comgr::get_data() return 0 size for agent_triple_target_ids[0]=amdgcn-amd-amdhsa--gfx90c:xnack+
:1:hip_fatbin.cpp           :780 : 251286944477 us:  Cannot find CO in the bundle /usr/lib64/librocsparse.so.1.0 for ISA: amdgcn-amd-amdhsa--gfx90c:xnack+
:3:hip_platform.cpp         :740 : 251286944484 us:  init: Returned hipErrorNoBinaryForGpu : continue parsing remaining modules
:3:hip_code_object.cpp      :964 : 251286945381 us:  amd::Comgr::get_data() return 0 size for agent_triple_target_ids[0]=amdgcn-amd-amdhsa--gfx90c:xnack+
:3:hip_code_object.cpp      :964 : 251286945399 us:  amd::Comgr::get_data() return 0 size for agent_triple_target_ids[0]=amdgcn-amd-amdhsa--gfx90c:xnack+
:3:hip_code_object.cpp      :964 : 251286945404 us:  amd::Comgr::get_data() return 0 size for agent_triple_target_ids[0]=amdgcn-amd-amdhsa--gfx90c:xnack+
:1:hip_fatbin.cpp           :780 : 251286945409 us:  Cannot find CO in the bundle /usr/lib64/librocsparse.so.1.0 for ISA: amdgcn-amd-amdhsa--gfx90c:xnack+
:3:hip_platform.cpp         :740 : 251286945416 us:  init: Returned hipErrorNoBinaryForGpu : continue parsing remaining modules
:3:hip_code_object.cpp      :964 : 251287043686 us:  amd::Comgr::get_data() return 0 size for agent_triple_target_ids[0]=amdgcn-amd-amdhsa--gfx90c:xnack+
:3:hip_code_object.cpp      :964 : 251287043716 us:  amd::Comgr::get_data() return 0 size for agent_triple_target_ids[0]=amdgcn-amd-amdhsa--gfx90c:xnack+
:3:hip_code_object.cpp      :964 : 251287043721 us:  amd::Comgr::get_data() return 0 size for agent_triple_target_ids[0]=amdgcn-amd-amdhsa--gfx90c:xnack+
:1:hip_fatbin.cpp           :780 : 251287043728 us:  Cannot find CO in the bundle /usr/lib64/librocsparse.so.1.0 for ISA: amdgcn-amd-amdhsa--gfx90c:xnack+
:3:hip_platform.cpp         :740 : 251287043739 us:  init: Returned hipErrorNoBinaryForGpu : continue parsing remaining modules
:3:hip_code_object.cpp      :964 : 251287084534 us:  amd::Comgr::get_data() return 0 size for agent_triple_target_ids[0]=amdgcn-amd-amdhsa--gfx90c:xnack+
:3:hip_code_object.cpp      :964 : 251287084565 us:  amd::Comgr::get_data() return 0 size for agent_triple_target_ids[0]=amdgcn-amd-amdhsa--gfx90c:xnack+
:3:hip_code_object.cpp      :964 : 251287084570 us:  amd::Comgr::get_data() return 0 size for agent_triple_target_ids[0]=amdgcn-amd-amdhsa--gfx90c:xnack+
:1:hip_fatbin.cpp           :780 : 251287084577 us:  Cannot find CO in the bundle /usr/lib64/librocsparse.so.1.0 for ISA: amdgcn-amd-amdhsa--gfx90c:xnack+
:3:hip_platform.cpp         :740 : 251287084588 us:  init: Returned hipErrorNoBinaryForGpu : continue parsing remaining modules
:3:hip_code_object.cpp      :964 : 251287086238 us:  amd::Comgr::get_data() return 0 size for agent_triple_target_ids[0]=amdgcn-amd-amdhsa--gfx90c:xnack+
:3:hip_code_object.cpp      :964 : 251287086258 us:  amd::Comgr::get_data() return 0 size for agent_triple_target_ids[0]=amdgcn-amd-amdhsa--gfx90c:xnack+
:3:hip_code_object.cpp      :964 : 251287086263 us:  amd::Comgr::get_data() return 0 size for agent_triple_target_ids[0]=amdgcn-amd-amdhsa--gfx90c:xnack+
:1:hip_fatbin.cpp           :780 : 251287086269 us:  Cannot find CO in the bundle /usr/lib64/librocsparse.so.1.0 for ISA: amdgcn-amd-amdhsa--gfx90c:xnack+
:3:hip_platform.cpp         :740 : 251287086276 us:  init: Returned hipErrorNoBinaryForGpu : continue parsing remaining modules
:3:hip_code_object.cpp      :964 : 251287092592 us:  amd::Comgr::get_data() return 0 size for agent_triple_target_ids[0]=amdgcn-amd-amdhsa--gfx90c:xnack+
:3:hip_code_object.cpp      :964 : 251287092622 us:  amd::Comgr::get_data() return 0 size for agent_triple_target_ids[0]=amdgcn-amd-amdhsa--gfx90c:xnack+
:3:hip_code_object.cpp      :964 : 251287092627 us:  amd::Comgr::get_data() return 0 size for agent_triple_target_ids[0]=amdgcn-amd-amdhsa--gfx90c:xnack+
:1:hip_fatbin.cpp           :780 : 251287092634 us:  Cannot find CO in the bundle /usr/lib64/librocsparse.so.1.0 for ISA: amdgcn-amd-amdhsa--gfx90c:xnack+
:3:hip_platform.cpp         :740 : 251287092654 us:  init: Returned hipErrorNoBinaryForGpu : continue parsing remaining modules
:3:hip_memory.cpp           :756 : 251287093976 us:  [32m hipMalloc ( 0x7fffa83d12e8, 32 ) [0m
:3:rocdevice.cpp            :2411: 251287094227 us:  Device=0x301e1f0, freeMem_ = 0x366fb2fe0
:3:hip_memory.cpp           :758 : 251287094239 us:  hipMalloc: Returned hipSuccess : 0x7f8d70200000: duration: 263 us
:3:hip_memory.cpp           :756 : 251287094244 us:  [32m hipMalloc ( 0x7fffa83d12e0, 32 ) [0m
:3:rocdevice.cpp            :2411: 251287094254 us:  Device=0x301e1f0, freeMem_ = 0x366fb2fc0
:3:hip_memory.cpp           :758 : 251287094258 us:  hipMalloc: Returned hipSuccess : 0x7f8d70201000: duration: 14 us
:3:hip_memory.cpp           :756 : 251287094261 us:  [32m hipMalloc ( 0x7fffa83d12d8, 32 ) [0m
:3:rocdevice.cpp            :2411: 251287094264 us:  Device=0x301e1f0, freeMem_ = 0x366fb2fa0
:3:hip_memory.cpp           :758 : 251287094267 us:  hipMalloc: Returned hipSuccess : 0x7f8d70202000: duration: 6 us
:3:hip_memory.cpp           :756 : 251287094270 us:  [32m hipMalloc ( 0x7fffa83d12d0, 96 ) [0m
:3:rocdevice.cpp            :2411: 251287094273 us:  Device=0x301e1f0, freeMem_ = 0x366fb2f40
:3:hip_memory.cpp           :758 : 251287094276 us:  hipMalloc: Returned hipSuccess : 0x7f8d70203000: duration: 6 us
:3:hip_memory.cpp           :795 : 251287094286 us:  [32m hipMemcpy ( 0x7f8d70200000, 0x7fffa83d1390, 32, hipMemcpyHostToDevice ) [0m
:3:rocdevice.cpp            :3052: 251287094305 us:  Number of allocated hardware queues with low priority: 0, with normal priority: 0, with high priority: 0, maximum per priority is: 4
:3:rocdevice.cpp            :3131: 251287114784 us:  Created SWq=0x7f8e72450000 to map on HWq=0x7f8d63600000 with size 16384 with priority 1, cooperative: 0
:3:rocdevice.cpp            :3223: 251287114819 us:  acquireQueue refCount: 0x7f8d63600000 (1)
:3:devprogram.cpp           :2658: 251287329576 us:  Using Code Object V5.
:3:rocvirtual.cpp           :763 : 251287330963 us:  Arg0: uchar* src = ptr:0x7f8d62a00000
:3:rocvirtual.cpp           :763 : 251287338759 us:  Arg1: uchar* dst = ptr:0x7f8d70200000
:3:rocvirtual.cpp           :857 : 251287338767 us:  Arg2: ulong size = val:32
:3:rocvirtual.cpp           :857 : 251287338771 us:  Arg3: uint remainder = val:0
:3:rocvirtual.cpp           :857 : 251287338774 us:  Arg4: uint aligned_size = val:16
:3:rocvirtual.cpp           :857 : 251287338777 us:  Arg5: ulong end_ptr = val:140245448261664
:3:rocvirtual.cpp           :857 : 251287338780 us:  Arg6: uint next_chunk = val:512
:3:rocvirtual.cpp           :3237: 251287338785 us:  ShaderName : __amd_rocclr_copyBuffer
:3:rocvirtual.cpp           :3451: 251287338789 us:  KernargSegmentByteSize = 304 KernargSegmentAlignment = 128
:3:rocvirtual.cpp           :534 : 251287338805 us:  Set Handler: handle(0x7f8e521fd600), timestamp(0x3d66090)
:3:rocvirtual.hpp           :57  : 251287338809 us:  Host active wait for Signal = (0x7f8e521fd600) for -1 ns
:3:hip_memory.cpp           :796 : 251287338846 us:  hipMemcpy: Returned hipSuccess : : duration: 244560 us
:3:hip_memory.cpp           :795 : 251287338857 us:  [32m hipMemcpy ( 0x7f8d70201000, 0x7fffa83d1370, 32, hipMemcpyHostToDevice ) [0m
:3:rocvirtual.cpp           :763 : 251287338867 us:  Arg0: uchar* src = ptr:0x7f8d62a00100
:3:rocvirtual.cpp           :763 : 251287338870 us:  Arg1: uchar* dst = ptr:0x7f8d70201000
:3:rocvirtual.cpp           :857 : 251287338873 us:  Arg2: ulong size = val:32
:3:rocvirtual.cpp           :857 : 251287338876 us:  Arg3: uint remainder = val:0
:3:rocvirtual.cpp           :857 : 251287338879 us:  Arg4: uint aligned_size = val:16
:3:rocvirtual.cpp           :857 : 251287338882 us:  Arg5: ulong end_ptr = val:140245448265760
:3:rocvirtual.cpp           :857 : 251287338884 us:  Arg6: uint next_chunk = val:512
:3:rocvirtual.cpp           :3237: 251287338887 us:  ShaderName : __amd_rocclr_copyBuffer
:3:rocvirtual.cpp           :3451: 251287338890 us:  KernargSegmentByteSize = 304 KernargSegmentAlignment = 128
:3:rocvirtual.cpp           :227 : 251287338900 us:  Handler: value(0), timestamp(0x3109a70), handle(0x7f8e521fd600)
:3:rocvirtual.cpp           :534 : 251287338905 us:  Set Handler: handle(0x7f8e521fd680), timestamp(0x3cce290)
:3:rocvirtual.hpp           :57  : 251287338931 us:  Host active wait for Signal = (0x7f8e521fd680) for -1 ns
:3:hip_memory.cpp           :796 : 251287338941 us:  hipMemcpy: Returned hipSuccess : : duration: 84 us
:3:hip_memory.cpp           :795 : 251287338945 us:  [32m hipMemcpy ( 0x7f8d70202000, 0x7fffa83d1350, 32, hipMemcpyHostToDevice ) [0m
:3:rocvirtual.cpp           :763 : 251287338955 us:  Arg0: uchar* src = ptr:0x7f8d62a00200
:3:rocvirtual.cpp           :763 : 251287338958 us:  Arg1: uchar* dst = ptr:0x7f8d70202000
:3:rocvirtual.cpp           :857 : 251287338961 us:  Arg2: ulong size = val:32
:3:rocvirtual.cpp           :857 : 251287338964 us:  Arg3: uint remainder = val:0
:3:rocvirtual.cpp           :857 : 251287338968 us:  Arg4: uint aligned_size = val:16
:3:rocvirtual.cpp           :857 : 251287338971 us:  Arg5: ulong end_ptr = val:140245448269856
:3:rocvirtual.cpp           :857 : 251287338975 us:  Arg6: uint next_chunk = val:512
:3:rocvirtual.cpp           :3237: 251287338978 us:  ShaderName : __amd_rocclr_copyBuffer
:3:rocvirtual.cpp           :3451: 251287338983 us:  KernargSegmentByteSize = 304 KernargSegmentAlignment = 128
:3:rocvirtual.cpp           :227 : 251287338964 us:  Handler: value(0), timestamp(0x3109a00), handle(0x7f8e521fd680)
:3:rocvirtual.cpp           :534 : 251287338989 us:  Set Handler: handle(0x7f8e521fd700), timestamp(0x3cce180)
:3:rocvirtual.hpp           :57  : 251287339011 us:  Host active wait for Signal = (0x7f8e521fd700) for -1 ns
:3:hip_memory.cpp           :796 : 251287339021 us:  hipMemcpy: Returned hipSuccess : : duration: 76 us
:3:hip_memory.cpp           :795 : 251287339025 us:  [32m hipMemcpy ( 0x7f8d70203000, 0x7fffa83d12f0, 96, hipMemcpyHostToDevice ) [0m
:3:rocvirtual.cpp           :763 : 251287339032 us:  Arg0: uchar* src = ptr:0x7f8d62a00300
:3:rocvirtual.cpp           :763 : 251287339035 us:  Arg1: uchar* dst = ptr:0x7f8d70203000
:3:rocvirtual.cpp           :857 : 251287339038 us:  Arg2: ulong size = val:96
:3:rocvirtual.cpp           :857 : 251287339041 us:  Arg3: uint remainder = val:0
:3:rocvirtual.cpp           :857 : 251287339044 us:  Arg4: uint aligned_size = val:16
:3:rocvirtual.cpp           :857 : 251287339051 us:  Arg5: ulong end_ptr = val:140245448274016
:3:rocvirtual.cpp           :227 : 251287339047 us:  Handler: value(0), timestamp(0x3109990), handle(0x7f8e521fd700)
:3:rocvirtual.cpp           :857 : 251287339054 us:  Arg6: uint next_chunk = val:512
:3:rocvirtual.cpp           :3237: 251287339068 us:  ShaderName : __amd_rocclr_copyBuffer
:3:rocvirtual.cpp           :3451: 251287339071 us:  KernargSegmentByteSize = 304 KernargSegmentAlignment = 128
:3:rocvirtual.cpp           :534 : 251287339077 us:  Set Handler: handle(0x7f8e521fd780), timestamp(0x3cce070)
:3:rocvirtual.hpp           :57  : 251287339081 us:  Host active wait for Signal = (0x7f8e521fd780) for -1 ns
:3:hip_memory.cpp           :796 : 251287339103 us:  hipMemcpy: Returned hipSuccess : : duration: 78 us
:3:hip_device_runtime.cpp   :657 : 251287339123 us:  [32m hipGetDevice ( 0x3417a80 ) [0m
:3:hip_device_runtime.cpp   :669 : 251287339128 us:  hipGetDevice: Returned hipSuccess : 0
:3:hip_device.cpp           :654 : 251287339135 us:  [32m hipGetDevicePropertiesR0600 ( 0x3417a88, 0 ) [0m
:3:hip_device.cpp           :656 : 251287339142 us:  hipGetDevicePropertiesR0600: Returned hipSuccess : 
:3:rocvirtual.cpp           :227 : 251287339124 us:  Handler: value(0), timestamp(0x3e38b30), handle(0x7f8e521fd780)
:3:hip_memory.cpp           :756 : 251287339147 us:  [32m hipMalloc ( 0x3418068, 1048576 ) [0m
:3:rocdevice.cpp            :2411: 251287339164 us:  Device=0x301e1f0, freeMem_ = 0x366eb2f40
:3:hip_memory.cpp           :758 : 251287339169 us:  hipMalloc: Returned hipSuccess : 0x7f8d70204000: duration: 22 us
:3:hip_memory.cpp           :756 : 251287339179 us:  [32m hipMalloc ( 0x3418070, 4 ) [0m
:3:rocdevice.cpp            :2411: 251287339185 us:  Device=0x301e1f0, freeMem_ = 0x366eb2f3c
:3:hip_memory.cpp           :758 : 251287339189 us:  hipMalloc: Returned hipSuccess : 0x7f8d70304000: duration: 10 us
:3:hip_memory.cpp           :756 : 251287339192 us:  [32m hipMalloc ( 0x3418078, 8 ) [0m
:3:rocdevice.cpp            :2411: 251287339196 us:  Device=0x301e1f0, freeMem_ = 0x366eb2f34
:3:hip_memory.cpp           :758 : 251287339200 us:  hipMalloc: Returned hipSuccess : 0x7f8d70305000: duration: 8 us
:3:hip_memory.cpp           :756 : 251287339203 us:  [32m hipMalloc ( 0x3418080, 8 ) [0m
:3:rocdevice.cpp            :2411: 251287339207 us:  Device=0x301e1f0, freeMem_ = 0x366eb2f2c
:3:hip_memory.cpp           :758 : 251287339211 us:  hipMalloc: Returned hipSuccess : 0x7f8d70306000: duration: 8 us
:3:hip_memory.cpp           :756 : 251287339215 us:  [32m hipMalloc ( 0x3418088, 16 ) [0m
:3:rocdevice.cpp            :2411: 251287339218 us:  Device=0x301e1f0, freeMem_ = 0x366eb2f1c
:3:hip_memory.cpp           :758 : 251287339223 us:  hipMalloc: Returned hipSuccess : 0x7f8d70307000: duration: 8 us
:3:hip_platform.cpp         :237 : 251287339247 us:  [32m __hipPushCallConfiguration ( {1,1,1}, {1,1,1}, 0, stream:<null> ) [0m
:3:hip_platform.cpp         :241 : 251287339252 us:  __hipPushCallConfiguration: Returned hipSuccess : 
:3:hip_platform.cpp         :246 : 251287339259 us:  [32m __hipPopCallConfiguration ( {1385753496,32654,0}, {0,0,1391079781}, 0x7fffa83d0f80, 0x7fffa83d0fb0 ) [0m
:3:hip_platform.cpp         :255 : 251287339265 us:  __hipPopCallConfiguration: Returned hipSuccess : 
:3:hip_module.cpp           :744 : 251287339276 us:  [32m hipLaunchKernel ( 0x7f8e57630048, {1,1,1}, {1,1,1}, 0x7fffa83d0fa0, 0, stream:<null> ) [0m
:3:hip_module.cpp           :745 : 251287339283 us:  hipLaunchKernel: Returned hipErrorInvalidDeviceFunction : : duration: 7 us
:3:hip_memory.cpp           :3487: 251287339294 us:  [32m hipMemsetAsync ( 0x7f8d70304000, 0, 4, stream:<null> ) [0m
:3:rocvirtual.cpp           :763 : 251287339301 us:  Arg0: void* buf = ptr:0x7f8d70304000
:3:rocvirtual.cpp           :781 : 251287339304 us:  Arg0: void* buf = ptr:0x7f8d70304000 obj:[0x7f8d70304000-0x7f8d70304004]
:3:rocvirtual.cpp           :763 : 251287339309 us:  Arg1: uchar* pattern = ptr:0x7f8d63000600
:3:rocvirtual.cpp           :857 : 251287339312 us:  Arg2: uint pattern_size = val:1
:3:rocvirtual.cpp           :857 : 251287339315 us:  Arg3: uint alignment = val:1
:3:rocvirtual.cpp           :857 : 251287339318 us:  Arg4: ulong end_ptr = val:140245449326596
:3:rocvirtual.cpp           :857 : 251287339321 us:  Arg5: uint next_chunk = val:256
:3:rocvirtual.cpp           :3237: 251287339324 us:  ShaderName : __amd_rocclr_fillBufferAligned
:3:rocvirtual.cpp           :3451: 251287339328 us:  KernargSegmentByteSize = 296 KernargSegmentAlignment = 128
:3:hip_memory.cpp           :3488: 251287339336 us:  hipMemsetAsync: Returned hipSuccess : 
:3:hip_memory.cpp           :3487: 251287339340 us:  [32m hipMemsetAsync ( 0x7f8d70305000, 0, 8, stream:<null> ) [0m
:3:rocvirtual.cpp           :763 : 251287339344 us:  Arg0: void* buf = ptr:0x7f8d70305000
:3:rocvirtual.cpp           :781 : 251287339347 us:  Arg0: void* buf = ptr:0x7f8d70305000 obj:[0x7f8d70305000-0x7f8d70305008]
:3:rocvirtual.cpp           :763 : 251287339351 us:  Arg1: uchar* pattern = ptr:0x7f8d63000900
:3:rocvirtual.cpp           :857 : 251287339354 us:  Arg2: uint pattern_size = val:1
:3:rocvirtual.cpp           :857 : 251287339357 us:  Arg3: uint alignment = val:1
:3:rocvirtual.cpp           :857 : 251287339360 us:  Arg4: ulong end_ptr = val:140245449330696
:3:rocvirtual.cpp           :857 : 251287339363 us:  Arg5: uint next_chunk = val:256
:3:rocvirtual.cpp           :3237: 251287339366 us:  ShaderName : __amd_rocclr_fillBufferAligned
:3:rocvirtual.cpp           :3451: 251287339369 us:  KernargSegmentByteSize = 296 KernargSegmentAlignment = 128
:3:hip_memory.cpp           :3488: 251287339373 us:  hipMemsetAsync: Returned hipSuccess : 
:3:hip_memory.cpp           :3487: 251287339381 us:  [32m hipMemsetAsync ( 0x7f8d70306000, 0, 8, stream:<null> ) [0m
:3:rocvirtual.cpp           :763 : 251287339385 us:  Arg0: void* buf = ptr:0x7f8d70306000
:3:rocvirtual.cpp           :781 : 251287339389 us:  Arg0: void* buf = ptr:0x7f8d70306000 obj:[0x7f8d70306000-0x7f8d70306008]
:3:rocvirtual.cpp           :763 : 251287339391 us:  Arg1: uchar* pattern = ptr:0x7f8d63000c00
:3:rocvirtual.cpp           :857 : 251287339395 us:  Arg2: uint pattern_size = val:1
:3:rocvirtual.cpp           :857 : 251287339398 us:  Arg3: uint alignment = val:1
:3:rocvirtual.cpp           :857 : 251287339401 us:  Arg4: ulong end_ptr = val:140245449334792
:3:rocvirtual.cpp           :857 : 251287339404 us:  Arg5: uint next_chunk = val:256
:3:rocvirtual.cpp           :3237: 251287339407 us:  ShaderName : __amd_rocclr_fillBufferAligned
:3:rocvirtual.cpp           :3451: 251287339409 us:  KernargSegmentByteSize = 296 KernargSegmentAlignment = 128
:3:hip_memory.cpp           :3488: 251287339413 us:  hipMemsetAsync: Returned hipSuccess : 
:3:hip_memory.cpp           :3487: 251287339417 us:  [32m hipMemsetAsync ( 0x7f8d70307000, 0, 16, stream:<null> ) [0m
:3:rocvirtual.cpp           :763 : 251287339421 us:  Arg0: void* buf = ptr:0x7f8d70307000
:3:rocvirtual.cpp           :781 : 251287339424 us:  Arg0: void* buf = ptr:0x7f8d70307000 obj:[0x7f8d70307000-0x7f8d70307010]
:3:rocvirtual.cpp           :763 : 251287339427 us:  Arg1: uchar* pattern = ptr:0x7f8d63000f00
:3:rocvirtual.cpp           :857 : 251287339430 us:  Arg2: uint pattern_size = val:1
:3:rocvirtual.cpp           :857 : 251287339432 us:  Arg3: uint alignment = val:16
:3:rocvirtual.cpp           :857 : 251287339435 us:  Arg4: ulong end_ptr = val:140245449338896
:3:rocvirtual.cpp           :857 : 251287339439 us:  Arg5: uint next_chunk = val:256
:3:rocvirtual.cpp           :3237: 251287339442 us:  ShaderName : __amd_rocclr_fillBufferAligned
:3:rocvirtual.cpp           :3451: 251287339445 us:  KernargSegmentByteSize = 296 KernargSegmentAlignment = 128
:3:hip_memory.cpp           :3488: 251287339449 us:  hipMemsetAsync: Returned hipSuccess : 
:3:hip_memory.cpp           :1631: 251287339458 us:  [32m hipMemcpyAsync ( 0x7f8d70304000, 0x7fffa83d0f9c, 4, hipMemcpyHostToDevice, stream:<null> ) [0m
:3:rocvirtual.cpp           :763 : 251287339466 us:  Arg0: uchar* src = ptr:0x7f8d62a00400
:3:rocvirtual.cpp           :763 : 251287339469 us:  Arg1: uchar* dst = ptr:0x7f8d70304000
:3:rocvirtual.cpp           :857 : 251287339472 us:  Arg2: ulong size = val:4
:3:rocvirtual.cpp           :857 : 251287339475 us:  Arg3: uint remainder = val:4
:3:rocvirtual.cpp           :857 : 251287339478 us:  Arg4: uint aligned_size = val:16
:3:rocvirtual.cpp           :857 : 251287339482 us:  Arg5: ulong end_ptr = val:140245449326592
:3:rocvirtual.cpp           :857 : 251287339485 us:  Arg6: uint next_chunk = val:512
:3:rocvirtual.cpp           :3237: 251287339487 us:  ShaderName : __amd_rocclr_copyBuffer
:3:rocvirtual.cpp           :3451: 251287339490 us:  KernargSegmentByteSize = 304 KernargSegmentAlignment = 128
:3:hip_memory.cpp           :1632: 251287339494 us:  hipMemcpyAsync: Returned hipSuccess : : duration: 36 us
:3:hip_memory.cpp           :1631: 251287339498 us:  [32m hipMemcpyAsync ( 0x7f8d70305000, 0x7fffa83d0fb0, 8, hipMemcpyHostToDevice, stream:<null> ) [0m
:3:rocvirtual.cpp           :763 : 251287339504 us:  Arg0: uchar* src = ptr:0x7f8d62a00500
:3:rocvirtual.cpp           :763 : 251287339507 us:  Arg1: uchar* dst = ptr:0x7f8d70305000
:3:rocvirtual.cpp           :857 : 251287339510 us:  Arg2: ulong size = val:8
:3:rocvirtual.cpp           :857 : 251287339513 us:  Arg3: uint remainder = val:8
:3:rocvirtual.cpp           :857 : 251287339516 us:  Arg4: uint aligned_size = val:16
:3:rocvirtual.cpp           :857 : 251287339518 us:  Arg5: ulong end_ptr = val:140245449330688
:3:rocvirtual.cpp           :857 : 251287339521 us:  Arg6: uint next_chunk = val:512
:3:rocvirtual.cpp           :3237: 251287339525 us:  ShaderName : __amd_rocclr_copyBuffer
:3:rocvirtual.cpp           :3451: 251287339532 us:  KernargSegmentByteSize = 304 KernargSegmentAlignment = 128
:3:hip_memory.cpp           :1632: 251287339536 us:  hipMemcpyAsync: Returned hipSuccess : : duration: 38 us
:3:hip_memory.cpp           :1631: 251287339540 us:  [32m hipMemcpyAsync ( 0x7f8d70306000, 0x7fffa83d0fa0, 8, hipMemcpyHostToDevice, stream:<null> ) [0m
:3:rocvirtual.cpp           :763 : 251287339546 us:  Arg0: uchar* src = ptr:0x7f8d62a00600
:3:rocvirtual.cpp           :763 : 251287339549 us:  Arg1: uchar* dst = ptr:0x7f8d70306000
:3:rocvirtual.cpp           :857 : 251287339552 us:  Arg2: ulong size = val:8
:3:rocvirtual.cpp           :857 : 251287339555 us:  Arg3: uint remainder = val:8
:3:rocvirtual.cpp           :857 : 251287339558 us:  Arg4: uint aligned_size = val:16
:3:rocvirtual.cpp           :857 : 251287339561 us:  Arg5: ulong end_ptr = val:140245449334784
:3:rocvirtual.cpp           :857 : 251287339563 us:  Arg6: uint next_chunk = val:512
:3:rocvirtual.cpp           :3237: 251287339566 us:  ShaderName : __amd_rocclr_copyBuffer
:3:rocvirtual.cpp           :3451: 251287339570 us:  KernargSegmentByteSize = 304 KernargSegmentAlignment = 128
:3:hip_memory.cpp           :1632: 251287339574 us:  hipMemcpyAsync: Returned hipSuccess : : duration: 34 us
:3:hip_memory.cpp           :1631: 251287339578 us:  [32m hipMemcpyAsync ( 0x7f8d70307000, 0x7fffa83d0f80, 16, hipMemcpyHostToDevice, stream:<null> ) [0m
:3:rocvirtual.cpp           :763 : 251287339584 us:  Arg0: uchar* src = ptr:0x7f8d62a00700
:3:rocvirtual.cpp           :763 : 251287339587 us:  Arg1: uchar* dst = ptr:0x7f8d70307000
:3:rocvirtual.cpp           :857 : 251287339590 us:  Arg2: ulong size = val:16
:3:rocvirtual.cpp           :857 : 251287339593 us:  Arg3: uint remainder = val:0
:3:rocvirtual.cpp           :857 : 251287339595 us:  Arg4: uint aligned_size = val:16
:3:rocvirtual.cpp           :857 : 251287339598 us:  Arg5: ulong end_ptr = val:140245449338896
:3:rocvirtual.cpp           :857 : 251287339601 us:  Arg6: uint next_chunk = val:512
:3:rocvirtual.cpp           :3237: 251287339604 us:  ShaderName : __amd_rocclr_copyBuffer
:3:rocvirtual.cpp           :3451: 251287339606 us:  KernargSegmentByteSize = 304 KernargSegmentAlignment = 128
:3:hip_memory.cpp           :1632: 251287339610 us:  hipMemcpyAsync: Returned hipSuccess : : duration: 32 us
:3:hip_stream.cpp           :384 : 251287339615 us:  [32m hipStreamSynchronize ( stream:<null> ) [0m
:3:rocvirtual.cpp           :534 : 251287339623 us:  Set Handler: handle(0x7f8e521fd800), timestamp(0x3ccdfa0)
:3:rocvirtual.cpp           :227 : 251287339637 us:  Handler: value(0), timestamp(0x36275d0), handle(0x7f8e521fd800)
:3:hip_stream.cpp           :385 : 251287339651 us:  hipStreamSynchronize: Returned hipSuccess : 
:3:hip_memory.cpp           :756 : 251287339659 us:  [32m hipMalloc ( 0x7fffa83d12b8, 47872 ) [0m
:3:rocdevice.cpp            :2411: 251287339665 us:  Device=0x301e1f0, freeMem_ = 0x366ea741c
:3:hip_memory.cpp           :758 : 251287339669 us:  hipMalloc: Returned hipSuccess : 0x7f8d70308000: duration: 10 us
:3:hip_platform.cpp         :237 : 251287340603 us:  [32m __hipPushCallConfiguration ( {2,1,1}, {256,1,1}, 0, stream:<null> ) [0m
:3:hip_platform.cpp         :241 : 251287340612 us:  __hipPushCallConfiguration: Returned hipSuccess : 
:3:hip_platform.cpp         :246 : 251287340616 us:  [32m __hipPopCallConfiguration ( {2822573552,21,1415304232}, {4294967295,0,1415606144}, 0x7fffa83d0d40, 0x7fffa83d0d38 ) [0m
:3:hip_platform.cpp         :255 : 251287340623 us:  __hipPopCallConfiguration: Returned hipSuccess : 
:3:hip_module.cpp           :744 : 251287340626 us:  [32m hipLaunchKernel ( 0x7f8e5764ea30, {2,1,1}, {256,1,1}, 0x7fffa83d0da0, 0, stream:<null> ) [0m
:3:hip_module.cpp           :745 : 251287340632 us:  hipLaunchKernel: Returned hipErrorInvalidDeviceFunction : : duration: 6 us
:3:hip_platform.cpp         :237 : 251287340636 us:  [32m __hipPushCallConfiguration ( {2,1,1}, {256,1,1}, 0, stream:<null> ) [0m
:3:hip_platform.cpp         :241 : 251287340645 us:  __hipPushCallConfiguration: Returned hipSuccess : 
:3:hip_platform.cpp         :246 : 251287340648 us:  [32m __hipPopCallConfiguration ( {2,1,1}, {256,1,1}, 0x7fffa83d0d40, 0x7fffa83d0d38 ) [0m
:3:hip_platform.cpp         :255 : 251287340653 us:  __hipPopCallConfiguration: Returned hipSuccess : 
:3:hip_module.cpp           :744 : 251287340656 us:  [32m hipLaunchKernel ( 0x7f8e5764ea30, {2,1,1}, {256,1,1}, 0x7fffa83d0da0, 0, stream:<null> ) [0m
:3:hip_module.cpp           :745 : 251287340661 us:  hipLaunchKernel: Returned hipErrorInvalidDeviceFunction : : duration: 5 us
:3:hip_platform.cpp         :237 : 251287340665 us:  [32m __hipPushCallConfiguration ( {2,1,1}, {256,1,1}, 0, stream:<null> ) [0m
:3:hip_platform.cpp         :241 : 251287340669 us:  __hipPushCallConfiguration: Returned hipSuccess : 
:3:hip_platform.cpp         :246 : 251287340672 us:  [32m __hipPopCallConfiguration ( {2,1,1}, {256,1,1}, 0x7fffa83d0d40, 0x7fffa83d0d38 ) [0m
:3:hip_platform.cpp         :255 : 251287340676 us:  __hipPopCallConfiguration: Returned hipSuccess : 
:3:hip_module.cpp           :744 : 251287340679 us:  [32m hipLaunchKernel ( 0x7f8e5764ea30, {2,1,1}, {256,1,1}, 0x7fffa83d0da0, 0, stream:<null> ) [0m
:3:hip_module.cpp           :745 : 251287340683 us:  hipLaunchKernel: Returned hipErrorInvalidDeviceFunction : : duration: 4 us
:3:hip_platform.cpp         :237 : 251287340689 us:  [32m __hipPushCallConfiguration ( {2,3,1}, {256,1,1}, 0, stream:<null> ) [0m
:3:hip_platform.cpp         :241 : 251287340693 us:  __hipPushCallConfiguration: Returned hipSuccess : 
:3:hip_platform.cpp         :246 : 251287340698 us:  [32m __hipPopCallConfiguration ( {2,1,1}, {256,1,1}, 0x7fffa83d0d40, 0x7fffa83d0d38 ) [0m
:3:hip_platform.cpp         :255 : 251287340702 us:  __hipPopCallConfiguration: Returned hipSuccess : 
:3:hip_module.cpp           :744 : 251287340705 us:  [32m hipLaunchKernel ( 0x7f8e5764ea30, {2,3,1}, {256,1,1}, 0x7fffa83d0da0, 0, stream:<null> ) [0m
:3:hip_module.cpp           :745 : 251287340710 us:  hipLaunchKernel: Returned hipErrorInvalidDeviceFunction : : duration: 5 us
:3:hip_memory.cpp           :3487: 251287340714 us:  [32m hipMemsetAsync ( 0x7f8d7030e000, 0, 4096, stream:<null> ) [0m
:3:rocvirtual.cpp           :763 : 251287340718 us:  Arg0: void* buf = ptr:0x7f8d7030e000
:3:rocvirtual.cpp           :781 : 251287340721 us:  Arg0: void* buf = ptr:0x7f8d7030e000 obj:[0x7f8d70308000-0x7f8d70313b00]
:3:rocvirtual.cpp           :763 : 251287340723 us:  Arg1: uchar* pattern = ptr:0x7f8d63001800
:3:rocvirtual.cpp           :857 : 251287340727 us:  Arg2: uint pattern_size = val:1
:3:rocvirtual.cpp           :857 : 251287340730 us:  Arg3: uint alignment = val:16
:3:rocvirtual.cpp           :857 : 251287340732 us:  Arg4: ulong end_ptr = val:140245449371648
:3:rocvirtual.cpp           :857 : 251287340735 us:  Arg5: uint next_chunk = val:256
:3:rocvirtual.cpp           :3237: 251287340737 us:  ShaderName : __amd_rocclr_fillBufferAligned
:3:rocvirtual.cpp           :3451: 251287340740 us:  KernargSegmentByteSize = 296 KernargSegmentAlignment = 128
:3:hip_memory.cpp           :3488: 251287340743 us:  hipMemsetAsync: Returned hipSuccess : 
:3:hip_memory.cpp           :3487: 251287340746 us:  [32m hipMemsetAsync ( 0x7f8d7030f000, 0, 4096, stream:<null> ) [0m
:3:rocvirtual.cpp           :763 : 251287340749 us:  Arg0: void* buf = ptr:0x7f8d7030f000
:3:rocvirtual.cpp           :781 : 251287340753 us:  Arg0: void* buf = ptr:0x7f8d7030f000 obj:[0x7f8d70308000-0x7f8d70313b00]
:3:rocvirtual.cpp           :763 : 251287340757 us:  Arg1: uchar* pattern = ptr:0x7f8d63001b00
:3:rocvirtual.cpp           :857 : 251287340760 us:  Arg2: uint pattern_size = val:1
:3:rocvirtual.cpp           :857 : 251287340762 us:  Arg3: uint alignment = val:16
:3:rocvirtual.cpp           :857 : 251287340764 us:  Arg4: ulong end_ptr = val:140245449375744
:3:rocvirtual.cpp           :857 : 251287340767 us:  Arg5: uint next_chunk = val:256
:3:rocvirtual.cpp           :3237: 251287340769 us:  ShaderName : __amd_rocclr_fillBufferAligned
:3:rocvirtual.cpp           :3451: 251287340775 us:  KernargSegmentByteSize = 296 KernargSegmentAlignment = 128
:3:hip_memory.cpp           :3488: 251287340778 us:  hipMemsetAsync: Returned hipSuccess : 
:3:hip_platform.cpp         :237 : 251287340782 us:  [32m __hipPushCallConfiguration ( {1,1,1}, {256,1,1}, 0, stream:<null> ) [0m
:3:hip_platform.cpp         :241 : 251287340786 us:  __hipPushCallConfiguration: Returned hipSuccess : 
:3:hip_platform.cpp         :246 : 251287340794 us:  [32m __hipPopCallConfiguration ( {2822573160,32767,2822573156}, {1415633556,32654,1917104160}, 0x7fffa83d0bc0, 0x7fffa83d0bb8 ) [0m
:3:hip_platform.cpp         :255 : 251287340799 us:  __hipPopCallConfiguration: Returned hipSuccess : 
:3:hip_module.cpp           :744 : 251287340803 us:  [32m hipLaunchKernel ( 0x7f8e5764ea38, {1,1,1}, {256,1,1}, 0x7fffa83d0c10, 0, stream:<null> ) [0m
:3:hip_module.cpp           :745 : 251287340807 us:  hipLaunchKernel: Returned hipErrorInvalidDeviceFunction : : duration: 4 us
:3:hip_platform.cpp         :237 : 251287340810 us:  [32m __hipPushCallConfiguration ( {1,3,1}, {256,1,1}, 0, stream:<null> ) [0m
:3:hip_platform.cpp         :241 : 251287340817 us:  __hipPushCallConfiguration: Returned hipSuccess : 
:3:hip_platform.cpp         :246 : 251287340822 us:  [32m __hipPopCallConfiguration ( {1882234880,32653,1882230784}, {1,1,1}, 0x7fffa83d0bd0, 0x7fffa83d0bc8 ) [0m
:3:hip_platform.cpp         :255 : 251287340826 us:  __hipPopCallConfiguration: Returned hipSuccess : 
:3:hip_module.cpp           :744 : 251287340834 us:  [32m hipLaunchKernel ( 0x7f8e5764ea58, {1,3,1}, {256,1,1}, 0x7fffa83d0c20, 0, stream:<null> ) [0m
:3:hip_module.cpp           :745 : 251287340840 us:  hipLaunchKernel: Returned hipErrorInvalidDeviceFunction : : duration: 6 us
:3:hip_memory.cpp           :1631: 251287340844 us:  [32m hipMemcpyAsync ( 0x7f8d70310000, 0x7f8d7030e000, 4096, hipMemcpyDeviceToDevice, stream:<null> ) [0m
:3:rocvirtual.cpp           :763 : 251287340850 us:  Arg0: uchar* src = ptr:0x7f8d7030e000
:3:rocvirtual.cpp           :763 : 251287340853 us:  Arg1: uchar* dst = ptr:0x7f8d70310000
:3:rocvirtual.cpp           :857 : 251287340855 us:  Arg2: ulong size = val:4096
:3:rocvirtual.cpp           :857 : 251287340857 us:  Arg3: uint remainder = val:0
:3:rocvirtual.cpp           :857 : 251287340862 us:  Arg4: uint aligned_size = val:16
:3:rocvirtual.cpp           :857 : 251287340866 us:  Arg5: ulong end_ptr = val:140245449379840
:3:rocvirtual.cpp           :857 : 251287340869 us:  Arg6: uint next_chunk = val:512
:3:rocvirtual.cpp           :3237: 251287340871 us:  ShaderName : __amd_rocclr_copyBuffer
:3:rocvirtual.cpp           :3451: 251287340873 us:  KernargSegmentByteSize = 304 KernargSegmentAlignment = 128
:3:hip_memory.cpp           :1632: 251287340878 us:  hipMemcpyAsync: Returned hipSuccess : : duration: 34 us
:3:hip_memory.cpp           :1631: 251287340882 us:  [32m hipMemcpyAsync ( 0x7f8d70311000, 0x7f8d7030f000, 4096, hipMemcpyDeviceToDevice, stream:<null> ) [0m
:3:rocvirtual.cpp           :763 : 251287340889 us:  Arg0: uchar* src = ptr:0x7f8d7030f000
:3:rocvirtual.cpp           :763 : 251287340891 us:  Arg1: uchar* dst = ptr:0x7f8d70311000
:3:rocvirtual.cpp           :857 : 251287340893 us:  Arg2: ulong size = val:4096
:3:rocvirtual.cpp           :857 : 251287340896 us:  Arg3: uint remainder = val:0
:3:rocvirtual.cpp           :857 : 251287340898 us:  Arg4: uint aligned_size = val:16
:3:rocvirtual.cpp           :857 : 251287340904 us:  Arg5: ulong end_ptr = val:140245449383936
:3:rocvirtual.cpp           :857 : 251287340908 us:  Arg6: uint next_chunk = val:512
:3:rocvirtual.cpp           :3237: 251287340912 us:  ShaderName : __amd_rocclr_copyBuffer
:3:rocvirtual.cpp           :3451: 251287340916 us:  KernargSegmentByteSize = 304 KernargSegmentAlignment = 128
:3:hip_memory.cpp           :1632: 251287340920 us:  hipMemcpyAsync: Returned hipSuccess : : duration: 38 us
:3:hip_platform.cpp         :237 : 251287340926 us:  [32m __hipPushCallConfiguration ( {1,3,1}, {256,1,1}, 0, stream:<null> ) [0m
:3:hip_platform.cpp         :241 : 251287340937 us:  __hipPushCallConfiguration: Returned hipSuccess : 
:3:hip_platform.cpp         :246 : 251287340941 us:  [32m __hipPopCallConfiguration ( {0,0,0}, {0,0,0}, 0x7fffa83d0bb0, 0x7fffa83d0ba8 ) [0m
:3:hip_platform.cpp         :255 : 251287340948 us:  __hipPopCallConfiguration: Returned hipSuccess : 
:3:hip_module.cpp           :744 : 251287340951 us:  [32m hipLaunchKernel ( 0x7f8e5764ea60, {1,3,1}, {256,1,1}, 0x7fffa83d0c00, 0, stream:<null> ) [0m
:3:hip_module.cpp           :745 : 251287340956 us:  hipLaunchKernel: Returned hipErrorInvalidDeviceFunction : : duration: 5 us
:3:hip_platform.cpp         :237 : 251287340959 us:  [32m __hipPushCallConfiguration ( {1,3,1}, {256,1,1}, 0, stream:<null> ) [0m
:3:hip_platform.cpp         :241 : 251287340963 us:  __hipPushCallConfiguration: Returned hipSuccess : 
:3:hip_platform.cpp         :246 : 251287340967 us:  [32m __hipPopCallConfiguration ( {2822573048,32767,2822573044}, {3,512,2822573052}, 0x7fffa83d0bf0, 0x7fffa83d0be8 ) [0m
:3:hip_platform.cpp         :255 : 251287340972 us:  __hipPopCallConfiguration: Returned hipSuccess : 
:3:hip_module.cpp           :744 : 251287340975 us:  [32m hipLaunchKernel ( 0x7f8e5764eab0, {1,3,1}, {256,1,1}, 0x7fffa83d0c40, 0, stream:<null> ) [0m
:3:hip_module.cpp           :745 : 251287340980 us:  hipLaunchKernel: Returned hipErrorInvalidDeviceFunction : : duration: 5 us
:3:hip_platform.cpp         :237 : 251287340983 us:  [32m __hipPushCallConfiguration ( {1,3,1}, {256,1,1}, 0, stream:<null> ) [0m
:3:hip_platform.cpp         :241 : 251287340987 us:  __hipPushCallConfiguration: Returned hipSuccess : 
:3:hip_platform.cpp         :246 : 251287340990 us:  [32m __hipPopCallConfiguration ( {1882263552,32653,1882259456}, {1,3,1}, 0x7fffa83d0c00, 0x7fffa83d0bf8 ) [0m
:3:hip_platform.cpp         :255 : 251287340994 us:  __hipPopCallConfiguration: Returned hipSuccess : 
:3:hip_module.cpp           :744 : 251287340998 us:  [32m hipLaunchKernel ( 0x7f8e5764eab8, {1,3,1}, {256,1,1}, 0x7fffa83d0c50, 0, stream:<null> ) [0m
:3:hip_module.cpp           :745 : 251287341010 us:  hipLaunchKernel: Returned hipErrorInvalidDeviceFunction : : duration: 12 us
:3:hip_platform.cpp         :237 : 251287341015 us:  [32m __hipPushCallConfiguration ( {2,3,1}, {256,1,1}, 0, stream:<null> ) [0m
:3:hip_platform.cpp         :241 : 251287341021 us:  __hipPushCallConfiguration: Returned hipSuccess : 
:3:hip_platform.cpp         :246 : 251287341024 us:  [32m __hipPopCallConfiguration ( {1882259456,32653,1882238976}, {1,32653,1882263552}, 0x7fffa83d0c18, 0x7fffa83d0c10 ) [0m
:3:hip_platform.cpp         :255 : 251287341028 us:  __hipPopCallConfiguration: Returned hipSuccess : 
:3:hip_module.cpp           :744 : 251287341031 us:  [32m hipLaunchKernel ( 0x7f8e5764eac0, {2,3,1}, {256,1,1}, 0x7fffa83d0c60, 0, stream:<null> ) [0m
:3:hip_module.cpp           :745 : 251287341035 us:  hipLaunchKernel: Returned hipErrorInvalidDeviceFunction : : duration: 4 us
:3:hip_memory.cpp           :795 : 251287341039 us:  [32m hipMemcpy ( 0x7fffa83d12f0, 0x7f8d70203000, 96, hipMemcpyDeviceToHost ) [0m
:3:rocvirtual.cpp           :763 : 251287341048 us:  Arg0: uchar* src = ptr:0x7f8d70203000
:3:rocvirtual.cpp           :763 : 251287341050 us:  Arg1: uchar* dst = ptr:0x7f8d70c00000
:3:rocvirtual.cpp           :857 : 251287341052 us:  Arg2: ulong size = val:96
:3:rocvirtual.cpp           :857 : 251287341055 us:  Arg3: uint remainder = val:0
:3:rocvirtual.cpp           :857 : 251287341057 us:  Arg4: uint aligned_size = val:16
:3:rocvirtual.cpp           :857 : 251287341059 us:  Arg5: ulong end_ptr = val:140245458747488
:3:rocvirtual.cpp           :857 : 251287341061 us:  Arg6: uint next_chunk = val:512
:3:rocvirtual.cpp           :3237: 251287341064 us:  ShaderName : __amd_rocclr_copyBuffer
:3:rocvirtual.cpp           :3451: 251287341066 us:  KernargSegmentByteSize = 304 KernargSegmentAlignment = 128
:3:rocvirtual.hpp           :57  : 251287341070 us:  Host active wait for Signal = (0x7f8e521ff500) for -1 ns
:3:rocvirtual.cpp           :534 : 251287341087 us:  Set Handler: handle(0x7f8e521fd380), timestamp(0x3d42b90)
:3:rocvirtual.hpp           :57  : 251287341090 us:  Host active wait for Signal = (0x7f8e521fd380) for -1 ns
:3:hip_memory.cpp           :796 : 251287341093 us:  hipMemcpy: Returned hipSuccess : : duration: 54 us
:3:hip_memory.cpp           :772 : 251287341098 us:  [32m hipFree ( 0x7f8d70204000 ) [0m
:3:rocvirtual.cpp           :227 : 251287341108 us:  Handler: value(0), timestamp(0x33f7250), handle(0x7f8e521fd380)
:3:rocdevice.cpp            :2411: 251287341130 us:  Device=0x301e1f0, freeMem_ = 0x366fa741c
:3:hip_memory.cpp           :774 : 251287341134 us:  hipFree: Returned hipSuccess : 
:3:hip_memory.cpp           :772 : 251287341136 us:  [32m hipFree ( 0x7f8d70304000 ) [0m
:3:rocdevice.cpp            :2411: 251287341140 us:  Device=0x301e1f0, freeMem_ = 0x366fa7420
:3:hip_memory.cpp           :774 : 251287341142 us:  hipFree: Returned hipSuccess : 
:3:hip_memory.cpp           :772 : 251287341145 us:  [32m hipFree ( 0x7f8d70305000 ) [0m
:3:rocdevice.cpp            :2411: 251287341148 us:  Device=0x301e1f0, freeMem_ = 0x366fa7428
:3:hip_memory.cpp           :774 : 251287341151 us:  hipFree: Returned hipSuccess : 
:3:hip_memory.cpp           :772 : 251287341153 us:  [32m hipFree ( 0x7f8d70306000 ) [0m
:3:rocdevice.cpp            :2411: 251287341156 us:  Device=0x301e1f0, freeMem_ = 0x366fa7430
:3:hip_memory.cpp           :774 : 251287341159 us:  hipFree: Returned hipSuccess : 
:3:hip_memory.cpp           :772 : 251287341161 us:  [32m hipFree ( 0x7f8d70307000 ) [0m
:3:rocdevice.cpp            :2411: 251287341164 us:  Device=0x301e1f0, freeMem_ = 0x366fa7440
:3:hip_memory.cpp           :774 : 251287341167 us:  hipFree: Returned hipSuccess : 
:3:hip_memory.cpp           :772 : 251287341172 us:  [32m hipFree ( 0x7f8d70308000 ) [0m
:3:rocdevice.cpp            :2411: 251287341176 us:  Device=0x301e1f0, freeMem_ = 0x366fb2f40
:3:hip_memory.cpp           :774 : 251287341180 us:  hipFree: Returned hipSuccess : 
:3:hip_memory.cpp           :772 : 251287341182 us:  [32m hipFree ( 0x7f8d70200000 ) [0m
:3:rocdevice.cpp            :2411: 251287341186 us:  Device=0x301e1f0, freeMem_ = 0x366fb2f60
:3:hip_memory.cpp           :774 : 251287341189 us:  hipFree: Returned hipSuccess : 
:3:hip_memory.cpp           :772 : 251287341191 us:  [32m hipFree ( 0x7f8d70201000 ) [0m
:3:rocdevice.cpp            :2411: 251287341195 us:  Device=0x301e1f0, freeMem_ = 0x366fb2f80
:3:hip_memory.cpp           :774 : 251287341197 us:  hipFree: Returned hipSuccess : 
:3:hip_memory.cpp           :772 : 251287341200 us:  [32m hipFree ( 0x7f8d70202000 ) [0m
:3:rocdevice.cpp            :2411: 251287341203 us:  Device=0x301e1f0, freeMem_ = 0x366fb2fa0
:3:hip_memory.cpp           :774 : 251287341206 us:  hipFree: Returned hipSuccess : 
:3:hip_memory.cpp           :772 : 251287341208 us:  [32m hipFree ( 0x7f8d70203000 ) [0m
:3:rocdevice.cpp            :2411: 251287341211 us:  Device=0x301e1f0, freeMem_ = 0x366fb3000
:3:hip_memory.cpp           :774 : 251287341214 us:  hipFree: Returned hipSuccess : 
:3:rocdevice.cpp            :3255: 251287350315 us:  releaseQueue refCount:0x7f8d63600000 (0)
:3:rocdevice.cpp            :284 : 251287350625 us:  Deleting hardware queue 0x7f8d63600000 with refCount 0
