=== EXIT CODE: 255 ===
=== STDOUT ===
Solution successfully computed: y = [ 6.95332e-310, 6.93969e-310, 0, 6.93969e-310 ]
Validation failed. Errors: 3

=== STDERR ===
:3:rocdevice.cpp            :465 : 251287416911 us:  Initializing HSA stack.
:3:rocdevice.cpp            :551 : 251287425671 us:  Enumerated GPU agents = 1
:3:rocdevice.cpp            :232 : 251287425714 us:  Numa selects cpu agent[0]=0x1f9fac20(fine=0x1fa19360,coarse=0x1ff1a280) for gpu agent=0x1ff1a990 CPU<->GPU XGMI=0
:3:rocsettings.cpp          :284 : 251287425720 us:  Using dev kernel arg wa = 0
:3:comgrctx.cpp             :33  : 251287425724 us:  Loading COMGR library.
:3:comgrctx.cpp             :128 : 251287431696 us:  Loaded COMGR library version 3.0.
:3:rocdevice.cpp            :1786: 251287431890 us:  Gfx Major/Minor/Stepping: 9/0/12
:3:rocdevice.cpp            :1788: 251287431899 us:  HMM support: 1, XNACK: 1, Direct host access: 0
:3:rocdevice.cpp            :1790: 251287431902 us:  Max SDMA Read Mask: 0x1, Max SDMA Write Mask: 0x1
:3:hip_context.cpp          :54  : 251287432864 us:  Direct Dispatch: 1
:3:hip_code_object.cpp      :964 : 251287436402 us:  amd::Comgr::get_data() return 0 size for agent_triple_target_ids[0]=amdgcn-amd-amdhsa--gfx90c:xnack+
:3:hip_code_object.cpp      :964 : 251287436440 us:  amd::Comgr::get_data() return 0 size for agent_triple_target_ids[0]=amdgcn-amd-amdhsa--gfx90c:xnack+
:3:hip_code_object.cpp      :964 : 251287436448 us:  amd::Comgr::get_data() return 0 size for agent_triple_target_ids[0]=amdgcn-amd-amdhsa--gfx90c:xnack+
:1:hip_fatbin.cpp           :780 : 251287436457 us:  Cannot find CO in the bundle /usr/lib64/librocsparse.so.1.0 for ISA: amdgcn-amd-amdhsa--gfx90c:xnack+
:3:hip_platform.cpp         :740 : 251287436474 us:  init: Returned hipErrorNoBinaryForGpu : continue parsing remaining modules
:3:hip_code_object.cpp      :964 : 251287439653 us:  amd::Comgr::get_data() return 0 size for agent_triple_target_ids[0]=amdgcn-amd-amdhsa--gfx90c:xnack+
:3:hip_code_object.cpp      :964 : 251287439677 us:  amd::Comgr::get_data() return 0 size for agent_triple_target_ids[0]=amdgcn-amd-amdhsa--gfx90c:xnack+
:3:hip_code_object.cpp      :964 : 251287439683 us:  amd::Comgr::get_data() return 0 size for agent_triple_target_ids[0]=amdgcn-amd-amdhsa--gfx90c:xnack+
:1:hip_fatbin.cpp           :780 : 251287439689 us:  Cannot find CO in the bundle /usr/lib64/librocsparse.so.1.0 for ISA: amdgcn-amd-amdhsa--gfx90c:xnack+
:3:hip_platform.cpp         :740 : 251287439698 us:  init: Returned hipErrorNoBinaryForGpu : continue parsing remaining modules
:3:hip_code_object.cpp      :964 : 251287454741 us:  amd::Comgr::get_data() return 0 size for agent_triple_target_ids[0]=amdgcn-amd-amdhsa--gfx90c:xnack+
:3:hip_code_object.cpp      :964 : 251287454773 us:  amd::Comgr::get_data() return 0 size for agent_triple_target_ids[0]=amdgcn-amd-amdhsa--gfx90c:xnack+
:3:hip_code_object.cpp      :964 : 251287454779 us:  amd::Comgr::get_data() return 0 size for agent_triple_target_ids[0]=amdgcn-amd-amdhsa--gfx90c:xnack+
:1:hip_fatbin.cpp           :780 : 251287454785 us:  Cannot find CO in the bundle /usr/lib64/librocsparse.so.1.0 for ISA: amdgcn-amd-amdhsa--gfx90c:xnack+
:3:hip_platform.cpp         :740 : 251287454797 us:  init: Returned hipErrorNoBinaryForGpu : continue parsing remaining modules
:3:hip_code_object.cpp      :964 : 251287457433 us:  amd::Comgr::get_data() return 0 size for agent_triple_target_ids[0]=amdgcn-amd-amdhsa--gfx90c:xnack+
:3:hip_code_object.cpp      :964 : 251287457456 us:  amd::Comgr::get_data() return 0 size for agent_triple_target_ids[0]=amdgcn-amd-amdhsa--gfx90c:xnack+
:3:hip_code_object.cpp      :964 : 251287457461 us:  amd::Comgr::get_data() return 0 size for agent_triple_target_ids[0]=amdgcn-amd-amdhsa--gfx90c:xnack+
:1:hip_fatbin.cpp           :780 : 251287457468 us:  Cannot find CO in the bundle /usr/lib64/librocsparse.so.1.0 for ISA: amdgcn-amd-amdhsa--gfx90c:xnack+
:3:hip_platform.cpp         :740 : 251287457477 us:  init: Returned hipErrorNoBinaryForGpu : continue parsing remaining modules
:3:hip_code_object.cpp      :964 : 251287462334 us:  amd::Comgr::get_data() return 0 size for agent_triple_target_ids[0]=amdgcn-amd-amdhsa--gfx90c:xnack+
:3:hip_code_object.cpp      :964 : 251287462362 us:  amd::Comgr::get_data() return 0 size for agent_triple_target_ids[0]=amdgcn-amd-amdhsa--gfx90c:xnack+
:3:hip_code_object.cpp      :964 : 251287462377 us:  amd::Comgr::get_data() return 0 size for agent_triple_target_ids[0]=amdgcn-amd-amdhsa--gfx90c:xnack+
:1:hip_fatbin.cpp           :780 : 251287462383 us:  Cannot find CO in the bundle /usr/lib64/librocsparse.so.1.0 for ISA: amdgcn-amd-amdhsa--gfx90c:xnack+
:3:hip_platform.cpp         :740 : 251287462393 us:  init: Returned hipErrorNoBinaryForGpu : continue parsing remaining modules
:3:hip_code_object.cpp      :964 : 251287464723 us:  amd::Comgr::get_data() return 0 size for agent_triple_target_ids[0]=amdgcn-amd-amdhsa--gfx90c:xnack+
:3:hip_code_object.cpp      :964 : 251287464747 us:  amd::Comgr::get_data() return 0 size for agent_triple_target_ids[0]=amdgcn-amd-amdhsa--gfx90c:xnack+
:3:hip_code_object.cpp      :964 : 251287464752 us:  amd::Comgr::get_data() return 0 size for agent_triple_target_ids[0]=amdgcn-amd-amdhsa--gfx90c:xnack+
:1:hip_fatbin.cpp           :780 : 251287464758 us:  Cannot find CO in the bundle /usr/lib64/librocsparse.so.1.0 for ISA: amdgcn-amd-amdhsa--gfx90c:xnack+
:3:hip_platform.cpp         :740 : 251287464767 us:  init: Returned hipErrorNoBinaryForGpu : continue parsing remaining modules
:3:hip_code_object.cpp      :964 : 251287466506 us:  amd::Comgr::get_data() return 0 size for agent_triple_target_ids[0]=amdgcn-amd-amdhsa--gfx90c:xnack+
:3:hip_code_object.cpp      :964 : 251287466524 us:  amd::Comgr::get_data() return 0 size for agent_triple_target_ids[0]=amdgcn-amd-amdhsa--gfx90c:xnack+
:3:hip_code_object.cpp      :964 : 251287466529 us:  amd::Comgr::get_data() return 0 size for agent_triple_target_ids[0]=amdgcn-amd-amdhsa--gfx90c:xnack+
:1:hip_fatbin.cpp           :780 : 251287466534 us:  Cannot find CO in the bundle /usr/lib64/librocsparse.so.1.0 for ISA: amdgcn-amd-amdhsa--gfx90c:xnack+
:3:hip_platform.cpp         :740 : 251287466541 us:  init: Returned hipErrorNoBinaryForGpu : continue parsing remaining modules
:3:hip_code_object.cpp      :964 : 251287467262 us:  amd::Comgr::get_data() return 0 size for agent_triple_target_ids[0]=amdgcn-amd-amdhsa--gfx90c:xnack+
:3:hip_code_object.cpp      :964 : 251287467274 us:  amd::Comgr::get_data() return 0 size for agent_triple_target_ids[0]=amdgcn-amd-amdhsa--gfx90c:xnack+
:3:hip_code_object.cpp      :964 : 251287467279 us:  amd::Comgr::get_data() return 0 size for agent_triple_target_ids[0]=amdgcn-amd-amdhsa--gfx90c:xnack+
:1:hip_fatbin.cpp           :780 : 251287467284 us:  Cannot find CO in the bundle /usr/lib64/librocsparse.so.1.0 for ISA: amdgcn-amd-amdhsa--gfx90c:xnack+
:3:hip_platform.cpp         :740 : 251287467289 us:  init: Returned hipErrorNoBinaryForGpu : continue parsing remaining modules
:3:hip_code_object.cpp      :964 : 251287468020 us:  amd::Comgr::get_data() return 0 size for agent_triple_target_ids[0]=amdgcn-amd-amdhsa--gfx90c:xnack+
:3:hip_code_object.cpp      :964 : 251287468033 us:  amd::Comgr::get_data() return 0 size for agent_triple_target_ids[0]=amdgcn-amd-amdhsa--gfx90c:xnack+
:3:hip_code_object.cpp      :964 : 251287468038 us:  amd::Comgr::get_data() return 0 size for agent_triple_target_ids[0]=amdgcn-amd-amdhsa--gfx90c:xnack+
:1:hip_fatbin.cpp           :780 : 251287468043 us:  Cannot find CO in the bundle /usr/lib64/librocsparse.so.1.0 for ISA: amdgcn-amd-amdhsa--gfx90c:xnack+
:3:hip_platform.cpp         :740 : 251287468048 us:  init: Returned hipErrorNoBinaryForGpu : continue parsing remaining modules
:3:hip_code_object.cpp      :964 : 251287468751 us:  amd::Comgr::get_data() return 0 size for agent_triple_target_ids[0]=amdgcn-amd-amdhsa--gfx90c:xnack+
:3:hip_code_object.cpp      :964 : 251287468765 us:  amd::Comgr::get_data() return 0 size for agent_triple_target_ids[0]=amdgcn-amd-amdhsa--gfx90c:xnack+
:3:hip_code_object.cpp      :964 : 251287468770 us:  amd::Comgr::get_data() return 0 size for agent_triple_target_ids[0]=amdgcn-amd-amdhsa--gfx90c:xnack+
:1:hip_fatbin.cpp           :780 : 251287468775 us:  Cannot find CO in the bundle /usr/lib64/librocsparse.so.1.0 for ISA: amdgcn-amd-amdhsa--gfx90c:xnack+
:3:hip_platform.cpp         :740 : 251287468788 us:  init: Returned hipErrorNoBinaryForGpu : continue parsing remaining modules
:3:hip_code_object.cpp      :964 : 251287474499 us:  amd::Comgr::get_data() return 0 size for agent_triple_target_ids[0]=amdgcn-amd-amdhsa--gfx90c:xnack+
:3:hip_code_object.cpp      :964 : 251287474529 us:  amd::Comgr::get_data() return 0 size for agent_triple_target_ids[0]=amdgcn-amd-amdhsa--gfx90c:xnack+
:3:hip_code_object.cpp      :964 : 251287474534 us:  amd::Comgr::get_data() return 0 size for agent_triple_target_ids[0]=amdgcn-amd-amdhsa--gfx90c:xnack+
:1:hip_fatbin.cpp           :780 : 251287474540 us:  Cannot find CO in the bundle /usr/lib64/librocsparse.so.1.0 for ISA: amdgcn-amd-amdhsa--gfx90c:xnack+
:3:hip_platform.cpp         :740 : 251287474551 us:  init: Returned hipErrorNoBinaryForGpu : continue parsing remaining modules
:3:hip_code_object.cpp      :964 : 251287475557 us:  amd::Comgr::get_data() return 0 size for agent_triple_target_ids[0]=amdgcn-amd-amdhsa--gfx90c:xnack+
:3:hip_code_object.cpp      :964 : 251287475570 us:  amd::Comgr::get_data() return 0 size for agent_triple_target_ids[0]=amdgcn-amd-amdhsa--gfx90c:xnack+
:3:hip_code_object.cpp      :964 : 251287475574 us:  amd::Comgr::get_data() return 0 size for agent_triple_target_ids[0]=amdgcn-amd-amdhsa--gfx90c:xnack+
:1:hip_fatbin.cpp           :780 : 251287475580 us:  Cannot find CO in the bundle /usr/lib64/librocsparse.so.1.0 for ISA: amdgcn-amd-amdhsa--gfx90c:xnack+
:3:hip_platform.cpp         :740 : 251287475585 us:  init: Returned hipErrorNoBinaryForGpu : continue parsing remaining modules
:3:hip_code_object.cpp      :964 : 251287502713 us:  amd::Comgr::get_data() return 0 size for agent_triple_target_ids[0]=amdgcn-amd-amdhsa--gfx90c:xnack+
:3:hip_code_object.cpp      :964 : 251287502742 us:  amd::Comgr::get_data() return 0 size for agent_triple_target_ids[0]=amdgcn-amd-amdhsa--gfx90c:xnack+
:3:hip_code_object.cpp      :964 : 251287502747 us:  amd::Comgr::get_data() return 0 size for agent_triple_target_ids[0]=amdgcn-amd-amdhsa--gfx90c:xnack+
:1:hip_fatbin.cpp           :780 : 251287502754 us:  Cannot find CO in the bundle /usr/lib64/librocsparse.so.1.0 for ISA: amdgcn-amd-amdhsa--gfx90c:xnack+
:3:hip_platform.cpp         :740 : 251287502764 us:  init: Returned hipErrorNoBinaryForGpu : continue parsing remaining modules
:3:hip_code_object.cpp      :964 : 251287511387 us:  amd::Comgr::get_data() return 0 size for agent_triple_target_ids[0]=amdgcn-amd-amdhsa--gfx90c:xnack+
:3:hip_code_object.cpp      :964 : 251287511421 us:  amd::Comgr::get_data() return 0 size for agent_triple_target_ids[0]=amdgcn-amd-amdhsa--gfx90c:xnack+
:3:hip_code_object.cpp      :964 : 251287511426 us:  amd::Comgr::get_data() return 0 size for agent_triple_target_ids[0]=amdgcn-amd-amdhsa--gfx90c:xnack+
:1:hip_fatbin.cpp           :780 : 251287511433 us:  Cannot find CO in the bundle /usr/lib64/librocsparse.so.1.0 for ISA: amdgcn-amd-amdhsa--gfx90c:xnack+
:3:hip_platform.cpp         :740 : 251287511444 us:  init: Returned hipErrorNoBinaryForGpu : continue parsing remaining modules
:3:hip_code_object.cpp      :964 : 251287516466 us:  amd::Comgr::get_data() return 0 size for agent_triple_target_ids[0]=amdgcn-amd-amdhsa--gfx90c:xnack+
:3:hip_code_object.cpp      :964 : 251287516498 us:  amd::Comgr::get_data() return 0 size for agent_triple_target_ids[0]=amdgcn-amd-amdhsa--gfx90c:xnack+
:3:hip_code_object.cpp      :964 : 251287516503 us:  amd::Comgr::get_data() return 0 size for agent_triple_target_ids[0]=amdgcn-amd-amdhsa--gfx90c:xnack+
:1:hip_fatbin.cpp           :780 : 251287516510 us:  Cannot find CO in the bundle /usr/lib64/librocsparse.so.1.0 for ISA: amdgcn-amd-amdhsa--gfx90c:xnack+
:3:hip_platform.cpp         :740 : 251287516521 us:  init: Returned hipErrorNoBinaryForGpu : continue parsing remaining modules
:3:hip_code_object.cpp      :964 : 251287527473 us:  amd::Comgr::get_data() return 0 size for agent_triple_target_ids[0]=amdgcn-amd-amdhsa--gfx90c:xnack+
:3:hip_code_object.cpp      :964 : 251287527504 us:  amd::Comgr::get_data() return 0 size for agent_triple_target_ids[0]=amdgcn-amd-amdhsa--gfx90c:xnack+
:3:hip_code_object.cpp      :964 : 251287527518 us:  amd::Comgr::get_data() return 0 size for agent_triple_target_ids[0]=amdgcn-amd-amdhsa--gfx90c:xnack+
:1:hip_fatbin.cpp           :780 : 251287527524 us:  Cannot find CO in the bundle /usr/lib64/librocsparse.so.1.0 for ISA: amdgcn-amd-amdhsa--gfx90c:xnack+
:3:hip_platform.cpp         :740 : 251287527536 us:  init: Returned hipErrorNoBinaryForGpu : continue parsing remaining modules
:3:hip_code_object.cpp      :964 : 251287605859 us:  amd::Comgr::get_data() return 0 size for agent_triple_target_ids[0]=amdgcn-amd-amdhsa--gfx90c:xnack+
:3:hip_code_object.cpp      :964 : 251287605890 us:  amd::Comgr::get_data() return 0 size for agent_triple_target_ids[0]=amdgcn-amd-amdhsa--gfx90c:xnack+
:3:hip_code_object.cpp      :964 : 251287605896 us:  amd::Comgr::get_data() return 0 size for agent_triple_target_ids[0]=amdgcn-amd-amdhsa--gfx90c:xnack+
:1:hip_fatbin.cpp           :780 : 251287605902 us:  Cannot find CO in the bundle /usr/lib64/librocsparse.so.1.0 for ISA: amdgcn-amd-amdhsa--gfx90c:xnack+
:3:hip_platform.cpp         :740 : 251287605913 us:  init: Returned hipErrorNoBinaryForGpu : continue parsing remaining modules
:3:hip_code_object.cpp      :964 : 251287685327 us:  amd::Comgr::get_data() return 0 size for agent_triple_target_ids[0]=amdgcn-amd-amdhsa--gfx90c:xnack+
:3:hip_code_object.cpp      :964 : 251287685356 us:  amd::Comgr::get_data() return 0 size for agent_triple_target_ids[0]=amdgcn-amd-amdhsa--gfx90c:xnack+
:3:hip_code_object.cpp      :964 : 251287685362 us:  amd::Comgr::get_data() return 0 size for agent_triple_target_ids[0]=amdgcn-amd-amdhsa--gfx90c:xnack+
:1:hip_fatbin.cpp           :780 : 251287685368 us:  Cannot find CO in the bundle /usr/lib64/librocsparse.so.1.0 for ISA: amdgcn-amd-amdhsa--gfx90c:xnack+
:3:hip_platform.cpp         :740 : 251287685379 us:  init: Returned hipErrorNoBinaryForGpu : continue parsing remaining modules
:3:hip_code_object.cpp      :964 : 251287686277 us:  amd::Comgr::get_data() return 0 size for agent_triple_target_ids[0]=amdgcn-amd-amdhsa--gfx90c:xnack+
:3:hip_code_object.cpp      :964 : 251287686289 us:  amd::Comgr::get_data() return 0 size for agent_triple_target_ids[0]=amdgcn-amd-amdhsa--gfx90c:xnack+
:3:hip_code_object.cpp      :964 : 251287686295 us:  amd::Comgr::get_data() return 0 size for agent_triple_target_ids[0]=amdgcn-amd-amdhsa--gfx90c:xnack+
:1:hip_fatbin.cpp           :780 : 251287686300 us:  Cannot find CO in the bundle /usr/lib64/librocsparse.so.1.0 for ISA: amdgcn-amd-amdhsa--gfx90c:xnack+
:3:hip_platform.cpp         :740 : 251287686306 us:  init: Returned hipErrorNoBinaryForGpu : continue parsing remaining modules
:3:hip_code_object.cpp      :964 : 251288035519 us:  amd::Comgr::get_data() return 0 size for agent_triple_target_ids[0]=amdgcn-amd-amdhsa--gfx90c:xnack+
:3:hip_code_object.cpp      :964 : 251288035550 us:  amd::Comgr::get_data() return 0 size for agent_triple_target_ids[0]=amdgcn-amd-amdhsa--gfx90c:xnack+
:3:hip_code_object.cpp      :964 : 251288035556 us:  amd::Comgr::get_data() return 0 size for agent_triple_target_ids[0]=amdgcn-amd-amdhsa--gfx90c:xnack+
:1:hip_fatbin.cpp           :780 : 251288035563 us:  Cannot find CO in the bundle /usr/lib64/librocsparse.so.1.0 for ISA: amdgcn-amd-amdhsa--gfx90c:xnack+
:3:hip_platform.cpp         :740 : 251288035573 us:  init: Returned hipErrorNoBinaryForGpu : continue parsing remaining modules
:3:hip_code_object.cpp      :964 : 251288334900 us:  amd::Comgr::get_data() return 0 size for agent_triple_target_ids[0]=amdgcn-amd-amdhsa--gfx90c:xnack+
:3:hip_code_object.cpp      :964 : 251288334931 us:  amd::Comgr::get_data() return 0 size for agent_triple_target_ids[0]=amdgcn-amd-amdhsa--gfx90c:xnack+
:3:hip_code_object.cpp      :964 : 251288334937 us:  amd::Comgr::get_data() return 0 size for agent_triple_target_ids[0]=amdgcn-amd-amdhsa--gfx90c:xnack+
:1:hip_fatbin.cpp           :780 : 251288334943 us:  Cannot find CO in the bundle /usr/lib64/librocsparse.so.1.0 for ISA: amdgcn-amd-amdhsa--gfx90c:xnack+
:3:hip_platform.cpp         :740 : 251288334963 us:  init: Returned hipErrorNoBinaryForGpu : continue parsing remaining modules
:3:hip_code_object.cpp      :964 : 251288337427 us:  amd::Comgr::get_data() return 0 size for agent_triple_target_ids[0]=amdgcn-amd-amdhsa--gfx90c:xnack+
:3:hip_code_object.cpp      :964 : 251288337446 us:  amd::Comgr::get_data() return 0 size for agent_triple_target_ids[0]=amdgcn-amd-amdhsa--gfx90c:xnack+
:3:hip_code_object.cpp      :964 : 251288337452 us:  amd::Comgr::get_data() return 0 size for agent_triple_target_ids[0]=amdgcn-amd-amdhsa--gfx90c:xnack+
:1:hip_fatbin.cpp           :780 : 251288337457 us:  Cannot find CO in the bundle /usr/lib64/librocsparse.so.1.0 for ISA: amdgcn-amd-amdhsa--gfx90c:xnack+
:3:hip_platform.cpp         :740 : 251288337465 us:  init: Returned hipErrorNoBinaryForGpu : continue parsing remaining modules
:3:hip_code_object.cpp      :964 : 251288339521 us:  amd::Comgr::get_data() return 0 size for agent_triple_target_ids[0]=amdgcn-amd-amdhsa--gfx90c:xnack+
:3:hip_code_object.cpp      :964 : 251288339544 us:  amd::Comgr::get_data() return 0 size for agent_triple_target_ids[0]=amdgcn-amd-amdhsa--gfx90c:xnack+
:3:hip_code_object.cpp      :964 : 251288339550 us:  amd::Comgr::get_data() return 0 size for agent_triple_target_ids[0]=amdgcn-amd-amdhsa--gfx90c:xnack+
:1:hip_fatbin.cpp           :780 : 251288339555 us:  Cannot find CO in the bundle /usr/lib64/librocsparse.so.1.0 for ISA: amdgcn-amd-amdhsa--gfx90c:xnack+
:3:hip_platform.cpp         :740 : 251288339564 us:  init: Returned hipErrorNoBinaryForGpu : continue parsing remaining modules
:3:hip_code_object.cpp      :964 : 251288344382 us:  amd::Comgr::get_data() return 0 size for agent_triple_target_ids[0]=amdgcn-amd-amdhsa--gfx90c:xnack+
:3:hip_code_object.cpp      :964 : 251288344415 us:  amd::Comgr::get_data() return 0 size for agent_triple_target_ids[0]=amdgcn-amd-amdhsa--gfx90c:xnack+
:3:hip_code_object.cpp      :964 : 251288344420 us:  amd::Comgr::get_data() return 0 size for agent_triple_target_ids[0]=amdgcn-amd-amdhsa--gfx90c:xnack+
:1:hip_fatbin.cpp           :780 : 251288344427 us:  Cannot find CO in the bundle /usr/lib64/librocsparse.so.1.0 for ISA: amdgcn-amd-amdhsa--gfx90c:xnack+
:3:hip_platform.cpp         :740 : 251288344439 us:  init: Returned hipErrorNoBinaryForGpu : continue parsing remaining modules
:3:hip_code_object.cpp      :964 : 251288346179 us:  amd::Comgr::get_data() return 0 size for agent_triple_target_ids[0]=amdgcn-amd-amdhsa--gfx90c:xnack+
:3:hip_code_object.cpp      :964 : 251288346194 us:  amd::Comgr::get_data() return 0 size for agent_triple_target_ids[0]=amdgcn-amd-amdhsa--gfx90c:xnack+
:3:hip_code_object.cpp      :964 : 251288346199 us:  amd::Comgr::get_data() return 0 size for agent_triple_target_ids[0]=amdgcn-amd-amdhsa--gfx90c:xnack+
:1:hip_fatbin.cpp           :780 : 251288346204 us:  Cannot find CO in the bundle /usr/lib64/librocsparse.so.1.0 for ISA: amdgcn-amd-amdhsa--gfx90c:xnack+
:3:hip_platform.cpp         :740 : 251288346211 us:  init: Returned hipErrorNoBinaryForGpu : continue parsing remaining modules
:3:hip_code_object.cpp      :964 : 251288346879 us:  amd::Comgr::get_data() return 0 size for agent_triple_target_ids[0]=amdgcn-amd-amdhsa--gfx90c:xnack+
:3:hip_code_object.cpp      :964 : 251288346892 us:  amd::Comgr::get_data() return 0 size for agent_triple_target_ids[0]=amdgcn-amd-amdhsa--gfx90c:xnack+
:3:hip_code_object.cpp      :964 : 251288346897 us:  amd::Comgr::get_data() return 0 size for agent_triple_target_ids[0]=amdgcn-amd-amdhsa--gfx90c:xnack+
:1:hip_fatbin.cpp           :780 : 251288346902 us:  Cannot find CO in the bundle /usr/lib64/librocsparse.so.1.0 for ISA: amdgcn-amd-amdhsa--gfx90c:xnack+
:3:hip_platform.cpp         :740 : 251288346907 us:  init: Returned hipErrorNoBinaryForGpu : continue parsing remaining modules
:3:hip_code_object.cpp      :964 : 251288347822 us:  amd::Comgr::get_data() return 0 size for agent_triple_target_ids[0]=amdgcn-amd-amdhsa--gfx90c:xnack+
:3:hip_code_object.cpp      :964 : 251288347835 us:  amd::Comgr::get_data() return 0 size for agent_triple_target_ids[0]=amdgcn-amd-amdhsa--gfx90c:xnack+
:3:hip_code_object.cpp      :964 : 251288347848 us:  amd::Comgr::get_data() return 0 size for agent_triple_target_ids[0]=amdgcn-amd-amdhsa--gfx90c:xnack+
:1:hip_fatbin.cpp           :780 : 251288347853 us:  Cannot find CO in the bundle /usr/lib64/librocsparse.so.1.0 for ISA: amdgcn-amd-amdhsa--gfx90c:xnack+
:3:hip_platform.cpp         :740 : 251288347859 us:  init: Returned hipErrorNoBinaryForGpu : continue parsing remaining modules
:3:hip_code_object.cpp      :964 : 251288364549 us:  amd::Comgr::get_data() return 0 size for agent_triple_target_ids[0]=amdgcn-amd-amdhsa--gfx90c:xnack+
:3:hip_code_object.cpp      :964 : 251288364580 us:  amd::Comgr::get_data() return 0 size for agent_triple_target_ids[0]=amdgcn-amd-amdhsa--gfx90c:xnack+
:3:hip_code_object.cpp      :964 : 251288364585 us:  amd::Comgr::get_data() return 0 size for agent_triple_target_ids[0]=amdgcn-amd-amdhsa--gfx90c:xnack+
:1:hip_fatbin.cpp           :780 : 251288364593 us:  Cannot find CO in the bundle /usr/lib64/librocsparse.so.1.0 for ISA: amdgcn-amd-amdhsa--gfx90c:xnack+
:3:hip_platform.cpp         :740 : 251288364604 us:  init: Returned hipErrorNoBinaryForGpu : continue parsing remaining modules
:3:hip_code_object.cpp      :964 : 251288435996 us:  amd::Comgr::get_data() return 0 size for agent_triple_target_ids[0]=amdgcn-amd-amdhsa--gfx90c:xnack+
:3:hip_code_object.cpp      :964 : 251288436032 us:  amd::Comgr::get_data() return 0 size for agent_triple_target_ids[0]=amdgcn-amd-amdhsa--gfx90c:xnack+
:3:hip_code_object.cpp      :964 : 251288436038 us:  amd::Comgr::get_data() return 0 size for agent_triple_target_ids[0]=amdgcn-amd-amdhsa--gfx90c:xnack+
:1:hip_fatbin.cpp           :780 : 251288436044 us:  Cannot find CO in the bundle /usr/lib64/librocsparse.so.1.0 for ISA: amdgcn-amd-amdhsa--gfx90c:xnack+
:3:hip_platform.cpp         :740 : 251288436055 us:  init: Returned hipErrorNoBinaryForGpu : continue parsing remaining modules
:3:hip_code_object.cpp      :964 : 251288961923 us:  amd::Comgr::get_data() return 0 size for agent_triple_target_ids[0]=amdgcn-amd-amdhsa--gfx90c:xnack+
:3:hip_code_object.cpp      :964 : 251288961969 us:  amd::Comgr::get_data() return 0 size for agent_triple_target_ids[0]=amdgcn-amd-amdhsa--gfx90c:xnack+
:3:hip_code_object.cpp      :964 : 251288961975 us:  amd::Comgr::get_data() return 0 size for agent_triple_target_ids[0]=amdgcn-amd-amdhsa--gfx90c:xnack+
:1:hip_fatbin.cpp           :780 : 251288961982 us:  Cannot find CO in the bundle /usr/lib64/librocsparse.so.1.0 for ISA: amdgcn-amd-amdhsa--gfx90c:xnack+
:3:hip_platform.cpp         :740 : 251288961994 us:  init: Returned hipErrorNoBinaryForGpu : continue parsing remaining modules
:3:hip_code_object.cpp      :964 : 251288964176 us:  amd::Comgr::get_data() return 0 size for agent_triple_target_ids[0]=amdgcn-amd-amdhsa--gfx90c:xnack+
:3:hip_code_object.cpp      :964 : 251288964198 us:  amd::Comgr::get_data() return 0 size for agent_triple_target_ids[0]=amdgcn-amd-amdhsa--gfx90c:xnack+
:3:hip_code_object.cpp      :964 : 251288964203 us:  amd::Comgr::get_data() return 0 size for agent_triple_target_ids[0]=amdgcn-amd-amdhsa--gfx90c:xnack+
:1:hip_fatbin.cpp           :780 : 251288964209 us:  Cannot find CO in the bundle /usr/lib64/librocsparse.so.1.0 for ISA: amdgcn-amd-amdhsa--gfx90c:xnack+
:3:hip_platform.cpp         :740 : 251288964216 us:  init: Returned hipErrorNoBinaryForGpu : continue parsing remaining modules
:3:hip_code_object.cpp      :964 : 251289121863 us:  amd::Comgr::get_data() return 0 size for agent_triple_target_ids[0]=amdgcn-amd-amdhsa--gfx90c:xnack+
:3:hip_code_object.cpp      :964 : 251289121896 us:  amd::Comgr::get_data() return 0 size for agent_triple_target_ids[0]=amdgcn-amd-amdhsa--gfx90c:xnack+
:3:hip_code_object.cpp      :964 : 251289121902 us:  amd::Comgr::get_data() return 0 size for agent_triple_target_ids[0]=amdgcn-amd-amdhsa--gfx90c:xnack+
:1:hip_fatbin.cpp           :780 : 251289121908 us:  Cannot find CO in the bundle /usr/lib64/librocsparse.so.1.0 for ISA: amdgcn-amd-amdhsa--gfx90c:xnack+
:3:hip_platform.cpp         :740 : 251289121929 us:  init: Returned hipErrorNoBinaryForGpu : continue parsing remaining modules
:3:hip_code_object.cpp      :964 : 251289322184 us:  amd::Comgr::get_data() return 0 size for agent_triple_target_ids[0]=amdgcn-amd-amdhsa--gfx90c:xnack+
:3:hip_code_object.cpp      :964 : 251289322214 us:  amd::Comgr::get_data() return 0 size for agent_triple_target_ids[0]=amdgcn-amd-amdhsa--gfx90c:xnack+
:3:hip_code_object.cpp      :964 : 251289322220 us:  amd::Comgr::get_data() return 0 size for agent_triple_target_ids[0]=amdgcn-amd-amdhsa--gfx90c:xnack+
:1:hip_fatbin.cpp           :780 : 251289322228 us:  Cannot find CO in the bundle /usr/lib64/librocsparse.so.1.0 for ISA: amdgcn-amd-amdhsa--gfx90c:xnack+
:3:hip_platform.cpp         :740 : 251289322239 us:  init: Returned hipErrorNoBinaryForGpu : continue parsing remaining modules
:3:hip_code_object.cpp      :964 : 251289710632 us:  amd::Comgr::get_data() return 0 size for agent_triple_target_ids[0]=amdgcn-amd-amdhsa--gfx90c:xnack+
:3:hip_code_object.cpp      :964 : 251289710661 us:  amd::Comgr::get_data() return 0 size for agent_triple_target_ids[0]=amdgcn-amd-amdhsa--gfx90c:xnack+
:3:hip_code_object.cpp      :964 : 251289710667 us:  amd::Comgr::get_data() return 0 size for agent_triple_target_ids[0]=amdgcn-amd-amdhsa--gfx90c:xnack+
:1:hip_fatbin.cpp           :780 : 251289710674 us:  Cannot find CO in the bundle /usr/lib64/librocsparse.so.1.0 for ISA: amdgcn-amd-amdhsa--gfx90c:xnack+
:3:hip_platform.cpp         :740 : 251289710686 us:  init: Returned hipErrorNoBinaryForGpu : continue parsing remaining modules
:3:hip_code_object.cpp      :964 : 251289737391 us:  amd::Comgr::get_data() return 0 size for agent_triple_target_ids[0]=amdgcn-amd-amdhsa--gfx90c:xnack+
:3:hip_code_object.cpp      :964 : 251289737421 us:  amd::Comgr::get_data() return 0 size for agent_triple_target_ids[0]=amdgcn-amd-amdhsa--gfx90c:xnack+
:3:hip_code_object.cpp      :964 : 251289737427 us:  amd::Comgr::get_data() return 0 size for agent_triple_target_ids[0]=amdgcn-amd-amdhsa--gfx90c:xnack+
:1:hip_fatbin.cpp           :780 : 251289737433 us:  Cannot find CO in the bundle /usr/lib64/librocsparse.so.1.0 for ISA: amdgcn-amd-amdhsa--gfx90c:xnack+
:3:hip_platform.cpp         :740 : 251289737444 us:  init: Returned hipErrorNoBinaryForGpu : continue parsing remaining modules
:3:hip_code_object.cpp      :964 : 251289742696 us:  amd::Comgr::get_data() return 0 size for agent_triple_target_ids[0]=amdgcn-amd-amdhsa--gfx90c:xnack+
:3:hip_code_object.cpp      :964 : 251289742724 us:  amd::Comgr::get_data() return 0 size for agent_triple_target_ids[0]=amdgcn-amd-amdhsa--gfx90c:xnack+
:3:hip_code_object.cpp      :964 : 251289742729 us:  amd::Comgr::get_data() return 0 size for agent_triple_target_ids[0]=amdgcn-amd-amdhsa--gfx90c:xnack+
:1:hip_fatbin.cpp           :780 : 251289742736 us:  Cannot find CO in the bundle /usr/lib64/librocsparse.so.1.0 for ISA: amdgcn-amd-amdhsa--gfx90c:xnack+
:3:hip_platform.cpp         :740 : 251289742746 us:  init: Returned hipErrorNoBinaryForGpu : continue parsing remaining modules
:3:hip_code_object.cpp      :964 : 251290050669 us:  amd::Comgr::get_data() return 0 size for agent_triple_target_ids[0]=amdgcn-amd-amdhsa--gfx90c:xnack+
:3:hip_code_object.cpp      :964 : 251290050701 us:  amd::Comgr::get_data() return 0 size for agent_triple_target_ids[0]=amdgcn-amd-amdhsa--gfx90c:xnack+
:3:hip_code_object.cpp      :964 : 251290050706 us:  amd::Comgr::get_data() return 0 size for agent_triple_target_ids[0]=amdgcn-amd-amdhsa--gfx90c:xnack+
:1:hip_fatbin.cpp           :780 : 251290050713 us:  Cannot find CO in the bundle /usr/lib64/librocsparse.so.1.0 for ISA: amdgcn-amd-amdhsa--gfx90c:xnack+
:3:hip_platform.cpp         :740 : 251290050725 us:  init: Returned hipErrorNoBinaryForGpu : continue parsing remaining modules
:3:hip_code_object.cpp      :964 : 251290052265 us:  amd::Comgr::get_data() return 0 size for agent_triple_target_ids[0]=amdgcn-amd-amdhsa--gfx90c:xnack+
:3:hip_code_object.cpp      :964 : 251290052279 us:  amd::Comgr::get_data() return 0 size for agent_triple_target_ids[0]=amdgcn-amd-amdhsa--gfx90c:xnack+
:3:hip_code_object.cpp      :964 : 251290052293 us:  amd::Comgr::get_data() return 0 size for agent_triple_target_ids[0]=amdgcn-amd-amdhsa--gfx90c:xnack+
:1:hip_fatbin.cpp           :780 : 251290052298 us:  Cannot find CO in the bundle /usr/lib64/librocsparse.so.1.0 for ISA: amdgcn-amd-amdhsa--gfx90c:xnack+
:3:hip_platform.cpp         :740 : 251290052304 us:  init: Returned hipErrorNoBinaryForGpu : continue parsing remaining modules
:3:hip_code_object.cpp      :964 : 251290130961 us:  amd::Comgr::get_data() return 0 size for agent_triple_target_ids[0]=amdgcn-amd-amdhsa--gfx90c:xnack+
:3:hip_code_object.cpp      :964 : 251290130991 us:  amd::Comgr::get_data() return 0 size for agent_triple_target_ids[0]=amdgcn-amd-amdhsa--gfx90c:xnack+
:3:hip_code_object.cpp      :964 : 251290130996 us:  amd::Comgr::get_data() return 0 size for agent_triple_target_ids[0]=amdgcn-amd-amdhsa--gfx90c:xnack+
:1:hip_fatbin.cpp           :780 : 251290131009 us:  Cannot find CO in the bundle /usr/lib64/librocsparse.so.1.0 for ISA: amdgcn-amd-amdhsa--gfx90c:xnack+
:3:hip_platform.cpp         :740 : 251290131021 us:  init: Returned hipErrorNoBinaryForGpu : continue parsing remaining modules
:3:hip_code_object.cpp      :964 : 251290188474 us:  amd::Comgr::get_data() return 0 size for agent_triple_target_ids[0]=amdgcn-amd-amdhsa--gfx90c:xnack+
:3:hip_code_object.cpp      :964 : 251290188504 us:  amd::Comgr::get_data() return 0 size for agent_triple_target_ids[0]=amdgcn-amd-amdhsa--gfx90c:xnack+
:3:hip_code_object.cpp      :964 : 251290188510 us:  amd::Comgr::get_data() return 0 size for agent_triple_target_ids[0]=amdgcn-amd-amdhsa--gfx90c:xnack+
:1:hip_fatbin.cpp           :780 : 251290188516 us:  Cannot find CO in the bundle /usr/lib64/librocsparse.so.1.0 for ISA: amdgcn-amd-amdhsa--gfx90c:xnack+
:3:hip_platform.cpp         :740 : 251290188527 us:  init: Returned hipErrorNoBinaryForGpu : continue parsing remaining modules
:3:hip_code_object.cpp      :964 : 251290261913 us:  amd::Comgr::get_data() return 0 size for agent_triple_target_ids[0]=amdgcn-amd-amdhsa--gfx90c:xnack+
:3:hip_code_object.cpp      :964 : 251290261942 us:  amd::Comgr::get_data() return 0 size for agent_triple_target_ids[0]=amdgcn-amd-amdhsa--gfx90c:xnack+
:3:hip_code_object.cpp      :964 : 251290261948 us:  amd::Comgr::get_data() return 0 size for agent_triple_target_ids[0]=amdgcn-amd-amdhsa--gfx90c:xnack+
:1:hip_fatbin.cpp           :780 : 251290261955 us:  Cannot find CO in the bundle /usr/lib64/librocsparse.so.1.0 for ISA: amdgcn-amd-amdhsa--gfx90c:xnack+
:3:hip_platform.cpp         :740 : 251290261966 us:  init: Returned hipErrorNoBinaryForGpu : continue parsing remaining modules
:3:hip_code_object.cpp      :964 : 251290263853 us:  amd::Comgr::get_data() return 0 size for agent_triple_target_ids[0]=amdgcn-amd-amdhsa--gfx90c:xnack+
:3:hip_code_object.cpp      :964 : 251290263872 us:  amd::Comgr::get_data() return 0 size for agent_triple_target_ids[0]=amdgcn-amd-amdhsa--gfx90c:xnack+
:3:hip_code_object.cpp      :964 : 251290263877 us:  amd::Comgr::get_data() return 0 size for agent_triple_target_ids[0]=amdgcn-amd-amdhsa--gfx90c:xnack+
:1:hip_fatbin.cpp           :780 : 251290263883 us:  Cannot find CO in the bundle /usr/lib64/librocsparse.so.1.0 for ISA: amdgcn-amd-amdhsa--gfx90c:xnack+
:3:hip_platform.cpp         :740 : 251290263890 us:  init: Returned hipErrorNoBinaryForGpu : continue parsing remaining modules
:3:hip_code_object.cpp      :964 : 251290266739 us:  amd::Comgr::get_data() return 0 size for agent_triple_target_ids[0]=amdgcn-amd-amdhsa--gfx90c:xnack+
:3:hip_code_object.cpp      :964 : 251290266764 us:  amd::Comgr::get_data() return 0 size for agent_triple_target_ids[0]=amdgcn-amd-amdhsa--gfx90c:xnack+
:3:hip_code_object.cpp      :964 : 251290266769 us:  amd::Comgr::get_data() return 0 size for agent_triple_target_ids[0]=amdgcn-amd-amdhsa--gfx90c:xnack+
:1:hip_fatbin.cpp           :780 : 251290266775 us:  Cannot find CO in the bundle /usr/lib64/librocsparse.so.1.0 for ISA: amdgcn-amd-amdhsa--gfx90c:xnack+
:3:hip_platform.cpp         :740 : 251290266792 us:  init: Returned hipErrorNoBinaryForGpu : continue parsing remaining modules
:3:hip_code_object.cpp      :964 : 251290512683 us:  amd::Comgr::get_data() return 0 size for agent_triple_target_ids[0]=amdgcn-amd-amdhsa--gfx90c:xnack+
:3:hip_code_object.cpp      :964 : 251290512713 us:  amd::Comgr::get_data() return 0 size for agent_triple_target_ids[0]=amdgcn-amd-amdhsa--gfx90c:xnack+
:3:hip_code_object.cpp      :964 : 251290512719 us:  amd::Comgr::get_data() return 0 size for agent_triple_target_ids[0]=amdgcn-amd-amdhsa--gfx90c:xnack+
:1:hip_fatbin.cpp           :780 : 251290512725 us:  Cannot find CO in the bundle /usr/lib64/librocsparse.so.1.0 for ISA: amdgcn-amd-amdhsa--gfx90c:xnack+
:3:hip_platform.cpp         :740 : 251290512736 us:  init: Returned hipErrorNoBinaryForGpu : continue parsing remaining modules
:3:hip_code_object.cpp      :964 : 251290698925 us:  amd::Comgr::get_data() return 0 size for agent_triple_target_ids[0]=amdgcn-amd-amdhsa--gfx90c:xnack+
:3:hip_code_object.cpp      :964 : 251290698955 us:  amd::Comgr::get_data() return 0 size for agent_triple_target_ids[0]=amdgcn-amd-amdhsa--gfx90c:xnack+
:3:hip_code_object.cpp      :964 : 251290698960 us:  amd::Comgr::get_data() return 0 size for agent_triple_target_ids[0]=amdgcn-amd-amdhsa--gfx90c:xnack+
:1:hip_fatbin.cpp           :780 : 251290698967 us:  Cannot find CO in the bundle /usr/lib64/librocsparse.so.1.0 for ISA: amdgcn-amd-amdhsa--gfx90c:xnack+
:3:hip_platform.cpp         :740 : 251290698978 us:  init: Returned hipErrorNoBinaryForGpu : continue parsing remaining modules
:3:hip_code_object.cpp      :964 : 251290707725 us:  amd::Comgr::get_data() return 0 size for agent_triple_target_ids[0]=amdgcn-amd-amdhsa--gfx90c:xnack+
:3:hip_code_object.cpp      :964 : 251290707758 us:  amd::Comgr::get_data() return 0 size for agent_triple_target_ids[0]=amdgcn-amd-amdhsa--gfx90c:xnack+
:3:hip_code_object.cpp      :964 : 251290707763 us:  amd::Comgr::get_data() return 0 size for agent_triple_target_ids[0]=amdgcn-amd-amdhsa--gfx90c:xnack+
:1:hip_fatbin.cpp           :780 : 251290707770 us:  Cannot find CO in the bundle /usr/lib64/librocsparse.so.1.0 for ISA: amdgcn-amd-amdhsa--gfx90c:xnack+
:3:hip_platform.cpp         :740 : 251290707782 us:  init: Returned hipErrorNoBinaryForGpu : continue parsing remaining modules
:3:hip_code_object.cpp      :964 : 251290948915 us:  amd::Comgr::get_data() return 0 size for agent_triple_target_ids[0]=amdgcn-amd-amdhsa--gfx90c:xnack+
:3:hip_code_object.cpp      :964 : 251290948944 us:  amd::Comgr::get_data() return 0 size for agent_triple_target_ids[0]=amdgcn-amd-amdhsa--gfx90c:xnack+
:3:hip_code_object.cpp      :964 : 251290948950 us:  amd::Comgr::get_data() return 0 size for agent_triple_target_ids[0]=amdgcn-amd-amdhsa--gfx90c:xnack+
:1:hip_fatbin.cpp           :780 : 251290948956 us:  Cannot find CO in the bundle /usr/lib64/librocsparse.so.1.0 for ISA: amdgcn-amd-amdhsa--gfx90c:xnack+
:3:hip_platform.cpp         :740 : 251290948966 us:  init: Returned hipErrorNoBinaryForGpu : continue parsing remaining modules
:3:hip_code_object.cpp      :964 : 251290950989 us:  amd::Comgr::get_data() return 0 size for agent_triple_target_ids[0]=amdgcn-amd-amdhsa--gfx90c:xnack+
:3:hip_code_object.cpp      :964 : 251290951016 us:  amd::Comgr::get_data() return 0 size for agent_triple_target_ids[0]=amdgcn-amd-amdhsa--gfx90c:xnack+
:3:hip_code_object.cpp      :964 : 251290951022 us:  amd::Comgr::get_data() return 0 size for agent_triple_target_ids[0]=amdgcn-amd-amdhsa--gfx90c:xnack+
:1:hip_fatbin.cpp           :780 : 251290951027 us:  Cannot find CO in the bundle /usr/lib64/librocsparse.so.1.0 for ISA: amdgcn-amd-amdhsa--gfx90c:xnack+
:3:hip_platform.cpp         :740 : 251290951036 us:  init: Returned hipErrorNoBinaryForGpu : continue parsing remaining modules
:3:hip_code_object.cpp      :964 : 251290951820 us:  amd::Comgr::get_data() return 0 size for agent_triple_target_ids[0]=amdgcn-amd-amdhsa--gfx90c:xnack+
:3:hip_code_object.cpp      :964 : 251290951832 us:  amd::Comgr::get_data() return 0 size for agent_triple_target_ids[0]=amdgcn-amd-amdhsa--gfx90c:xnack+
:3:hip_code_object.cpp      :964 : 251290951846 us:  amd::Comgr::get_data() return 0 size for agent_triple_target_ids[0]=amdgcn-amd-amdhsa--gfx90c:xnack+
:1:hip_fatbin.cpp           :780 : 251290951852 us:  Cannot find CO in the bundle /usr/lib64/librocsparse.so.1.0 for ISA: amdgcn-amd-amdhsa--gfx90c:xnack+
:3:hip_platform.cpp         :740 : 251290951857 us:  init: Returned hipErrorNoBinaryForGpu : continue parsing remaining modules
:3:hip_code_object.cpp      :964 : 251290952999 us:  amd::Comgr::get_data() return 0 size for agent_triple_target_ids[0]=amdgcn-amd-amdhsa--gfx90c:xnack+
:3:hip_code_object.cpp      :964 : 251290953024 us:  amd::Comgr::get_data() return 0 size for agent_triple_target_ids[0]=amdgcn-amd-amdhsa--gfx90c:xnack+
:3:hip_code_object.cpp      :964 : 251290953032 us:  amd::Comgr::get_data() return 0 size for agent_triple_target_ids[0]=amdgcn-amd-amdhsa--gfx90c:xnack+
:1:hip_fatbin.cpp           :780 : 251290953038 us:  Cannot find CO in the bundle /usr/lib64/librocsparse.so.1.0 for ISA: amdgcn-amd-amdhsa--gfx90c:xnack+
:3:hip_platform.cpp         :740 : 251290953044 us:  init: Returned hipErrorNoBinaryForGpu : continue parsing remaining modules
:3:hip_code_object.cpp      :964 : 251290973268 us:  amd::Comgr::get_data() return 0 size for agent_triple_target_ids[0]=amdgcn-amd-amdhsa--gfx90c:xnack+
:3:hip_code_object.cpp      :964 : 251290973299 us:  amd::Comgr::get_data() return 0 size for agent_triple_target_ids[0]=amdgcn-amd-amdhsa--gfx90c:xnack+
:3:hip_code_object.cpp      :964 : 251290973304 us:  amd::Comgr::get_data() return 0 size for agent_triple_target_ids[0]=amdgcn-amd-amdhsa--gfx90c:xnack+
:1:hip_fatbin.cpp           :780 : 251290973311 us:  Cannot find CO in the bundle /usr/lib64/librocsparse.so.1.0 for ISA: amdgcn-amd-amdhsa--gfx90c:xnack+
:3:hip_platform.cpp         :740 : 251290973322 us:  init: Returned hipErrorNoBinaryForGpu : continue parsing remaining modules
:3:hip_code_object.cpp      :964 : 251292258103 us:  amd::Comgr::get_data() return 0 size for agent_triple_target_ids[0]=amdgcn-amd-amdhsa--gfx90c:xnack+
:3:hip_code_object.cpp      :964 : 251292258137 us:  amd::Comgr::get_data() return 0 size for agent_triple_target_ids[0]=amdgcn-amd-amdhsa--gfx90c:xnack+
:3:hip_code_object.cpp      :964 : 251292258143 us:  amd::Comgr::get_data() return 0 size for agent_triple_target_ids[0]=amdgcn-amd-amdhsa--gfx90c:xnack+
:1:hip_fatbin.cpp           :780 : 251292258151 us:  Cannot find CO in the bundle /usr/lib64/librocsparse.so.1.0 for ISA: amdgcn-amd-amdhsa--gfx90c:xnack+
:3:hip_platform.cpp         :740 : 251292258161 us:  init: Returned hipErrorNoBinaryForGpu : continue parsing remaining modules
:3:hip_code_object.cpp      :964 : 251292777479 us:  amd::Comgr::get_data() return 0 size for agent_triple_target_ids[0]=amdgcn-amd-amdhsa--gfx90c:xnack+
:3:hip_code_object.cpp      :964 : 251292777511 us:  amd::Comgr::get_data() return 0 size for agent_triple_target_ids[0]=amdgcn-amd-amdhsa--gfx90c:xnack+
:3:hip_code_object.cpp      :964 : 251292777517 us:  amd::Comgr::get_data() return 0 size for agent_triple_target_ids[0]=amdgcn-amd-amdhsa--gfx90c:xnack+
:1:hip_fatbin.cpp           :780 : 251292777525 us:  Cannot find CO in the bundle /usr/lib64/librocsparse.so.1.0 for ISA: amdgcn-amd-amdhsa--gfx90c:xnack+
:3:hip_platform.cpp         :740 : 251292777536 us:  init: Returned hipErrorNoBinaryForGpu : continue parsing remaining modules
:3:hip_code_object.cpp      :964 : 251292782646 us:  amd::Comgr::get_data() return 0 size for agent_triple_target_ids[0]=amdgcn-amd-amdhsa--gfx90c:xnack+
:3:hip_code_object.cpp      :964 : 251292782678 us:  amd::Comgr::get_data() return 0 size for agent_triple_target_ids[0]=amdgcn-amd-amdhsa--gfx90c:xnack+
:3:hip_code_object.cpp      :964 : 251292782684 us:  amd::Comgr::get_data() return 0 size for agent_triple_target_ids[0]=amdgcn-amd-amdhsa--gfx90c:xnack+
:1:hip_fatbin.cpp           :780 : 251292782691 us:  Cannot find CO in the bundle /usr/lib64/librocsparse.so.1.0 for ISA: amdgcn-amd-amdhsa--gfx90c:xnack+
:3:hip_platform.cpp         :740 : 251292782712 us:  init: Returned hipErrorNoBinaryForGpu : continue parsing remaining modules
:3:hip_code_object.cpp      :964 : 251292787849 us:  amd::Comgr::get_data() return 0 size for agent_triple_target_ids[0]=amdgcn-amd-amdhsa--gfx90c:xnack+
:3:hip_code_object.cpp      :964 : 251292787877 us:  amd::Comgr::get_data() return 0 size for agent_triple_target_ids[0]=amdgcn-amd-amdhsa--gfx90c:xnack+
:3:hip_code_object.cpp      :964 : 251292787882 us:  amd::Comgr::get_data() return 0 size for agent_triple_target_ids[0]=amdgcn-amd-amdhsa--gfx90c:xnack+
:1:hip_fatbin.cpp           :780 : 251292787889 us:  Cannot find CO in the bundle /usr/lib64/librocsparse.so.1.0 for ISA: amdgcn-amd-amdhsa--gfx90c:xnack+
:3:hip_platform.cpp         :740 : 251292787899 us:  init: Returned hipErrorNoBinaryForGpu : continue parsing remaining modules
:3:hip_code_object.cpp      :964 : 251292789439 us:  amd::Comgr::get_data() return 0 size for agent_triple_target_ids[0]=amdgcn-amd-amdhsa--gfx90c:xnack+
:3:hip_code_object.cpp      :964 : 251292789452 us:  amd::Comgr::get_data() return 0 size for agent_triple_target_ids[0]=amdgcn-amd-amdhsa--gfx90c:xnack+
:3:hip_code_object.cpp      :964 : 251292789458 us:  amd::Comgr::get_data() return 0 size for agent_triple_target_ids[0]=amdgcn-amd-amdhsa--gfx90c:xnack+
:1:hip_fatbin.cpp           :780 : 251292789463 us:  Cannot find CO in the bundle /usr/lib64/librocsparse.so.1.0 for ISA: amdgcn-amd-amdhsa--gfx90c:xnack+
:3:hip_platform.cpp         :740 : 251292789470 us:  init: Returned hipErrorNoBinaryForGpu : continue parsing remaining modules
:3:hip_code_object.cpp      :964 : 251293055142 us:  amd::Comgr::get_data() return 0 size for agent_triple_target_ids[0]=amdgcn-amd-amdhsa--gfx90c:xnack+
:3:hip_code_object.cpp      :964 : 251293055173 us:  amd::Comgr::get_data() return 0 size for agent_triple_target_ids[0]=amdgcn-amd-amdhsa--gfx90c:xnack+
:3:hip_code_object.cpp      :964 : 251293055179 us:  amd::Comgr::get_data() return 0 size for agent_triple_target_ids[0]=amdgcn-amd-amdhsa--gfx90c:xnack+
:1:hip_fatbin.cpp           :780 : 251293055186 us:  Cannot find CO in the bundle /usr/lib64/librocsparse.so.1.0 for ISA: amdgcn-amd-amdhsa--gfx90c:xnack+
:3:hip_platform.cpp         :740 : 251293055196 us:  init: Returned hipErrorNoBinaryForGpu : continue parsing remaining modules
:3:hip_code_object.cpp      :964 : 251293060120 us:  amd::Comgr::get_data() return 0 size for agent_triple_target_ids[0]=amdgcn-amd-amdhsa--gfx90c:xnack+
:3:hip_code_object.cpp      :964 : 251293060149 us:  amd::Comgr::get_data() return 0 size for agent_triple_target_ids[0]=amdgcn-amd-amdhsa--gfx90c:xnack+
:3:hip_code_object.cpp      :964 : 251293060154 us:  amd::Comgr::get_data() return 0 size for agent_triple_target_ids[0]=amdgcn-amd-amdhsa--gfx90c:xnack+
:1:hip_fatbin.cpp           :780 : 251293060160 us:  Cannot find CO in the bundle /usr/lib64/librocsparse.so.1.0 for ISA: amdgcn-amd-amdhsa--gfx90c:xnack+
:3:hip_platform.cpp         :740 : 251293060170 us:  init: Returned hipErrorNoBinaryForGpu : continue parsing remaining modules
:3:hip_code_object.cpp      :964 : 251293061109 us:  amd::Comgr::get_data() return 0 size for agent_triple_target_ids[0]=amdgcn-amd-amdhsa--gfx90c:xnack+
:3:hip_code_object.cpp      :964 : 251293061121 us:  amd::Comgr::get_data() return 0 size for agent_triple_target_ids[0]=amdgcn-amd-amdhsa--gfx90c:xnack+
:3:hip_code_object.cpp      :964 : 251293061126 us:  amd::Comgr::get_data() return 0 size for agent_triple_target_ids[0]=amdgcn-amd-amdhsa--gfx90c:xnack+
:1:hip_fatbin.cpp           :780 : 251293061131 us:  Cannot find CO in the bundle /usr/lib64/librocsparse.so.1.0 for ISA: amdgcn-amd-amdhsa--gfx90c:xnack+
:3:hip_platform.cpp         :740 : 251293061137 us:  init: Returned hipErrorNoBinaryForGpu : continue parsing remaining modules
:3:hip_code_object.cpp      :964 : 251293375440 us:  amd::Comgr::get_data() return 0 size for agent_triple_target_ids[0]=amdgcn-amd-amdhsa--gfx90c:xnack+
:3:hip_code_object.cpp      :964 : 251293375472 us:  amd::Comgr::get_data() return 0 size for agent_triple_target_ids[0]=amdgcn-amd-amdhsa--gfx90c:xnack+
:3:hip_code_object.cpp      :964 : 251293375487 us:  amd::Comgr::get_data() return 0 size for agent_triple_target_ids[0]=amdgcn-amd-amdhsa--gfx90c:xnack+
:1:hip_fatbin.cpp           :780 : 251293375494 us:  Cannot find CO in the bundle /usr/lib64/librocsparse.so.1.0 for ISA: amdgcn-amd-amdhsa--gfx90c:xnack+
:3:hip_platform.cpp         :740 : 251293375506 us:  init: Returned hipErrorNoBinaryForGpu : continue parsing remaining modules
:3:hip_code_object.cpp      :964 : 251293382397 us:  amd::Comgr::get_data() return 0 size for agent_triple_target_ids[0]=amdgcn-amd-amdhsa--gfx90c:xnack+
:3:hip_code_object.cpp      :964 : 251293382425 us:  amd::Comgr::get_data() return 0 size for agent_triple_target_ids[0]=amdgcn-amd-amdhsa--gfx90c:xnack+
:3:hip_code_object.cpp      :964 : 251293382430 us:  amd::Comgr::get_data() return 0 size for agent_triple_target_ids[0]=amdgcn-amd-amdhsa--gfx90c:xnack+
:1:hip_fatbin.cpp           :780 : 251293382437 us:  Cannot find CO in the bundle /usr/lib64/librocsparse.so.1.0 for ISA: amdgcn-amd-amdhsa--gfx90c:xnack+
:3:hip_platform.cpp         :740 : 251293382447 us:  init: Returned hipErrorNoBinaryForGpu : continue parsing remaining modules
:3:hip_code_object.cpp      :964 : 251293383732 us:  amd::Comgr::get_data() return 0 size for agent_triple_target_ids[0]=amdgcn-amd-amdhsa--gfx90c:xnack+
:3:hip_code_object.cpp      :964 : 251293383745 us:  amd::Comgr::get_data() return 0 size for agent_triple_target_ids[0]=amdgcn-amd-amdhsa--gfx90c:xnack+
:3:hip_code_object.cpp      :964 : 251293383750 us:  amd::Comgr::get_data() return 0 size for agent_triple_target_ids[0]=amdgcn-amd-amdhsa--gfx90c:xnack+
:1:hip_fatbin.cpp           :780 : 251293383755 us:  Cannot find CO in the bundle /usr/lib64/librocsparse.so.1.0 for ISA: amdgcn-amd-amdhsa--gfx90c:xnack+
:3:hip_platform.cpp         :740 : 251293383761 us:  init: Returned hipErrorNoBinaryForGpu : continue parsing remaining modules
:3:hip_code_object.cpp      :964 : 251293384595 us:  amd::Comgr::get_data() return 0 size for agent_triple_target_ids[0]=amdgcn-amd-amdhsa--gfx90c:xnack+
:3:hip_code_object.cpp      :964 : 251293384608 us:  amd::Comgr::get_data() return 0 size for agent_triple_target_ids[0]=amdgcn-amd-amdhsa--gfx90c:xnack+
:3:hip_code_object.cpp      :964 : 251293384613 us:  amd::Comgr::get_data() return 0 size for agent_triple_target_ids[0]=amdgcn-amd-amdhsa--gfx90c:xnack+
:1:hip_fatbin.cpp           :780 : 251293384618 us:  Cannot find CO in the bundle /usr/lib64/librocsparse.so.1.0 for ISA: amdgcn-amd-amdhsa--gfx90c:xnack+
:3:hip_platform.cpp         :740 : 251293384625 us:  init: Returned hipErrorNoBinaryForGpu : continue parsing remaining modules
:3:hip_code_object.cpp      :964 : 251293701669 us:  amd::Comgr::get_data() return 0 size for agent_triple_target_ids[0]=amdgcn-amd-amdhsa--gfx90c:xnack+
:3:hip_code_object.cpp      :964 : 251293701698 us:  amd::Comgr::get_data() return 0 size for agent_triple_target_ids[0]=amdgcn-amd-amdhsa--gfx90c:xnack+
:3:hip_code_object.cpp      :964 : 251293701704 us:  amd::Comgr::get_data() return 0 size for agent_triple_target_ids[0]=amdgcn-amd-amdhsa--gfx90c:xnack+
:1:hip_fatbin.cpp           :780 : 251293701711 us:  Cannot find CO in the bundle /usr/lib64/librocsparse.so.1.0 for ISA: amdgcn-amd-amdhsa--gfx90c:xnack+
:3:hip_platform.cpp         :740 : 251293701721 us:  init: Returned hipErrorNoBinaryForGpu : continue parsing remaining modules
:3:hip_code_object.cpp      :964 : 251293706232 us:  amd::Comgr::get_data() return 0 size for agent_triple_target_ids[0]=amdgcn-amd-amdhsa--gfx90c:xnack+
:3:hip_code_object.cpp      :964 : 251293706264 us:  amd::Comgr::get_data() return 0 size for agent_triple_target_ids[0]=amdgcn-amd-amdhsa--gfx90c:xnack+
:3:hip_code_object.cpp      :964 : 251293706270 us:  amd::Comgr::get_data() return 0 size for agent_triple_target_ids[0]=amdgcn-amd-amdhsa--gfx90c:xnack+
:1:hip_fatbin.cpp           :780 : 251293706276 us:  Cannot find CO in the bundle /usr/lib64/librocsparse.so.1.0 for ISA: amdgcn-amd-amdhsa--gfx90c:xnack+
:3:hip_platform.cpp         :740 : 251293706296 us:  init: Returned hipErrorNoBinaryForGpu : continue parsing remaining modules
:3:hip_code_object.cpp      :964 : 251293709565 us:  amd::Comgr::get_data() return 0 size for agent_triple_target_ids[0]=amdgcn-amd-amdhsa--gfx90c:xnack+
:3:hip_code_object.cpp      :964 : 251293709588 us:  amd::Comgr::get_data() return 0 size for agent_triple_target_ids[0]=amdgcn-amd-amdhsa--gfx90c:xnack+
:3:hip_code_object.cpp      :964 : 251293709596 us:  amd::Comgr::get_data() return 0 size for agent_triple_target_ids[0]=amdgcn-amd-amdhsa--gfx90c:xnack+
:1:hip_fatbin.cpp           :780 : 251293709606 us:  Cannot find CO in the bundle /usr/lib64/librocsparse.so.1.0 for ISA: amdgcn-amd-amdhsa--gfx90c:xnack+
:3:hip_platform.cpp         :740 : 251293709617 us:  init: Returned hipErrorNoBinaryForGpu : continue parsing remaining modules
:3:hip_code_object.cpp      :964 : 251293712254 us:  amd::Comgr::get_data() return 0 size for agent_triple_target_ids[0]=amdgcn-amd-amdhsa--gfx90c:xnack+
:3:hip_code_object.cpp      :964 : 251293712282 us:  amd::Comgr::get_data() return 0 size for agent_triple_target_ids[0]=amdgcn-amd-amdhsa--gfx90c:xnack+
:3:hip_code_object.cpp      :964 : 251293712287 us:  amd::Comgr::get_data() return 0 size for agent_triple_target_ids[0]=amdgcn-amd-amdhsa--gfx90c:xnack+
:1:hip_fatbin.cpp           :780 : 251293712293 us:  Cannot find CO in the bundle /usr/lib64/librocsparse.so.1.0 for ISA: amdgcn-amd-amdhsa--gfx90c:xnack+
:3:hip_platform.cpp         :740 : 251293712303 us:  init: Returned hipErrorNoBinaryForGpu : continue parsing remaining modules
:3:hip_code_object.cpp      :964 : 251293724865 us:  amd::Comgr::get_data() return 0 size for agent_triple_target_ids[0]=amdgcn-amd-amdhsa--gfx90c:xnack+
:3:hip_code_object.cpp      :964 : 251293724897 us:  amd::Comgr::get_data() return 0 size for agent_triple_target_ids[0]=amdgcn-amd-amdhsa--gfx90c:xnack+
:3:hip_code_object.cpp      :964 : 251293724902 us:  amd::Comgr::get_data() return 0 size for agent_triple_target_ids[0]=amdgcn-amd-amdhsa--gfx90c:xnack+
:1:hip_fatbin.cpp           :780 : 251293724908 us:  Cannot find CO in the bundle /usr/lib64/librocsparse.so.1.0 for ISA: amdgcn-amd-amdhsa--gfx90c:xnack+
:3:hip_platform.cpp         :740 : 251293724919 us:  init: Returned hipErrorNoBinaryForGpu : continue parsing remaining modules
:3:hip_code_object.cpp      :964 : 251293726177 us:  amd::Comgr::get_data() return 0 size for agent_triple_target_ids[0]=amdgcn-amd-amdhsa--gfx90c:xnack+
:3:hip_code_object.cpp      :964 : 251293726191 us:  amd::Comgr::get_data() return 0 size for agent_triple_target_ids[0]=amdgcn-amd-amdhsa--gfx90c:xnack+
:3:hip_code_object.cpp      :964 : 251293726196 us:  amd::Comgr::get_data() return 0 size for agent_triple_target_ids[0]=amdgcn-amd-amdhsa--gfx90c:xnack+
:1:hip_fatbin.cpp           :780 : 251293726201 us:  Cannot find CO in the bundle /usr/lib64/librocsparse.so.1.0 for ISA: amdgcn-amd-amdhsa--gfx90c:xnack+
:3:hip_platform.cpp         :740 : 251293726207 us:  init: Returned hipErrorNoBinaryForGpu : continue parsing remaining modules
:3:hip_code_object.cpp      :964 : 251293727187 us:  amd::Comgr::get_data() return 0 size for agent_triple_target_ids[0]=amdgcn-amd-amdhsa--gfx90c:xnack+
:3:hip_code_object.cpp      :964 : 251293727199 us:  amd::Comgr::get_data() return 0 size for agent_triple_target_ids[0]=amdgcn-amd-amdhsa--gfx90c:xnack+
:3:hip_code_object.cpp      :964 : 251293727204 us:  amd::Comgr::get_data() return 0 size for agent_triple_target_ids[0]=amdgcn-amd-amdhsa--gfx90c:xnack+
:1:hip_fatbin.cpp           :780 : 251293727209 us:  Cannot find CO in the bundle /usr/lib64/librocsparse.so.1.0 for ISA: amdgcn-amd-amdhsa--gfx90c:xnack+
:3:hip_platform.cpp         :740 : 251293727215 us:  init: Returned hipErrorNoBinaryForGpu : continue parsing remaining modules
:3:hip_code_object.cpp      :964 : 251293736666 us:  amd::Comgr::get_data() return 0 size for agent_triple_target_ids[0]=amdgcn-amd-amdhsa--gfx90c:xnack+
:3:hip_code_object.cpp      :964 : 251293736698 us:  amd::Comgr::get_data() return 0 size for agent_triple_target_ids[0]=amdgcn-amd-amdhsa--gfx90c:xnack+
:3:hip_code_object.cpp      :964 : 251293736712 us:  amd::Comgr::get_data() return 0 size for agent_triple_target_ids[0]=amdgcn-amd-amdhsa--gfx90c:xnack+
:1:hip_fatbin.cpp           :780 : 251293736719 us:  Cannot find CO in the bundle /usr/lib64/librocsparse.so.1.0 for ISA: amdgcn-amd-amdhsa--gfx90c:xnack+
:3:hip_platform.cpp         :740 : 251293736730 us:  init: Returned hipErrorNoBinaryForGpu : continue parsing remaining modules
:3:hip_code_object.cpp      :964 : 251293768336 us:  amd::Comgr::get_data() return 0 size for agent_triple_target_ids[0]=amdgcn-amd-amdhsa--gfx90c:xnack+
:3:hip_code_object.cpp      :964 : 251293768365 us:  amd::Comgr::get_data() return 0 size for agent_triple_target_ids[0]=amdgcn-amd-amdhsa--gfx90c:xnack+
:3:hip_code_object.cpp      :964 : 251293768371 us:  amd::Comgr::get_data() return 0 size for agent_triple_target_ids[0]=amdgcn-amd-amdhsa--gfx90c:xnack+
:1:hip_fatbin.cpp           :780 : 251293768377 us:  Cannot find CO in the bundle /usr/lib64/librocsparse.so.1.0 for ISA: amdgcn-amd-amdhsa--gfx90c:xnack+
:3:hip_platform.cpp         :740 : 251293768388 us:  init: Returned hipErrorNoBinaryForGpu : continue parsing remaining modules
:3:hip_code_object.cpp      :964 : 251293814361 us:  amd::Comgr::get_data() return 0 size for agent_triple_target_ids[0]=amdgcn-amd-amdhsa--gfx90c:xnack+
:3:hip_code_object.cpp      :964 : 251293814392 us:  amd::Comgr::get_data() return 0 size for agent_triple_target_ids[0]=amdgcn-amd-amdhsa--gfx90c:xnack+
:3:hip_code_object.cpp      :964 : 251293814398 us:  amd::Comgr::get_data() return 0 size for agent_triple_target_ids[0]=amdgcn-amd-amdhsa--gfx90c:xnack+
:1:hip_fatbin.cpp           :780 : 251293814405 us:  Cannot find CO in the bundle /usr/lib64/librocsparse.so.1.0 for ISA: amdgcn-amd-amdhsa--gfx90c:xnack+
:3:hip_platform.cpp         :740 : 251293814416 us:  init: Returned hipErrorNoBinaryForGpu : continue parsing remaining modules
:3:hip_code_object.cpp      :964 : 251293831832 us:  amd::Comgr::get_data() return 0 size for agent_triple_target_ids[0]=amdgcn-amd-amdhsa--gfx90c:xnack+
:3:hip_code_object.cpp      :964 : 251293831859 us:  amd::Comgr::get_data() return 0 size for agent_triple_target_ids[0]=amdgcn-amd-amdhsa--gfx90c:xnack+
:3:hip_code_object.cpp      :964 : 251293831864 us:  amd::Comgr::get_data() return 0 size for agent_triple_target_ids[0]=amdgcn-amd-amdhsa--gfx90c:xnack+
:1:hip_fatbin.cpp           :780 : 251293831871 us:  Cannot find CO in the bundle /usr/lib64/librocsparse.so.1.0 for ISA: amdgcn-amd-amdhsa--gfx90c:xnack+
:3:hip_platform.cpp         :740 : 251293831882 us:  init: Returned hipErrorNoBinaryForGpu : continue parsing remaining modules
:3:hip_code_object.cpp      :964 : 251293833595 us:  amd::Comgr::get_data() return 0 size for agent_triple_target_ids[0]=amdgcn-amd-amdhsa--gfx90c:xnack+
:3:hip_code_object.cpp      :964 : 251293833612 us:  amd::Comgr::get_data() return 0 size for agent_triple_target_ids[0]=amdgcn-amd-amdhsa--gfx90c:xnack+
:3:hip_code_object.cpp      :964 : 251293833617 us:  amd::Comgr::get_data() return 0 size for agent_triple_target_ids[0]=amdgcn-amd-amdhsa--gfx90c:xnack+
:1:hip_fatbin.cpp           :780 : 251293833622 us:  Cannot find CO in the bundle /usr/lib64/librocsparse.so.1.0 for ISA: amdgcn-amd-amdhsa--gfx90c:xnack+
:3:hip_platform.cpp         :740 : 251293833629 us:  init: Returned hipErrorNoBinaryForGpu : continue parsing remaining modules
:3:hip_code_object.cpp      :964 : 251293834474 us:  amd::Comgr::get_data() return 0 size for agent_triple_target_ids[0]=amdgcn-amd-amdhsa--gfx90c:xnack+
:3:hip_code_object.cpp      :964 : 251293834486 us:  amd::Comgr::get_data() return 0 size for agent_triple_target_ids[0]=amdgcn-amd-amdhsa--gfx90c:xnack+
:3:hip_code_object.cpp      :964 : 251293834491 us:  amd::Comgr::get_data() return 0 size for agent_triple_target_ids[0]=amdgcn-amd-amdhsa--gfx90c:xnack+
:1:hip_fatbin.cpp           :780 : 251293834496 us:  Cannot find CO in the bundle /usr/lib64/librocsparse.so.1.0 for ISA: amdgcn-amd-amdhsa--gfx90c:xnack+
:3:hip_platform.cpp         :740 : 251293834510 us:  init: Returned hipErrorNoBinaryForGpu : continue parsing remaining modules
:3:hip_code_object.cpp      :964 : 251293835235 us:  amd::Comgr::get_data() return 0 size for agent_triple_target_ids[0]=amdgcn-amd-amdhsa--gfx90c:xnack+
:3:hip_code_object.cpp      :964 : 251293835247 us:  amd::Comgr::get_data() return 0 size for agent_triple_target_ids[0]=amdgcn-amd-amdhsa--gfx90c:xnack+
:3:hip_code_object.cpp      :964 : 251293835252 us:  amd::Comgr::get_data() return 0 size for agent_triple_target_ids[0]=amdgcn-amd-amdhsa--gfx90c:xnack+
:1:hip_fatbin.cpp           :780 : 251293835257 us:  Cannot find CO in the bundle /usr/lib64/librocsparse.so.1.0 for ISA: amdgcn-amd-amdhsa--gfx90c:xnack+
:3:hip_platform.cpp         :740 : 251293835263 us:  init: Returned hipErrorNoBinaryForGpu : continue parsing remaining modules
:3:hip_code_object.cpp      :964 : 251293836894 us:  amd::Comgr::get_data() return 0 size for agent_triple_target_ids[0]=amdgcn-amd-amdhsa--gfx90c:xnack+
:3:hip_code_object.cpp      :964 : 251293836907 us:  amd::Comgr::get_data() return 0 size for agent_triple_target_ids[0]=amdgcn-amd-amdhsa--gfx90c:xnack+
:3:hip_code_object.cpp      :964 : 251293836912 us:  amd::Comgr::get_data() return 0 size for agent_triple_target_ids[0]=amdgcn-amd-amdhsa--gfx90c:xnack+
:1:hip_fatbin.cpp           :780 : 251293836918 us:  Cannot find CO in the bundle /usr/lib64/librocsparse.so.1.0 for ISA: amdgcn-amd-amdhsa--gfx90c:xnack+
:3:hip_platform.cpp         :740 : 251293836925 us:  init: Returned hipErrorNoBinaryForGpu : continue parsing remaining modules
:3:hip_code_object.cpp      :964 : 251293837636 us:  amd::Comgr::get_data() return 0 size for agent_triple_target_ids[0]=amdgcn-amd-amdhsa--gfx90c:xnack+
:3:hip_code_object.cpp      :964 : 251293837648 us:  amd::Comgr::get_data() return 0 size for agent_triple_target_ids[0]=amdgcn-amd-amdhsa--gfx90c:xnack+
:3:hip_code_object.cpp      :964 : 251293837653 us:  amd::Comgr::get_data() return 0 size for agent_triple_target_ids[0]=amdgcn-amd-amdhsa--gfx90c:xnack+
:1:hip_fatbin.cpp           :780 : 251293837658 us:  Cannot find CO in the bundle /usr/lib64/librocsparse.so.1.0 for ISA: amdgcn-amd-amdhsa--gfx90c:xnack+
:3:hip_platform.cpp         :740 : 251293837664 us:  init: Returned hipErrorNoBinaryForGpu : continue parsing remaining modules
:3:hip_code_object.cpp      :964 : 251293838374 us:  amd::Comgr::get_data() return 0 size for agent_triple_target_ids[0]=amdgcn-amd-amdhsa--gfx90c:xnack+
:3:hip_code_object.cpp      :964 : 251293838387 us:  amd::Comgr::get_data() return 0 size for agent_triple_target_ids[0]=amdgcn-amd-amdhsa--gfx90c:xnack+
:3:hip_code_object.cpp      :964 : 251293838392 us:  amd::Comgr::get_data() return 0 size for agent_triple_target_ids[0]=amdgcn-amd-amdhsa--gfx90c:xnack+
:1:hip_fatbin.cpp           :780 : 251293838397 us:  Cannot find CO in the bundle /usr/lib64/librocsparse.so.1.0 for ISA: amdgcn-amd-amdhsa--gfx90c:xnack+
:3:hip_platform.cpp         :740 : 251293838403 us:  init: Returned hipErrorNoBinaryForGpu : continue parsing remaining modules
:3:hip_code_object.cpp      :964 : 251294108795 us:  amd::Comgr::get_data() return 0 size for agent_triple_target_ids[0]=amdgcn-amd-amdhsa--gfx90c:xnack+
:3:hip_code_object.cpp      :964 : 251294108826 us:  amd::Comgr::get_data() return 0 size for agent_triple_target_ids[0]=amdgcn-amd-amdhsa--gfx90c:xnack+
:3:hip_code_object.cpp      :964 : 251294108832 us:  amd::Comgr::get_data() return 0 size for agent_triple_target_ids[0]=amdgcn-amd-amdhsa--gfx90c:xnack+
:1:hip_fatbin.cpp           :780 : 251294108839 us:  Cannot find CO in the bundle /usr/lib64/librocsparse.so.1.0 for ISA: amdgcn-amd-amdhsa--gfx90c:xnack+
:3:hip_platform.cpp         :740 : 251294108849 us:  init: Returned hipErrorNoBinaryForGpu : continue parsing remaining modules
:3:hip_code_object.cpp      :964 : 251294172212 us:  amd::Comgr::get_data() return 0 size for agent_triple_target_ids[0]=amdgcn-amd-amdhsa--gfx90c:xnack+
:3:hip_code_object.cpp      :964 : 251294172243 us:  amd::Comgr::get_data() return 0 size for agent_triple_target_ids[0]=amdgcn-amd-amdhsa--gfx90c:xnack+
:3:hip_code_object.cpp      :964 : 251294172257 us:  amd::Comgr::get_data() return 0 size for agent_triple_target_ids[0]=amdgcn-amd-amdhsa--gfx90c:xnack+
:1:hip_fatbin.cpp           :780 : 251294172265 us:  Cannot find CO in the bundle /usr/lib64/librocsparse.so.1.0 for ISA: amdgcn-amd-amdhsa--gfx90c:xnack+
:3:hip_platform.cpp         :740 : 251294172275 us:  init: Returned hipErrorNoBinaryForGpu : continue parsing remaining modules
:3:hip_code_object.cpp      :964 : 251294174465 us:  amd::Comgr::get_data() return 0 size for agent_triple_target_ids[0]=amdgcn-amd-amdhsa--gfx90c:xnack+
:3:hip_code_object.cpp      :964 : 251294174486 us:  amd::Comgr::get_data() return 0 size for agent_triple_target_ids[0]=amdgcn-amd-amdhsa--gfx90c:xnack+
:3:hip_code_object.cpp      :964 : 251294174491 us:  amd::Comgr::get_data() return 0 size for agent_triple_target_ids[0]=amdgcn-amd-amdhsa--gfx90c:xnack+
:1:hip_fatbin.cpp           :780 : 251294174497 us:  Cannot find CO in the bundle /usr/lib64/librocsparse.so.1.0 for ISA: amdgcn-amd-amdhsa--gfx90c:xnack+
:3:hip_platform.cpp         :740 : 251294174505 us:  init: Returned hipErrorNoBinaryForGpu : continue parsing remaining modules
:3:hip_code_object.cpp      :964 : 251294179332 us:  amd::Comgr::get_data() return 0 size for agent_triple_target_ids[0]=amdgcn-amd-amdhsa--gfx90c:xnack+
:3:hip_code_object.cpp      :964 : 251294179365 us:  amd::Comgr::get_data() return 0 size for agent_triple_target_ids[0]=amdgcn-amd-amdhsa--gfx90c:xnack+
:3:hip_code_object.cpp      :964 : 251294179370 us:  amd::Comgr::get_data() return 0 size for agent_triple_target_ids[0]=amdgcn-amd-amdhsa--gfx90c:xnack+
:1:hip_fatbin.cpp           :780 : 251294179377 us:  Cannot find CO in the bundle /usr/lib64/librocsparse.so.1.0 for ISA: amdgcn-amd-amdhsa--gfx90c:xnack+
:3:hip_platform.cpp         :740 : 251294179389 us:  init: Returned hipErrorNoBinaryForGpu : continue parsing remaining modules
:3:hip_code_object.cpp      :964 : 251294784205 us:  amd::Comgr::get_data() return 0 size for agent_triple_target_ids[0]=amdgcn-amd-amdhsa--gfx90c:xnack+
:3:hip_code_object.cpp      :964 : 251294784235 us:  amd::Comgr::get_data() return 0 size for agent_triple_target_ids[0]=amdgcn-amd-amdhsa--gfx90c:xnack+
:3:hip_code_object.cpp      :964 : 251294784241 us:  amd::Comgr::get_data() return 0 size for agent_triple_target_ids[0]=amdgcn-amd-amdhsa--gfx90c:xnack+
:1:hip_fatbin.cpp           :780 : 251294784247 us:  Cannot find CO in the bundle /usr/lib64/librocsparse.so.1.0 for ISA: amdgcn-amd-amdhsa--gfx90c:xnack+
:3:hip_platform.cpp         :740 : 251294784258 us:  init: Returned hipErrorNoBinaryForGpu : continue parsing remaining modules
:3:hip_code_object.cpp      :964 : 251294833820 us:  amd::Comgr::get_data() return 0 size for agent_triple_target_ids[0]=amdgcn-amd-amdhsa--gfx90c:xnack+
:3:hip_code_object.cpp      :964 : 251294833845 us:  amd::Comgr::get_data() return 0 size for agent_triple_target_ids[0]=amdgcn-amd-amdhsa--gfx90c:xnack+
:3:hip_code_object.cpp      :964 : 251294833851 us:  amd::Comgr::get_data() return 0 size for agent_triple_target_ids[0]=amdgcn-amd-amdhsa--gfx90c:xnack+
:1:hip_fatbin.cpp           :780 : 251294833857 us:  Cannot find CO in the bundle /usr/lib64/librocsparse.so.1.0 for ISA: amdgcn-amd-amdhsa--gfx90c:xnack+
:3:hip_platform.cpp         :740 : 251294833869 us:  init: Returned hipErrorNoBinaryForGpu : continue parsing remaining modules
:3:hip_code_object.cpp      :964 : 251294835084 us:  amd::Comgr::get_data() return 0 size for agent_triple_target_ids[0]=amdgcn-amd-amdhsa--gfx90c:xnack+
:3:hip_code_object.cpp      :964 : 251294835098 us:  amd::Comgr::get_data() return 0 size for agent_triple_target_ids[0]=amdgcn-amd-amdhsa--gfx90c:xnack+
:3:hip_code_object.cpp      :964 : 251294835104 us:  amd::Comgr::get_data() return 0 size for agent_triple_target_ids[0]=amdgcn-amd-amdhsa--gfx90c:xnack+
:1:hip_fatbin.cpp           :780 : 251294835109 us:  Cannot find CO in the bundle /usr/lib64/librocsparse.so.1.0 for ISA: amdgcn-amd-amdhsa--gfx90c:xnack+
:3:hip_platform.cpp         :740 : 251294835125 us:  init: Returned hipErrorNoBinaryForGpu : continue parsing remaining modules
:3:hip_code_object.cpp      :964 : 251294836315 us:  amd::Comgr::get_data() return 0 size for agent_triple_target_ids[0]=amdgcn-amd-amdhsa--gfx90c:xnack+
:3:hip_code_object.cpp      :964 : 251294836328 us:  amd::Comgr::get_data() return 0 size for agent_triple_target_ids[0]=amdgcn-amd-amdhsa--gfx90c:xnack+
:3:hip_code_object.cpp      :964 : 251294836333 us:  amd::Comgr::get_data() return 0 size for agent_triple_target_ids[0]=amdgcn-amd-amdhsa--gfx90c:xnack+
:1:hip_fatbin.cpp           :780 : 251294836338 us:  Cannot find CO in the bundle /usr/lib64/librocsparse.so.1.0 for ISA: amdgcn-amd-amdhsa--gfx90c:xnack+
:3:hip_platform.cpp         :740 : 251294836344 us:  init: Returned hipErrorNoBinaryForGpu : continue parsing remaining modules
:3:hip_code_object.cpp      :964 : 251294840917 us:  amd::Comgr::get_data() return 0 size for agent_triple_target_ids[0]=amdgcn-amd-amdhsa--gfx90c:xnack+
:3:hip_code_object.cpp      :964 : 251294840947 us:  amd::Comgr::get_data() return 0 size for agent_triple_target_ids[0]=amdgcn-amd-amdhsa--gfx90c:xnack+
:3:hip_code_object.cpp      :964 : 251294840953 us:  amd::Comgr::get_data() return 0 size for agent_triple_target_ids[0]=amdgcn-amd-amdhsa--gfx90c:xnack+
:1:hip_fatbin.cpp           :780 : 251294840959 us:  Cannot find CO in the bundle /usr/lib64/librocsparse.so.1.0 for ISA: amdgcn-amd-amdhsa--gfx90c:xnack+
:3:hip_platform.cpp         :740 : 251294840971 us:  init: Returned hipErrorNoBinaryForGpu : continue parsing remaining modules
:3:hip_code_object.cpp      :964 : 251294845686 us:  amd::Comgr::get_data() return 0 size for agent_triple_target_ids[0]=amdgcn-amd-amdhsa--gfx90c:xnack+
:3:hip_code_object.cpp      :964 : 251294845716 us:  amd::Comgr::get_data() return 0 size for agent_triple_target_ids[0]=amdgcn-amd-amdhsa--gfx90c:xnack+
:3:hip_code_object.cpp      :964 : 251294845725 us:  amd::Comgr::get_data() return 0 size for agent_triple_target_ids[0]=amdgcn-amd-amdhsa--gfx90c:xnack+
:1:hip_fatbin.cpp           :780 : 251294845737 us:  Cannot find CO in the bundle /usr/lib64/librocsparse.so.1.0 for ISA: amdgcn-amd-amdhsa--gfx90c:xnack+
:3:hip_platform.cpp         :740 : 251294845749 us:  init: Returned hipErrorNoBinaryForGpu : continue parsing remaining modules
:3:hip_code_object.cpp      :964 : 251294851032 us:  amd::Comgr::get_data() return 0 size for agent_triple_target_ids[0]=amdgcn-amd-amdhsa--gfx90c:xnack+
:3:hip_code_object.cpp      :964 : 251294851065 us:  amd::Comgr::get_data() return 0 size for agent_triple_target_ids[0]=amdgcn-amd-amdhsa--gfx90c:xnack+
:3:hip_code_object.cpp      :964 : 251294851070 us:  amd::Comgr::get_data() return 0 size for agent_triple_target_ids[0]=amdgcn-amd-amdhsa--gfx90c:xnack+
:1:hip_fatbin.cpp           :780 : 251294851077 us:  Cannot find CO in the bundle /usr/lib64/librocsparse.so.1.0 for ISA: amdgcn-amd-amdhsa--gfx90c:xnack+
:3:hip_platform.cpp         :740 : 251294851088 us:  init: Returned hipErrorNoBinaryForGpu : continue parsing remaining modules
:3:hip_code_object.cpp      :964 : 251294856341 us:  amd::Comgr::get_data() return 0 size for agent_triple_target_ids[0]=amdgcn-amd-amdhsa--gfx90c:xnack+
:3:hip_code_object.cpp      :964 : 251294856379 us:  amd::Comgr::get_data() return 0 size for agent_triple_target_ids[0]=amdgcn-amd-amdhsa--gfx90c:xnack+
:3:hip_code_object.cpp      :964 : 251294856384 us:  amd::Comgr::get_data() return 0 size for agent_triple_target_ids[0]=amdgcn-amd-amdhsa--gfx90c:xnack+
:1:hip_fatbin.cpp           :780 : 251294856392 us:  Cannot find CO in the bundle /usr/lib64/librocsparse.so.1.0 for ISA: amdgcn-amd-amdhsa--gfx90c:xnack+
:3:hip_platform.cpp         :740 : 251294856403 us:  init: Returned hipErrorNoBinaryForGpu : continue parsing remaining modules
:3:hip_code_object.cpp      :964 : 251294867478 us:  amd::Comgr::get_data() return 0 size for agent_triple_target_ids[0]=amdgcn-amd-amdhsa--gfx90c:xnack+
:3:hip_code_object.cpp      :964 : 251294867508 us:  amd::Comgr::get_data() return 0 size for agent_triple_target_ids[0]=amdgcn-amd-amdhsa--gfx90c:xnack+
:3:hip_code_object.cpp      :964 : 251294867522 us:  amd::Comgr::get_data() return 0 size for agent_triple_target_ids[0]=amdgcn-amd-amdhsa--gfx90c:xnack+
:1:hip_fatbin.cpp           :780 : 251294867530 us:  Cannot find CO in the bundle /usr/lib64/librocsparse.so.1.0 for ISA: amdgcn-amd-amdhsa--gfx90c:xnack+
:3:hip_platform.cpp         :740 : 251294867541 us:  init: Returned hipErrorNoBinaryForGpu : continue parsing remaining modules
:3:hip_code_object.cpp      :964 : 251294876992 us:  amd::Comgr::get_data() return 0 size for agent_triple_target_ids[0]=amdgcn-amd-amdhsa--gfx90c:xnack+
:3:hip_code_object.cpp      :964 : 251294877032 us:  amd::Comgr::get_data() return 0 size for agent_triple_target_ids[0]=amdgcn-amd-amdhsa--gfx90c:xnack+
:3:hip_code_object.cpp      :964 : 251294877037 us:  amd::Comgr::get_data() return 0 size for agent_triple_target_ids[0]=amdgcn-amd-amdhsa--gfx90c:xnack+
:1:hip_fatbin.cpp           :780 : 251294877044 us:  Cannot find CO in the bundle /usr/lib64/librocsparse.so.1.0 for ISA: amdgcn-amd-amdhsa--gfx90c:xnack+
:3:hip_platform.cpp         :740 : 251294877055 us:  init: Returned hipErrorNoBinaryForGpu : continue parsing remaining modules
:3:hip_code_object.cpp      :964 : 251294885451 us:  amd::Comgr::get_data() return 0 size for agent_triple_target_ids[0]=amdgcn-amd-amdhsa--gfx90c:xnack+
:3:hip_code_object.cpp      :964 : 251294885481 us:  amd::Comgr::get_data() return 0 size for agent_triple_target_ids[0]=amdgcn-amd-amdhsa--gfx90c:xnack+
:3:hip_code_object.cpp      :964 : 251294885487 us:  amd::Comgr::get_data() return 0 size for agent_triple_target_ids[0]=amdgcn-amd-amdhsa--gfx90c:xnack+
:1:hip_fatbin.cpp           :780 : 251294885494 us:  Cannot find CO in the bundle /usr/lib64/librocsparse.so.1.0 for ISA: amdgcn-amd-amdhsa--gfx90c:xnack+
:3:hip_platform.cpp         :740 : 251294885505 us:  init: Returned hipErrorNoBinaryForGpu : continue parsing remaining modules
:3:hip_code_object.cpp      :964 : 251294886453 us:  amd::Comgr::get_data() return 0 size for agent_triple_target_ids[0]=amdgcn-amd-amdhsa--gfx90c:xnack+
:3:hip_code_object.cpp      :964 : 251294886468 us:  amd::Comgr::get_data() return 0 size for agent_triple_target_ids[0]=amdgcn-amd-amdhsa--gfx90c:xnack+
:3:hip_code_object.cpp      :964 : 251294886474 us:  amd::Comgr::get_data() return 0 size for agent_triple_target_ids[0]=amdgcn-amd-amdhsa--gfx90c:xnack+
:1:hip_fatbin.cpp           :780 : 251294886479 us:  Cannot find CO in the bundle /usr/lib64/librocsparse.so.1.0 for ISA: amdgcn-amd-amdhsa--gfx90c:xnack+
:3:hip_platform.cpp         :740 : 251294886486 us:  init: Returned hipErrorNoBinaryForGpu : continue parsing remaining modules
:3:hip_code_object.cpp      :964 : 251294890671 us:  amd::Comgr::get_data() return 0 size for agent_triple_target_ids[0]=amdgcn-amd-amdhsa--gfx90c:xnack+
:3:hip_code_object.cpp      :964 : 251294890711 us:  amd::Comgr::get_data() return 0 size for agent_triple_target_ids[0]=amdgcn-amd-amdhsa--gfx90c:xnack+
:3:hip_code_object.cpp      :964 : 251294890716 us:  amd::Comgr::get_data() return 0 size for agent_triple_target_ids[0]=amdgcn-amd-amdhsa--gfx90c:xnack+
:1:hip_fatbin.cpp           :780 : 251294890723 us:  Cannot find CO in the bundle /usr/lib64/librocsparse.so.1.0 for ISA: amdgcn-amd-amdhsa--gfx90c:xnack+
:3:hip_platform.cpp         :740 : 251294890733 us:  init: Returned hipErrorNoBinaryForGpu : continue parsing remaining modules
:3:hip_code_object.cpp      :964 : 251294987203 us:  amd::Comgr::get_data() return 0 size for agent_triple_target_ids[0]=amdgcn-amd-amdhsa--gfx90c:xnack+
:3:hip_code_object.cpp      :964 : 251294987234 us:  amd::Comgr::get_data() return 0 size for agent_triple_target_ids[0]=amdgcn-amd-amdhsa--gfx90c:xnack+
:3:hip_code_object.cpp      :964 : 251294987240 us:  amd::Comgr::get_data() return 0 size for agent_triple_target_ids[0]=amdgcn-amd-amdhsa--gfx90c:xnack+
:1:hip_fatbin.cpp           :780 : 251294987247 us:  Cannot find CO in the bundle /usr/lib64/librocsparse.so.1.0 for ISA: amdgcn-amd-amdhsa--gfx90c:xnack+
:3:hip_platform.cpp         :740 : 251294987267 us:  init: Returned hipErrorNoBinaryForGpu : continue parsing remaining modules
:3:hip_code_object.cpp      :964 : 251294991211 us:  amd::Comgr::get_data() return 0 size for agent_triple_target_ids[0]=amdgcn-amd-amdhsa--gfx90c:xnack+
:3:hip_code_object.cpp      :964 : 251294991238 us:  amd::Comgr::get_data() return 0 size for agent_triple_target_ids[0]=amdgcn-amd-amdhsa--gfx90c:xnack+
:3:hip_code_object.cpp      :964 : 251294991243 us:  amd::Comgr::get_data() return 0 size for agent_triple_target_ids[0]=amdgcn-amd-amdhsa--gfx90c:xnack+
:1:hip_fatbin.cpp           :780 : 251294991249 us:  Cannot find CO in the bundle /usr/lib64/librocsparse.so.1.0 for ISA: amdgcn-amd-amdhsa--gfx90c:xnack+
:3:hip_platform.cpp         :740 : 251294991259 us:  init: Returned hipErrorNoBinaryForGpu : continue parsing remaining modules
:3:hip_code_object.cpp      :964 : 251294993822 us:  amd::Comgr::get_data() return 0 size for agent_triple_target_ids[0]=amdgcn-amd-amdhsa--gfx90c:xnack+
:3:hip_code_object.cpp      :964 : 251294993836 us:  amd::Comgr::get_data() return 0 size for agent_triple_target_ids[0]=amdgcn-amd-amdhsa--gfx90c:xnack+
:3:hip_code_object.cpp      :964 : 251294993842 us:  amd::Comgr::get_data() return 0 size for agent_triple_target_ids[0]=amdgcn-amd-amdhsa--gfx90c:xnack+
:1:hip_fatbin.cpp           :780 : 251294993847 us:  Cannot find CO in the bundle /usr/lib64/librocsparse.so.1.0 for ISA: amdgcn-amd-amdhsa--gfx90c:xnack+
:3:hip_platform.cpp         :740 : 251294993854 us:  init: Returned hipErrorNoBinaryForGpu : continue parsing remaining modules
:3:hip_code_object.cpp      :964 : 251294994827 us:  amd::Comgr::get_data() return 0 size for agent_triple_target_ids[0]=amdgcn-amd-amdhsa--gfx90c:xnack+
:3:hip_code_object.cpp      :964 : 251294994839 us:  amd::Comgr::get_data() return 0 size for agent_triple_target_ids[0]=amdgcn-amd-amdhsa--gfx90c:xnack+
:3:hip_code_object.cpp      :964 : 251294994845 us:  amd::Comgr::get_data() return 0 size for agent_triple_target_ids[0]=amdgcn-amd-amdhsa--gfx90c:xnack+
:1:hip_fatbin.cpp           :780 : 251294994850 us:  Cannot find CO in the bundle /usr/lib64/librocsparse.so.1.0 for ISA: amdgcn-amd-amdhsa--gfx90c:xnack+
:3:hip_platform.cpp         :740 : 251294994856 us:  init: Returned hipErrorNoBinaryForGpu : continue parsing remaining modules
:3:hip_code_object.cpp      :964 : 251295345224 us:  amd::Comgr::get_data() return 0 size for agent_triple_target_ids[0]=amdgcn-amd-amdhsa--gfx90c:xnack+
:3:hip_code_object.cpp      :964 : 251295345263 us:  amd::Comgr::get_data() return 0 size for agent_triple_target_ids[0]=amdgcn-amd-amdhsa--gfx90c:xnack+
:3:hip_code_object.cpp      :964 : 251295345271 us:  amd::Comgr::get_data() return 0 size for agent_triple_target_ids[0]=amdgcn-amd-amdhsa--gfx90c:xnack+
:1:hip_fatbin.cpp           :780 : 251295345284 us:  Cannot find CO in the bundle /usr/lib64/librocsparse.so.1.0 for ISA: amdgcn-amd-amdhsa--gfx90c:xnack+
:3:hip_platform.cpp         :740 : 251295345299 us:  init: Returned hipErrorNoBinaryForGpu : continue parsing remaining modules
:3:hip_code_object.cpp      :964 : 251295703123 us:  amd::Comgr::get_data() return 0 size for agent_triple_target_ids[0]=amdgcn-amd-amdhsa--gfx90c:xnack+
:3:hip_code_object.cpp      :964 : 251295703156 us:  amd::Comgr::get_data() return 0 size for agent_triple_target_ids[0]=amdgcn-amd-amdhsa--gfx90c:xnack+
:3:hip_code_object.cpp      :964 : 251295703161 us:  amd::Comgr::get_data() return 0 size for agent_triple_target_ids[0]=amdgcn-amd-amdhsa--gfx90c:xnack+
:1:hip_fatbin.cpp           :780 : 251295703168 us:  Cannot find CO in the bundle /usr/lib64/librocsparse.so.1.0 for ISA: amdgcn-amd-amdhsa--gfx90c:xnack+
:3:hip_platform.cpp         :740 : 251295703179 us:  init: Returned hipErrorNoBinaryForGpu : continue parsing remaining modules
:3:hip_code_object.cpp      :964 : 251295736039 us:  amd::Comgr::get_data() return 0 size for agent_triple_target_ids[0]=amdgcn-amd-amdhsa--gfx90c:xnack+
:3:hip_code_object.cpp      :964 : 251295736069 us:  amd::Comgr::get_data() return 0 size for agent_triple_target_ids[0]=amdgcn-amd-amdhsa--gfx90c:xnack+
:3:hip_code_object.cpp      :964 : 251295736084 us:  amd::Comgr::get_data() return 0 size for agent_triple_target_ids[0]=amdgcn-amd-amdhsa--gfx90c:xnack+
:1:hip_fatbin.cpp           :780 : 251295736091 us:  Cannot find CO in the bundle /usr/lib64/librocsparse.so.1.0 for ISA: amdgcn-amd-amdhsa--gfx90c:xnack+
:3:hip_platform.cpp         :740 : 251295736101 us:  init: Returned hipErrorNoBinaryForGpu : continue parsing remaining modules
:3:hip_code_object.cpp      :964 : 251295739756 us:  amd::Comgr::get_data() return 0 size for agent_triple_target_ids[0]=amdgcn-amd-amdhsa--gfx90c:xnack+
:3:hip_code_object.cpp      :964 : 251295739784 us:  amd::Comgr::get_data() return 0 size for agent_triple_target_ids[0]=amdgcn-amd-amdhsa--gfx90c:xnack+
:3:hip_code_object.cpp      :964 : 251295739789 us:  amd::Comgr::get_data() return 0 size for agent_triple_target_ids[0]=amdgcn-amd-amdhsa--gfx90c:xnack+
:1:hip_fatbin.cpp           :780 : 251295739796 us:  Cannot find CO in the bundle /usr/lib64/librocsparse.so.1.0 for ISA: amdgcn-amd-amdhsa--gfx90c:xnack+
:3:hip_platform.cpp         :740 : 251295739807 us:  init: Returned hipErrorNoBinaryForGpu : continue parsing remaining modules
:3:hip_code_object.cpp      :964 : 251295784190 us:  amd::Comgr::get_data() return 0 size for agent_triple_target_ids[0]=amdgcn-amd-amdhsa--gfx90c:xnack+
:3:hip_code_object.cpp      :964 : 251295784221 us:  amd::Comgr::get_data() return 0 size for agent_triple_target_ids[0]=amdgcn-amd-amdhsa--gfx90c:xnack+
:3:hip_code_object.cpp      :964 : 251295784227 us:  amd::Comgr::get_data() return 0 size for agent_triple_target_ids[0]=amdgcn-amd-amdhsa--gfx90c:xnack+
:1:hip_fatbin.cpp           :780 : 251295784234 us:  Cannot find CO in the bundle /usr/lib64/librocsparse.so.1.0 for ISA: amdgcn-amd-amdhsa--gfx90c:xnack+
:3:hip_platform.cpp         :740 : 251295784244 us:  init: Returned hipErrorNoBinaryForGpu : continue parsing remaining modules
:3:hip_code_object.cpp      :964 : 251295815930 us:  amd::Comgr::get_data() return 0 size for agent_triple_target_ids[0]=amdgcn-amd-amdhsa--gfx90c:xnack+
:3:hip_code_object.cpp      :964 : 251295815961 us:  amd::Comgr::get_data() return 0 size for agent_triple_target_ids[0]=amdgcn-amd-amdhsa--gfx90c:xnack+
:3:hip_code_object.cpp      :964 : 251295815967 us:  amd::Comgr::get_data() return 0 size for agent_triple_target_ids[0]=amdgcn-amd-amdhsa--gfx90c:xnack+
:1:hip_fatbin.cpp           :780 : 251295815973 us:  Cannot find CO in the bundle /usr/lib64/librocsparse.so.1.0 for ISA: amdgcn-amd-amdhsa--gfx90c:xnack+
:3:hip_platform.cpp         :740 : 251295815984 us:  init: Returned hipErrorNoBinaryForGpu : continue parsing remaining modules
:3:hip_code_object.cpp      :964 : 251295816896 us:  amd::Comgr::get_data() return 0 size for agent_triple_target_ids[0]=amdgcn-amd-amdhsa--gfx90c:xnack+
:3:hip_code_object.cpp      :964 : 251295816911 us:  amd::Comgr::get_data() return 0 size for agent_triple_target_ids[0]=amdgcn-amd-amdhsa--gfx90c:xnack+
:3:hip_code_object.cpp      :964 : 251295816916 us:  amd::Comgr::get_data() return 0 size for agent_triple_target_ids[0]=amdgcn-amd-amdhsa--gfx90c:xnack+
:1:hip_fatbin.cpp           :780 : 251295816922 us:  Cannot find CO in the bundle /usr/lib64/librocsparse.so.1.0 for ISA: amdgcn-amd-amdhsa--gfx90c:xnack+
:3:hip_platform.cpp         :740 : 251295816928 us:  init: Returned hipErrorNoBinaryForGpu : continue parsing remaining modules
:3:hip_code_object.cpp      :964 : 251295861647 us:  amd::Comgr::get_data() return 0 size for agent_triple_target_ids[0]=amdgcn-amd-amdhsa--gfx90c:xnack+
:3:hip_code_object.cpp      :964 : 251295861678 us:  amd::Comgr::get_data() return 0 size for agent_triple_target_ids[0]=amdgcn-amd-amdhsa--gfx90c:xnack+
:3:hip_code_object.cpp      :964 : 251295861683 us:  amd::Comgr::get_data() return 0 size for agent_triple_target_ids[0]=amdgcn-amd-amdhsa--gfx90c:xnack+
:1:hip_fatbin.cpp           :780 : 251295861690 us:  Cannot find CO in the bundle /usr/lib64/librocsparse.so.1.0 for ISA: amdgcn-amd-amdhsa--gfx90c:xnack+
:3:hip_platform.cpp         :740 : 251295861710 us:  init: Returned hipErrorNoBinaryForGpu : continue parsing remaining modules
:3:hip_code_object.cpp      :964 : 251295903341 us:  amd::Comgr::get_data() return 0 size for agent_triple_target_ids[0]=amdgcn-amd-amdhsa--gfx90c:xnack+
:3:hip_code_object.cpp      :964 : 251295903372 us:  amd::Comgr::get_data() return 0 size for agent_triple_target_ids[0]=amdgcn-amd-amdhsa--gfx90c:xnack+
:3:hip_code_object.cpp      :964 : 251295903377 us:  amd::Comgr::get_data() return 0 size for agent_triple_target_ids[0]=amdgcn-amd-amdhsa--gfx90c:xnack+
:1:hip_fatbin.cpp           :780 : 251295903384 us:  Cannot find CO in the bundle /usr/lib64/librocsparse.so.1.0 for ISA: amdgcn-amd-amdhsa--gfx90c:xnack+
:3:hip_platform.cpp         :740 : 251295903395 us:  init: Returned hipErrorNoBinaryForGpu : continue parsing remaining modules
:3:hip_code_object.cpp      :964 : 251295908611 us:  amd::Comgr::get_data() return 0 size for agent_triple_target_ids[0]=amdgcn-amd-amdhsa--gfx90c:xnack+
:3:hip_code_object.cpp      :964 : 251295908642 us:  amd::Comgr::get_data() return 0 size for agent_triple_target_ids[0]=amdgcn-amd-amdhsa--gfx90c:xnack+
:3:hip_code_object.cpp      :964 : 251295908647 us:  amd::Comgr::get_data() return 0 size for agent_triple_target_ids[0]=amdgcn-amd-amdhsa--gfx90c:xnack+
:1:hip_fatbin.cpp           :780 : 251295908654 us:  Cannot find CO in the bundle /usr/lib64/librocsparse.so.1.0 for ISA: amdgcn-amd-amdhsa--gfx90c:xnack+
:3:hip_platform.cpp         :740 : 251295908665 us:  init: Returned hipErrorNoBinaryForGpu : continue parsing remaining modules
:3:hip_code_object.cpp      :964 : 251295912054 us:  amd::Comgr::get_data() return 0 size for agent_triple_target_ids[0]=amdgcn-amd-amdhsa--gfx90c:xnack+
:3:hip_code_object.cpp      :964 : 251295912091 us:  amd::Comgr::get_data() return 0 size for agent_triple_target_ids[0]=amdgcn-amd-amdhsa--gfx90c:xnack+
:3:hip_code_object.cpp      :964 : 251295912096 us:  amd::Comgr::get_data() return 0 size for agent_triple_target_ids[0]=amdgcn-amd-amdhsa--gfx90c:xnack+
:1:hip_fatbin.cpp           :780 : 251295912102 us:  Cannot find CO in the bundle /usr/lib64/librocsparse.so.1.0 for ISA: amdgcn-amd-amdhsa--gfx90c:xnack+
:3:hip_platform.cpp         :740 : 251295912112 us:  init: Returned hipErrorNoBinaryForGpu : continue parsing remaining modules
:3:hip_code_object.cpp      :964 : 251295918083 us:  amd::Comgr::get_data() return 0 size for agent_triple_target_ids[0]=amdgcn-amd-amdhsa--gfx90c:xnack+
:3:hip_code_object.cpp      :964 : 251295918113 us:  amd::Comgr::get_data() return 0 size for agent_triple_target_ids[0]=amdgcn-amd-amdhsa--gfx90c:xnack+
:3:hip_code_object.cpp      :964 : 251295918119 us:  amd::Comgr::get_data() return 0 size for agent_triple_target_ids[0]=amdgcn-amd-amdhsa--gfx90c:xnack+
:1:hip_fatbin.cpp           :780 : 251295918125 us:  Cannot find CO in the bundle /usr/lib64/librocsparse.so.1.0 for ISA: amdgcn-amd-amdhsa--gfx90c:xnack+
:3:hip_platform.cpp         :740 : 251295918135 us:  init: Returned hipErrorNoBinaryForGpu : continue parsing remaining modules
:3:hip_code_object.cpp      :964 : 251295919357 us:  amd::Comgr::get_data() return 0 size for agent_triple_target_ids[0]=amdgcn-amd-amdhsa--gfx90c:xnack+
:3:hip_code_object.cpp      :964 : 251295919373 us:  amd::Comgr::get_data() return 0 size for agent_triple_target_ids[0]=amdgcn-amd-amdhsa--gfx90c:xnack+
:3:hip_code_object.cpp      :964 : 251295919378 us:  amd::Comgr::get_data() return 0 size for agent_triple_target_ids[0]=amdgcn-amd-amdhsa--gfx90c:xnack+
:1:hip_fatbin.cpp           :780 : 251295919383 us:  Cannot find CO in the bundle /usr/lib64/librocsparse.so.1.0 for ISA: amdgcn-amd-amdhsa--gfx90c:xnack+
:3:hip_platform.cpp         :740 : 251295919390 us:  init: Returned hipErrorNoBinaryForGpu : continue parsing remaining modules
:3:hip_code_object.cpp      :964 : 251296046685 us:  amd::Comgr::get_data() return 0 size for agent_triple_target_ids[0]=amdgcn-amd-amdhsa--gfx90c:xnack+
:3:hip_code_object.cpp      :964 : 251296046718 us:  amd::Comgr::get_data() return 0 size for agent_triple_target_ids[0]=amdgcn-amd-amdhsa--gfx90c:xnack+
:3:hip_code_object.cpp      :964 : 251296046733 us:  amd::Comgr::get_data() return 0 size for agent_triple_target_ids[0]=amdgcn-amd-amdhsa--gfx90c:xnack+
:1:hip_fatbin.cpp           :780 : 251296046740 us:  Cannot find CO in the bundle /usr/lib64/librocsparse.so.1.0 for ISA: amdgcn-amd-amdhsa--gfx90c:xnack+
:3:hip_platform.cpp         :740 : 251296046752 us:  init: Returned hipErrorNoBinaryForGpu : continue parsing remaining modules
:3:hip_code_object.cpp      :964 : 251296047864 us:  amd::Comgr::get_data() return 0 size for agent_triple_target_ids[0]=amdgcn-amd-amdhsa--gfx90c:xnack+
:3:hip_code_object.cpp      :964 : 251296047878 us:  amd::Comgr::get_data() return 0 size for agent_triple_target_ids[0]=amdgcn-amd-amdhsa--gfx90c:xnack+
:3:hip_code_object.cpp      :964 : 251296047883 us:  amd::Comgr::get_data() return 0 size for agent_triple_target_ids[0]=amdgcn-amd-amdhsa--gfx90c:xnack+
:1:hip_fatbin.cpp           :780 : 251296047889 us:  Cannot find CO in the bundle /usr/lib64/librocsparse.so.1.0 for ISA: amdgcn-amd-amdhsa--gfx90c:xnack+
:3:hip_platform.cpp         :740 : 251296047896 us:  init: Returned hipErrorNoBinaryForGpu : continue parsing remaining modules
:3:hip_code_object.cpp      :964 : 251296048635 us:  amd::Comgr::get_data() return 0 size for agent_triple_target_ids[0]=amdgcn-amd-amdhsa--gfx90c:xnack+
:3:hip_code_object.cpp      :964 : 251296048647 us:  amd::Comgr::get_data() return 0 size for agent_triple_target_ids[0]=amdgcn-amd-amdhsa--gfx90c:xnack+
:3:hip_code_object.cpp      :964 : 251296048652 us:  amd::Comgr::get_data() return 0 size for agent_triple_target_ids[0]=amdgcn-amd-amdhsa--gfx90c:xnack+
:1:hip_fatbin.cpp           :780 : 251296048657 us:  Cannot find CO in the bundle /usr/lib64/librocsparse.so.1.0 for ISA: amdgcn-amd-amdhsa--gfx90c:xnack+
:3:hip_platform.cpp         :740 : 251296048663 us:  init: Returned hipErrorNoBinaryForGpu : continue parsing remaining modules
:3:hip_code_object.cpp      :964 : 251296049797 us:  amd::Comgr::get_data() return 0 size for agent_triple_target_ids[0]=amdgcn-amd-amdhsa--gfx90c:xnack+
:3:hip_code_object.cpp      :964 : 251296049809 us:  amd::Comgr::get_data() return 0 size for agent_triple_target_ids[0]=amdgcn-amd-amdhsa--gfx90c:xnack+
:3:hip_code_object.cpp      :964 : 251296049814 us:  amd::Comgr::get_data() return 0 size for agent_triple_target_ids[0]=amdgcn-amd-amdhsa--gfx90c:xnack+
:1:hip_fatbin.cpp           :780 : 251296049819 us:  Cannot find CO in the bundle /usr/lib64/librocsparse.so.1.0 for ISA: amdgcn-amd-amdhsa--gfx90c:xnack+
:3:hip_platform.cpp         :740 : 251296049825 us:  init: Returned hipErrorNoBinaryForGpu : continue parsing remaining modules
:3:hip_code_object.cpp      :964 : 251296051811 us:  amd::Comgr::get_data() return 0 size for agent_triple_target_ids[0]=amdgcn-amd-amdhsa--gfx90c:xnack+
:3:hip_code_object.cpp      :964 : 251296051826 us:  amd::Comgr::get_data() return 0 size for agent_triple_target_ids[0]=amdgcn-amd-amdhsa--gfx90c:xnack+
:3:hip_code_object.cpp      :964 : 251296051832 us:  amd::Comgr::get_data() return 0 size for agent_triple_target_ids[0]=amdgcn-amd-amdhsa--gfx90c:xnack+
:1:hip_fatbin.cpp           :780 : 251296051837 us:  Cannot find CO in the bundle /usr/lib64/librocsparse.so.1.0 for ISA: amdgcn-amd-amdhsa--gfx90c:xnack+
:3:hip_platform.cpp         :740 : 251296051844 us:  init: Returned hipErrorNoBinaryForGpu : continue parsing remaining modules
:3:hip_code_object.cpp      :964 : 251296053094 us:  amd::Comgr::get_data() return 0 size for agent_triple_target_ids[0]=amdgcn-amd-amdhsa--gfx90c:xnack+
:3:hip_code_object.cpp      :964 : 251296053108 us:  amd::Comgr::get_data() return 0 size for agent_triple_target_ids[0]=amdgcn-amd-amdhsa--gfx90c:xnack+
:3:hip_code_object.cpp      :964 : 251296053113 us:  amd::Comgr::get_data() return 0 size for agent_triple_target_ids[0]=amdgcn-amd-amdhsa--gfx90c:xnack+
:1:hip_fatbin.cpp           :780 : 251296053118 us:  Cannot find CO in the bundle /usr/lib64/librocsparse.so.1.0 for ISA: amdgcn-amd-amdhsa--gfx90c:xnack+
:3:hip_platform.cpp         :740 : 251296053131 us:  init: Returned hipErrorNoBinaryForGpu : continue parsing remaining modules
:3:hip_code_object.cpp      :964 : 251296055234 us:  amd::Comgr::get_data() return 0 size for agent_triple_target_ids[0]=amdgcn-amd-amdhsa--gfx90c:xnack+
:3:hip_code_object.cpp      :964 : 251296055255 us:  amd::Comgr::get_data() return 0 size for agent_triple_target_ids[0]=amdgcn-amd-amdhsa--gfx90c:xnack+
:3:hip_code_object.cpp      :964 : 251296055260 us:  amd::Comgr::get_data() return 0 size for agent_triple_target_ids[0]=amdgcn-amd-amdhsa--gfx90c:xnack+
:1:hip_fatbin.cpp           :780 : 251296055266 us:  Cannot find CO in the bundle /usr/lib64/librocsparse.so.1.0 for ISA: amdgcn-amd-amdhsa--gfx90c:xnack+
:3:hip_platform.cpp         :740 : 251296055273 us:  init: Returned hipErrorNoBinaryForGpu : continue parsing remaining modules
:3:hip_code_object.cpp      :964 : 251296057210 us:  amd::Comgr::get_data() return 0 size for agent_triple_target_ids[0]=amdgcn-amd-amdhsa--gfx90c:xnack+
:3:hip_code_object.cpp      :964 : 251296057226 us:  amd::Comgr::get_data() return 0 size for agent_triple_target_ids[0]=amdgcn-amd-amdhsa--gfx90c:xnack+
:3:hip_code_object.cpp      :964 : 251296057231 us:  amd::Comgr::get_data() return 0 size for agent_triple_target_ids[0]=amdgcn-amd-amdhsa--gfx90c:xnack+
:1:hip_fatbin.cpp           :780 : 251296057237 us:  Cannot find CO in the bundle /usr/lib64/librocsparse.so.1.0 for ISA: amdgcn-amd-amdhsa--gfx90c:xnack+
:3:hip_platform.cpp         :740 : 251296057244 us:  init: Returned hipErrorNoBinaryForGpu : continue parsing remaining modules
:3:hip_code_object.cpp      :964 : 251296058798 us:  amd::Comgr::get_data() return 0 size for agent_triple_target_ids[0]=amdgcn-amd-amdhsa--gfx90c:xnack+
:3:hip_code_object.cpp      :964 : 251296058814 us:  amd::Comgr::get_data() return 0 size for agent_triple_target_ids[0]=amdgcn-amd-amdhsa--gfx90c:xnack+
:3:hip_code_object.cpp      :964 : 251296058819 us:  amd::Comgr::get_data() return 0 size for agent_triple_target_ids[0]=amdgcn-amd-amdhsa--gfx90c:xnack+
:1:hip_fatbin.cpp           :780 : 251296058824 us:  Cannot find CO in the bundle /usr/lib64/librocsparse.so.1.0 for ISA: amdgcn-amd-amdhsa--gfx90c:xnack+
:3:hip_platform.cpp         :740 : 251296058830 us:  init: Returned hipErrorNoBinaryForGpu : continue parsing remaining modules
:3:hip_code_object.cpp      :964 : 251296059623 us:  amd::Comgr::get_data() return 0 size for agent_triple_target_ids[0]=amdgcn-amd-amdhsa--gfx90c:xnack+
:3:hip_code_object.cpp      :964 : 251296059635 us:  amd::Comgr::get_data() return 0 size for agent_triple_target_ids[0]=amdgcn-amd-amdhsa--gfx90c:xnack+
:3:hip_code_object.cpp      :964 : 251296059640 us:  amd::Comgr::get_data() return 0 size for agent_triple_target_ids[0]=amdgcn-amd-amdhsa--gfx90c:xnack+
:1:hip_fatbin.cpp           :780 : 251296059645 us:  Cannot find CO in the bundle /usr/lib64/librocsparse.so.1.0 for ISA: amdgcn-amd-amdhsa--gfx90c:xnack+
:3:hip_platform.cpp         :740 : 251296059651 us:  init: Returned hipErrorNoBinaryForGpu : continue parsing remaining modules
:3:hip_code_object.cpp      :964 : 251296095658 us:  amd::Comgr::get_data() return 0 size for agent_triple_target_ids[0]=amdgcn-amd-amdhsa--gfx90c:xnack+
:3:hip_code_object.cpp      :964 : 251296095688 us:  amd::Comgr::get_data() return 0 size for agent_triple_target_ids[0]=amdgcn-amd-amdhsa--gfx90c:xnack+
:3:hip_code_object.cpp      :964 : 251296095693 us:  amd::Comgr::get_data() return 0 size for agent_triple_target_ids[0]=amdgcn-amd-amdhsa--gfx90c:xnack+
:1:hip_fatbin.cpp           :780 : 251296095700 us:  Cannot find CO in the bundle /usr/lib64/librocsparse.so.1.0 for ISA: amdgcn-amd-amdhsa--gfx90c:xnack+
:3:hip_platform.cpp         :740 : 251296095711 us:  init: Returned hipErrorNoBinaryForGpu : continue parsing remaining modules
:3:hip_code_object.cpp      :964 : 251296099639 us:  amd::Comgr::get_data() return 0 size for agent_triple_target_ids[0]=amdgcn-amd-amdhsa--gfx90c:xnack+
:3:hip_code_object.cpp      :964 : 251296099665 us:  amd::Comgr::get_data() return 0 size for agent_triple_target_ids[0]=amdgcn-amd-amdhsa--gfx90c:xnack+
:3:hip_code_object.cpp      :964 : 251296099679 us:  amd::Comgr::get_data() return 0 size for agent_triple_target_ids[0]=amdgcn-amd-amdhsa--gfx90c:xnack+
:1:hip_fatbin.cpp           :780 : 251296099685 us:  Cannot find CO in the bundle /usr/lib64/librocsparse.so.1.0 for ISA: amdgcn-amd-amdhsa--gfx90c:xnack+
:3:hip_platform.cpp         :740 : 251296099695 us:  init: Returned hipErrorNoBinaryForGpu : continue parsing remaining modules
:3:hip_code_object.cpp      :964 : 251296100945 us:  amd::Comgr::get_data() return 0 size for agent_triple_target_ids[0]=amdgcn-amd-amdhsa--gfx90c:xnack+
:3:hip_code_object.cpp      :964 : 251296100959 us:  amd::Comgr::get_data() return 0 size for agent_triple_target_ids[0]=amdgcn-amd-amdhsa--gfx90c:xnack+
:3:hip_code_object.cpp      :964 : 251296100964 us:  amd::Comgr::get_data() return 0 size for agent_triple_target_ids[0]=amdgcn-amd-amdhsa--gfx90c:xnack+
:1:hip_fatbin.cpp           :780 : 251296100969 us:  Cannot find CO in the bundle /usr/lib64/librocsparse.so.1.0 for ISA: amdgcn-amd-amdhsa--gfx90c:xnack+
:3:hip_platform.cpp         :740 : 251296100975 us:  init: Returned hipErrorNoBinaryForGpu : continue parsing remaining modules
:3:hip_code_object.cpp      :964 : 251296138269 us:  amd::Comgr::get_data() return 0 size for agent_triple_target_ids[0]=amdgcn-amd-amdhsa--gfx90c:xnack+
:3:hip_code_object.cpp      :964 : 251296138300 us:  amd::Comgr::get_data() return 0 size for agent_triple_target_ids[0]=amdgcn-amd-amdhsa--gfx90c:xnack+
:3:hip_code_object.cpp      :964 : 251296138305 us:  amd::Comgr::get_data() return 0 size for agent_triple_target_ids[0]=amdgcn-amd-amdhsa--gfx90c:xnack+
:1:hip_fatbin.cpp           :780 : 251296138312 us:  Cannot find CO in the bundle /usr/lib64/librocsparse.so.1.0 for ISA: amdgcn-amd-amdhsa--gfx90c:xnack+
:3:hip_platform.cpp         :740 : 251296138323 us:  init: Returned hipErrorNoBinaryForGpu : continue parsing remaining modules
:3:hip_code_object.cpp      :964 : 251296139899 us:  amd::Comgr::get_data() return 0 size for agent_triple_target_ids[0]=amdgcn-amd-amdhsa--gfx90c:xnack+
:3:hip_code_object.cpp      :964 : 251296139915 us:  amd::Comgr::get_data() return 0 size for agent_triple_target_ids[0]=amdgcn-amd-amdhsa--gfx90c:xnack+
:3:hip_code_object.cpp      :964 : 251296139920 us:  amd::Comgr::get_data() return 0 size for agent_triple_target_ids[0]=amdgcn-amd-amdhsa--gfx90c:xnack+
:1:hip_fatbin.cpp           :780 : 251296139926 us:  Cannot find CO in the bundle /usr/lib64/librocsparse.so.1.0 for ISA: amdgcn-amd-amdhsa--gfx90c:xnack+
:3:hip_platform.cpp         :740 : 251296139933 us:  init: Returned hipErrorNoBinaryForGpu : continue parsing remaining modules
:3:hip_code_object.cpp      :964 : 251296141721 us:  amd::Comgr::get_data() return 0 size for agent_triple_target_ids[0]=amdgcn-amd-amdhsa--gfx90c:xnack+
:3:hip_code_object.cpp      :964 : 251296141738 us:  amd::Comgr::get_data() return 0 size for agent_triple_target_ids[0]=amdgcn-amd-amdhsa--gfx90c:xnack+
:3:hip_code_object.cpp      :964 : 251296141744 us:  amd::Comgr::get_data() return 0 size for agent_triple_target_ids[0]=amdgcn-amd-amdhsa--gfx90c:xnack+
:1:hip_fatbin.cpp           :780 : 251296141749 us:  Cannot find CO in the bundle /usr/lib64/librocsparse.so.1.0 for ISA: amdgcn-amd-amdhsa--gfx90c:xnack+
:3:hip_platform.cpp         :740 : 251296141758 us:  init: Returned hipErrorNoBinaryForGpu : continue parsing remaining modules
:3:hip_code_object.cpp      :964 : 251296142844 us:  amd::Comgr::get_data() return 0 size for agent_triple_target_ids[0]=amdgcn-amd-amdhsa--gfx90c:xnack+
:3:hip_code_object.cpp      :964 : 251296142857 us:  amd::Comgr::get_data() return 0 size for agent_triple_target_ids[0]=amdgcn-amd-amdhsa--gfx90c:xnack+
:3:hip_code_object.cpp      :964 : 251296142862 us:  amd::Comgr::get_data() return 0 size for agent_triple_target_ids[0]=amdgcn-amd-amdhsa--gfx90c:xnack+
:1:hip_fatbin.cpp           :780 : 251296142868 us:  Cannot find CO in the bundle /usr/lib64/librocsparse.so.1.0 for ISA: amdgcn-amd-amdhsa--gfx90c:xnack+
:3:hip_platform.cpp         :740 : 251296142881 us:  init: Returned hipErrorNoBinaryForGpu : continue parsing remaining modules
:3:hip_code_object.cpp      :964 : 251296143749 us:  amd::Comgr::get_data() return 0 size for agent_triple_target_ids[0]=amdgcn-amd-amdhsa--gfx90c:xnack+
:3:hip_code_object.cpp      :964 : 251296143763 us:  amd::Comgr::get_data() return 0 size for agent_triple_target_ids[0]=amdgcn-amd-amdhsa--gfx90c:xnack+
:3:hip_code_object.cpp      :964 : 251296143768 us:  amd::Comgr::get_data() return 0 size for agent_triple_target_ids[0]=amdgcn-amd-amdhsa--gfx90c:xnack+
:1:hip_fatbin.cpp           :780 : 251296143773 us:  Cannot find CO in the bundle /usr/lib64/librocsparse.so.1.0 for ISA: amdgcn-amd-amdhsa--gfx90c:xnack+
:3:hip_platform.cpp         :740 : 251296143778 us:  init: Returned hipErrorNoBinaryForGpu : continue parsing remaining modules
:3:hip_code_object.cpp      :964 : 251296144458 us:  amd::Comgr::get_data() return 0 size for agent_triple_target_ids[0]=amdgcn-amd-amdhsa--gfx90c:xnack+
:3:hip_code_object.cpp      :964 : 251296144470 us:  amd::Comgr::get_data() return 0 size for agent_triple_target_ids[0]=amdgcn-amd-amdhsa--gfx90c:xnack+
:3:hip_code_object.cpp      :964 : 251296144475 us:  amd::Comgr::get_data() return 0 size for agent_triple_target_ids[0]=amdgcn-amd-amdhsa--gfx90c:xnack+
:1:hip_fatbin.cpp           :780 : 251296144480 us:  Cannot find CO in the bundle /usr/lib64/librocsparse.so.1.0 for ISA: amdgcn-amd-amdhsa--gfx90c:xnack+
:3:hip_platform.cpp         :740 : 251296144486 us:  init: Returned hipErrorNoBinaryForGpu : continue parsing remaining modules
:3:hip_code_object.cpp      :964 : 251299321534 us:  amd::Comgr::get_data() return 0 size for agent_triple_target_ids[0]=amdgcn-amd-amdhsa--gfx90c:xnack+
:3:hip_code_object.cpp      :964 : 251299321569 us:  amd::Comgr::get_data() return 0 size for agent_triple_target_ids[0]=amdgcn-amd-amdhsa--gfx90c:xnack+
:3:hip_code_object.cpp      :964 : 251299321577 us:  amd::Comgr::get_data() return 0 size for agent_triple_target_ids[0]=amdgcn-amd-amdhsa--gfx90c:xnack+
:1:hip_fatbin.cpp           :780 : 251299335972 us:  Cannot find CO in the bundle /usr/lib64/librocsparse.so.1.0 for ISA: amdgcn-amd-amdhsa--gfx90c:xnack+
:3:hip_platform.cpp         :740 : 251299335999 us:  init: Returned hipErrorNoBinaryForGpu : continue parsing remaining modules
:3:hip_code_object.cpp      :964 : 251299338286 us:  amd::Comgr::get_data() return 0 size for agent_triple_target_ids[0]=amdgcn-amd-amdhsa--gfx90c:xnack+
:3:hip_code_object.cpp      :964 : 251299338306 us:  amd::Comgr::get_data() return 0 size for agent_triple_target_ids[0]=amdgcn-amd-amdhsa--gfx90c:xnack+
:3:hip_code_object.cpp      :964 : 251299338313 us:  amd::Comgr::get_data() return 0 size for agent_triple_target_ids[0]=amdgcn-amd-amdhsa--gfx90c:xnack+
:1:hip_fatbin.cpp           :780 : 251299338320 us:  Cannot find CO in the bundle /usr/lib64/librocsparse.so.1.0 for ISA: amdgcn-amd-amdhsa--gfx90c:xnack+
:3:hip_platform.cpp         :740 : 251299338329 us:  init: Returned hipErrorNoBinaryForGpu : continue parsing remaining modules
:3:hip_code_object.cpp      :964 : 251299346761 us:  amd::Comgr::get_data() return 0 size for agent_triple_target_ids[0]=amdgcn-amd-amdhsa--gfx90c:xnack+
:3:hip_code_object.cpp      :964 : 251299346789 us:  amd::Comgr::get_data() return 0 size for agent_triple_target_ids[0]=amdgcn-amd-amdhsa--gfx90c:xnack+
:3:hip_code_object.cpp      :964 : 251299346797 us:  amd::Comgr::get_data() return 0 size for agent_triple_target_ids[0]=amdgcn-amd-amdhsa--gfx90c:xnack+
:1:hip_fatbin.cpp           :780 : 251299346805 us:  Cannot find CO in the bundle /usr/lib64/librocsparse.so.1.0 for ISA: amdgcn-amd-amdhsa--gfx90c:xnack+
:3:hip_platform.cpp         :740 : 251299346817 us:  init: Returned hipErrorNoBinaryForGpu : continue parsing remaining modules
:3:hip_code_object.cpp      :964 : 251299348045 us:  amd::Comgr::get_data() return 0 size for agent_triple_target_ids[0]=amdgcn-amd-amdhsa--gfx90c:xnack+
:3:hip_code_object.cpp      :964 : 251299348072 us:  amd::Comgr::get_data() return 0 size for agent_triple_target_ids[0]=amdgcn-amd-amdhsa--gfx90c:xnack+
:3:hip_code_object.cpp      :964 : 251299348077 us:  amd::Comgr::get_data() return 0 size for agent_triple_target_ids[0]=amdgcn-amd-amdhsa--gfx90c:xnack+
:1:hip_fatbin.cpp           :780 : 251299348082 us:  Cannot find CO in the bundle /usr/lib64/librocsparse.so.1.0 for ISA: amdgcn-amd-amdhsa--gfx90c:xnack+
:3:hip_platform.cpp         :740 : 251299348089 us:  init: Returned hipErrorNoBinaryForGpu : continue parsing remaining modules
:3:hip_code_object.cpp      :964 : 251299348940 us:  amd::Comgr::get_data() return 0 size for agent_triple_target_ids[0]=amdgcn-amd-amdhsa--gfx90c:xnack+
:3:hip_code_object.cpp      :964 : 251299348953 us:  amd::Comgr::get_data() return 0 size for agent_triple_target_ids[0]=amdgcn-amd-amdhsa--gfx90c:xnack+
:3:hip_code_object.cpp      :964 : 251299348958 us:  amd::Comgr::get_data() return 0 size for agent_triple_target_ids[0]=amdgcn-amd-amdhsa--gfx90c:xnack+
:1:hip_fatbin.cpp           :780 : 251299348963 us:  Cannot find CO in the bundle /usr/lib64/librocsparse.so.1.0 for ISA: amdgcn-amd-amdhsa--gfx90c:xnack+
:3:hip_platform.cpp         :740 : 251299348969 us:  init: Returned hipErrorNoBinaryForGpu : continue parsing remaining modules
:3:hip_code_object.cpp      :964 : 251299448439 us:  amd::Comgr::get_data() return 0 size for agent_triple_target_ids[0]=amdgcn-amd-amdhsa--gfx90c:xnack+
:3:hip_code_object.cpp      :964 : 251299448465 us:  amd::Comgr::get_data() return 0 size for agent_triple_target_ids[0]=amdgcn-amd-amdhsa--gfx90c:xnack+
:3:hip_code_object.cpp      :964 : 251299448471 us:  amd::Comgr::get_data() return 0 size for agent_triple_target_ids[0]=amdgcn-amd-amdhsa--gfx90c:xnack+
:1:hip_fatbin.cpp           :780 : 251299448478 us:  Cannot find CO in the bundle /usr/lib64/librocsparse.so.1.0 for ISA: amdgcn-amd-amdhsa--gfx90c:xnack+
:3:hip_platform.cpp         :740 : 251299448488 us:  init: Returned hipErrorNoBinaryForGpu : continue parsing remaining modules
:3:hip_code_object.cpp      :964 : 251299493911 us:  amd::Comgr::get_data() return 0 size for agent_triple_target_ids[0]=amdgcn-amd-amdhsa--gfx90c:xnack+
:3:hip_code_object.cpp      :964 : 251299493940 us:  amd::Comgr::get_data() return 0 size for agent_triple_target_ids[0]=amdgcn-amd-amdhsa--gfx90c:xnack+
:3:hip_code_object.cpp      :964 : 251299493946 us:  amd::Comgr::get_data() return 0 size for agent_triple_target_ids[0]=amdgcn-amd-amdhsa--gfx90c:xnack+
:1:hip_fatbin.cpp           :780 : 251299493953 us:  Cannot find CO in the bundle /usr/lib64/librocsparse.so.1.0 for ISA: amdgcn-amd-amdhsa--gfx90c:xnack+
:3:hip_platform.cpp         :740 : 251299493964 us:  init: Returned hipErrorNoBinaryForGpu : continue parsing remaining modules
:3:hip_code_object.cpp      :964 : 251299495489 us:  amd::Comgr::get_data() return 0 size for agent_triple_target_ids[0]=amdgcn-amd-amdhsa--gfx90c:xnack+
:3:hip_code_object.cpp      :964 : 251299495505 us:  amd::Comgr::get_data() return 0 size for agent_triple_target_ids[0]=amdgcn-amd-amdhsa--gfx90c:xnack+
:3:hip_code_object.cpp      :964 : 251299495510 us:  amd::Comgr::get_data() return 0 size for agent_triple_target_ids[0]=amdgcn-amd-amdhsa--gfx90c:xnack+
:1:hip_fatbin.cpp           :780 : 251299495515 us:  Cannot find CO in the bundle /usr/lib64/librocsparse.so.1.0 for ISA: amdgcn-amd-amdhsa--gfx90c:xnack+
:3:hip_platform.cpp         :740 : 251299495522 us:  init: Returned hipErrorNoBinaryForGpu : continue parsing remaining modules
:3:hip_code_object.cpp      :964 : 251299502453 us:  amd::Comgr::get_data() return 0 size for agent_triple_target_ids[0]=amdgcn-amd-amdhsa--gfx90c:xnack+
:3:hip_code_object.cpp      :964 : 251299502490 us:  amd::Comgr::get_data() return 0 size for agent_triple_target_ids[0]=amdgcn-amd-amdhsa--gfx90c:xnack+
:3:hip_code_object.cpp      :964 : 251299502496 us:  amd::Comgr::get_data() return 0 size for agent_triple_target_ids[0]=amdgcn-amd-amdhsa--gfx90c:xnack+
:1:hip_fatbin.cpp           :780 : 251299502504 us:  Cannot find CO in the bundle /usr/lib64/librocsparse.so.1.0 for ISA: amdgcn-amd-amdhsa--gfx90c:xnack+
:3:hip_platform.cpp         :740 : 251299502531 us:  init: Returned hipErrorNoBinaryForGpu : continue parsing remaining modules
:3:hip_memory.cpp           :756 : 251299504358 us:  [32m hipMalloc ( 0x7fffd4a94738, 20 ) [0m
:3:rocdevice.cpp            :2411: 251299504634 us:  Device=0x1ff3b000, freeMem_ = 0x366fb2fec
:3:hip_memory.cpp           :758 : 251299504645 us:  hipMalloc: Returned hipSuccess : 0x7fbeb4e00000: duration: 287 us
:3:hip_memory.cpp           :756 : 251299504651 us:  [32m hipMalloc ( 0x7fffd4a94730, 36 ) [0m
:3:rocdevice.cpp            :2411: 251299504664 us:  Device=0x1ff3b000, freeMem_ = 0x366fb2fc8
:3:hip_memory.cpp           :758 : 251299504667 us:  hipMalloc: Returned hipSuccess : 0x7fbeb4e01000: duration: 16 us
:3:hip_memory.cpp           :756 : 251299504670 us:  [32m hipMalloc ( 0x7fffd4a94728, 72 ) [0m
:3:rocdevice.cpp            :2411: 251299504673 us:  Device=0x1ff3b000, freeMem_ = 0x366fb2f80
:3:hip_memory.cpp           :758 : 251299504676 us:  hipMalloc: Returned hipSuccess : 0x7fbeb4e02000: duration: 6 us
:3:hip_memory.cpp           :756 : 251299504679 us:  [32m hipMalloc ( 0x7fffd4a94720, 32 ) [0m
:3:rocdevice.cpp            :2411: 251299504682 us:  Device=0x1ff3b000, freeMem_ = 0x366fb2f60
:3:hip_memory.cpp           :758 : 251299504685 us:  hipMalloc: Returned hipSuccess : 0x7fbeb4e03000: duration: 6 us
:3:hip_memory.cpp           :756 : 251299504688 us:  [32m hipMalloc ( 0x7fffd4a94718, 32 ) [0m
:3:rocdevice.cpp            :2411: 251299504691 us:  Device=0x1ff3b000, freeMem_ = 0x366fb2f40
:3:hip_memory.cpp           :758 : 251299504694 us:  hipMalloc: Returned hipSuccess : 0x7fbeb4e04000: duration: 6 us
:3:hip_memory.cpp           :795 : 251299504705 us:  [32m hipMemcpy ( 0x7fbeb4e00000, 0x7fffd4a947c0, 20, hipMemcpyHostToDevice ) [0m
:3:rocdevice.cpp            :3052: 251299504728 us:  Number of allocated hardware queues with low priority: 0, with normal priority: 0, with high priority: 0, maximum per priority is: 4
:3:rocdevice.cpp            :3131: 251299523257 us:  Created SWq=0x7fbfb7018000 to map on HWq=0x7fbea8200000 with size 16384 with priority 1, cooperative: 0
:3:rocdevice.cpp            :3223: 251299523304 us:  acquireQueue refCount: 0x7fbea8200000 (1)
:3:devprogram.cpp           :2658: 251299752620 us:  Using Code Object V5.
:3:rocvirtual.cpp           :763 : 251299753964 us:  Arg0: uchar* src = ptr:0x7fbea3400000
:3:rocvirtual.cpp           :763 : 251299753979 us:  Arg1: uchar* dst = ptr:0x7fbeb4e00000
:3:rocvirtual.cpp           :857 : 251299753983 us:  Arg2: ulong size = val:20
:3:rocvirtual.cpp           :857 : 251299753986 us:  Arg3: uint remainder = val:4
:3:rocvirtual.cpp           :857 : 251299753988 us:  Arg4: uint aligned_size = val:16
:3:rocvirtual.cpp           :857 : 251299753991 us:  Arg5: ulong end_ptr = val:140457055092752
:3:rocvirtual.cpp           :857 : 251299753993 us:  Arg6: uint next_chunk = val:512
:3:rocvirtual.cpp           :3237: 251299753998 us:  ShaderName : __amd_rocclr_copyBuffer
:3:rocvirtual.cpp           :3451: 251299754010 us:  KernargSegmentByteSize = 304 KernargSegmentAlignment = 128
:3:rocvirtual.cpp           :534 : 251299754023 us:  Set Handler: handle(0x7fbf96dfd600), timestamp(0x20c22440)
:3:rocvirtual.hpp           :57  : 251299754027 us:  Host active wait for Signal = (0x7fbf96dfd600) for -1 ns
:3:hip_memory.cpp           :796 : 251299754034 us:  hipMemcpy: Returned hipSuccess : : duration: 249329 us
:3:hip_memory.cpp           :795 : 251299754042 us:  [32m hipMemcpy ( 0x7fbeb4e01000, 0x7fffd4a94790, 36, hipMemcpyHostToDevice ) [0m
:3:rocvirtual.cpp           :763 : 251299754049 us:  Arg0: uchar* src = ptr:0x7fbea3400100
:3:rocvirtual.cpp           :763 : 251299754052 us:  Arg1: uchar* dst = ptr:0x7fbeb4e01000
:3:rocvirtual.cpp           :857 : 251299754054 us:  Arg2: ulong size = val:36
:3:rocvirtual.cpp           :857 : 251299754057 us:  Arg3: uint remainder = val:4
:3:rocvirtual.cpp           :857 : 251299754059 us:  Arg4: uint aligned_size = val:16
:3:rocvirtual.cpp           :857 : 251299754071 us:  Arg5: ulong end_ptr = val:140457055096864
:3:rocvirtual.cpp           :857 : 251299754075 us:  Arg6: uint next_chunk = val:512
:3:rocvirtual.cpp           :3237: 251299754080 us:  ShaderName : __amd_rocclr_copyBuffer
:3:rocvirtual.cpp           :3451: 251299754083 us:  KernargSegmentByteSize = 304 KernargSegmentAlignment = 128
:3:rocvirtual.cpp           :227 : 251299754059 us:  Handler: value(0), timestamp(0x20ceda70), handle(0x7fbf96dfd600)
:3:rocvirtual.cpp           :534 : 251299754090 us:  Set Handler: handle(0x7fbf96dfd680), timestamp(0x20c22330)
:3:rocvirtual.hpp           :57  : 251299754110 us:  Host active wait for Signal = (0x7fbf96dfd680) for -1 ns
:3:hip_memory.cpp           :796 : 251299754114 us:  hipMemcpy: Returned hipSuccess : : duration: 72 us
:3:hip_memory.cpp           :795 : 251299754118 us:  [32m hipMemcpy ( 0x7fbeb4e02000, 0x7fffd4a947e0, 72, hipMemcpyHostToDevice ) [0m
:3:rocvirtual.cpp           :763 : 251299754124 us:  Arg0: uchar* src = ptr:0x7fbea3400200
:3:rocvirtual.cpp           :763 : 251299754127 us:  Arg1: uchar* dst = ptr:0x7fbeb4e02000
:3:rocvirtual.cpp           :857 : 251299754129 us:  Arg2: ulong size = val:72
:3:rocvirtual.cpp           :857 : 251299754132 us:  Arg3: uint remainder = val:8
:3:rocvirtual.cpp           :857 : 251299754134 us:  Arg4: uint aligned_size = val:16
:3:rocvirtual.cpp           :857 : 251299754137 us:  Arg5: ulong end_ptr = val:140457055100992
:3:rocvirtual.cpp           :857 : 251299754139 us:  Arg6: uint next_chunk = val:512
:3:rocvirtual.cpp           :3237: 251299754144 us:  ShaderName : __amd_rocclr_copyBuffer
:3:rocvirtual.cpp           :3451: 251299754146 us:  KernargSegmentByteSize = 304 KernargSegmentAlignment = 128
:3:rocvirtual.cpp           :534 : 251299754152 us:  Set Handler: handle(0x7fbf96dfd700), timestamp(0x20d1e500)
:3:rocvirtual.hpp           :57  : 251299754156 us:  Host active wait for Signal = (0x7fbf96dfd700) for -1 ns
:3:rocvirtual.cpp           :227 : 251299754134 us:  Handler: value(0), timestamp(0x20ceda00), handle(0x7fbf96dfd680)
:3:hip_memory.cpp           :796 : 251299754164 us:  hipMemcpy: Returned hipSuccess : : duration: 46 us
:3:hip_memory.cpp           :795 : 251299754178 us:  [32m hipMemcpy ( 0x7fbeb4e03000, 0x7fffd4a94760, 32, hipMemcpyHostToDevice ) [0m
:3:rocvirtual.cpp           :763 : 251299754186 us:  Arg0: uchar* src = ptr:0x7fbea3400300
:3:rocvirtual.cpp           :763 : 251299754190 us:  Arg1: uchar* dst = ptr:0x7fbeb4e03000
:3:rocvirtual.cpp           :857 : 251299754193 us:  Arg2: ulong size = val:32
:3:rocvirtual.cpp           :857 : 251299754196 us:  Arg3: uint remainder = val:0
:3:rocvirtual.cpp           :857 : 251299754198 us:  Arg4: uint aligned_size = val:16
:3:rocvirtual.cpp           :857 : 251299754202 us:  Arg5: ulong end_ptr = val:140457055105056
:3:rocvirtual.cpp           :857 : 251299754205 us:  Arg6: uint next_chunk = val:512
:3:rocvirtual.cpp           :3237: 251299754209 us:  ShaderName : __amd_rocclr_copyBuffer
:3:rocvirtual.cpp           :3451: 251299754212 us:  KernargSegmentByteSize = 304 KernargSegmentAlignment = 128
:3:rocvirtual.cpp           :534 : 251299754217 us:  Set Handler: handle(0x7fbf96dfd780), timestamp(0x20d1e3f0)
:3:rocvirtual.hpp           :57  : 251299754221 us:  Host active wait for Signal = (0x7fbf96dfd780) for -1 ns
:3:rocvirtual.cpp           :227 : 251299754174 us:  Handler: value(0), timestamp(0x20026600), handle(0x7fbf96dfd700)
:3:hip_memory.cpp           :796 : 251299754227 us:  hipMemcpy: Returned hipSuccess : : duration: 49 us
:3:hip_memory.cpp           :795 : 251299754237 us:  [32m hipMemcpy ( 0x7fbeb4e04000, 0x7fffd4a94740, 32, hipMemcpyHostToDevice ) [0m
:3:rocvirtual.cpp           :763 : 251299754245 us:  Arg0: uchar* src = ptr:0x7fbea3400400
:3:rocvirtual.cpp           :763 : 251299754250 us:  Arg1: uchar* dst = ptr:0x7fbeb4e04000
:3:rocvirtual.cpp           :857 : 251299754256 us:  Arg2: ulong size = val:32
:3:rocvirtual.cpp           :857 : 251299754258 us:  Arg3: uint remainder = val:0
:3:rocvirtual.cpp           :857 : 251299754266 us:  Arg4: uint aligned_size = val:16
:3:rocvirtual.cpp           :857 : 251299754268 us:  Arg5: ulong end_ptr = val:140457055109152
:3:rocvirtual.cpp           :857 : 251299754272 us:  Arg6: uint next_chunk = val:512
:3:rocvirtual.cpp           :3237: 251299754274 us:  ShaderName : __amd_rocclr_copyBuffer
:3:rocvirtual.cpp           :3451: 251299754278 us:  KernargSegmentByteSize = 304 KernargSegmentAlignment = 128
:3:rocvirtual.cpp           :227 : 251299754233 us:  Handler: value(0), timestamp(0x20ccc070), handle(0x7fbf96dfd780)
:3:rocvirtual.cpp           :534 : 251299754283 us:  Set Handler: handle(0x7fbf96dfd800), timestamp(0x20d1e320)
:3:rocvirtual.hpp           :57  : 251299754293 us:  Host active wait for Signal = (0x7fbf96dfd800) for -1 ns
:3:hip_memory.cpp           :796 : 251299754295 us:  hipMemcpy: Returned hipSuccess : : duration: 58 us
:3:rocvirtual.cpp           :227 : 251299754297 us:  Handler: value(0), timestamp(0x20d54750), handle(0x7fbf96dfd800)
:3:hip_device_runtime.cpp   :657 : 251299754313 us:  [32m hipGetDevice ( 0x20334f30 ) [0m
:3:hip_device_runtime.cpp   :669 : 251299754316 us:  hipGetDevice: Returned hipSuccess : 0
:3:hip_device.cpp           :654 : 251299754320 us:  [32m hipGetDevicePropertiesR0600 ( 0x20334f38, 0 ) [0m
:3:hip_device.cpp           :656 : 251299754324 us:  hipGetDevicePropertiesR0600: Returned hipSuccess : 
:3:hip_memory.cpp           :756 : 251299754328 us:  [32m hipMalloc ( 0x20335518, 1048576 ) [0m
:3:rocdevice.cpp            :2411: 251299754335 us:  Device=0x1ff3b000, freeMem_ = 0x366eb2f40
:3:hip_memory.cpp           :758 : 251299754339 us:  hipMalloc: Returned hipSuccess : 0x7fbeb4e05000: duration: 11 us
:3:hip_memory.cpp           :756 : 251299754342 us:  [32m hipMalloc ( 0x20335520, 4 ) [0m
:3:rocdevice.cpp            :2411: 251299754346 us:  Device=0x1ff3b000, freeMem_ = 0x366eb2f3c
:3:hip_memory.cpp           :758 : 251299754350 us:  hipMalloc: Returned hipSuccess : 0x7fbeb4f05000: duration: 8 us
:3:hip_memory.cpp           :756 : 251299754352 us:  [32m hipMalloc ( 0x20335528, 8 ) [0m
:3:rocdevice.cpp            :2411: 251299754355 us:  Device=0x1ff3b000, freeMem_ = 0x366eb2f34
:3:hip_memory.cpp           :758 : 251299754359 us:  hipMalloc: Returned hipSuccess : 0x7fbeb4f06000: duration: 7 us
:3:hip_memory.cpp           :756 : 251299754361 us:  [32m hipMalloc ( 0x20335530, 8 ) [0m
:3:rocdevice.cpp            :2411: 251299754364 us:  Device=0x1ff3b000, freeMem_ = 0x366eb2f2c
:3:hip_memory.cpp           :758 : 251299754367 us:  hipMalloc: Returned hipSuccess : 0x7fbeb4f07000: duration: 6 us
:3:hip_memory.cpp           :756 : 251299754370 us:  [32m hipMalloc ( 0x20335538, 16 ) [0m
:3:rocdevice.cpp            :2411: 251299754373 us:  Device=0x1ff3b000, freeMem_ = 0x366eb2f1c
:3:hip_memory.cpp           :758 : 251299754376 us:  hipMalloc: Returned hipSuccess : 0x7fbeb4f08000: duration: 6 us
:3:hip_platform.cpp         :237 : 251299754397 us:  [32m __hipPushCallConfiguration ( {1,1,1}, {1,1,1}, 0, stream:<null> ) [0m
:3:hip_platform.cpp         :241 : 251299754403 us:  __hipPushCallConfiguration: Returned hipSuccess : 
:3:hip_platform.cpp         :246 : 251299754408 us:  [32m __hipPopCallConfiguration ( {0,0,0}, {2147483648,2147483648,0}, 0x7fffd4a93da0, 0x7fffd4a93dd0 ) [0m
:3:hip_platform.cpp         :255 : 251299754413 us:  __hipPopCallConfiguration: Returned hipSuccess : 
:3:hip_module.cpp           :744 : 251299754422 us:  [32m hipLaunchKernel ( 0x7fbf9c230048, {1,1,1}, {1,1,1}, 0x7fffd4a93dc0, 0, stream:<null> ) [0m
:3:hip_module.cpp           :745 : 251299754428 us:  hipLaunchKernel: Returned hipErrorInvalidDeviceFunction : : duration: 6 us
:3:hip_memory.cpp           :3487: 251299754437 us:  [32m hipMemsetAsync ( 0x7fbeb4f05000, 0, 4, stream:<null> ) [0m
:3:rocvirtual.cpp           :763 : 251299754444 us:  Arg0: void* buf = ptr:0x7fbeb4f05000
:3:rocvirtual.cpp           :781 : 251299754447 us:  Arg0: void* buf = ptr:0x7fbeb4f05000 obj:[0x7fbeb4f05000-0x7fbeb4f05004]
:3:rocvirtual.cpp           :763 : 251299754449 us:  Arg1: uchar* pattern = ptr:0x7fbea3a00800
:3:rocvirtual.cpp           :857 : 251299754456 us:  Arg2: uint pattern_size = val:1
:3:rocvirtual.cpp           :857 : 251299754459 us:  Arg3: uint alignment = val:1
:3:rocvirtual.cpp           :857 : 251299754461 us:  Arg4: ulong end_ptr = val:140457056161796
:3:rocvirtual.cpp           :857 : 251299754463 us:  Arg5: uint next_chunk = val:256
:3:rocvirtual.cpp           :3237: 251299754466 us:  ShaderName : __amd_rocclr_fillBufferAligned
:3:rocvirtual.cpp           :3451: 251299754469 us:  KernargSegmentByteSize = 296 KernargSegmentAlignment = 128
:3:hip_memory.cpp           :3488: 251299754477 us:  hipMemsetAsync: Returned hipSuccess : 
:3:hip_memory.cpp           :3487: 251299754480 us:  [32m hipMemsetAsync ( 0x7fbeb4f06000, 0, 8, stream:<null> ) [0m
:3:rocvirtual.cpp           :763 : 251299754485 us:  Arg0: void* buf = ptr:0x7fbeb4f06000
:3:rocvirtual.cpp           :781 : 251299754488 us:  Arg0: void* buf = ptr:0x7fbeb4f06000 obj:[0x7fbeb4f06000-0x7fbeb4f06008]
:3:rocvirtual.cpp           :763 : 251299754490 us:  Arg1: uchar* pattern = ptr:0x7fbea3a00b00
:3:rocvirtual.cpp           :857 : 251299754493 us:  Arg2: uint pattern_size = val:1
:3:rocvirtual.cpp           :857 : 251299754495 us:  Arg3: uint alignment = val:1
:3:rocvirtual.cpp           :857 : 251299754497 us:  Arg4: ulong end_ptr = val:140457056165896
:3:rocvirtual.cpp           :857 : 251299754500 us:  Arg5: uint next_chunk = val:256
:3:rocvirtual.cpp           :3237: 251299754502 us:  ShaderName : __amd_rocclr_fillBufferAligned
:3:rocvirtual.cpp           :3451: 251299754504 us:  KernargSegmentByteSize = 296 KernargSegmentAlignment = 128
:3:hip_memory.cpp           :3488: 251299754507 us:  hipMemsetAsync: Returned hipSuccess : 
:3:hip_memory.cpp           :3487: 251299754510 us:  [32m hipMemsetAsync ( 0x7fbeb4f07000, 0, 8, stream:<null> ) [0m
:3:rocvirtual.cpp           :763 : 251299754514 us:  Arg0: void* buf = ptr:0x7fbeb4f07000
:3:rocvirtual.cpp           :781 : 251299754516 us:  Arg0: void* buf = ptr:0x7fbeb4f07000 obj:[0x7fbeb4f07000-0x7fbeb4f07008]
:3:rocvirtual.cpp           :763 : 251299754519 us:  Arg1: uchar* pattern = ptr:0x7fbea3a00e00
:3:rocvirtual.cpp           :857 : 251299754521 us:  Arg2: uint pattern_size = val:1
:3:rocvirtual.cpp           :857 : 251299754524 us:  Arg3: uint alignment = val:1
:3:rocvirtual.cpp           :857 : 251299754526 us:  Arg4: ulong end_ptr = val:140457056169992
:3:rocvirtual.cpp           :857 : 251299754529 us:  Arg5: uint next_chunk = val:256
:3:rocvirtual.cpp           :3237: 251299754532 us:  ShaderName : __amd_rocclr_fillBufferAligned
:3:rocvirtual.cpp           :3451: 251299754534 us:  KernargSegmentByteSize = 296 KernargSegmentAlignment = 128
:3:hip_memory.cpp           :3488: 251299754537 us:  hipMemsetAsync: Returned hipSuccess : 
:3:hip_memory.cpp           :3487: 251299754540 us:  [32m hipMemsetAsync ( 0x7fbeb4f08000, 0, 16, stream:<null> ) [0m
:3:rocvirtual.cpp           :763 : 251299754544 us:  Arg0: void* buf = ptr:0x7fbeb4f08000
:3:rocvirtual.cpp           :781 : 251299754546 us:  Arg0: void* buf = ptr:0x7fbeb4f08000 obj:[0x7fbeb4f08000-0x7fbeb4f08010]
:3:rocvirtual.cpp           :763 : 251299754549 us:  Arg1: uchar* pattern = ptr:0x7fbea3a01100
:3:rocvirtual.cpp           :857 : 251299754551 us:  Arg2: uint pattern_size = val:1
:3:rocvirtual.cpp           :857 : 251299754554 us:  Arg3: uint alignment = val:16
:3:rocvirtual.cpp           :857 : 251299754556 us:  Arg4: ulong end_ptr = val:140457056174096
:3:rocvirtual.cpp           :857 : 251299754558 us:  Arg5: uint next_chunk = val:256
:3:rocvirtual.cpp           :3237: 251299754561 us:  ShaderName : __amd_rocclr_fillBufferAligned
:3:rocvirtual.cpp           :3451: 251299754563 us:  KernargSegmentByteSize = 296 KernargSegmentAlignment = 128
:3:hip_memory.cpp           :3488: 251299754566 us:  hipMemsetAsync: Returned hipSuccess : 
:3:hip_memory.cpp           :1631: 251299754575 us:  [32m hipMemcpyAsync ( 0x7fbeb4f05000, 0x7fffd4a93dbc, 4, hipMemcpyHostToDevice, stream:<null> ) [0m
:3:rocvirtual.cpp           :763 : 251299754587 us:  Arg0: uchar* src = ptr:0x7fbea3400500
:3:rocvirtual.cpp           :763 : 251299754589 us:  Arg1: uchar* dst = ptr:0x7fbeb4f05000
:3:rocvirtual.cpp           :857 : 251299754592 us:  Arg2: ulong size = val:4
:3:rocvirtual.cpp           :857 : 251299754594 us:  Arg3: uint remainder = val:4
:3:rocvirtual.cpp           :857 : 251299754596 us:  Arg4: uint aligned_size = val:16
:3:rocvirtual.cpp           :857 : 251299754599 us:  Arg5: ulong end_ptr = val:140457056161792
:3:rocvirtual.cpp           :857 : 251299754601 us:  Arg6: uint next_chunk = val:512
:3:rocvirtual.cpp           :3237: 251299754603 us:  ShaderName : __amd_rocclr_copyBuffer
:3:rocvirtual.cpp           :3451: 251299754605 us:  KernargSegmentByteSize = 304 KernargSegmentAlignment = 128
:3:hip_memory.cpp           :1632: 251299754609 us:  hipMemcpyAsync: Returned hipSuccess : : duration: 34 us
:3:hip_memory.cpp           :1631: 251299754612 us:  [32m hipMemcpyAsync ( 0x7fbeb4f06000, 0x7fffd4a93dd0, 8, hipMemcpyHostToDevice, stream:<null> ) [0m
:3:rocvirtual.cpp           :763 : 251299754617 us:  Arg0: uchar* src = ptr:0x7fbea3400600
:3:rocvirtual.cpp           :763 : 251299754620 us:  Arg1: uchar* dst = ptr:0x7fbeb4f06000
:3:rocvirtual.cpp           :857 : 251299754623 us:  Arg2: ulong size = val:8
:3:rocvirtual.cpp           :857 : 251299754626 us:  Arg3: uint remainder = val:8
:3:rocvirtual.cpp           :857 : 251299754628 us:  Arg4: uint aligned_size = val:16
:3:rocvirtual.cpp           :857 : 251299754630 us:  Arg5: ulong end_ptr = val:140457056165888
:3:rocvirtual.cpp           :857 : 251299754633 us:  Arg6: uint next_chunk = val:512
:3:rocvirtual.cpp           :3237: 251299754635 us:  ShaderName : __amd_rocclr_copyBuffer
:3:rocvirtual.cpp           :3451: 251299754638 us:  KernargSegmentByteSize = 304 KernargSegmentAlignment = 128
:3:hip_memory.cpp           :1632: 251299754641 us:  hipMemcpyAsync: Returned hipSuccess : : duration: 29 us
:3:hip_memory.cpp           :1631: 251299754644 us:  [32m hipMemcpyAsync ( 0x7fbeb4f07000, 0x7fffd4a93dc0, 8, hipMemcpyHostToDevice, stream:<null> ) [0m
:3:rocvirtual.cpp           :763 : 251299754649 us:  Arg0: uchar* src = ptr:0x7fbea3400700
:3:rocvirtual.cpp           :763 : 251299754652 us:  Arg1: uchar* dst = ptr:0x7fbeb4f07000
:3:rocvirtual.cpp           :857 : 251299754654 us:  Arg2: ulong size = val:8
:3:rocvirtual.cpp           :857 : 251299754656 us:  Arg3: uint remainder = val:8
:3:rocvirtual.cpp           :857 : 251299754658 us:  Arg4: uint aligned_size = val:16
:3:rocvirtual.cpp           :857 : 251299754661 us:  Arg5: ulong end_ptr = val:140457056169984
:3:rocvirtual.cpp           :857 : 251299754663 us:  Arg6: uint next_chunk = val:512
:3:rocvirtual.cpp           :3237: 251299754665 us:  ShaderName : __amd_rocclr_copyBuffer
:3:rocvirtual.cpp           :3451: 251299754668 us:  KernargSegmentByteSize = 304 KernargSegmentAlignment = 128
:3:hip_memory.cpp           :1632: 251299754671 us:  hipMemcpyAsync: Returned hipSuccess : : duration: 27 us
:3:hip_memory.cpp           :1631: 251299754675 us:  [32m hipMemcpyAsync ( 0x7fbeb4f08000, 0x7fffd4a93da0, 16, hipMemcpyHostToDevice, stream:<null> ) [0m
:3:rocvirtual.cpp           :763 : 251299754680 us:  Arg0: uchar* src = ptr:0x7fbea3400800
:3:rocvirtual.cpp           :763 : 251299754682 us:  Arg1: uchar* dst = ptr:0x7fbeb4f08000
:3:rocvirtual.cpp           :857 : 251299754685 us:  Arg2: ulong size = val:16
:3:rocvirtual.cpp           :857 : 251299754687 us:  Arg3: uint remainder = val:0
:3:rocvirtual.cpp           :857 : 251299754690 us:  Arg4: uint aligned_size = val:16
:3:rocvirtual.cpp           :857 : 251299754692 us:  Arg5: ulong end_ptr = val:140457056174096
:3:rocvirtual.cpp           :857 : 251299754694 us:  Arg6: uint next_chunk = val:512
:3:rocvirtual.cpp           :3237: 251299754696 us:  ShaderName : __amd_rocclr_copyBuffer
:3:rocvirtual.cpp           :3451: 251299754699 us:  KernargSegmentByteSize = 304 KernargSegmentAlignment = 128
:3:hip_memory.cpp           :1632: 251299754701 us:  hipMemcpyAsync: Returned hipSuccess : : duration: 26 us
:3:hip_stream.cpp           :384 : 251299754708 us:  [32m hipStreamSynchronize ( stream:<null> ) [0m
:3:rocvirtual.cpp           :534 : 251299754717 us:  Set Handler: handle(0x7fbf96dfd380), timestamp(0x2002b080)
:3:rocvirtual.cpp           :227 : 251299754743 us:  Handler: value(0), timestamp(0x2002afd0), handle(0x7fbf96dfd380)
:3:hip_stream.cpp           :385 : 251299754756 us:  hipStreamSynchronize: Returned hipSuccess : 
:3:hip_memory.cpp           :756 : 251299754767 us:  [32m hipMalloc ( 0x7fffd4a940a0, 96 ) [0m
:3:rocdevice.cpp            :2411: 251299754772 us:  Device=0x1ff3b000, freeMem_ = 0x366eb2ebc
:3:hip_memory.cpp           :758 : 251299754776 us:  hipMalloc: Returned hipSuccess : 0x7fbeb4f09000: duration: 9 us
:3:hip_mempool.cpp          :84  : 251299754782 us:  [32m hipMallocAsync ( 0x20dc65d8, 4, stream:<null> ) [0m
:3:rocdevice.cpp            :2411: 251299754786 us:  Device=0x1ff3b000, freeMem_ = 0x366eb2eb8
:3:hip_mempool_impl.cpp     :229 : 251299754790 us:  Pool AllocMem: 0x7fbeb4f0a000, 0x20257590
:3:hip_mempool.cpp          :114 : 251299754792 us:  hipMallocAsync: Returned hipSuccess : 
:3:hip_memory.cpp           :1631: 251299754796 us:  [32m hipMemcpyAsync ( 0x7fbeb4f0a000, 0x7fffd4a93b04, 4, hipMemcpyHostToDevice, stream:<null> ) [0m
:3:rocvirtual.cpp           :763 : 251299754802 us:  Arg0: uchar* src = ptr:0x7fbea3400900
:3:rocvirtual.cpp           :763 : 251299754804 us:  Arg1: uchar* dst = ptr:0x7fbeb4f0a000
:3:rocvirtual.cpp           :857 : 251299754807 us:  Arg2: ulong size = val:4
:3:rocvirtual.cpp           :857 : 251299754809 us:  Arg3: uint remainder = val:4
:3:rocvirtual.cpp           :857 : 251299754812 us:  Arg4: uint aligned_size = val:16
:3:rocvirtual.cpp           :857 : 251299754815 us:  Arg5: ulong end_ptr = val:140457056182272
:3:rocvirtual.cpp           :857 : 251299754817 us:  Arg6: uint next_chunk = val:512
:3:rocvirtual.cpp           :3237: 251299754819 us:  ShaderName : __amd_rocclr_copyBuffer
:3:rocvirtual.cpp           :3451: 251299754822 us:  KernargSegmentByteSize = 304 KernargSegmentAlignment = 128
:3:hip_memory.cpp           :1632: 251299754825 us:  hipMemcpyAsync: Returned hipSuccess : : duration: 29 us
:3:hip_mempool.cpp          :84  : 251299754828 us:  [32m hipMallocAsync ( 0x200259a8, 16, stream:<null> ) [0m
:3:rocdevice.cpp            :2411: 251299754831 us:  Device=0x1ff3b000, freeMem_ = 0x366eb2ea8
:3:hip_mempool_impl.cpp     :229 : 251299754835 us:  Pool AllocMem: 0x7fbeb4f0b000, 0x20d549c0
:3:hip_mempool.cpp          :114 : 251299754837 us:  hipMallocAsync: Returned hipSuccess : 
:3:hip_platform.cpp         :237 : 251299754841 us:  [32m __hipPushCallConfiguration ( {1,1,1}, {1024,1,1}, 0, stream:<null> ) [0m
:3:hip_platform.cpp         :241 : 251299754846 us:  __hipPushCallConfiguration: Returned hipSuccess : 
:3:hip_platform.cpp         :246 : 251299754850 us:  [32m __hipPopCallConfiguration ( {2569050828,0,0}, {4208137,0,2569067156}, 0x7fffd4a93a48, 0x7fffd4a93a40 ) [0m
:3:hip_platform.cpp         :255 : 251299754854 us:  __hipPopCallConfiguration: Returned hipSuccess : 
:3:hip_module.cpp           :744 : 251299754858 us:  [32m hipLaunchKernel ( 0x7fbf9c239060, {1,1,1}, {1024,1,1}, 0x7fffd4a93a90, 0, stream:<null> ) [0m
:3:hip_module.cpp           :745 : 251299754863 us:  hipLaunchKernel: Returned hipErrorInvalidDeviceFunction : : duration: 5 us
:3:hip_memory.cpp           :3487: 251299754868 us:  [32m hipMemsetAsync ( 0x7fbeb4f09000, 0, 4, stream:<null> ) [0m
:3:rocvirtual.cpp           :763 : 251299754871 us:  Arg0: void* buf = ptr:0x7fbeb4f09000
:3:rocvirtual.cpp           :781 : 251299754874 us:  Arg0: void* buf = ptr:0x7fbeb4f09000 obj:[0x7fbeb4f09000-0x7fbeb4f09060]
:3:rocvirtual.cpp           :763 : 251299754876 us:  Arg1: uchar* pattern = ptr:0x7fbea3a01b00
:3:rocvirtual.cpp           :857 : 251299754878 us:  Arg2: uint pattern_size = val:1
:3:rocvirtual.cpp           :857 : 251299754881 us:  Arg3: uint alignment = val:1
:3:rocvirtual.cpp           :857 : 251299754883 us:  Arg4: ulong end_ptr = val:140457056178180
:3:rocvirtual.cpp           :857 : 251299754890 us:  Arg5: uint next_chunk = val:256
:3:rocvirtual.cpp           :3237: 251299754892 us:  ShaderName : __amd_rocclr_fillBufferAligned
:3:rocvirtual.cpp           :3451: 251299754895 us:  KernargSegmentByteSize = 296 KernargSegmentAlignment = 128
:3:hip_memory.cpp           :3488: 251299754898 us:  hipMemsetAsync: Returned hipSuccess : 
:3:hip_platform.cpp         :237 : 251299754901 us:  [32m __hipPushCallConfiguration ( {1,1,1}, {1024,1,1}, 0, stream:<null> ) [0m
:3:hip_platform.cpp         :241 : 251299754905 us:  __hipPushCallConfiguration: Returned hipSuccess : 
:3:hip_platform.cpp         :246 : 251299754908 us:  [32m __hipPopCallConfiguration ( {0,0,0}, {0,0,0}, 0x7fffd4a93a28, 0x7fffd4a93a20 ) [0m
:3:hip_platform.cpp         :255 : 251299754913 us:  __hipPopCallConfiguration: Returned hipSuccess : 
:3:hip_module.cpp           :744 : 251299754916 us:  [32m hipLaunchKernel ( 0x7fbf9c239068, {1,1,1}, {1024,1,1}, 0x7fffd4a93a80, 0, stream:<null> ) [0m
:3:hip_module.cpp           :745 : 251299754922 us:  hipLaunchKernel: Returned hipErrorInvalidDeviceFunction : : duration: 6 us
:3:hip_memory.cpp           :1631: 251299754925 us:  [32m hipMemcpyAsync ( 0x7fffd4a93b00, 0x7fbeb4f09000, 4, hipMemcpyDeviceToHost, stream:<null> ) [0m
:3:rocvirtual.cpp           :763 : 251299754932 us:  Arg0: uchar* src = ptr:0x7fbeb4f09000
:3:rocvirtual.cpp           :763 : 251299754934 us:  Arg1: uchar* dst = ptr:0x7fbeb5800000
:3:rocvirtual.cpp           :857 : 251299754937 us:  Arg2: ulong size = val:4
:3:rocvirtual.cpp           :857 : 251299754939 us:  Arg3: uint remainder = val:4
:3:rocvirtual.cpp           :857 : 251299754941 us:  Arg4: uint aligned_size = val:16
:3:rocvirtual.cpp           :857 : 251299754943 us:  Arg5: ulong end_ptr = val:140457065578496
:3:rocvirtual.cpp           :857 : 251299754946 us:  Arg6: uint next_chunk = val:512
:3:rocvirtual.cpp           :3237: 251299754948 us:  ShaderName : __amd_rocclr_copyBuffer
:3:rocvirtual.cpp           :3451: 251299754950 us:  KernargSegmentByteSize = 304 KernargSegmentAlignment = 128
:3:rocvirtual.hpp           :57  : 251299754953 us:  Host active wait for Signal = (0x7fbf96dff480) for -1 ns
:3:rocvirtual.cpp           :534 : 251299754979 us:  Set Handler: handle(0x7fbf96dfd300), timestamp(0x20d54eb0)
:3:rocvirtual.hpp           :57  : 251299754983 us:  Host active wait for Signal = (0x7fbf96dfd300) for -1 ns
:3:hip_memory.cpp           :1632: 251299754990 us:  hipMemcpyAsync: Returned hipSuccess : : duration: 65 us
:3:hip_stream.cpp           :384 : 251299754992 us:  [32m hipStreamSynchronize ( stream:<null> ) [0m
:3:rocvirtual.cpp           :227 : 251299755010 us:  Handler: value(0), timestamp(0x20d54cb0), handle(0x7fbf96dfd300)
:3:hip_stream.cpp           :385 : 251299755033 us:  hipStreamSynchronize: Returned hipSuccess : 
:3:hip_platform.cpp         :237 : 251299756391 us:  [32m __hipPushCallConfiguration ( {1,1,1}, {1024,1,1}, 0, stream:<null> ) [0m
:3:hip_platform.cpp         :241 : 251299756401 us:  __hipPushCallConfiguration: Returned hipSuccess : 
:3:hip_platform.cpp         :246 : 251299756408 us:  [32m __hipPopCallConfiguration ( {3567860720,32767,3070562748}, {1,65794,3070726896}, 0x7fffd4a93b20, 0x7fffd4a93b18 ) [0m
:3:hip_platform.cpp         :255 : 251299756412 us:  __hipPopCallConfiguration: Returned hipSuccess : 
:3:hip_module.cpp           :744 : 251299756416 us:  [32m hipLaunchKernel ( 0x7fbf9c239158, {1,1,1}, {1024,1,1}, 0x7fffd4a93ba0, 0, stream:<null> ) [0m
:3:hip_module.cpp           :745 : 251299756422 us:  hipLaunchKernel: Returned hipErrorInvalidDeviceFunction : : duration: 6 us
:3:hip_memory.cpp           :1631: 251299756425 us:  [32m hipMemcpyAsync ( 0x7fffd4a93b28, 0x7fbeb4f0a000, 4, hipMemcpyDeviceToHost, stream:<null> ) [0m
:3:rocvirtual.cpp           :763 : 251299756433 us:  Arg0: uchar* src = ptr:0x7fbeb4f0a000
:3:rocvirtual.cpp           :763 : 251299756436 us:  Arg1: uchar* dst = ptr:0x7fbeb5800000
:3:rocvirtual.cpp           :857 : 251299756438 us:  Arg2: ulong size = val:4
:3:rocvirtual.cpp           :857 : 251299756447 us:  Arg3: uint remainder = val:4
:3:rocvirtual.cpp           :857 : 251299756450 us:  Arg4: uint aligned_size = val:16
:3:rocvirtual.cpp           :857 : 251299756452 us:  Arg5: ulong end_ptr = val:140457065578496
:3:rocvirtual.cpp           :857 : 251299756455 us:  Arg6: uint next_chunk = val:512
:3:rocvirtual.cpp           :3237: 251299756457 us:  ShaderName : __amd_rocclr_copyBuffer
:3:rocvirtual.cpp           :3451: 251299756461 us:  KernargSegmentByteSize = 304 KernargSegmentAlignment = 128
:3:rocvirtual.hpp           :57  : 251299756465 us:  Host active wait for Signal = (0x7fbf96dff380) for -1 ns
:3:rocvirtual.cpp           :534 : 251299756484 us:  Set Handler: handle(0x7fbf96dfd280), timestamp(0x2054e8c0)
:3:rocvirtual.hpp           :57  : 251299756487 us:  Host active wait for Signal = (0x7fbf96dfd280) for -1 ns
:3:hip_memory.cpp           :1632: 251299756492 us:  hipMemcpyAsync: Returned hipSuccess : : duration: 67 us
:3:hip_stream.cpp           :384 : 251299756495 us:  [32m hipStreamSynchronize ( stream:<null> ) [0m
:3:rocvirtual.cpp           :227 : 251299756498 us:  Handler: value(0), timestamp(0x20d55000), handle(0x7fbf96dfd280)
:3:hip_stream.cpp           :385 : 251299756512 us:  hipStreamSynchronize: Returned hipSuccess : 
:3:hip_memory.cpp           :1631: 251299756517 us:  [32m hipMemcpyAsync ( 0x7fbeb4f09000, 0x7fbeb4e03000, 32, hipMemcpyDeviceToDevice, stream:<null> ) [0m
:3:rocvirtual.cpp           :763 : 251299756524 us:  Arg0: uchar* src = ptr:0x7fbeb4e03000
:3:rocvirtual.cpp           :763 : 251299756527 us:  Arg1: uchar* dst = ptr:0x7fbeb4f09000
:3:rocvirtual.cpp           :857 : 251299756529 us:  Arg2: ulong size = val:32
:3:rocvirtual.cpp           :857 : 251299756531 us:  Arg3: uint remainder = val:0
:3:rocvirtual.cpp           :857 : 251299756534 us:  Arg4: uint aligned_size = val:16
:3:rocvirtual.cpp           :857 : 251299756536 us:  Arg5: ulong end_ptr = val:140457056178208
:3:rocvirtual.cpp           :857 : 251299756538 us:  Arg6: uint next_chunk = val:512
:3:rocvirtual.cpp           :3237: 251299756541 us:  ShaderName : __amd_rocclr_copyBuffer
:3:rocvirtual.cpp           :3451: 251299756545 us:  KernargSegmentByteSize = 304 KernargSegmentAlignment = 128
:3:hip_memory.cpp           :1632: 251299756552 us:  hipMemcpyAsync: Returned hipSuccess : : duration: 35 us
:3:hip_platform.cpp         :237 : 251299757616 us:  [32m __hipPushCallConfiguration ( {1,1,1}, {256,1,1}, 0, stream:<null> ) [0m
:3:hip_platform.cpp         :241 : 251299757625 us:  __hipPushCallConfiguration: Returned hipSuccess : 
:3:hip_platform.cpp         :246 : 251299757630 us:  [32m __hipPopCallConfiguration ( {0,0,3567859600}, {2542227200,32703,0}, 0x7fffd4a93680, 0x7fffd4a93678 ) [0m
:3:hip_platform.cpp         :255 : 251299757634 us:  __hipPopCallConfiguration: Returned hipSuccess : 
:3:hip_module.cpp           :744 : 251299757638 us:  [32m hipLaunchKernel ( 0x7fbf9c236838, {1,1,1}, {256,1,1}, 0x7fffd4a936e0, 0, stream:<null> ) [0m
:3:hip_module.cpp           :745 : 251299757644 us:  hipLaunchKernel: Returned hipErrorInvalidDeviceFunction : : duration: 6 us
:3:hip_memory.cpp           :3487: 251299757647 us:  [32m hipMemsetAsync ( 0x7fbeb4f09048, 0, 8, stream:<null> ) [0m
:3:rocvirtual.cpp           :763 : 251299757654 us:  Arg0: void* buf = ptr:0x7fbeb4f09048
:3:rocvirtual.cpp           :781 : 251299757660 us:  Arg0: void* buf = ptr:0x7fbeb4f09048 obj:[0x7fbeb4f09000-0x7fbeb4f09060]
:3:rocvirtual.cpp           :763 : 251299757662 us:  Arg1: uchar* pattern = ptr:0x7fbea3a02200
:3:rocvirtual.cpp           :857 : 251299757664 us:  Arg2: uint pattern_size = val:1
:3:rocvirtual.cpp           :857 : 251299757667 us:  Arg3: uint alignment = val:1
:3:rocvirtual.cpp           :857 : 251299757669 us:  Arg4: ulong end_ptr = val:140457056178256
:3:rocvirtual.cpp           :857 : 251299757671 us:  Arg5: uint next_chunk = val:256
:3:rocvirtual.cpp           :3237: 251299757674 us:  ShaderName : __amd_rocclr_fillBufferAligned
:3:rocvirtual.cpp           :3451: 251299757681 us:  KernargSegmentByteSize = 296 KernargSegmentAlignment = 128
:3:hip_memory.cpp           :3488: 251299757684 us:  hipMemsetAsync: Returned hipSuccess : 
:3:hip_platform.cpp         :237 : 251299757688 us:  [32m __hipPushCallConfiguration ( {1,1,1}, {1024,1,1}, 0, stream:<null> ) [0m
:3:hip_platform.cpp         :241 : 251299757693 us:  __hipPushCallConfiguration: Returned hipSuccess : 
:3:hip_platform.cpp         :246 : 251299757697 us:  [32m __hipPopCallConfiguration ( {0,0,0}, {6,0,0}, 0x7fffd4a93858, 0x7fffd4a93850 ) [0m
:3:hip_platform.cpp         :255 : 251299757701 us:  __hipPopCallConfiguration: Returned hipSuccess : 
:3:hip_module.cpp           :744 : 251299757704 us:  [32m hipLaunchKernel ( 0x7fbf9c24fb60, {1,1,1}, {1024,1,1}, 0x7fffd4a938b0, 0, stream:<null> ) [0m
:3:hip_module.cpp           :745 : 251299757709 us:  hipLaunchKernel: Returned hipErrorInvalidDeviceFunction : : duration: 5 us
:3:hip_memory.cpp           :1631: 251299757715 us:  [32m hipMemcpyAsync ( 0x7fffd4a93b78, 0x7fbeb4f09048, 8, hipMemcpyDeviceToHost, stream:<null> ) [0m
:3:rocvirtual.cpp           :763 : 251299757727 us:  Arg0: uchar* src = ptr:0x7fbeb4f09048
:3:rocvirtual.cpp           :763 : 251299757730 us:  Arg1: uchar* dst = ptr:0x7fbeb5800000
:3:rocvirtual.cpp           :857 : 251299757732 us:  Arg2: ulong size = val:8
:3:rocvirtual.cpp           :857 : 251299757735 us:  Arg3: uint remainder = val:0
:3:rocvirtual.cpp           :857 : 251299757737 us:  Arg4: uint aligned_size = val:4
:3:rocvirtual.cpp           :857 : 251299757741 us:  Arg5: ulong end_ptr = val:140457065578504
:3:rocvirtual.cpp           :857 : 251299757744 us:  Arg6: uint next_chunk = val:1024
:3:rocvirtual.cpp           :3237: 251299757746 us:  ShaderName : __amd_rocclr_copyBuffer
:3:rocvirtual.cpp           :3451: 251299757748 us:  KernargSegmentByteSize = 304 KernargSegmentAlignment = 128
:3:rocvirtual.hpp           :57  : 251299757753 us:  Host active wait for Signal = (0x7fbf96dff280) for -1 ns
:3:rocvirtual.cpp           :534 : 251299757780 us:  Set Handler: handle(0x7fbf96dfd200), timestamp(0x20b65620)
:3:rocvirtual.hpp           :57  : 251299757783 us:  Host active wait for Signal = (0x7fbf96dfd200) for -1 ns
:3:hip_memory.cpp           :1632: 251299757792 us:  hipMemcpyAsync: Returned hipSuccess : : duration: 77 us
:3:hip_stream.cpp           :384 : 251299757795 us:  [32m hipStreamSynchronize ( stream:<null> ) [0m
:3:rocvirtual.cpp           :227 : 251299757818 us:  Handler: value(0), timestamp(0x20b65570), handle(0x7fbf96dfd200)
:3:hip_stream.cpp           :385 : 251299757834 us:  hipStreamSynchronize: Returned hipSuccess : 
:3:hip_stream.cpp           :384 : 251299757837 us:  [32m hipStreamSynchronize ( stream:<null> ) [0m
:3:hip_stream.cpp           :385 : 251299757839 us:  hipStreamSynchronize: Returned hipSuccess : 
:3:hip_device_runtime.cpp   :641 : 251299757844 us:  [32m hipDeviceSynchronize (  ) [0m
:3:hip_device_runtime.cpp   :645 : 251299757848 us:  hipDeviceSynchronize: Returned hipSuccess : 
:3:hip_memory.cpp           :1631: 251299757855 us:  [32m hipMemcpyAsync ( 0x7fffd4a9409c, 0x7fbeb4f0a000, 4, hipMemcpyDeviceToHost, stream:<null> ) [0m
:3:rocvirtual.cpp           :763 : 251299757865 us:  Arg0: uchar* src = ptr:0x7fbeb4f0a000
:3:rocvirtual.cpp           :763 : 251299757867 us:  Arg1: uchar* dst = ptr:0x7fbeb5800000
:3:rocvirtual.cpp           :857 : 251299757870 us:  Arg2: ulong size = val:4
:3:rocvirtual.cpp           :857 : 251299757872 us:  Arg3: uint remainder = val:4
:3:rocvirtual.cpp           :857 : 251299757874 us:  Arg4: uint aligned_size = val:16
:3:rocvirtual.cpp           :857 : 251299757877 us:  Arg5: ulong end_ptr = val:140457065578496
:3:rocvirtual.cpp           :857 : 251299757879 us:  Arg6: uint next_chunk = val:512
:3:rocvirtual.cpp           :3237: 251299757881 us:  ShaderName : __amd_rocclr_copyBuffer
:3:rocvirtual.cpp           :3451: 251299757884 us:  KernargSegmentByteSize = 304 KernargSegmentAlignment = 128
:3:rocvirtual.hpp           :57  : 251299757887 us:  Host active wait for Signal = (0x7fbf96dff180) for -1 ns
:3:rocvirtual.cpp           :534 : 251299757902 us:  Set Handler: handle(0x7fbf96dfd180), timestamp(0x20d54e30)
:3:rocvirtual.hpp           :57  : 251299757907 us:  Host active wait for Signal = (0x7fbf96dfd180) for -1 ns
:3:hip_memory.cpp           :1632: 251299757909 us:  hipMemcpyAsync: Returned hipSuccess : : duration: 54 us
:3:rocvirtual.cpp           :227 : 251299757911 us:  Handler: value(0), timestamp(0x20b65720), handle(0x7fbf96dfd180)
:3:hip_stream.cpp           :384 : 251299757924 us:  [32m hipStreamSynchronize ( stream:<null> ) [0m
:3:hip_stream.cpp           :385 : 251299757928 us:  hipStreamSynchronize: Returned hipSuccess : 
:3:hip_memory.cpp           :795 : 251299757932 us:  [32m hipMemcpy ( 0x7fffd4a94740, 0x7fbeb4e04000, 32, hipMemcpyDeviceToHost ) [0m
:3:rocvirtual.cpp           :763 : 251299757938 us:  Arg0: uchar* src = ptr:0x7fbeb4e04000
:3:rocvirtual.cpp           :763 : 251299757940 us:  Arg1: uchar* dst = ptr:0x7fbeb5800000
:3:rocvirtual.cpp           :857 : 251299757942 us:  Arg2: ulong size = val:32
:3:rocvirtual.cpp           :857 : 251299757945 us:  Arg3: uint remainder = val:0
:3:rocvirtual.cpp           :857 : 251299757947 us:  Arg4: uint aligned_size = val:16
:3:rocvirtual.cpp           :857 : 251299757950 us:  Arg5: ulong end_ptr = val:140457065578528
:3:rocvirtual.cpp           :857 : 251299757953 us:  Arg6: uint next_chunk = val:512
:3:rocvirtual.cpp           :3237: 251299757956 us:  ShaderName : __amd_rocclr_copyBuffer
:3:rocvirtual.cpp           :3451: 251299757958 us:  KernargSegmentByteSize = 304 KernargSegmentAlignment = 128
:3:rocvirtual.hpp           :57  : 251299757961 us:  Host active wait for Signal = (0x7fbf96dff080) for -1 ns
:3:rocvirtual.cpp           :534 : 251299757972 us:  Set Handler: handle(0x7fbf96dfd100), timestamp(0x20b65860)
:3:rocvirtual.hpp           :57  : 251299757974 us:  Host active wait for Signal = (0x7fbf96dfd100) for -1 ns
:3:hip_memory.cpp           :796 : 251299757977 us:  hipMemcpy: Returned hipSuccess : : duration: 45 us
:3:rocvirtual.cpp           :227 : 251299757979 us:  Handler: value(0), timestamp(0x20b657b0), handle(0x7fbf96dfd100)
:3:hip_memory.cpp           :772 : 251299758040 us:  [32m hipFree ( 0x7fbeb4e05000 ) [0m
:3:rocdevice.cpp            :2411: 251299758051 us:  Device=0x1ff3b000, freeMem_ = 0x366fb2ea8
:3:hip_memory.cpp           :774 : 251299758055 us:  hipFree: Returned hipSuccess : 
:3:hip_memory.cpp           :772 : 251299758058 us:  [32m hipFree ( 0x7fbeb4f05000 ) [0m
:3:rocdevice.cpp            :2411: 251299758062 us:  Device=0x1ff3b000, freeMem_ = 0x366fb2eac
:3:hip_memory.cpp           :774 : 251299758065 us:  hipFree: Returned hipSuccess : 
:3:hip_memory.cpp           :772 : 251299758067 us:  [32m hipFree ( 0x7fbeb4f06000 ) [0m
:3:rocdevice.cpp            :2411: 251299758071 us:  Device=0x1ff3b000, freeMem_ = 0x366fb2eb4
:3:hip_memory.cpp           :774 : 251299758073 us:  hipFree: Returned hipSuccess : 
:3:hip_memory.cpp           :772 : 251299758076 us:  [32m hipFree ( 0x7fbeb4f07000 ) [0m
:3:rocdevice.cpp            :2411: 251299758079 us:  Device=0x1ff3b000, freeMem_ = 0x366fb2ebc
:3:hip_memory.cpp           :774 : 251299758082 us:  hipFree: Returned hipSuccess : 
:3:hip_memory.cpp           :772 : 251299758084 us:  [32m hipFree ( 0x7fbeb4f08000 ) [0m
:3:rocdevice.cpp            :2411: 251299758087 us:  Device=0x1ff3b000, freeMem_ = 0x366fb2ecc
:3:hip_memory.cpp           :774 : 251299758090 us:  hipFree: Returned hipSuccess : 
:3:hip_memory.cpp           :772 : 251299758096 us:  [32m hipFree ( 0x7fbeb4f0b000 ) [0m
:3:hip_mempool_impl.cpp     :265 : 251299758099 us:  Pool FreeMem: 0x7fbeb4f0b000, 0x20d549c0
:3:hip_memory.cpp           :774 : 251299758102 us:  hipFree: Returned hipSuccess : 
:3:hip_memory.cpp           :772 : 251299758105 us:  [32m hipFree ( 0x7fbeb4f0a000 ) [0m
:3:rocdevice.cpp            :2411: 251299758108 us:  Device=0x1ff3b000, freeMem_ = 0x366fb2edc
:3:hip_mempool_impl.cpp     :265 : 251299758112 us:  Pool FreeMem: 0x7fbeb4f0a000, 0x20257590
:3:hip_memory.cpp           :774 : 251299758118 us:  hipFree: Returned hipSuccess : 
:3:hip_memory.cpp           :772 : 251299758122 us:  [32m hipFree ( 0x7fbeb4e00000 ) [0m
:3:rocdevice.cpp            :2411: 251299758125 us:  Device=0x1ff3b000, freeMem_ = 0x366fb2ee0
:3:rocdevice.cpp            :2411: 251299758129 us:  Device=0x1ff3b000, freeMem_ = 0x366fb2ef4
:3:hip_memory.cpp           :774 : 251299758132 us:  hipFree: Returned hipSuccess : 
:3:hip_memory.cpp           :772 : 251299758134 us:  [32m hipFree ( 0x7fbeb4e01000 ) [0m
:3:rocdevice.cpp            :2411: 251299758138 us:  Device=0x1ff3b000, freeMem_ = 0x366fb2f18
:3:hip_memory.cpp           :774 : 251299758141 us:  hipFree: Returned hipSuccess : 
:3:hip_memory.cpp           :772 : 251299758144 us:  [32m hipFree ( 0x7fbeb4e02000 ) [0m
:3:rocdevice.cpp            :2411: 251299758148 us:  Device=0x1ff3b000, freeMem_ = 0x366fb2f60
:3:hip_memory.cpp           :774 : 251299758150 us:  hipFree: Returned hipSuccess : 
:3:hip_memory.cpp           :772 : 251299758153 us:  [32m hipFree ( 0x7fbeb4e03000 ) [0m
:3:rocdevice.cpp            :2411: 251299758156 us:  Device=0x1ff3b000, freeMem_ = 0x366fb2f80
:3:hip_memory.cpp           :774 : 251299758159 us:  hipFree: Returned hipSuccess : 
:3:hip_memory.cpp           :772 : 251299758161 us:  [32m hipFree ( 0x7fbeb4e04000 ) [0m
:3:rocdevice.cpp            :2411: 251299758164 us:  Device=0x1ff3b000, freeMem_ = 0x366fb2fa0
:3:hip_memory.cpp           :774 : 251299758167 us:  hipFree: Returned hipSuccess : 
:3:hip_memory.cpp           :772 : 251299758169 us:  [32m hipFree ( 0x7fbeb4f09000 ) [0m
:3:rocdevice.cpp            :2411: 251299758173 us:  Device=0x1ff3b000, freeMem_ = 0x366fb3000
:3:hip_memory.cpp           :774 : 251299758177 us:  hipFree: Returned hipSuccess : 
:3:rocdevice.cpp            :3255: 251299766908 us:  releaseQueue refCount:0x7fbea8200000 (0)
:3:rocdevice.cpp            :284 : 251299767214 us:  Deleting hardware queue 0x7fbea8200000 with refCount 0
